src,edge_attr,dst
0,latitude,1
0,category,2
0,audience,3
0,language,4
0,category,5
0,availability,6
0,cost,7
0,audience,8
0,audience,9
0,audience,10
0,audience,11
0,category,12
0,category,13
0,category,14
0,category,15
0,category,16
0,service type,17
0,postalCode,18
0,url,19
0,url,20
0,identifier,21
0,name,22
0,name,23
0,hasMap,24
0,areaServed,25
0,provider,0
0,address,26
0,longitude,27
0,availableChannel,28
0,availableChannel,29
0,containedInPlace,30
0,description,0
0,telephone,31
0,text,32
0,xmlschema11-2#time,33
0,xmlschema11-2#time,34
0,xmlschema11-2#time,35
0,xmlschema11-2#time,36
0,xmlschema11-2#time,37
0,xmlschema11-2#time,38
0,xmlschema11-2#time,39
0,conditionsOfAccess,23
40,latitude,41
40,category,42
40,cost,43
40,category,44
40,category,45
40,audience,46
40,audience,47
40,category,48
40,category,49
40,audience,50
40,category,12
40,availability,6
40,category,51
40,category,52
40,category,53
40,category,54
40,audience,55
40,language,4
40,category,56
40,category,57
40,audience,58
40,service type,17
40,postalCode,59
40,url,60
40,identifier,61
40,name,62
40,name,23
40,hasMap,24
40,areaServed,63
40,provider,40
40,address,64
40,longitude,27
40,availableChannel,65
40,availableChannel,66
40,containedInPlace,67
40,description,40
40,telephone,68
40,text,69
40,xmlschema11-2#time,70
40,xmlschema11-2#time,71
40,xmlschema11-2#time,72
40,xmlschema11-2#time,73
40,xmlschema11-2#time,74
40,xmlschema11-2#time,75
40,xmlschema11-2#time,76
40,conditionsOfAccess,77
78,latitude,79
78,category,80
78,category,42
78,category,12
78,category,81
78,audience,82
78,audience,50
78,audience,83
78,category,15
78,audience,84
78,category,85
78,cost,7
78,language,4
78,category,86
78,audience,87
78,category,88
78,category,89
78,category,90
78,category,91
78,audience,9
78,audience,92
78,category,93
78,audience,94
78,availability,6
78,service type,17
78,postalCode,95
78,url,96
78,url,97
78,identifier,98
78,name,23
78,name,99
78,hasMap,24
78,areaServed,25
78,provider,78
78,address,100
78,longitude,27
78,availableChannel,101
78,availableChannel,102
78,containedInPlace,103
78,description,78
78,telephone,104
78,text,105
78,xmlschema11-2#time,75
78,xmlschema11-2#time,73
78,xmlschema11-2#time,76
78,xmlschema11-2#time,74
78,xmlschema11-2#time,72
78,xmlschema11-2#time,71
78,xmlschema11-2#time,70
78,conditionsOfAccess,23
106,latitude,107
106,availability,6
106,audience,84
106,language,4
106,category,108
106,cost,7
106,category,12
106,audience,11
106,category,14
106,category,109
106,category,110
106,category,88
106,category,5
106,category,91
106,audience,94
106,category,42
106,audience,9
106,audience,83
106,service type,17
106,postalCode,59
106,url,111
106,identifier,112
106,name,23
106,name,113
106,hasMap,24
106,areaServed,25
106,provider,106
106,address,114
106,longitude,27
106,availableChannel,115
106,availableChannel,116
106,containedInPlace,67
106,description,106
106,telephone,117
106,text,118
106,xmlschema11-2#time,39
106,xmlschema11-2#time,34
106,xmlschema11-2#time,36
106,xmlschema11-2#time,38
106,xmlschema11-2#time,35
106,xmlschema11-2#time,33
106,xmlschema11-2#time,37
106,conditionsOfAccess,119
120,latitude,121
120,audience,122
120,audience,94
120,category,91
120,audience,84
120,category,90
120,audience,87
120,category,88
120,category,80
120,audience,83
120,category,12
120,audience,123
120,category,124
120,audience,125
120,category,126
120,language,4
120,audience,127
120,audience,128
120,audience,55
120,category,126
120,availability,6
120,category,129
120,audience,50
120,cost,43
120,audience,46
120,service type,17
120,postalCode,130
120,url,131
120,identifier,132
120,name,133
120,name,23
120,hasMap,24
120,areaServed,25
120,provider,120
120,address,134
120,longitude,27
120,availableChannel,135
120,availableChannel,136
120,containedInPlace,137
120,description,120
120,telephone,138
120,text,139
120,xmlschema11-2#time,74
120,xmlschema11-2#time,73
120,xmlschema11-2#time,71
120,xmlschema11-2#time,75
120,xmlschema11-2#time,70
120,xmlschema11-2#time,72
120,xmlschema11-2#time,76
120,conditionsOfAccess,140
141,latitude,142
141,category,90
141,availability,143
141,audience,144
141,category,145
141,category,146
141,cost,143
141,audience,92
141,audience,94
141,language,4
141,service type,17
141,postalCode,147
141,identifier,148
141,name,149
141,name,23
141,hasMap,24
141,areaServed,25
141,provider,141
141,address,150
141,longitude,27
141,availableChannel,151
141,availableChannel,152
141,containedInPlace,153
141,description,141
141,telephone,154
141,text,155
141,xmlschema11-2#time,70
141,xmlschema11-2#time,71
141,xmlschema11-2#time,73
141,xmlschema11-2#time,74
141,xmlschema11-2#time,76
141,xmlschema11-2#time,75
141,xmlschema11-2#time,72
141,conditionsOfAccess,23
156,latitude,157
156,language,4
156,audience,158
156,audience,159
156,category,15
156,category,145
156,category,42
156,availability,6
156,category,12
156,audience,84
156,audience,94
156,cost,7
156,category,5
156,service type,17
156,postalCode,130
156,url,111
156,identifier,160
156,name,161
156,name,23
156,hasMap,24
156,areaServed,25
156,provider,156
156,address,162
156,longitude,27
156,availableChannel,163
156,availableChannel,164
156,containedInPlace,137
156,description,156
156,telephone,165
156,text,166
156,xmlschema11-2#time,167
156,xmlschema11-2#time,168
156,xmlschema11-2#time,169
156,xmlschema11-2#time,72
156,xmlschema11-2#time,170
156,xmlschema11-2#time,171
156,xmlschema11-2#time,172
156,conditionsOfAccess,23
173,latitude,174
173,category,5
173,category,15
173,availability,6
173,cost,175
173,category,145
173,category,88
173,audience,50
173,language,4
173,category,12
173,audience,84
173,category,91
173,audience,9
173,category,80
173,audience,47
173,service type,17
173,postalCode,176
173,url,177
173,url,178
173,identifier,179
173,name,180
173,name,23
173,hasMap,24
173,areaServed,25
173,provider,173
173,address,181
173,longitude,27
173,availableChannel,182
173,availableChannel,183
173,containedInPlace,184
173,description,173
173,telephone,185
173,text,186
173,xmlschema11-2#time,71
173,xmlschema11-2#time,72
173,xmlschema11-2#time,76
173,xmlschema11-2#time,74
173,xmlschema11-2#time,73
173,xmlschema11-2#time,75
173,xmlschema11-2#time,70
173,conditionsOfAccess,187
188,latitude,189
188,category,190
188,availability,6
188,language,4
188,language,191
188,category,12
188,category,192
188,cost,43
188,audience,193
188,audience,11
188,audience,144
188,category,124
188,category,48
188,audience,194
188,category,145
188,audience,195
188,audience,47
188,category,91
188,audience,196
188,audience,3
188,audience,8
188,audience,197
188,audience,198
188,service type,17
188,postalCode,18
188,url,199
188,url,200
188,identifier,201
188,name,202
188,name,23
188,hasMap,24
188,areaServed,203
188,provider,188
188,address,204
188,longitude,27
188,availableChannel,205
188,availableChannel,206
188,containedInPlace,30
188,description,188
188,telephone,207
188,text,208
188,xmlschema11-2#time,209
188,xmlschema11-2#time,210
188,xmlschema11-2#time,211
188,xmlschema11-2#time,75
188,xmlschema11-2#time,212
188,xmlschema11-2#time,72
188,xmlschema11-2#time,213
188,conditionsOfAccess,214
215,latitude,216
215,language,4
215,category,217
215,audience,197
215,audience,127
215,cost,7
215,availability,6
215,audience,8
215,audience,218
215,category,145
215,service type,17
215,postalCode,130
215,identifier,219
215,name,23
215,name,220
215,hasMap,24
215,areaServed,25
215,provider,215
215,address,221
215,longitude,27
215,availableChannel,222
215,availableChannel,223
215,containedInPlace,137
215,description,215
215,telephone,224
215,text,225
215,xmlschema11-2#time,74
215,xmlschema11-2#time,75
215,xmlschema11-2#time,70
215,xmlschema11-2#time,71
215,xmlschema11-2#time,73
215,xmlschema11-2#time,72
215,xmlschema11-2#time,76
215,conditionsOfAccess,226
227,latitude,228
227,category,229
227,audience,230
227,language,4
227,audience,231
227,category,232
227,audience,50
227,category,233
227,audience,234
227,category,145
227,availability,235
227,category,236
227,category,237
227,language,191
227,cost,7
227,category,238
227,category,239
227,category,13
227,service type,17
227,postalCode,240
227,url,241
227,url,242
227,identifier,243
227,name,23
227,name,244
227,hasMap,24
227,areaServed,25
227,provider,227
227,address,245
227,longitude,27
227,availableChannel,246
227,availableChannel,247
227,containedInPlace,248
227,description,227
227,telephone,249
227,text,250
227,xmlschema11-2#time,251
227,xmlschema11-2#time,252
227,xmlschema11-2#time,253
227,xmlschema11-2#time,75
227,xmlschema11-2#time,254
227,xmlschema11-2#time,72
227,xmlschema11-2#time,255
227,conditionsOfAccess,23
256,latitude,257
256,category,80
256,language,4
256,audience,92
256,audience,47
256,audience,50
256,category,258
256,cost,143
256,availability,6
256,category,42
256,audience,94
256,service type,17
256,postalCode,59
256,url,111
256,identifier,259
256,name,260
256,name,23
256,hasMap,24
256,areaServed,25
256,provider,256
256,address,261
256,longitude,27
256,availableChannel,262
256,availableChannel,263
256,containedInPlace,67
256,description,256
256,telephone,264
256,text,265
256,xmlschema11-2#time,266
256,xmlschema11-2#time,72
256,xmlschema11-2#time,75
256,xmlschema11-2#time,254
256,xmlschema11-2#time,255
256,xmlschema11-2#time,252
256,xmlschema11-2#time,253
256,conditionsOfAccess,267
268,latitude,269
268,language,191
268,category,145
268,cost,43
268,audience,234
268,availability,6
268,audience,158
268,category,88
268,category,89
268,audience,125
268,language,270
268,category,91
268,audience,128
268,language,4
268,service type,17
268,postalCode,271
268,url,272
268,url,273
268,identifier,274
268,name,23
268,name,275
268,hasMap,24
268,areaServed,25
268,provider,268
268,address,276
268,longitude,27
268,availableChannel,277
268,availableChannel,278
268,containedInPlace,279
268,description,268
268,telephone,280
268,text,281
268,xmlschema11-2#time,168
268,xmlschema11-2#time,251
268,xmlschema11-2#time,171
268,xmlschema11-2#time,167
268,xmlschema11-2#time,72
268,xmlschema11-2#time,75
268,xmlschema11-2#time,170
268,conditionsOfAccess,23
282,latitude,283
282,latitude,284
282,audience,285
282,audience,286
282,category,287
282,audience,288
282,category,239
282,category,13
282,category,238
282,audience,289
282,audience,9
282,audience,290
282,availability,6
282,language,191
282,audience,291
282,category,292
282,language,4
282,audience,193
282,audience,293
282,category,229
282,cost,7
282,category,12
282,category,85
282,category,124
282,category,237
282,category,233
282,audience,234
282,category,294
282,service type,17
282,postalCode,18
282,postalCode,295
282,url,296
282,url,297
282,identifier,298
282,name,23
282,name,299
282,hasMap,24
282,hasMap,24
282,areaServed,300
282,provider,282
282,address,301
282,address,302
282,longitude,27
282,longitude,27
282,availableChannel,303
282,availableChannel,304
282,containedInPlace,30
282,containedInPlace,305
282,description,282
282,telephone,306
282,telephone,307
282,text,308
282,xmlschema11-2#time,309
282,xmlschema11-2#time,72
282,xmlschema11-2#time,70
282,xmlschema11-2#time,71
282,xmlschema11-2#time,310
282,xmlschema11-2#time,311
282,xmlschema11-2#time,73
282,xmlschema11-2#time,312
282,xmlschema11-2#time,76
282,xmlschema11-2#time,75
282,xmlschema11-2#time,74
282,xmlschema11-2#time,313
282,conditionsOfAccess,314
315,latitude,121
315,audience,316
315,audience,84
315,availability,6
315,category,129
315,cost,7
315,audience,50
315,category,91
315,audience,47
315,category,12
315,audience,9
315,category,80
315,category,88
315,language,191
315,language,4
315,audience,286
315,service type,17
315,postalCode,130
315,identifier,317
315,name,23
315,name,318
315,hasMap,24
315,areaServed,319
315,provider,315
315,address,134
315,longitude,27
315,availableChannel,320
315,availableChannel,321
315,containedInPlace,137
315,description,315
315,telephone,138
315,text,322
315,xmlschema11-2#time,75
315,xmlschema11-2#time,72
315,xmlschema11-2#time,74
315,xmlschema11-2#time,70
315,xmlschema11-2#time,76
315,xmlschema11-2#time,73
315,xmlschema11-2#time,71
315,conditionsOfAccess,187
323,latitude,324
323,audience,47
323,audience,325
323,audience,58
323,category,12
323,audience,11
323,category,91
323,audience,84
323,category,90
323,category,326
323,audience,125
323,audience,327
323,audience,328
323,language,4
323,category,88
323,category,145
323,cost,43
323,category,329
323,audience,94
323,audience,330
323,audience,87
323,category,14
323,audience,331
323,audience,3
323,availability,6
323,audience,123
323,service type,17
323,postalCode,332
323,url,333
323,url,334
323,identifier,335
323,name,336
323,name,23
323,hasMap,24
323,areaServed,337
323,provider,323
323,address,338
323,longitude,27
323,availableChannel,339
323,availableChannel,340
323,containedInPlace,341
323,description,323
323,telephone,342
323,text,343
323,xmlschema11-2#time,344
323,xmlschema11-2#time,345
323,xmlschema11-2#time,346
323,xmlschema11-2#time,72
323,xmlschema11-2#time,75
323,xmlschema11-2#time,347
323,xmlschema11-2#time,348
323,conditionsOfAccess,349
350,latitude,351
350,category,352
350,category,353
350,language,191
350,audience,84
350,category,124
350,category,354
350,category,355
350,audience,94
350,availability,6
350,category,356
350,audience,195
350,category,353
350,category,42
350,category,190
350,cost,43
350,category,356
350,category,357
350,audience,286
350,language,4
350,category,52
350,category,357
350,category,358
350,category,354
350,category,53
350,category,12
350,audience,50
350,category,359
350,audience,9
350,service type,17
350,postalCode,240
350,url,360
350,identifier,361
350,name,23
350,name,362
350,hasMap,24
350,areaServed,363
350,provider,350
350,address,364
350,longitude,27
350,availableChannel,365
350,availableChannel,366
350,containedInPlace,248
350,description,350
350,telephone,367
350,text,368
350,text,369
350,xmlschema11-2#time,370
350,xmlschema11-2#time,75
350,xmlschema11-2#time,371
350,xmlschema11-2#time,72
350,xmlschema11-2#time,372
350,xmlschema11-2#time,373
350,xmlschema11-2#time,374
350,conditionsOfAccess,375
376,latitude,377
376,audience,94
376,audience,3
376,language,4
376,category,80
376,audience,144
376,category,145
376,category,90
376,cost,143
376,availability,6
376,audience,11
376,audience,8
376,service type,17
376,postalCode,378
376,url,111
376,identifier,379
376,name,23
376,name,380
376,hasMap,24
376,areaServed,381
376,provider,376
376,address,382
376,longitude,27
376,availableChannel,383
376,availableChannel,384
376,containedInPlace,385
376,description,376
376,telephone,386
376,text,387
376,xmlschema11-2#time,388
376,xmlschema11-2#time,389
376,xmlschema11-2#time,390
376,xmlschema11-2#time,391
376,xmlschema11-2#time,72
376,xmlschema11-2#time,75
376,xmlschema11-2#time,76
376,conditionsOfAccess,23
392,latitude,393
392,availability,6
392,language,4
392,category,394
392,category,395
392,category,396
392,category,81
392,category,356
392,category,91
392,audience,94
392,category,397
392,category,359
392,category,88
392,category,42
392,cost,43
392,audience,50
392,category,88
392,category,91
392,audience,47
392,service type,17
392,postalCode,398
392,url,399
392,url,400
392,identifier,401
392,name,402
392,name,23
392,hasMap,24
392,areaServed,403
392,provider,392
392,address,404
392,longitude,27
392,availableChannel,405
392,availableChannel,406
392,containedInPlace,407
392,description,392
392,telephone,408
392,text,409
392,xmlschema11-2#time,75
392,xmlschema11-2#time,346
392,xmlschema11-2#time,410
392,xmlschema11-2#time,411
392,xmlschema11-2#time,345
392,xmlschema11-2#time,72
392,xmlschema11-2#time,347
392,conditionsOfAccess,23
412,latitude,413
412,audience,127
412,language,4
412,audience,84
412,audience,8
412,category,12
412,audience,11
412,category,5
412,category,109
412,category,414
412,cost,7
412,audience,9
412,audience,58
412,availability,6
412,service type,17
412,postalCode,398
412,url,415
412,identifier,416
412,name,417
412,name,23
412,hasMap,24
412,areaServed,25
412,provider,412
412,address,418
412,longitude,27
412,availableChannel,419
412,availableChannel,420
412,containedInPlace,407
412,description,412
412,telephone,421
412,text,422
412,xmlschema11-2#time,39
412,xmlschema11-2#time,34
412,xmlschema11-2#time,33
412,xmlschema11-2#time,36
412,xmlschema11-2#time,38
412,xmlschema11-2#time,35
412,xmlschema11-2#time,37
412,conditionsOfAccess,423
424,latitude,425
424,category,190
424,audience,9
424,category,42
424,audience,94
424,cost,7
424,language,4
424,category,12
424,audience,84
424,availability,6
424,audience,50
424,audience,83
424,service type,17
424,postalCode,147
424,url,426
424,identifier,427
424,name,428
424,name,23
424,hasMap,24
424,areaServed,25
424,provider,424
424,address,429
424,longitude,27
424,longitude,27
424,availableChannel,430
424,availableChannel,431
424,containedInPlace,153
424,description,424
424,telephone,432
424,text,433
424,xmlschema11-2#time,70
424,xmlschema11-2#time,75
424,xmlschema11-2#time,73
424,xmlschema11-2#time,74
424,xmlschema11-2#time,76
424,xmlschema11-2#time,71
424,xmlschema11-2#time,72
424,conditionsOfAccess,434
435,latitude,436
435,category,85
435,audience,8
435,category,237
435,availability,6
435,language,4
435,category,91
435,category,16
435,category,437
435,category,14
435,audience,3
435,audience,58
435,category,89
435,cost,7
435,category,190
435,category,145
435,category,124
435,service type,17
435,postalCode,295
435,url,438
435,identifier,439
435,name,440
435,name,23
435,hasMap,24
435,areaServed,441
435,provider,435
435,address,442
435,longitude,27
435,availableChannel,443
435,availableChannel,444
435,containedInPlace,305
435,description,435
435,telephone,445
435,text,446
435,xmlschema11-2#time,71
435,xmlschema11-2#time,70
435,xmlschema11-2#time,74
435,xmlschema11-2#time,73
435,xmlschema11-2#time,72
435,xmlschema11-2#time,75
435,xmlschema11-2#time,76
435,conditionsOfAccess,447
448,latitude,449
448,category,237
448,availability,6
448,category,190
448,category,42
448,category,233
448,category,13
448,category,88
448,language,4
448,audience,230
448,category,124
448,audience,47
448,cost,7
448,audience,234
448,category,232
448,category,90
448,category,239
448,audience,158
448,language,191
448,audience,94
448,category,145
448,service type,17
448,postalCode,450
448,url,451
448,url,452
448,identifier,453
448,name,454
448,name,23
448,hasMap,24
448,areaServed,25
448,provider,448
448,address,455
448,longitude,27
448,longitude,27
448,availableChannel,456
448,availableChannel,457
448,containedInPlace,458
448,description,448
448,telephone,459
448,text,460
448,xmlschema11-2#time,72
448,xmlschema11-2#time,167
448,xmlschema11-2#time,168
448,xmlschema11-2#time,171
448,xmlschema11-2#time,75
448,xmlschema11-2#time,251
448,xmlschema11-2#time,170
448,conditionsOfAccess,461
462,latitude,463
462,cost,43
462,category,464
462,category,89
462,availability,6
462,audience,158
462,language,191
462,language,4
462,category,145
462,audience,123
462,audience,327
462,audience,234
462,category,229
462,audience,290
462,service type,17
462,postalCode,240
462,url,465
462,url,466
462,identifier,467
462,name,23
462,name,468
462,hasMap,24
462,areaServed,25
462,provider,462
462,address,469
462,longitude,27
462,availableChannel,470
462,availableChannel,471
462,containedInPlace,248
462,description,462
462,telephone,472
462,text,473
462,xmlschema11-2#time,170
462,xmlschema11-2#time,171
462,xmlschema11-2#time,251
462,xmlschema11-2#time,167
462,xmlschema11-2#time,168
462,xmlschema11-2#time,72
462,xmlschema11-2#time,75
462,conditionsOfAccess,474
475,latitude,476
475,category,145
475,category,190
475,category,88
475,language,4
475,audience,158
475,audience,197
475,availability,6
475,cost,43
475,audience,477
475,category,478
475,category,91
475,category,93
475,service type,17
475,postalCode,479
475,url,480
475,url,481
475,identifier,482
475,name,23
475,name,483
475,hasMap,24
475,areaServed,484
475,provider,475
475,address,485
475,longitude,27
475,availableChannel,486
475,availableChannel,487
475,containedInPlace,488
475,description,475
475,telephone,489
475,text,490
475,xmlschema11-2#time,491
475,xmlschema11-2#time,492
475,xmlschema11-2#time,493
475,xmlschema11-2#time,494
475,xmlschema11-2#time,495
475,xmlschema11-2#time,496
475,xmlschema11-2#time,497
475,conditionsOfAccess,23
498,latitude,425
498,category,397
498,language,4
498,category,478
498,category,395
498,audience,11
498,category,359
498,availability,6
498,audience,144
498,audience,84
498,audience,3
498,audience,499
498,audience,193
498,category,414
498,cost,7
498,service type,17
498,postalCode,147
498,url,426
498,identifier,500
498,name,501
498,name,23
498,hasMap,24
498,areaServed,502
498,provider,498
498,address,429
498,longitude,27
498,longitude,27
498,availableChannel,503
498,availableChannel,504
498,containedInPlace,153
498,description,498
498,telephone,505
498,telephone,432
498,text,506
498,xmlschema11-2#time,72
498,xmlschema11-2#time,71
498,xmlschema11-2#time,70
498,xmlschema11-2#time,73
498,xmlschema11-2#time,74
498,xmlschema11-2#time,76
498,xmlschema11-2#time,75
498,conditionsOfAccess,507
508,latitude,509
508,category,12
508,availability,6
508,cost,175
508,audience,87
508,audience,84
508,audience,158
508,audience,9
508,language,4
508,audience,286
508,service type,17
508,postalCode,332
508,url,111
508,identifier,510
508,name,23
508,name,511
508,hasMap,24
508,areaServed,25
508,provider,508
508,address,512
508,longitude,27
508,availableChannel,513
508,availableChannel,514
508,containedInPlace,341
508,description,508
508,telephone,515
508,text,516
508,xmlschema11-2#time,517
508,xmlschema11-2#time,518
508,xmlschema11-2#time,519
508,xmlschema11-2#time,520
508,xmlschema11-2#time,72
508,xmlschema11-2#time,521
508,xmlschema11-2#time,522
508,conditionsOfAccess,523
524,latitude,525
524,category,12
524,availability,6
524,cost,43
524,audience,526
524,audience,158
524,language,4
524,audience,58
524,audience,328
524,audience,47
524,category,329
524,service type,17
524,postalCode,527
524,url,528
524,url,529
524,identifier,530
524,name,23
524,name,531
524,hasMap,24
524,areaServed,532
524,provider,524
524,address,533
524,longitude,27
524,availableChannel,534
524,availableChannel,535
524,containedInPlace,536
524,description,524
524,telephone,537
524,text,538
524,xmlschema11-2#time,71
524,xmlschema11-2#time,74
524,xmlschema11-2#time,75
524,xmlschema11-2#time,73
524,xmlschema11-2#time,72
524,xmlschema11-2#time,76
524,xmlschema11-2#time,70
524,conditionsOfAccess,539
540,latitude,541
540,audience,3
540,category,145
540,audience,47
540,availability,6
540,category,14
540,audience,58
540,audience,9
540,audience,144
540,audience,84
540,audience,11
540,audience,8
540,language,4
540,category,91
540,category,88
540,category,12
540,cost,175
540,service type,17
540,postalCode,378
540,url,542
540,identifier,543
540,name,544
540,name,23
540,hasMap,24
540,areaServed,63
540,provider,540
540,address,545
540,longitude,27
540,availableChannel,546
540,availableChannel,547
540,containedInPlace,385
540,description,540
540,telephone,386
540,text,548
540,xmlschema11-2#time,389
540,xmlschema11-2#time,75
540,xmlschema11-2#time,391
540,xmlschema11-2#time,388
540,xmlschema11-2#time,390
540,xmlschema11-2#time,76
540,xmlschema11-2#time,72
540,conditionsOfAccess,549
550,latitude,551
550,audience,286
550,cost,7
550,category,397
550,availability,6
550,category,42
550,audience,8
550,category,437
550,audience,552
550,category,356
550,audience,11
550,language,4
550,audience,553
550,category,554
550,audience,555
550,service type,17
550,postalCode,295
550,url,556
550,url,557
550,identifier,558
550,name,559
550,name,23
550,hasMap,24
550,areaServed,25
550,provider,550
550,address,560
550,longitude,27
550,availableChannel,561
550,availableChannel,562
550,containedInPlace,305
550,description,550
550,telephone,563
550,text,564
550,xmlschema11-2#time,71
550,xmlschema11-2#time,74
550,xmlschema11-2#time,76
550,xmlschema11-2#time,73
550,xmlschema11-2#time,70
550,xmlschema11-2#time,75
550,xmlschema11-2#time,72
550,conditionsOfAccess,565
566,latitude,567
566,audience,327
566,category,145
566,category,54
566,category,190
566,cost,43
566,availability,6
566,audience,8
566,audience,11
566,language,4
566,audience,144
566,service type,17
566,postalCode,527
566,url,465
566,url,466
566,identifier,568
566,name,569
566,name,23
566,hasMap,24
566,areaServed,25
566,provider,566
566,address,570
566,longitude,27
566,availableChannel,571
566,availableChannel,572
566,containedInPlace,536
566,description,566
566,telephone,573
566,text,574
566,xmlschema11-2#time,251
566,xmlschema11-2#time,72
566,xmlschema11-2#time,167
566,xmlschema11-2#time,170
566,xmlschema11-2#time,75
566,xmlschema11-2#time,168
566,xmlschema11-2#time,171
566,conditionsOfAccess,575
576,latitude,577
576,category,12
576,cost,7
576,audience,84
576,availability,6
576,audience,50
576,language,4
576,audience,578
576,audience,579
576,audience,580
576,audience,159
576,audience,316
576,category,5
576,audience,581
576,category,414
576,service type,17
576,postalCode,582
576,url,583
576,url,584
576,identifier,585
576,name,586
576,name,23
576,hasMap,24
576,areaServed,25
576,provider,576
576,address,587
576,longitude,27
576,availableChannel,588
576,availableChannel,589
576,containedInPlace,590
576,description,576
576,telephone,591
576,text,592
576,xmlschema11-2#time,35
576,xmlschema11-2#time,34
576,xmlschema11-2#time,38
576,xmlschema11-2#time,36
576,xmlschema11-2#time,37
576,xmlschema11-2#time,33
576,xmlschema11-2#time,39
576,conditionsOfAccess,593
594,latitude,595
594,audience,8
594,audience,9
594,category,596
594,category,91
594,audience,316
594,audience,47
594,category,14
594,audience,597
594,language,4
594,availability,6
594,category,88
594,category,12
594,cost,175
594,audience,193
594,audience,3
594,audience,58
594,category,329
594,audience,144
594,audience,598
594,audience,11
594,service type,17
594,postalCode,527
594,url,599
594,identifier,600
594,name,601
594,name,23
594,hasMap,24
594,areaServed,602
594,provider,594
594,address,603
594,longitude,27
594,availableChannel,604
594,availableChannel,605
594,containedInPlace,536
594,description,594
594,telephone,606
594,text,607
594,xmlschema11-2#time,76
594,xmlschema11-2#time,73
594,xmlschema11-2#time,75
594,xmlschema11-2#time,74
594,xmlschema11-2#time,71
594,xmlschema11-2#time,72
594,xmlschema11-2#time,70
594,conditionsOfAccess,608
609,latitude,610
609,language,4
609,category,233
609,audience,50
609,category,145
609,category,237
609,category,42
609,cost,175
609,language,191
609,category,611
609,category,355
609,category,258
609,category,190
609,category,612
609,category,13
609,category,613
609,availability,6
609,audience,94
609,category,53
609,service type,17
609,postalCode,614
609,url,615
609,url,616
609,identifier,617
609,name,618
609,name,23
609,hasMap,24
609,areaServed,25
609,provider,609
609,address,619
609,longitude,27
609,availableChannel,620
609,availableChannel,621
609,containedInPlace,622
609,description,609
609,telephone,623
609,text,624
609,xmlschema11-2#time,168
609,xmlschema11-2#time,170
609,xmlschema11-2#time,251
609,xmlschema11-2#time,72
609,xmlschema11-2#time,171
609,xmlschema11-2#time,75
609,xmlschema11-2#time,167
609,conditionsOfAccess,187
625,latitude,626
625,language,4
625,audience,158
625,cost,7
625,category,12
625,audience,581
625,audience,84
625,audience,627
625,availability,6
625,audience,316
625,audience,580
625,language,191
625,category,5
625,category,16
625,category,91
625,service type,17
625,postalCode,18
625,url,628
625,url,629
625,identifier,630
625,name,631
625,name,23
625,hasMap,24
625,areaServed,25
625,provider,625
625,address,204
625,longitude,27
625,availableChannel,632
625,availableChannel,633
625,containedInPlace,30
625,description,625
625,telephone,634
625,text,635
625,xmlschema11-2#time,75
625,xmlschema11-2#time,167
625,xmlschema11-2#time,171
625,xmlschema11-2#time,168
625,xmlschema11-2#time,251
625,xmlschema11-2#time,72
625,xmlschema11-2#time,170
625,conditionsOfAccess,636
637,latitude,638
637,audience,11
637,audience,8
637,category,639
637,audience,144
637,audience,94
637,cost,7
637,category,640
637,category,93
637,category,42
637,audience,193
637,availability,6
637,category,80
637,category,53
637,category,329
637,audience,3
637,language,4
637,category,190
637,audience,641
637,category,48
637,service type,17
637,postalCode,642
637,url,111
637,identifier,643
637,name,23
637,name,644
637,hasMap,24
637,areaServed,645
637,provider,637
637,address,646
637,longitude,27
637,availableChannel,647
637,availableChannel,648
637,containedInPlace,649
637,description,637
637,telephone,650
637,text,651
637,xmlschema11-2#time,76
637,xmlschema11-2#time,74
637,xmlschema11-2#time,75
637,xmlschema11-2#time,73
637,xmlschema11-2#time,72
637,xmlschema11-2#time,71
637,xmlschema11-2#time,70
637,conditionsOfAccess,23
652,latitude,653
652,audience,11
652,category,229
652,category,239
652,category,124
652,category,654
652,category,655
652,audience,316
652,category,53
652,audience,325
652,audience,87
652,audience,127
652,category,656
652,category,611
652,language,4
652,cost,43
652,category,15
652,category,613
652,category,611
652,category,657
652,availability,6
652,audience,122
652,category,13
652,audience,3
652,category,190
652,service type,17
652,postalCode,479
652,url,658
652,url,659
652,identifier,660
652,name,661
652,name,23
652,hasMap,24
652,areaServed,63
652,provider,652
652,address,662
652,longitude,27
652,availableChannel,663
652,availableChannel,664
652,containedInPlace,488
652,description,652
652,telephone,665
652,text,666
652,xmlschema11-2#time,75
652,xmlschema11-2#time,667
652,xmlschema11-2#time,668
652,xmlschema11-2#time,669
652,xmlschema11-2#time,670
652,xmlschema11-2#time,72
652,xmlschema11-2#time,671
652,conditionsOfAccess,672
673,latitude,228
673,language,674
673,audience,50
673,availability,6
673,language,675
673,language,676
673,category,42
673,language,677
673,language,4
673,category,232
673,language,191
673,language,678
673,category,639
673,cost,7
673,category,80
673,audience,94
673,category,258
673,language,679
673,language,680
673,language,681
673,service type,17
673,postalCode,240
673,url,682
673,url,683
673,identifier,684
673,name,685
673,name,23
673,hasMap,24
673,areaServed,25
673,provider,673
673,address,686
673,longitude,27
673,availableChannel,687
673,availableChannel,688
673,containedInPlace,248
673,description,673
673,telephone,689
673,text,690
673,xmlschema11-2#time,170
673,xmlschema11-2#time,251
673,xmlschema11-2#time,75
673,xmlschema11-2#time,691
673,xmlschema11-2#time,168
673,xmlschema11-2#time,167
673,xmlschema11-2#time,72
673,conditionsOfAccess,23
692,latitude,693
692,category,14
692,category,5
692,availability,6
692,category,12
692,audience,8
692,audience,159
692,audience,84
692,cost,7
692,category,88
692,audience,3
692,audience,580
692,category,80
692,category,91
692,category,129
692,audience,11
692,audience,9
692,category,145
692,language,4
692,service type,17
692,postalCode,582
692,url,694
692,url,695
692,identifier,696
692,name,697
692,name,23
692,hasMap,24
692,areaServed,25
692,provider,692
692,address,698
692,longitude,27
692,availableChannel,699
692,availableChannel,700
692,containedInPlace,590
692,description,692
692,telephone,701
692,text,702
692,xmlschema11-2#time,70
692,xmlschema11-2#time,72
692,xmlschema11-2#time,73
692,xmlschema11-2#time,76
692,xmlschema11-2#time,74
692,xmlschema11-2#time,71
692,xmlschema11-2#time,75
692,conditionsOfAccess,703
704,latitude,705
704,language,4
704,cost,43
704,category,655
704,category,145
704,category,706
704,availability,6
704,audience,330
704,audience,158
704,category,356
704,category,395
704,service type,17
704,postalCode,295
704,url,707
704,url,708
704,identifier,709
704,name,23
704,name,710
704,hasMap,24
704,areaServed,63
704,provider,704
704,address,711
704,longitude,27
704,availableChannel,712
704,availableChannel,713
704,containedInPlace,305
704,description,704
704,text,714
704,xmlschema11-2#time,71
704,xmlschema11-2#time,76
704,xmlschema11-2#time,70
704,xmlschema11-2#time,73
704,xmlschema11-2#time,75
704,xmlschema11-2#time,74
704,xmlschema11-2#time,72
704,conditionsOfAccess,715
716,latitude,717
716,audience,579
716,category,394
716,category,239
716,category,190
716,category,718
716,language,4
716,category,124
716,audience,11
716,category,145
716,audience,578
716,cost,43
716,audience,719
716,availability,6
716,category,237
716,audience,720
716,audience,8
716,category,612
716,category,721
716,category,464
716,service type,722
716,service type,17
716,postalCode,723
716,url,724
716,url,725
716,identifier,726
716,name,23
716,name,727
716,hasMap,24
716,areaServed,25
716,provider,716
716,address,728
716,longitude,27
716,availableChannel,729
716,availableChannel,730
716,containedInPlace,731
716,description,716
716,telephone,732
716,text,733
716,text,734
716,xmlschema11-2#time,73
716,xmlschema11-2#time,75
716,xmlschema11-2#time,72
716,xmlschema11-2#time,71
716,xmlschema11-2#time,74
716,xmlschema11-2#time,76
716,xmlschema11-2#time,70
716,conditionsOfAccess,735
736,latitude,737
736,category,91
736,audience,87
736,category,14
736,category,88
736,category,5
736,category,145
736,audience,158
736,audience,123
736,audience,738
736,category,326
736,language,4
736,category,12
736,audience,159
736,availability,6
736,audience,580
736,cost,175
736,service type,17
736,postalCode,739
736,url,111
736,identifier,740
736,name,741
736,name,23
736,hasMap,24
736,areaServed,25
736,provider,736
736,address,742
736,longitude,27
736,availableChannel,743
736,availableChannel,744
736,containedInPlace,745
736,description,736
736,telephone,746
736,text,747
736,xmlschema11-2#time,748
736,xmlschema11-2#time,749
736,xmlschema11-2#time,75
736,xmlschema11-2#time,750
736,xmlschema11-2#time,72
736,xmlschema11-2#time,751
736,xmlschema11-2#time,254
736,conditionsOfAccess,23
752,latitude,463
752,language,4
752,availability,6
752,audience,158
752,category,89
752,audience,234
752,cost,43
752,language,191
752,audience,123
752,category,464
752,audience,290
752,category,229
752,category,145
752,audience,327
752,service type,17
752,postalCode,240
752,url,466
752,url,465
752,identifier,753
752,name,23
752,name,754
752,hasMap,24
752,areaServed,25
752,provider,752
752,address,755
752,longitude,27
752,availableChannel,756
752,availableChannel,757
752,containedInPlace,248
752,description,752
752,telephone,758
752,text,473
752,xmlschema11-2#time,168
752,xmlschema11-2#time,251
752,xmlschema11-2#time,170
752,xmlschema11-2#time,171
752,xmlschema11-2#time,72
752,xmlschema11-2#time,75
752,xmlschema11-2#time,167
752,conditionsOfAccess,474
759,latitude,760
759,category,14
759,audience,8
759,audience,9
759,audience,3
759,category,145
759,audience,144
759,category,91
759,audience,580
759,cost,7
759,availability,6
759,category,88
759,audience,293
759,category,12
759,audience,193
759,language,4
759,audience,159
759,audience,11
759,audience,84
759,language,761
759,service type,17
759,postalCode,762
759,url,763
759,identifier,764
759,name,765
759,name,23
759,hasMap,24
759,areaServed,645
759,provider,759
759,address,766
759,longitude,27
759,availableChannel,767
759,availableChannel,768
759,containedInPlace,769
759,description,759
759,telephone,770
759,text,771
759,xmlschema11-2#time,72
759,xmlschema11-2#time,170
759,xmlschema11-2#time,171
759,xmlschema11-2#time,75
759,xmlschema11-2#time,167
759,xmlschema11-2#time,251
759,xmlschema11-2#time,168
759,conditionsOfAccess,772
773,latitude,774
773,category,124
773,audience,84
773,availability,6
773,audience,47
773,category,232
773,audience,775
773,language,4
773,audience,158
773,category,12
773,audience,58
773,category,15
773,cost,43
773,audience,331
773,service type,17
773,postalCode,776
773,url,777
773,url,778
773,identifier,779
773,name,780
773,name,23
773,hasMap,24
773,areaServed,25
773,provider,773
773,address,781
773,longitude,27
773,availableChannel,782
773,availableChannel,783
773,containedInPlace,784
773,description,773
773,telephone,785
773,text,786
773,xmlschema11-2#time,787
773,xmlschema11-2#time,266
773,xmlschema11-2#time,348
773,xmlschema11-2#time,75
773,xmlschema11-2#time,254
773,xmlschema11-2#time,72
773,xmlschema11-2#time,344
773,conditionsOfAccess,788
789,latitude,790
789,latitude,791
789,latitude,792
789,audience,47
789,availability,6
789,category,258
789,category,42
789,category,80
789,availability,6
789,language,4
789,cost,143
789,availability,6
789,audience,94
789,audience,50
789,category,42
789,audience,92
789,category,42
789,category,258
789,audience,92
789,category,258
789,audience,47
789,audience,50
789,category,80
789,audience,47
789,audience,92
789,language,4
789,language,4
789,category,80
789,cost,143
789,audience,94
789,audience,50
789,audience,94
789,cost,143
789,service type,17
789,service type,17
789,service type,17
789,postalCode,642
789,postalCode,240
789,postalCode,582
789,identifier,793
789,identifier,794
789,identifier,795
789,name,796
789,name,23
789,name,796
789,name,23
789,name,796
789,name,23
789,hasMap,24
789,hasMap,24
789,hasMap,24
789,areaServed,25
789,areaServed,25
789,areaServed,25
789,provider,789
789,provider,789
789,provider,789
789,address,797
789,address,798
789,address,799
789,longitude,27
789,longitude,27
789,longitude,27
789,availableChannel,800
789,availableChannel,800
789,availableChannel,800
789,availableChannel,801
789,availableChannel,801
789,availableChannel,801
789,containedInPlace,649
789,containedInPlace,248
789,containedInPlace,590
789,description,789
789,description,789
789,description,789
789,telephone,802
789,telephone,802
789,telephone,802
789,text,803
789,text,804
789,text,805
789,xmlschema11-2#time,806
789,xmlschema11-2#time,807
789,xmlschema11-2#time,808
789,xmlschema11-2#time,806
789,xmlschema11-2#time,254
789,xmlschema11-2#time,809
789,xmlschema11-2#time,810
789,xmlschema11-2#time,72
789,xmlschema11-2#time,811
789,xmlschema11-2#time,75
789,xmlschema11-2#time,254
789,xmlschema11-2#time,254
789,xmlschema11-2#time,812
789,xmlschema11-2#time,813
789,xmlschema11-2#time,814
789,xmlschema11-2#time,255
789,xmlschema11-2#time,815
789,xmlschema11-2#time,816
789,xmlschema11-2#time,817
789,xmlschema11-2#time,252
789,xmlschema11-2#time,75
789,conditionsOfAccess,267
789,conditionsOfAccess,267
789,conditionsOfAccess,267
818,latitude,819
818,availability,6
818,category,478
818,category,145
818,cost,43
818,category,124
818,language,4
818,audience,327
818,audience,158
818,category,81
818,service type,17
818,postalCode,527
818,url,111
818,identifier,820
818,name,23
818,name,821
818,hasMap,24
818,areaServed,822
818,provider,818
818,address,823
818,longitude,27
818,availableChannel,824
818,availableChannel,825
818,containedInPlace,536
818,description,818
818,telephone,826
818,text,827
818,xmlschema11-2#time,73
818,xmlschema11-2#time,72
818,xmlschema11-2#time,76
818,xmlschema11-2#time,71
818,xmlschema11-2#time,74
818,xmlschema11-2#time,75
818,xmlschema11-2#time,70
818,conditionsOfAccess,23
828,latitude,829
828,audience,597
828,cost,43
828,audience,144
828,audience,58
828,category,93
828,category,478
828,audience,11
828,category,91
828,language,4
828,audience,3
828,category,232
828,audience,47
828,audience,598
828,language,191
828,category,596
828,audience,552
828,availability,6
828,audience,127
828,audience,193
828,service type,17
828,postalCode,18
828,url,658
828,url,659
828,identifier,830
828,name,831
828,name,23
828,hasMap,24
828,areaServed,63
828,provider,828
828,address,832
828,longitude,27
828,availableChannel,833
828,availableChannel,834
828,containedInPlace,30
828,description,828
828,telephone,835
828,text,836
828,xmlschema11-2#time,837
828,xmlschema11-2#time,213
828,xmlschema11-2#time,838
828,xmlschema11-2#time,212
828,xmlschema11-2#time,839
828,xmlschema11-2#time,840
828,xmlschema11-2#time,211
828,conditionsOfAccess,608
841,latitude,842
841,audience,3
841,category,356
841,category,124
841,audience,218
841,category,190
841,language,4
841,audience,11
841,audience,122
841,audience,552
841,category,145
841,audience,46
841,cost,7
841,availability,6
841,category,478
841,category,554
841,category,359
841,service type,17
841,postalCode,295
841,url,438
841,identifier,843
841,name,844
841,name,23
841,hasMap,24
841,areaServed,441
841,provider,841
841,address,845
841,longitude,27
841,longitude,27
841,availableChannel,846
841,availableChannel,847
841,containedInPlace,305
841,description,841
841,telephone,848
841,text,849
841,xmlschema11-2#time,850
841,xmlschema11-2#time,851
841,xmlschema11-2#time,852
841,xmlschema11-2#time,853
841,xmlschema11-2#time,72
841,xmlschema11-2#time,75
841,xmlschema11-2#time,854
841,conditionsOfAccess,855
856,latitude,857
856,audience,84
856,audience,286
856,audience,8
856,category,88
856,audience,9
856,category,91
856,audience,316
856,category,14
856,language,4
856,availability,6
856,audience,11
856,cost,175
856,audience,581
856,service type,17
856,postalCode,858
856,url,111
856,identifier,859
856,name,23
856,name,860
856,hasMap,24
856,areaServed,25
856,provider,856
856,address,861
856,longitude,27
856,longitude,27
856,availableChannel,862
856,availableChannel,863
856,containedInPlace,864
856,description,856
856,telephone,865
856,text,866
856,xmlschema11-2#time,867
856,xmlschema11-2#time,868
856,xmlschema11-2#time,869
856,xmlschema11-2#time,75
856,xmlschema11-2#time,522
856,xmlschema11-2#time,870
856,xmlschema11-2#time,521
856,xmlschema11-2#time,871
856,xmlschema11-2#time,872
856,xmlschema11-2#time,72
856,xmlschema11-2#time,520
856,conditionsOfAccess,873
874,latitude,875
874,language,4
874,audience,50
874,category,53
874,category,326
874,category,356
874,availability,6
874,cost,43
874,audience,876
874,audience,877
874,category,437
874,audience,878
874,category,359
874,service type,17
874,postalCode,479
874,url,111
874,url,658
874,identifier,879
874,name,880
874,name,23
874,hasMap,24
874,areaServed,63
874,provider,874
874,address,881
874,longitude,27
874,availableChannel,882
874,availableChannel,883
874,containedInPlace,488
874,description,874
874,telephone,884
874,text,885
874,xmlschema11-2#time,72
874,xmlschema11-2#time,170
874,xmlschema11-2#time,168
874,xmlschema11-2#time,251
874,xmlschema11-2#time,75
874,xmlschema11-2#time,171
874,xmlschema11-2#time,167
874,conditionsOfAccess,23
886,latitude,887
886,category,146
886,category,93
886,audience,92
886,availability,6
886,category,90
886,category,5
886,audience,94
886,category,258
886,category,85
886,cost,7
886,category,13
886,category,42
886,language,4
886,audience,50
886,category,145
886,service type,17
886,postalCode,888
886,url,889
886,identifier,890
886,name,23
886,name,891
886,hasMap,24
886,areaServed,25
886,provider,886
886,address,892
886,longitude,27
886,availableChannel,893
886,availableChannel,894
886,containedInPlace,895
886,description,886
886,telephone,896
886,text,897
886,xmlschema11-2#time,70
886,xmlschema11-2#time,74
886,xmlschema11-2#time,71
886,xmlschema11-2#time,73
886,xmlschema11-2#time,76
886,xmlschema11-2#time,72
886,xmlschema11-2#time,75
886,conditionsOfAccess,898
899,latitude,900
899,audience,8
899,audience,3
899,audience,84
899,category,5
899,availability,6
899,audience,11
899,language,4
899,cost,7
899,category,91
899,category,88
899,audience,193
899,audience,144
899,audience,9
899,category,14
899,service type,17
899,postalCode,332
899,url,901
899,url,902
899,identifier,903
899,name,904
899,name,23
899,hasMap,24
899,areaServed,905
899,provider,899
899,address,906
899,longitude,27
899,availableChannel,907
899,availableChannel,908
899,containedInPlace,341
899,description,899
899,telephone,909
899,text,910
899,xmlschema11-2#time,171
899,xmlschema11-2#time,72
899,xmlschema11-2#time,388
899,xmlschema11-2#time,390
899,xmlschema11-2#time,391
899,conditionsOfAccess,314
911,latitude,912
911,category,91
911,audience,144
911,language,4
911,audience,193
911,audience,11
911,audience,94
911,audience,125
911,category,124
911,audience,3
911,audience,327
911,audience,128
911,category,54
911,availability,143
911,cost,43
911,service type,17
911,postalCode,913
911,url,914
911,url,915
911,identifier,916
911,name,917
911,name,23
911,hasMap,24
911,areaServed,25
911,provider,911
911,address,918
911,longitude,27
911,availableChannel,919
911,availableChannel,920
911,containedInPlace,921
911,description,911
911,telephone,922
911,text,923
911,xmlschema11-2#time,75
911,xmlschema11-2#time,72
911,xmlschema11-2#time,170
911,xmlschema11-2#time,251
911,xmlschema11-2#time,171
911,xmlschema11-2#time,168
911,xmlschema11-2#time,167
911,conditionsOfAccess,924
925,latitude,926
925,latitude,927
925,audience,87
925,audience,83
925,category,232
925,audience,92
925,category,258
925,audience,9
925,language,4
925,audience,82
925,category,91
925,cost,7
925,audience,84
925,audience,94
925,audience,50
925,category,88
925,category,90
925,category,42
925,availability,6
925,category,85
925,service type,17
925,postalCode,95
925,postalCode,928
925,url,96
925,url,97
925,identifier,929
925,name,23
925,name,930
925,hasMap,24
925,hasMap,24
925,areaServed,25
925,provider,925
925,address,931
925,address,932
925,longitude,27
925,longitude,27
925,availableChannel,933
925,availableChannel,934
925,containedInPlace,103
925,containedInPlace,935
925,description,925
925,telephone,104
925,text,936
925,xmlschema11-2#time,522
925,xmlschema11-2#time,72
925,xmlschema11-2#time,76
925,xmlschema11-2#time,75
925,xmlschema11-2#time,937
925,xmlschema11-2#time,521
925,xmlschema11-2#time,520
925,xmlschema11-2#time,517
925,conditionsOfAccess,938
939,latitude,940
939,cost,7
939,category,478
939,audience,8
939,availability,6
939,language,4
939,audience,11
939,category,12
939,audience,84
939,service type,17
939,postalCode,295
939,url,941
939,url,942
939,identifier,943
939,name,23
939,name,944
939,hasMap,24
939,areaServed,25
939,provider,939
939,address,945
939,longitude,27
939,longitude,27
939,availableChannel,946
939,availableChannel,947
939,containedInPlace,305
939,description,939
939,telephone,948
939,telephone,949
939,text,950
939,xmlschema11-2#time,951
939,xmlschema11-2#time,952
939,xmlschema11-2#time,172
939,xmlschema11-2#time,953
939,xmlschema11-2#time,954
939,xmlschema11-2#time,72
939,xmlschema11-2#time,955
939,conditionsOfAccess,956
957,latitude,958
957,audience,290
957,category,14
957,cost,7
957,audience,234
957,category,88
957,category,145
957,audience,58
957,availability,6
957,language,4
957,language,191
957,audience,84
957,audience,50
957,category,91
957,category,80
957,service type,17
957,postalCode,450
957,url,111
957,identifier,959
957,name,23
957,name,960
957,hasMap,24
957,areaServed,381
957,provider,957
957,address,961
957,longitude,27
957,availableChannel,962
957,availableChannel,963
957,containedInPlace,458
957,description,957
957,telephone,964
957,text,965
957,xmlschema11-2#time,520
957,xmlschema11-2#time,521
957,xmlschema11-2#time,522
957,xmlschema11-2#time,517
957,xmlschema11-2#time,518
957,xmlschema11-2#time,966
957,xmlschema11-2#time,72
957,conditionsOfAccess,967
968,latitude,969
968,category,42
968,category,88
968,audience,83
968,audience,92
968,category,397
968,audience,82
968,language,4
968,audience,720
968,category,15
968,audience,50
968,audience,94
968,availability,6
968,category,80
968,category,12
968,cost,7
968,category,970
968,category,14
968,audience,9
968,category,91
968,audience,971
968,category,5
968,category,90
968,category,129
968,category,258
968,category,145
968,audience,195
968,service type,17
968,postalCode,18
968,url,972
968,url,973
968,identifier,974
968,name,23
968,name,975
968,hasMap,24
968,areaServed,532
968,provider,968
968,address,976
968,longitude,27
968,availableChannel,977
968,availableChannel,978
968,containedInPlace,30
968,description,968
968,telephone,979
968,text,980
968,xmlschema11-2#time,37
968,xmlschema11-2#time,39
968,xmlschema11-2#time,34
968,xmlschema11-2#time,36
968,xmlschema11-2#time,33
968,xmlschema11-2#time,38
968,xmlschema11-2#time,35
968,conditionsOfAccess,981
982,latitude,79
982,audience,87
982,category,85
982,audience,84
982,category,89
982,category,12
982,language,4
982,availability,6
982,audience,82
982,audience,9
982,audience,94
982,category,15
982,category,90
982,category,42
982,audience,50
982,category,81
982,category,88
982,audience,92
982,category,80
982,cost,7
982,category,93
982,audience,83
982,category,91
982,service type,17
982,postalCode,95
982,url,97
982,url,96
982,identifier,983
982,name,984
982,name,23
982,hasMap,24
982,areaServed,25
982,provider,982
982,address,100
982,longitude,27
982,availableChannel,985
982,availableChannel,986
982,containedInPlace,103
982,description,982
982,telephone,104
982,text,105
982,xmlschema11-2#time,75
982,xmlschema11-2#time,74
982,xmlschema11-2#time,76
982,xmlschema11-2#time,73
982,xmlschema11-2#time,71
982,xmlschema11-2#time,72
982,xmlschema11-2#time,70
982,conditionsOfAccess,23
987,latitude,988
987,category,258
987,category,88
987,audience,9
987,category,80
987,audience,144
987,audience,3
987,audience,92
987,language,989
987,language,761
987,audience,11
987,audience,286
987,cost,175
987,audience,94
987,category,90
987,audience,234
987,language,680
987,language,677
987,category,42
987,language,678
987,audience,316
987,language,191
987,audience,193
987,language,4
987,audience,290
987,availability,6
987,category,91
987,service type,17
987,postalCode,95
987,url,990
987,identifier,991
987,name,992
987,name,23
987,hasMap,24
987,areaServed,25
987,provider,987
987,address,993
987,longitude,27
987,availableChannel,994
987,availableChannel,995
987,containedInPlace,103
987,description,987
987,telephone,996
987,text,997
987,xmlschema11-2#time,998
987,xmlschema11-2#time,999
987,xmlschema11-2#time,1000
987,xmlschema11-2#time,75
987,xmlschema11-2#time,1001
987,xmlschema11-2#time,1002
987,xmlschema11-2#time,72
987,conditionsOfAccess,1003
1004,latitude,1005
1004,category,14
1004,audience,11
1004,audience,47
1004,audience,9
1004,category,5
1004,audience,3
1004,language,191
1004,category,91
1004,language,4
1004,category,359
1004,availability,6
1004,category,129
1004,audience,84
1004,audience,193
1004,category,326
1004,audience,8
1004,audience,58
1004,audience,144
1004,category,16
1004,category,88
1004,cost,7
1004,category,12
1004,category,80
1004,service type,17
1004,postalCode,95
1004,url,1006
1004,identifier,1007
1004,name,23
1004,name,1008
1004,hasMap,24
1004,areaServed,25
1004,provider,1004
1004,address,1009
1004,longitude,27
1004,longitude,27
1004,availableChannel,1010
1004,availableChannel,1011
1004,containedInPlace,103
1004,description,1004
1004,telephone,1012
1004,text,1013
1004,xmlschema11-2#time,1014
1004,xmlschema11-2#time,1015
1004,xmlschema11-2#time,868
1004,xmlschema11-2#time,867
1004,xmlschema11-2#time,1016
1004,xmlschema11-2#time,871
1004,xmlschema11-2#time,1017
1004,xmlschema11-2#time,1018
1004,xmlschema11-2#time,870
1004,xmlschema11-2#time,1019
1004,xmlschema11-2#time,1020
1004,xmlschema11-2#time,72
1004,xmlschema11-2#time,869
1004,conditionsOfAccess,1021
1022,latitude,1023
1022,category,611
1022,audience,47
1022,category,13
1022,audience,58
1022,category,478
1022,availability,6
1022,category,232
1022,audience,720
1022,audience,158
1022,category,394
1022,category,48
1022,language,4
1022,cost,43
1022,category,5
1022,category,124
1022,category,86
1022,category,1024
1022,category,1025
1022,category,292
1022,service type,17
1022,postalCode,332
1022,url,1026
1022,url,1027
1022,identifier,1028
1022,name,1029
1022,name,23
1022,hasMap,24
1022,areaServed,63
1022,provider,1022
1022,address,1030
1022,longitude,27
1022,availableChannel,1031
1022,availableChannel,1032
1022,containedInPlace,341
1022,description,1022
1022,telephone,1033
1022,text,1034
1022,xmlschema11-2#time,1035
1022,xmlschema11-2#time,72
1022,xmlschema11-2#time,1036
1022,xmlschema11-2#time,1037
1022,xmlschema11-2#time,75
1022,xmlschema11-2#time,1038
1022,xmlschema11-2#time,1039
1022,conditionsOfAccess,23
1040,latitude,1041
1040,cost,7
1040,audience,58
1040,category,80
1040,audience,84
1040,audience,3
1040,category,91
1040,category,14
1040,audience,159
1040,audience,198
1040,audience,123
1040,availability,1042
1040,audience,144
1040,language,4
1040,audience,11
1040,category,12
1040,audience,47
1040,audience,193
1040,audience,580
1040,service type,17
1040,postalCode,1043
1040,url,1044
1040,identifier,1045
1040,name,1046
1040,name,23
1040,hasMap,24
1040,areaServed,1047
1040,provider,1040
1040,address,1048
1040,longitude,27
1040,availableChannel,1049
1040,availableChannel,1050
1040,containedInPlace,1051
1040,description,1040
1040,telephone,1052
1040,text,1053
1040,xmlschema11-2#time,74
1040,xmlschema11-2#time,71
1040,xmlschema11-2#time,76
1040,xmlschema11-2#time,72
1040,xmlschema11-2#time,75
1040,xmlschema11-2#time,70
1040,xmlschema11-2#time,73
1040,conditionsOfAccess,1054
1055,latitude,1056
1055,category,5
1055,category,91
1055,audience,58
1055,audience,552
1055,audience,11
1055,language,4
1055,audience,8
1055,category,129
1055,audience,3
1055,audience,330
1055,category,85
1055,audience,10
1055,availability,6
1055,audience,84
1055,category,145
1055,category,80
1055,category,12
1055,audience,328
1055,cost,7
1055,category,14
1055,service type,17
1055,postalCode,858
1055,url,1057
1055,url,1058
1055,identifier,1059
1055,name,23
1055,name,1060
1055,hasMap,24
1055,areaServed,645
1055,provider,1055
1055,address,1061
1055,longitude,27
1055,availableChannel,1062
1055,availableChannel,1063
1055,containedInPlace,864
1055,description,1055
1055,telephone,1064
1055,text,1065
1055,xmlschema11-2#time,75
1055,xmlschema11-2#time,76
1055,xmlschema11-2#time,71
1055,xmlschema11-2#time,73
1055,xmlschema11-2#time,74
1055,xmlschema11-2#time,72
1055,xmlschema11-2#time,70
1055,conditionsOfAccess,1066
1067,latitude,1068
1067,latitude,1069
1067,audience,9
1067,audience,316
1067,availability,6
1067,cost,7
1067,category,129
1067,category,80
1067,category,232
1067,category,232
1067,audience,50
1067,audience,84
1067,language,4
1067,audience,82
1067,category,90
1067,audience,94
1067,category,5
1067,category,42
1067,category,145
1067,category,258
1067,category,85
1067,service type,17
1067,postalCode,59
1067,postalCode,776
1067,url,97
1067,url,96
1067,identifier,1070
1067,name,1071
1067,name,23
1067,hasMap,24
1067,hasMap,24
1067,areaServed,25
1067,provider,1067
1067,address,1072
1067,address,1073
1067,longitude,27
1067,longitude,27
1067,availableChannel,1074
1067,availableChannel,1075
1067,containedInPlace,67
1067,containedInPlace,784
1067,description,1067
1067,telephone,104
1067,text,1076
1067,xmlschema11-2#time,75
1067,xmlschema11-2#time,520
1067,xmlschema11-2#time,522
1067,xmlschema11-2#time,670
1067,xmlschema11-2#time,521
1067,xmlschema11-2#time,72
1067,xmlschema11-2#time,671
1067,xmlschema11-2#time,667
1067,xmlschema11-2#time,517
1067,xmlschema11-2#time,668
1067,xmlschema11-2#time,669
1067,xmlschema11-2#time,76
1067,conditionsOfAccess,23
1077,latitude,1078
1077,cost,175
1077,category,124
1077,audience,598
1077,availability,6
1077,language,4
1077,category,237
1077,category,12
1077,category,258
1077,category,45
1077,category,13
1077,audience,158
1077,category,42
1077,category,232
1077,service type,17
1077,postalCode,18
1077,url,111
1077,identifier,1079
1077,name,23
1077,name,1080
1077,hasMap,24
1077,areaServed,645
1077,provider,1077
1077,address,1081
1077,longitude,27
1077,availableChannel,1082
1077,availableChannel,1083
1077,containedInPlace,30
1077,description,1077
1077,telephone,1084
1077,text,1085
1077,xmlschema11-2#time,1086
1077,xmlschema11-2#time,1087
1077,xmlschema11-2#time,1088
1077,xmlschema11-2#time,169
1077,xmlschema11-2#time,72
1077,xmlschema11-2#time,1089
1077,xmlschema11-2#time,1090
1077,conditionsOfAccess,23
1091,latitude,436
1091,category,14
1091,category,190
1091,audience,58
1091,cost,7
1091,audience,8
1091,category,145
1091,category,437
1091,audience,3
1091,category,237
1091,category,89
1091,category,16
1091,language,4
1091,category,91
1091,availability,6
1091,category,124
1091,category,85
1091,service type,17
1091,postalCode,295
1091,url,438
1091,identifier,1092
1091,name,23
1091,name,1093
1091,hasMap,24
1091,areaServed,441
1091,provider,1091
1091,address,442
1091,longitude,27
1091,availableChannel,1094
1091,availableChannel,1095
1091,containedInPlace,305
1091,description,1091
1091,telephone,848
1091,text,446
1091,xmlschema11-2#time,76
1091,xmlschema11-2#time,71
1091,xmlschema11-2#time,73
1091,xmlschema11-2#time,72
1091,xmlschema11-2#time,70
1091,xmlschema11-2#time,74
1091,xmlschema11-2#time,75
1091,conditionsOfAccess,447
1096,latitude,1097
1096,audience,234
1096,audience,553
1096,category,294
1096,audience,158
1096,category,229
1096,category,437
1096,category,145
1096,availability,6
1096,cost,43
1096,language,4
1096,language,191
1096,audience,122
1096,service type,17
1096,postalCode,450
1096,url,1098
1096,url,1099
1096,identifier,1100
1096,name,1101
1096,name,23
1096,hasMap,24
1096,areaServed,25
1096,provider,1096
1096,address,1102
1096,longitude,27
1096,availableChannel,1103
1096,availableChannel,1104
1096,containedInPlace,458
1096,description,1096
1096,telephone,1105
1096,text,1106
1096,xmlschema11-2#time,213
1096,xmlschema11-2#time,75
1096,xmlschema11-2#time,211
1096,xmlschema11-2#time,212
1096,xmlschema11-2#time,838
1096,xmlschema11-2#time,837
1096,xmlschema11-2#time,72
1096,conditionsOfAccess,1107
1108,latitude,1109
1108,audience,50
1108,audience,198
1108,category,145
1108,category,5
1108,audience,87
1108,language,4
1108,category,89
1108,cost,175
1108,audience,286
1108,audience,55
1108,category,16
1108,availability,1110
1108,category,356
1108,service type,17
1108,postalCode,479
1108,url,111
1108,identifier,1111
1108,name,23
1108,name,1112
1108,hasMap,24
1108,areaServed,25
1108,provider,1108
1108,address,1113
1108,longitude,27
1108,availableChannel,1114
1108,availableChannel,1115
1108,containedInPlace,488
1108,description,1108
1108,telephone,1116
1108,text,1117
1108,xmlschema11-2#time,1118
1108,xmlschema11-2#time,1119
1108,xmlschema11-2#time,1120
1108,xmlschema11-2#time,72
1108,xmlschema11-2#time,1121
1108,xmlschema11-2#time,1122
1108,conditionsOfAccess,1123
1124,latitude,1125
1124,availability,6
1124,cost,43
1124,category,88
1124,audience,327
1124,audience,50
1124,category,89
1124,language,4
1124,category,190
1124,service type,17
1124,postalCode,527
1124,url,1126
1124,identifier,1127
1124,name,1128
1124,name,23
1124,hasMap,24
1124,areaServed,25
1124,provider,1124
1124,address,570
1124,longitude,27
1124,availableChannel,1129
1124,availableChannel,1130
1124,containedInPlace,536
1124,description,1124
1124,telephone,573
1124,text,1131
1124,xmlschema11-2#time,170
1124,xmlschema11-2#time,171
1124,xmlschema11-2#time,167
1124,xmlschema11-2#time,168
1124,xmlschema11-2#time,251
1124,xmlschema11-2#time,72
1124,xmlschema11-2#time,75
1124,conditionsOfAccess,1132
1133,latitude,1134
1133,language,4
1133,category,129
1133,category,145
1133,category,124
1133,category,5
1133,category,80
1133,category,88
1133,availability,6
1133,category,12
1133,cost,175
1133,category,14
1133,audience,50
1133,category,91
1133,category,1135
1133,audience,84
1133,service type,17
1133,postalCode,1136
1133,url,616
1133,url,615
1133,identifier,1137
1133,name,1138
1133,name,23
1133,hasMap,24
1133,areaServed,25
1133,provider,1133
1133,address,1139
1133,longitude,27
1133,availableChannel,1140
1133,availableChannel,1141
1133,containedInPlace,1142
1133,description,1133
1133,telephone,1143
1133,text,1144
1133,xmlschema11-2#time,1145
1133,xmlschema11-2#time,72
1133,xmlschema11-2#time,75
1133,xmlschema11-2#time,1146
1133,xmlschema11-2#time,1147
1133,xmlschema11-2#time,1148
1133,xmlschema11-2#time,1149
1133,conditionsOfAccess,1150
1151,latitude,1152
1151,audience,58
1151,category,145
1151,audience,144
1151,category,91
1151,audience,11
1151,audience,286
1151,category,88
1151,audience,198
1151,category,85
1151,availability,6
1151,category,14
1151,cost,7
1151,audience,3
1151,audience,193
1151,category,329
1151,audience,8
1151,audience,9
1151,language,4
1151,audience,578
1151,category,5
1151,audience,84
1151,service type,17
1151,postalCode,398
1151,url,1153
1151,url,1154
1151,identifier,1155
1151,name,1156
1151,name,23
1151,hasMap,24
1151,areaServed,25
1151,provider,1151
1151,address,1157
1151,longitude,27
1151,availableChannel,1158
1151,availableChannel,1159
1151,containedInPlace,407
1151,description,1151
1151,telephone,1160
1151,text,1161
1151,xmlschema11-2#time,1162
1151,xmlschema11-2#time,75
1151,xmlschema11-2#time,72
1151,xmlschema11-2#time,1163
1151,xmlschema11-2#time,1164
1151,xmlschema11-2#time,213
1151,xmlschema11-2#time,1165
1151,conditionsOfAccess,23
1166,latitude,1167
1166,category,90
1166,category,12
1166,language,4
1166,availability,6
1166,category,5
1166,category,359
1166,category,85
1166,audience,193
1166,cost,7
1166,audience,84
1166,audience,598
1166,category,91
1166,category,129
1166,category,12
1166,category,88
1166,service type,17
1166,postalCode,1168
1166,url,1169
1166,url,1170
1166,identifier,1171
1166,name,1172
1166,name,23
1166,hasMap,24
1166,areaServed,25
1166,provider,1166
1166,address,1173
1166,longitude,27
1166,availableChannel,1174
1166,availableChannel,1175
1166,containedInPlace,1176
1166,description,1166
1166,telephone,1177
1166,text,1178
1166,xmlschema11-2#time,70
1166,xmlschema11-2#time,75
1166,xmlschema11-2#time,72
1166,xmlschema11-2#time,76
1166,xmlschema11-2#time,71
1166,xmlschema11-2#time,73
1166,xmlschema11-2#time,74
1166,conditionsOfAccess,1179
1180,latitude,1181
1180,audience,580
1180,audience,3
1180,category,12
1180,audience,8
1180,audience,597
1180,audience,327
1180,audience,84
1180,audience,9
1180,audience,11
1180,availability,6
1180,audience,123
1180,audience,627
1180,language,4
1180,category,14
1180,cost,43
1180,category,91
1180,audience,159
1180,category,145
1180,category,16
1180,service type,17
1180,postalCode,1182
1180,url,1183
1180,identifier,1184
1180,name,1185
1180,name,23
1180,hasMap,24
1180,areaServed,1186
1180,provider,1180
1180,address,1187
1180,longitude,27
1180,longitude,27
1180,availableChannel,1188
1180,availableChannel,1189
1180,containedInPlace,1190
1180,description,1180
1180,telephone,1191
1180,text,1192
1180,xmlschema11-2#time,1162
1180,xmlschema11-2#time,1163
1180,xmlschema11-2#time,72
1180,xmlschema11-2#time,75
1180,xmlschema11-2#time,1164
1180,xmlschema11-2#time,213
1180,xmlschema11-2#time,212
1180,conditionsOfAccess,1193
1194,latitude,541
1194,category,437
1194,language,4
1194,category,232
1194,category,14
1194,audience,3
1194,audience,55
1194,category,478
1194,category,190
1194,cost,43
1194,availability,6
1194,audience,876
1194,category,124
1194,audience,127
1194,audience,11
1194,category,91
1194,category,88
1194,service type,17
1194,postalCode,378
1194,url,1195
1194,identifier,1196
1194,name,23
1194,name,1197
1194,hasMap,24
1194,areaServed,25
1194,provider,1194
1194,address,545
1194,longitude,27
1194,availableChannel,1198
1194,availableChannel,1199
1194,containedInPlace,385
1194,description,1194
1194,telephone,386
1194,text,1200
1194,xmlschema11-2#time,75
1194,xmlschema11-2#time,72
1194,xmlschema11-2#time,389
1194,xmlschema11-2#time,76
1194,xmlschema11-2#time,388
1194,xmlschema11-2#time,391
1194,xmlschema11-2#time,390
1194,conditionsOfAccess,1201
1202,latitude,958
1202,audience,11
1202,category,85
1202,audience,58
1202,category,5
1202,availability,6
1202,audience,8
1202,category,129
1202,audience,552
1202,language,191
1202,audience,328
1202,category,16
1202,category,12
1202,category,15
1202,language,4
1202,audience,84
1202,cost,7
1202,audience,127
1202,service type,17
1202,postalCode,450
1202,url,111
1202,identifier,1203
1202,name,23
1202,name,1204
1202,hasMap,24
1202,areaServed,381
1202,provider,1202
1202,address,1205
1202,longitude,27
1202,availableChannel,1206
1202,availableChannel,1207
1202,containedInPlace,458
1202,description,1202
1202,telephone,964
1202,text,1208
1202,xmlschema11-2#time,966
1202,xmlschema11-2#time,520
1202,xmlschema11-2#time,522
1202,xmlschema11-2#time,517
1202,xmlschema11-2#time,391
1202,xmlschema11-2#time,389
1202,xmlschema11-2#time,390
1202,xmlschema11-2#time,1209
1202,xmlschema11-2#time,518
1202,xmlschema11-2#time,388
1202,xmlschema11-2#time,521
1202,xmlschema11-2#time,72
1202,conditionsOfAccess,1210
1211,latitude,1212
1211,language,677
1211,category,91
1211,category,12
1211,category,90
1211,audience,193
1211,category,14
1211,audience,11
1211,language,4
1211,audience,84
1211,category,42
1211,category,5
1211,category,80
1211,audience,581
1211,audience,316
1211,audience,9
1211,audience,1213
1211,cost,175
1211,audience,1214
1211,language,191
1211,audience,83
1211,audience,1215
1211,audience,286
1211,audience,82
1211,audience,144
1211,availability,6
1211,audience,94
1211,category,258
1211,category,88
1211,audience,3
1211,service type,17
1211,postalCode,776
1211,url,1216
1211,identifier,1217
1211,name,23
1211,name,1218
1211,hasMap,24
1211,areaServed,1219
1211,provider,1211
1211,address,1220
1211,longitude,27
1211,availableChannel,1221
1211,availableChannel,1222
1211,containedInPlace,784
1211,description,1211
1211,telephone,1223
1211,text,1224
1211,xmlschema11-2#time,837
1211,xmlschema11-2#time,72
1211,xmlschema11-2#time,211
1211,xmlschema11-2#time,212
1211,xmlschema11-2#time,838
1211,xmlschema11-2#time,75
1211,xmlschema11-2#time,213
1211,conditionsOfAccess,23
1225,latitude,1226
1225,audience,84
1225,cost,7
1225,category,124
1225,category,15
1225,category,190
1225,audience,158
1225,category,478
1225,audience,9
1225,language,4
1225,availability,6
1225,service type,17
1225,postalCode,271
1225,url,1227
1225,identifier,1228
1225,name,23
1225,name,1229
1225,hasMap,24
1225,areaServed,822
1225,provider,1225
1225,address,1230
1225,longitude,27
1225,availableChannel,1231
1225,availableChannel,1232
1225,containedInPlace,279
1225,description,1225
1225,telephone,1233
1225,text,1234
1225,xmlschema11-2#time,72
1225,xmlschema11-2#time,76
1225,xmlschema11-2#time,75
1225,xmlschema11-2#time,73
1225,xmlschema11-2#time,74
1225,xmlschema11-2#time,71
1225,xmlschema11-2#time,70
1225,conditionsOfAccess,314
1235,latitude,1236
1235,audience,8
1235,audience,10
1235,audience,3
1235,audience,9
1235,category,12
1235,language,4
1235,cost,7
1235,audience,11
1235,category,15
1235,category,124
1235,category,5
1235,availability,6
1235,audience,330
1235,service type,17
1235,postalCode,1237
1235,url,1238
1235,identifier,1239
1235,name,23
1235,name,1240
1235,hasMap,24
1235,areaServed,25
1235,provider,1235
1235,address,1241
1235,longitude,27
1235,availableChannel,1242
1235,availableChannel,1243
1235,containedInPlace,1244
1235,description,1235
1235,telephone,1245
1235,text,1246
1235,xmlschema11-2#time,75
1235,xmlschema11-2#time,76
1235,xmlschema11-2#time,71
1235,xmlschema11-2#time,74
1235,xmlschema11-2#time,72
1235,xmlschema11-2#time,70
1235,xmlschema11-2#time,73
1235,conditionsOfAccess,1247
1248,latitude,1249
1248,cost,175
1248,language,4
1248,category,414
1248,audience,50
1248,audience,9
1248,availability,6
1248,audience,286
1248,service type,17
1248,postalCode,1250
1248,url,111
1248,identifier,1251
1248,name,23
1248,name,1252
1248,hasMap,24
1248,areaServed,25
1248,provider,1248
1248,address,1253
1248,longitude,27
1248,longitude,27
1248,availableChannel,1254
1248,availableChannel,1255
1248,containedInPlace,1256
1248,description,1248
1248,telephone,1257
1248,text,1258
1248,xmlschema11-2#time,171
1248,xmlschema11-2#time,519
1248,xmlschema11-2#time,167
1248,xmlschema11-2#time,39
1248,xmlschema11-2#time,36
1248,xmlschema11-2#time,35
1248,xmlschema11-2#time,33
1248,xmlschema11-2#time,170
1248,xmlschema11-2#time,168
1248,xmlschema11-2#time,37
1248,xmlschema11-2#time,72
1248,xmlschema11-2#time,34
1248,xmlschema11-2#time,251
1248,xmlschema11-2#time,38
1248,conditionsOfAccess,1259
1260,latitude,595
1260,category,14
1260,audience,581
1260,audience,11
1260,category,145
1260,category,91
1260,cost,7
1260,language,4
1260,audience,3
1260,audience,9
1260,audience,193
1260,availability,6
1260,audience,316
1260,audience,597
1260,audience,144
1260,audience,8
1260,audience,84
1260,service type,17
1260,postalCode,527
1260,url,111
1260,identifier,1261
1260,name,23
1260,name,1262
1260,hasMap,24
1260,areaServed,1219
1260,provider,1260
1260,address,603
1260,longitude,27
1260,availableChannel,1263
1260,availableChannel,1264
1260,containedInPlace,536
1260,description,1260
1260,telephone,1265
1260,text,1266
1260,xmlschema11-2#time,1267
1260,xmlschema11-2#time,1268
1260,xmlschema11-2#time,966
1260,xmlschema11-2#time,1269
1260,xmlschema11-2#time,1270
1260,xmlschema11-2#time,1271
1260,xmlschema11-2#time,1272
1260,conditionsOfAccess,23
1273,latitude,1274
1273,cost,175
1273,audience,47
1273,category,1275
1273,audience,552
1273,availability,6
1273,audience,8
1273,category,356
1273,audience,11
1273,audience,1276
1273,audience,1277
1273,category,124
1273,audience,58
1273,language,4
1273,category,145
1273,service type,17
1273,postalCode,479
1273,url,1278
1273,url,1279
1273,identifier,1280
1273,name,23
1273,name,1281
1273,hasMap,24
1273,areaServed,822
1273,provider,1273
1273,address,1282
1273,longitude,27
1273,availableChannel,1283
1273,availableChannel,1284
1273,containedInPlace,488
1273,description,1273
1273,telephone,1285
1273,text,1286
1273,xmlschema11-2#time,74
1273,xmlschema11-2#time,73
1273,xmlschema11-2#time,72
1273,xmlschema11-2#time,70
1273,xmlschema11-2#time,76
1273,xmlschema11-2#time,75
1273,xmlschema11-2#time,71
1273,conditionsOfAccess,1287
1288,latitude,1289
1288,audience,8
1288,cost,7
1288,category,233
1288,audience,144
1288,audience,11
1288,language,4
1288,audience,9
1288,category,237
1288,audience,3
1288,audience,197
1288,audience,193
1288,category,80
1288,availability,6
1288,audience,47
1288,service type,17
1288,postalCode,18
1288,url,1290
1288,url,1291
1288,identifier,1292
1288,name,1293
1288,name,23
1288,hasMap,24
1288,areaServed,822
1288,provider,1288
1288,address,1294
1288,longitude,27
1288,availableChannel,1295
1288,availableChannel,1296
1288,containedInPlace,30
1288,description,1288
1288,telephone,1297
1288,text,1298
1288,xmlschema11-2#time,1299
1288,xmlschema11-2#time,75
1288,xmlschema11-2#time,72
1288,xmlschema11-2#time,1300
1288,xmlschema11-2#time,1301
1288,xmlschema11-2#time,1302
1288,xmlschema11-2#time,1303
1288,conditionsOfAccess,314
1304,latitude,1305
1304,availability,6
1304,language,677
1304,language,4
1304,cost,43
1304,audience,58
1304,audience,331
1304,category,12
1304,audience,158
1304,audience,293
1304,category,124
1304,service type,17
1304,postalCode,479
1304,url,1306
1304,identifier,1307
1304,name,23
1304,name,1308
1304,hasMap,24
1304,areaServed,63
1304,provider,1304
1304,address,1309
1304,longitude,27
1304,availableChannel,1310
1304,availableChannel,1311
1304,containedInPlace,488
1304,description,1304
1304,telephone,1312
1304,text,1313
1304,xmlschema11-2#time,72
1304,xmlschema11-2#time,74
1304,xmlschema11-2#time,73
1304,xmlschema11-2#time,70
1304,xmlschema11-2#time,76
1304,xmlschema11-2#time,75
1304,xmlschema11-2#time,71
1304,conditionsOfAccess,1314
1315,latitude,425
1315,audience,84
1315,category,5
1315,category,294
1315,category,12
1315,availability,6
1315,audience,50
1315,language,4
1315,cost,7
1315,service type,17
1315,postalCode,147
1315,url,111
1315,identifier,1316
1315,name,1317
1315,name,23
1315,hasMap,24
1315,areaServed,1219
1315,provider,1315
1315,address,429
1315,longitude,27
1315,longitude,27
1315,availableChannel,1318
1315,availableChannel,1319
1315,containedInPlace,153
1315,description,1315
1315,telephone,432
1315,telephone,1320
1315,text,1321
1315,xmlschema11-2#time,73
1315,xmlschema11-2#time,76
1315,xmlschema11-2#time,70
1315,xmlschema11-2#time,72
1315,xmlschema11-2#time,74
1315,xmlschema11-2#time,71
1315,xmlschema11-2#time,75
1315,conditionsOfAccess,1322
1323,latitude,1324
1323,audience,158
1323,audience,720
1323,category,233
1323,category,90
1323,availability,6
1323,cost,7
1323,audience,94
1323,language,4
1323,category,359
1323,audience,197
1323,category,1325
1323,service type,17
1323,postalCode,1250
1323,url,426
1323,identifier,1326
1323,name,1327
1323,name,23
1323,hasMap,24
1323,areaServed,1219
1323,provider,1323
1323,address,1328
1323,longitude,27
1323,availableChannel,1329
1323,availableChannel,1330
1323,containedInPlace,1256
1323,description,1323
1323,telephone,432
1323,telephone,1331
1323,text,1332
1323,xmlschema11-2#time,74
1323,xmlschema11-2#time,72
1323,xmlschema11-2#time,75
1323,xmlschema11-2#time,71
1323,xmlschema11-2#time,76
1323,xmlschema11-2#time,73
1323,xmlschema11-2#time,70
1323,conditionsOfAccess,1333
1334,latitude,969
1334,cost,7
1334,category,292
1334,audience,291
1334,audience,94
1334,category,13
1334,audience,50
1334,category,237
1334,language,4
1334,category,611
1334,category,238
1334,category,1275
1334,audience,122
1334,audience,9
1334,audience,55
1334,category,229
1334,category,12
1334,audience,195
1334,category,656
1334,audience,159
1334,audience,627
1334,category,233
1334,audience,327
1334,category,1335
1334,availability,6
1334,audience,123
1334,service type,17
1334,postalCode,18
1334,url,973
1334,url,972
1334,identifier,1336
1334,name,23
1334,name,1337
1334,hasMap,24
1334,areaServed,532
1334,provider,1334
1334,address,976
1334,longitude,27
1334,availableChannel,1338
1334,availableChannel,1339
1334,containedInPlace,30
1334,description,1334
1334,telephone,1340
1334,text,1341
1334,xmlschema11-2#time,36
1334,xmlschema11-2#time,33
1334,xmlschema11-2#time,35
1334,xmlschema11-2#time,38
1334,xmlschema11-2#time,39
1334,xmlschema11-2#time,37
1334,xmlschema11-2#time,34
1334,conditionsOfAccess,1342
1343,latitude,1344
1343,audience,720
1343,audience,1345
1343,audience,580
1343,audience,230
1343,audience,84
1343,audience,50
1343,audience,94
1343,cost,43
1343,language,4
1343,audience,1346
1343,category,414
1343,audience,578
1343,category,5
1343,audience,579
1343,audience,159
1343,availability,6
1343,category,12
1343,service type,17
1343,postalCode,479
1343,url,111
1343,identifier,1347
1343,name,1348
1343,name,23
1343,hasMap,24
1343,areaServed,25
1343,provider,1343
1343,address,1349
1343,longitude,27
1343,availableChannel,1350
1343,availableChannel,1351
1343,containedInPlace,488
1343,description,1343
1343,telephone,1352
1343,text,1353
1343,xmlschema11-2#time,39
1343,xmlschema11-2#time,37
1343,xmlschema11-2#time,35
1343,xmlschema11-2#time,34
1343,xmlschema11-2#time,38
1343,xmlschema11-2#time,33
1343,xmlschema11-2#time,36
1343,conditionsOfAccess,1354
1355,latitude,216
1355,category,145
1355,cost,7
1355,category,217
1355,language,4
1355,availability,6
1355,audience,197
1355,audience,218
1355,audience,127
1355,audience,8
1355,service type,17
1355,postalCode,130
1355,url,111
1355,identifier,1356
1355,name,23
1355,name,1357
1355,hasMap,24
1355,areaServed,25
1355,provider,1355
1355,address,221
1355,longitude,27
1355,availableChannel,1358
1355,availableChannel,1359
1355,containedInPlace,137
1355,description,1355
1355,telephone,224
1355,text,225
1355,xmlschema11-2#time,1360
1355,xmlschema11-2#time,1361
1355,xmlschema11-2#time,1362
1355,xmlschema11-2#time,1363
1355,xmlschema11-2#time,1364
1355,xmlschema11-2#time,1365
1355,xmlschema11-2#time,1366
1355,conditionsOfAccess,226
1367,latitude,216
1367,audience,11
1367,category,129
1367,category,145
1367,audience,84
1367,language,4
1367,availability,6
1367,category,124
1367,category,5
1367,audience,8
1367,cost,143
1367,category,16
1367,audience,9
1367,category,294
1367,service type,17
1367,postalCode,130
1367,url,111
1367,identifier,1368
1367,name,1369
1367,name,23
1367,hasMap,24
1367,areaServed,25
1367,provider,1367
1367,address,221
1367,longitude,27
1367,longitude,27
1367,availableChannel,1370
1367,availableChannel,1371
1367,containedInPlace,137
1367,description,1367
1367,telephone,1372
1367,telephone,224
1367,text,1373
1367,xmlschema11-2#time,76
1367,xmlschema11-2#time,1360
1367,xmlschema11-2#time,1365
1367,xmlschema11-2#time,1364
1367,xmlschema11-2#time,1366
1367,xmlschema11-2#time,1362
1367,xmlschema11-2#time,72
1367,xmlschema11-2#time,71
1367,xmlschema11-2#time,1363
1367,xmlschema11-2#time,1361
1367,xmlschema11-2#time,74
1367,xmlschema11-2#time,73
1367,xmlschema11-2#time,75
1367,xmlschema11-2#time,70
1367,conditionsOfAccess,23
1374,latitude,1375
1374,audience,47
1374,audience,627
1374,audience,144
1374,audience,193
1374,audience,122
1374,language,4
1374,audience,325
1374,audience,553
1374,category,329
1374,category,596
1374,audience,84
1374,category,326
1374,audience,127
1374,cost,175
1374,audience,3
1374,availability,6
1374,audience,1376
1374,audience,11
1374,category,14
1374,audience,597
1374,audience,58
1374,category,91
1374,service type,17
1374,postalCode,723
1374,url,111
1374,identifier,1377
1374,name,1378
1374,name,23
1374,hasMap,24
1374,areaServed,25
1374,provider,1374
1374,address,1379
1374,longitude,27
1374,availableChannel,1380
1374,availableChannel,1381
1374,containedInPlace,731
1374,description,1374
1374,telephone,1382
1374,text,1383
1374,xmlschema11-2#time,76
1374,xmlschema11-2#time,75
1374,xmlschema11-2#time,72
1374,xmlschema11-2#time,70
1374,xmlschema11-2#time,74
1374,xmlschema11-2#time,73
1374,xmlschema11-2#time,71
1374,conditionsOfAccess,23
1384,latitude,1212
1384,category,88
1384,category,258
1384,category,14
1384,audience,193
1384,audience,1215
1384,audience,82
1384,audience,11
1384,audience,9
1384,language,191
1384,category,80
1384,category,12
1384,audience,84
1384,audience,581
1384,availability,6
1384,category,91
1384,audience,286
1384,audience,83
1384,language,4
1384,audience,1213
1384,audience,316
1384,cost,175
1384,audience,1214
1384,category,5
1384,audience,144
1384,language,677
1384,audience,94
1384,category,90
1384,audience,3
1384,category,42
1384,service type,17
1384,postalCode,776
1384,url,1216
1384,identifier,1385
1384,name,1386
1384,name,23
1384,hasMap,24
1384,areaServed,1219
1384,provider,1384
1384,address,1220
1384,longitude,27
1384,availableChannel,1387
1384,availableChannel,1388
1384,containedInPlace,784
1384,description,1384
1384,telephone,1223
1384,text,1224
1384,xmlschema11-2#time,837
1384,xmlschema11-2#time,211
1384,xmlschema11-2#time,72
1384,xmlschema11-2#time,838
1384,xmlschema11-2#time,212
1384,xmlschema11-2#time,213
1384,xmlschema11-2#time,75
1384,conditionsOfAccess,23
1389,latitude,1390
1389,category,145
1389,availability,6
1389,cost,175
1389,language,4
1389,audience,11
1389,audience,1214
1389,audience,1376
1389,audience,580
1389,category,12
1389,audience,84
1389,service type,17
1389,postalCode,614
1389,url,111
1389,identifier,1391
1389,name,1392
1389,name,23
1389,hasMap,24
1389,areaServed,25
1389,provider,1389
1389,address,1393
1389,longitude,27
1389,availableChannel,1394
1389,availableChannel,1395
1389,containedInPlace,622
1389,description,1389
1389,telephone,1396
1389,text,1397
1389,xmlschema11-2#time,72
1389,xmlschema11-2#time,75
1389,xmlschema11-2#time,750
1389,xmlschema11-2#time,748
1389,xmlschema11-2#time,749
1389,xmlschema11-2#time,751
1389,xmlschema11-2#time,171
1389,conditionsOfAccess,1398
1399,latitude,1400
1399,availability,6
1399,audience,578
1399,audience,1214
1399,category,12
1399,audience,58
1399,audience,11
1399,language,4
1399,category,145
1399,cost,7
1399,audience,84
1399,category,414
1399,service type,17
1399,postalCode,776
1399,url,20
1399,url,19
1399,identifier,1401
1399,name,23
1399,name,1402
1399,hasMap,24
1399,areaServed,337
1399,provider,1399
1399,address,1403
1399,longitude,27
1399,longitude,27
1399,availableChannel,1404
1399,availableChannel,1405
1399,containedInPlace,784
1399,description,1399
1399,telephone,1406
1399,text,1407
1399,xmlschema11-2#time,33
1399,xmlschema11-2#time,35
1399,xmlschema11-2#time,39
1399,xmlschema11-2#time,36
1399,xmlschema11-2#time,37
1399,xmlschema11-2#time,34
1399,xmlschema11-2#time,38
1399,conditionsOfAccess,1408
1409,latitude,228
1409,language,681
1409,language,676
1409,category,42
1409,category,80
1409,availability,6
1409,language,4
1409,language,191
1409,language,680
1409,category,232
1409,cost,7
1409,audience,94
1409,category,258
1409,language,678
1409,language,679
1409,audience,92
1409,language,674
1409,language,675
1409,category,639
1409,language,677
1409,audience,50
1409,service type,17
1409,postalCode,240
1409,url,683
1409,url,682
1409,identifier,1410
1409,name,23
1409,name,1411
1409,hasMap,24
1409,areaServed,25
1409,provider,1409
1409,address,686
1409,longitude,27
1409,availableChannel,1412
1409,availableChannel,1413
1409,containedInPlace,248
1409,description,1409
1409,telephone,689
1409,text,690
1409,xmlschema11-2#time,999
1409,xmlschema11-2#time,1414
1409,xmlschema11-2#time,1415
1409,xmlschema11-2#time,1416
1409,xmlschema11-2#time,998
1409,xmlschema11-2#time,1000
1409,xmlschema11-2#time,1002
1409,conditionsOfAccess,23
1417,latitude,1418
1417,audience,286
1417,category,5
1417,category,237
1417,audience,230
1417,category,292
1417,category,233
1417,audience,581
1417,audience,50
1417,availability,6
1417,language,4
1417,audience,47
1417,category,287
1417,category,239
1417,category,13
1417,audience,316
1417,category,232
1417,category,42
1417,cost,7
1417,service type,17
1417,postalCode,479
1417,url,1419
1417,url,1420
1417,identifier,1421
1417,name,23
1417,name,1422
1417,hasMap,24
1417,areaServed,645
1417,provider,1417
1417,address,1423
1417,longitude,27
1417,availableChannel,1424
1417,availableChannel,1425
1417,containedInPlace,488
1417,description,1417
1417,telephone,1426
1417,text,1427
1417,xmlschema11-2#time,251
1417,xmlschema11-2#time,72
1417,xmlschema11-2#time,171
1417,xmlschema11-2#time,167
1417,xmlschema11-2#time,75
1417,xmlschema11-2#time,170
1417,xmlschema11-2#time,168
1417,conditionsOfAccess,187
1428,latitude,1429
1428,category,5
1428,category,12
1428,category,88
1428,language,4
1428,availability,6
1428,language,191
1428,cost,175
1428,audience,158
1428,audience,9
1428,category,16
1428,audience,47
1428,category,129
1428,audience,84
1428,audience,58
1428,audience,10
1428,category,91
1428,audience,316
1428,category,14
1428,audience,598
1428,service type,17
1428,postalCode,1430
1428,url,1431
1428,url,1432
1428,identifier,1433
1428,name,23
1428,name,1434
1428,hasMap,24
1428,areaServed,25
1428,provider,1428
1428,address,1435
1428,longitude,27
1428,availableChannel,1436
1428,availableChannel,1437
1428,containedInPlace,1438
1428,description,1428
1428,telephone,1439
1428,text,1440
1428,xmlschema11-2#time,1268
1428,xmlschema11-2#time,1270
1428,xmlschema11-2#time,966
1428,xmlschema11-2#time,72
1428,xmlschema11-2#time,1272
1428,xmlschema11-2#time,1267
1428,xmlschema11-2#time,1269
1428,conditionsOfAccess,608
1441,latitude,1442
1441,audience,94
1441,audience,325
1441,audience,87
1441,category,90
1441,audience,55
1441,availability,6
1441,category,42
1441,audience,82
1441,audience,158
1441,language,4
1441,cost,43
1441,service type,17
1441,postalCode,479
1441,url,1443
1441,identifier,1444
1441,name,1445
1441,name,23
1441,hasMap,24
1441,areaServed,25
1441,provider,1441
1441,address,1446
1441,longitude,27
1441,availableChannel,1447
1441,availableChannel,1448
1441,containedInPlace,488
1441,description,1441
1441,telephone,922
1441,text,1449
1441,xmlschema11-2#time,72
1441,xmlschema11-2#time,171
1441,xmlschema11-2#time,168
1441,xmlschema11-2#time,170
1441,xmlschema11-2#time,75
1441,xmlschema11-2#time,251
1441,xmlschema11-2#time,167
1441,conditionsOfAccess,608
1450,latitude,1451
1450,category,14
1450,audience,288
1450,audience,144
1450,audience,58
1450,audience,193
1450,language,4
1450,audience,11
1450,category,91
1450,audience,3
1450,audience,47
1450,cost,43
1450,audience,8
1450,availability,6
1450,service type,17
1450,postalCode,1250
1450,url,1452
1450,identifier,1453
1450,name,1454
1450,name,23
1450,hasMap,24
1450,areaServed,25
1450,provider,1450
1450,address,1455
1450,longitude,27
1450,availableChannel,1456
1450,availableChannel,1457
1450,containedInPlace,1256
1450,description,1450
1450,telephone,1458
1450,telephone,1459
1450,text,1460
1450,xmlschema11-2#time,71
1450,xmlschema11-2#time,76
1450,xmlschema11-2#time,74
1450,xmlschema11-2#time,75
1450,xmlschema11-2#time,73
1450,xmlschema11-2#time,70
1450,xmlschema11-2#time,72
1450,conditionsOfAccess,1461
1462,latitude,425
1462,availability,6
1462,audience,144
1462,audience,193
1462,audience,3
1462,audience,9
1462,language,4
1462,category,42
1462,category,397
1462,audience,94
1462,cost,7
1462,audience,11
1462,service type,17
1462,postalCode,147
1462,url,426
1462,identifier,1463
1462,name,1464
1462,name,23
1462,hasMap,24
1462,areaServed,25
1462,provider,1462
1462,address,429
1462,longitude,27
1462,availableChannel,1465
1462,availableChannel,1466
1462,containedInPlace,153
1462,description,1462
1462,telephone,432
1462,text,1467
1462,xmlschema11-2#time,72
1462,xmlschema11-2#time,74
1462,xmlschema11-2#time,70
1462,xmlschema11-2#time,71
1462,xmlschema11-2#time,75
1462,xmlschema11-2#time,76
1462,xmlschema11-2#time,73
1462,conditionsOfAccess,1468
1469,latitude,1470
1469,audience,1471
1469,audience,123
1469,audience,159
1469,audience,580
1469,category,12
1469,category,91
1469,availability,235
1469,category,329
1469,audience,597
1469,cost,43
1469,audience,598
1469,audience,50
1469,language,4
1469,audience,84
1469,service type,17
1469,postalCode,1472
1469,url,111
1469,url,1473
1469,identifier,1474
1469,name,1475
1469,name,23
1469,hasMap,24
1469,areaServed,25
1469,provider,1469
1469,address,1476
1469,longitude,27
1469,availableChannel,1477
1469,availableChannel,1478
1469,containedInPlace,1479
1469,description,1469
1469,telephone,1480
1469,text,1481
1469,xmlschema11-2#time,72
1469,xmlschema11-2#time,1482
1469,xmlschema11-2#time,1483
1469,xmlschema11-2#time,1484
1469,xmlschema11-2#time,1122
1469,xmlschema11-2#time,1485
1469,xmlschema11-2#time,252
1469,conditionsOfAccess,23
1486,latitude,1487
1486,category,14
1486,audience,144
1486,category,80
1486,cost,7
1486,audience,3
1486,audience,84
1486,category,88
1486,category,124
1486,availability,6
1486,language,191
1486,audience,193
1486,audience,8
1486,category,91
1486,audience,11
1486,language,4
1486,category,5
1486,service type,17
1486,postalCode,240
1486,identifier,1488
1486,name,23
1486,name,1489
1486,hasMap,24
1486,areaServed,25
1486,provider,1486
1486,address,1490
1486,longitude,27
1486,availableChannel,1491
1486,availableChannel,1492
1486,containedInPlace,248
1486,description,1486
1486,telephone,1493
1486,text,1494
1486,xmlschema11-2#time,1495
1486,xmlschema11-2#time,1496
1486,xmlschema11-2#time,72
1486,xmlschema11-2#time,254
1486,xmlschema11-2#time,75
1486,xmlschema11-2#time,1497
1486,xmlschema11-2#time,1498
1486,conditionsOfAccess,1499
1500,latitude,1501
1500,audience,316
1500,audience,9
1500,category,124
1500,category,232
1500,language,4
1500,category,12
1500,category,656
1500,category,233
1500,audience,286
1500,category,229
1500,audience,158
1500,category,287
1500,audience,598
1500,category,238
1500,cost,175
1500,category,1502
1500,category,292
1500,category,613
1500,availability,6
1500,service type,17
1500,postalCode,1503
1500,url,111
1500,identifier,1504
1500,name,1505
1500,name,23
1500,hasMap,24
1500,areaServed,25
1500,provider,1500
1500,address,1506
1500,longitude,27
1500,availableChannel,1507
1500,availableChannel,1508
1500,containedInPlace,1509
1500,description,1500
1500,telephone,1510
1500,text,1511
1500,xmlschema11-2#time,1512
1500,xmlschema11-2#time,75
1500,xmlschema11-2#time,1513
1500,xmlschema11-2#time,72
1500,xmlschema11-2#time,1514
1500,xmlschema11-2#time,1515
1500,xmlschema11-2#time,1516
1500,conditionsOfAccess,23
1517,latitude,1518
1517,category,12
1517,audience,597
1517,category,93
1517,audience,84
1517,category,5
1517,language,4
1517,audience,580
1517,audience,144
1517,availability,6
1517,audience,193
1517,audience,286
1517,category,232
1517,cost,7
1517,audience,159
1517,audience,94
1517,audience,316
1517,audience,11
1517,audience,3
1517,service type,17
1517,postalCode,642
1517,url,1519
1517,identifier,1520
1517,name,23
1517,name,1521
1517,hasMap,24
1517,areaServed,63
1517,provider,1517
1517,address,1522
1517,longitude,27
1517,longitude,27
1517,availableChannel,1523
1517,availableChannel,1524
1517,containedInPlace,649
1517,description,1517
1517,telephone,1525
1517,text,1526
1517,xmlschema11-2#time,1527
1517,xmlschema11-2#time,1528
1517,xmlschema11-2#time,1529
1517,xmlschema11-2#time,1530
1517,xmlschema11-2#time,1531
1517,xmlschema11-2#time,1532
1517,xmlschema11-2#time,1533
1517,conditionsOfAccess,1534
1535,latitude,1
1535,category,5
1535,audience,1536
1535,cost,7
1535,category,14
1535,audience,123
1535,audience,8
1535,category,12
1535,audience,9
1535,audience,84
1535,language,4
1535,category,145
1535,audience,738
1535,audience,291
1535,audience,11
1535,availability,6
1535,service type,17
1535,postalCode,18
1535,url,20
1535,url,19
1535,identifier,1537
1535,name,23
1535,name,1538
1535,hasMap,24
1535,areaServed,25
1535,provider,1535
1535,address,1539
1535,longitude,27
1535,availableChannel,1540
1535,availableChannel,1541
1535,containedInPlace,30
1535,description,1535
1535,telephone,1542
1535,text,1543
1535,xmlschema11-2#time,72
1535,xmlschema11-2#time,73
1535,xmlschema11-2#time,76
1535,xmlschema11-2#time,75
1535,xmlschema11-2#time,74
1535,xmlschema11-2#time,70
1535,xmlschema11-2#time,71
1535,conditionsOfAccess,1544
1545,latitude,1212
1545,audience,581
1545,category,613
1545,category,238
1545,audience,285
1545,audience,526
1545,audience,291
1545,category,233
1545,language,4
1545,audience,230
1545,category,236
1545,audience,158
1545,category,145
1545,audience,286
1545,availability,6
1545,category,13
1545,language,677
1545,audience,9
1545,language,191
1545,audience,316
1545,category,237
1545,category,239
1545,cost,175
1545,audience,231
1545,service type,17
1545,postalCode,776
1545,url,1216
1545,identifier,1546
1545,name,23
1545,name,1547
1545,hasMap,24
1545,areaServed,25
1545,provider,1545
1545,address,1220
1545,longitude,27
1545,longitude,27
1545,availableChannel,1548
1545,availableChannel,1549
1545,containedInPlace,784
1545,description,1545
1545,telephone,1223
1545,text,1550
1545,xmlschema11-2#time,72
1545,xmlschema11-2#time,1164
1545,xmlschema11-2#time,1165
1545,xmlschema11-2#time,213
1545,xmlschema11-2#time,1551
1545,xmlschema11-2#time,1162
1545,xmlschema11-2#time,1163
1545,conditionsOfAccess,23
1552,latitude,1125
1552,audience,327
1552,availability,6
1552,audience,598
1552,audience,125
1552,category,91
1552,language,4
1552,audience,58
1552,category,145
1552,audience,47
1552,audience,158
1552,category,88
1552,cost,43
1552,audience,128
1552,service type,17
1552,postalCode,527
1552,url,1126
1552,url,1553
1552,identifier,1554
1552,name,23
1552,name,1555
1552,hasMap,24
1552,areaServed,25
1552,provider,1552
1552,address,1556
1552,longitude,27
1552,availableChannel,1557
1552,availableChannel,1558
1552,containedInPlace,536
1552,description,1552
1552,telephone,573
1552,text,1559
1552,xmlschema11-2#time,171
1552,xmlschema11-2#time,167
1552,xmlschema11-2#time,168
1552,xmlschema11-2#time,170
1552,xmlschema11-2#time,251
1552,xmlschema11-2#time,75
1552,xmlschema11-2#time,72
1552,conditionsOfAccess,23
1560,latitude,1152
1560,category,14
1560,audience,127
1560,availability,6
1560,cost,7
1560,audience,552
1560,language,4
1560,category,145
1560,audience,9
1560,category,12
1560,audience,286
1560,audience,58
1560,audience,8
1560,service type,17
1560,postalCode,398
1560,url,111
1560,identifier,1561
1560,name,23
1560,name,1562
1560,hasMap,24
1560,areaServed,25
1560,provider,1560
1560,address,1157
1560,longitude,27
1560,availableChannel,1563
1560,availableChannel,1564
1560,containedInPlace,407
1560,description,1560
1560,telephone,1160
1560,text,1565
1560,xmlschema11-2#time,213
1560,xmlschema11-2#time,1163
1560,xmlschema11-2#time,1164
1560,xmlschema11-2#time,1162
1560,xmlschema11-2#time,212
1560,xmlschema11-2#time,72
1560,xmlschema11-2#time,75
1560,conditionsOfAccess,23
1566,latitude,1567
1566,category,1502
1566,category,13
1566,availability,6
1566,audience,3
1566,category,613
1566,audience,316
1566,audience,286
1566,category,232
1566,audience,581
1566,category,656
1566,category,236
1566,cost,7
1566,category,292
1566,category,238
1566,category,611
1566,category,5
1566,category,233
1566,language,4
1566,audience,11
1566,audience,87
1566,audience,230
1566,service type,17
1566,postalCode,332
1566,url,242
1566,url,1568
1566,identifier,1569
1566,name,1570
1566,name,23
1566,hasMap,24
1566,areaServed,25
1566,provider,1566
1566,address,1571
1566,longitude,27
1566,availableChannel,1572
1566,availableChannel,1573
1566,containedInPlace,341
1566,description,1566
1566,telephone,1574
1566,text,1575
1566,xmlschema11-2#time,167
1566,xmlschema11-2#time,170
1566,xmlschema11-2#time,251
1566,xmlschema11-2#time,171
1566,xmlschema11-2#time,72
1566,xmlschema11-2#time,168
1566,xmlschema11-2#time,75
1566,conditionsOfAccess,1576
1577,latitude,1056
1577,cost,7
1577,availability,6
1577,audience,9
1577,language,4
1577,audience,10
1577,audience,3
1577,audience,11
1577,category,395
1577,category,359
1577,audience,8
1577,category,80
1577,service type,17
1577,postalCode,858
1577,url,1058
1577,url,1057
1577,identifier,1578
1577,name,1579
1577,name,23
1577,hasMap,24
1577,areaServed,1580
1577,provider,1577
1577,address,1061
1577,longitude,27
1577,availableChannel,1581
1577,availableChannel,1582
1577,containedInPlace,864
1577,description,1577
1577,telephone,1064
1577,text,1583
1577,xmlschema11-2#time,72
1577,xmlschema11-2#time,71
1577,xmlschema11-2#time,73
1577,xmlschema11-2#time,74
1577,xmlschema11-2#time,70
1577,xmlschema11-2#time,75
1577,xmlschema11-2#time,76
1577,conditionsOfAccess,1584
1585,latitude,1586
1585,language,191
1585,category,612
1585,audience,10
1585,audience,9
1585,category,145
1585,category,14
1585,category,91
1585,category,12
1585,category,5
1585,availability,235
1585,audience,1345
1585,category,129
1585,language,4
1585,category,294
1585,audience,8
1585,audience,11
1585,audience,84
1585,cost,7
1585,service type,17
1585,postalCode,1587
1585,url,1588
1585,identifier,1589
1585,name,1590
1585,name,23
1585,hasMap,24
1585,areaServed,25
1585,provider,1585
1585,address,1591
1585,longitude,27
1585,availableChannel,1592
1585,availableChannel,1593
1585,containedInPlace,1594
1585,description,1585
1585,telephone,1595
1585,text,1596
1585,xmlschema11-2#time,75
1585,xmlschema11-2#time,837
1585,xmlschema11-2#time,213
1585,xmlschema11-2#time,72
1585,xmlschema11-2#time,838
1585,xmlschema11-2#time,211
1585,xmlschema11-2#time,212
1585,conditionsOfAccess,1597
1598,latitude,1599
1598,category,13
1598,audience,286
1598,language,4
1598,audience,58
1598,category,145
1598,cost,175
1598,audience,11
1598,language,191
1598,audience,9
1598,audience,316
1598,category,12
1598,availability,6
1598,category,2
1598,category,5
1598,audience,10
1598,audience,8
1598,service type,17
1598,postalCode,479
1598,url,1600
1598,url,1601
1598,identifier,1602
1598,name,23
1598,name,1603
1598,hasMap,24
1598,areaServed,63
1598,provider,1598
1598,address,1349
1598,longitude,27
1598,availableChannel,1604
1598,availableChannel,1605
1598,containedInPlace,488
1598,description,1598
1598,telephone,1606
1598,text,1607
1598,xmlschema11-2#time,70
1598,xmlschema11-2#time,76
1598,xmlschema11-2#time,74
1598,xmlschema11-2#time,72
1598,xmlschema11-2#time,211
1598,xmlschema11-2#time,73
1598,xmlschema11-2#time,75
1598,conditionsOfAccess,1608
1609,latitude,1610
1609,cost,43
1609,category,124
1609,category,1611
1609,language,191
1609,language,4
1609,category,145
1609,audience,578
1609,audience,125
1609,availability,6
1609,audience,158
1609,service type,17
1609,postalCode,271
1609,url,1612
1609,url,1613
1609,identifier,1614
1609,name,23
1609,name,1615
1609,hasMap,24
1609,areaServed,25
1609,provider,1609
1609,address,1616
1609,longitude,27
1609,availableChannel,1617
1609,availableChannel,1618
1609,containedInPlace,279
1609,description,1609
1609,telephone,1619
1609,text,1620
1609,xmlschema11-2#time,38
1609,xmlschema11-2#time,37
1609,xmlschema11-2#time,36
1609,xmlschema11-2#time,35
1609,xmlschema11-2#time,39
1609,xmlschema11-2#time,34
1609,xmlschema11-2#time,33
1609,conditionsOfAccess,23
1621,latitude,1622
1621,availability,6
1621,category,15
1621,audience,316
1621,category,1611
1621,category,145
1621,category,124
1621,audience,9
1621,language,4
1621,audience,158
1621,audience,581
1621,audience,84
1621,cost,7
1621,audience,328
1621,audience,127
1621,service type,17
1621,postalCode,479
1621,url,659
1621,url,1623
1621,identifier,1624
1621,name,1625
1621,name,23
1621,hasMap,24
1621,areaServed,63
1621,provider,1621
1621,address,1626
1621,longitude,27
1621,availableChannel,1627
1621,availableChannel,1628
1621,containedInPlace,488
1621,description,1621
1621,telephone,1629
1621,text,1630
1621,xmlschema11-2#time,38
1621,xmlschema11-2#time,35
1621,xmlschema11-2#time,34
1621,xmlschema11-2#time,33
1621,xmlschema11-2#time,37
1621,xmlschema11-2#time,36
1621,xmlschema11-2#time,39
1621,conditionsOfAccess,23
1631,latitude,1632
1631,latitude,1633
1631,cost,7
1631,audience,58
1631,category,88
1631,audience,9
1631,audience,50
1631,category,15
1631,availability,6
1631,category,145
1631,category,12
1631,category,5
1631,audience,552
1631,language,4
1631,category,80
1631,audience,47
1631,category,14
1631,category,91
1631,audience,84
1631,service type,17
1631,postalCode,582
1631,postalCode,928
1631,url,96
1631,url,97
1631,identifier,1634
1631,name,1635
1631,name,23
1631,hasMap,24
1631,hasMap,24
1631,areaServed,25
1631,provider,1631
1631,address,1636
1631,address,1637
1631,longitude,27
1631,longitude,27
1631,availableChannel,1638
1631,availableChannel,1639
1631,containedInPlace,590
1631,containedInPlace,935
1631,description,1631
1631,telephone,104
1631,text,1640
1631,xmlschema11-2#time,72
1631,xmlschema11-2#time,521
1631,xmlschema11-2#time,966
1631,xmlschema11-2#time,517
1631,xmlschema11-2#time,522
1631,xmlschema11-2#time,520
1631,xmlschema11-2#time,518
1631,conditionsOfAccess,1641
1642,latitude,1643
1642,audience,578
1642,category,14
1642,audience,552
1642,category,5
1642,audience,84
1642,category,397
1642,audience,11
1642,availability,6
1642,category,145
1642,category,414
1642,category,12
1642,category,91
1642,audience,58
1642,cost,43
1642,audience,3
1642,category,88
1642,audience,1214
1642,audience,9
1642,language,4
1642,service type,17
1642,postalCode,1644
1642,url,1645
1642,identifier,1646
1642,name,1647
1642,name,23
1642,hasMap,24
1642,areaServed,337
1642,provider,1642
1642,address,1648
1642,longitude,27
1642,availableChannel,1649
1642,availableChannel,1650
1642,containedInPlace,1651
1642,description,1642
1642,telephone,1652
1642,text,1653
1642,xmlschema11-2#time,39
1642,xmlschema11-2#time,36
1642,xmlschema11-2#time,33
1642,xmlschema11-2#time,37
1642,xmlschema11-2#time,35
1642,xmlschema11-2#time,34
1642,xmlschema11-2#time,38
1642,conditionsOfAccess,1654
1655,latitude,1274
1655,category,1656
1655,audience,158
1655,cost,43
1655,availability,6
1655,category,356
1655,category,1657
1655,category,2
1655,audience,1346
1655,category,53
1655,category,1658
1655,category,352
1655,audience,197
1655,category,145
1655,category,359
1655,category,359
1655,language,4
1655,category,1659
1655,category,1275
1655,category,478
1655,service type,17
1655,postalCode,479
1655,url,1278
1655,url,1279
1655,identifier,1660
1655,name,23
1655,name,1661
1655,hasMap,24
1655,areaServed,822
1655,provider,1655
1655,address,1282
1655,longitude,27
1655,availableChannel,1662
1655,availableChannel,1663
1655,containedInPlace,488
1655,description,1655
1655,telephone,1664
1655,text,1665
1655,xmlschema11-2#time,70
1655,xmlschema11-2#time,75
1655,xmlschema11-2#time,72
1655,xmlschema11-2#time,71
1655,xmlschema11-2#time,76
1655,xmlschema11-2#time,74
1655,xmlschema11-2#time,73
1655,conditionsOfAccess,1666
1667,latitude,1668
1667,audience,84
1667,category,5
1667,audience,290
1667,cost,7
1667,language,191
1667,audience,234
1667,language,4
1667,audience,158
1667,category,12
1667,availability,6
1667,service type,17
1667,postalCode,1587
1667,url,1669
1667,url,1670
1667,identifier,1671
1667,name,23
1667,name,1672
1667,hasMap,24
1667,areaServed,25
1667,provider,1667
1667,address,1673
1667,longitude,27
1667,longitude,27
1667,availableChannel,1674
1667,availableChannel,1675
1667,containedInPlace,1594
1667,description,1667
1667,telephone,1676
1667,text,1677
1667,xmlschema11-2#time,72
1667,xmlschema11-2#time,817
1667,xmlschema11-2#time,1678
1667,xmlschema11-2#time,254
1667,xmlschema11-2#time,75
1667,xmlschema11-2#time,1679
1667,xmlschema11-2#time,1680
1667,conditionsOfAccess,23
1681,latitude,1682
1681,category,397
1681,availability,6
1681,audience,94
1681,audience,876
1681,category,90
1681,cost,43
1681,language,4
1681,audience,720
1681,audience,50
1681,service type,17
1681,postalCode,614
1681,url,1683
1681,identifier,1684
1681,name,1685
1681,name,23
1681,hasMap,24
1681,areaServed,25
1681,provider,1681
1681,address,1686
1681,longitude,27
1681,availableChannel,1687
1681,availableChannel,1688
1681,containedInPlace,622
1681,description,1681
1681,telephone,1689
1681,text,1690
1681,xmlschema11-2#time,33
1681,xmlschema11-2#time,38
1681,xmlschema11-2#time,37
1681,xmlschema11-2#time,35
1681,xmlschema11-2#time,36
1681,xmlschema11-2#time,34
1681,xmlschema11-2#time,39
1681,conditionsOfAccess,23
1691,latitude,1692
1691,audience,158
1691,audience,58
1691,category,91
1691,language,191
1691,audience,47
1691,audience,9
1691,cost,7
1691,audience,84
1691,language,4
1691,category,129
1691,category,88
1691,availability,6
1691,category,5
1691,category,14
1691,service type,17
1691,postalCode,450
1691,url,111
1691,identifier,1693
1691,name,1694
1691,name,23
1691,hasMap,24
1691,areaServed,25
1691,provider,1691
1691,address,1695
1691,longitude,27
1691,availableChannel,1696
1691,availableChannel,1697
1691,containedInPlace,458
1691,description,1691
1691,telephone,1698
1691,text,1699
1691,xmlschema11-2#time,75
1691,xmlschema11-2#time,1000
1691,xmlschema11-2#time,1002
1691,xmlschema11-2#time,1001
1691,xmlschema11-2#time,998
1691,xmlschema11-2#time,999
1691,xmlschema11-2#time,72
1691,conditionsOfAccess,1641
1700,latitude,425
1700,audience,10
1700,category,396
1700,language,4
1700,category,12
1700,cost,7
1700,availability,6
1700,audience,9
1700,category,359
1700,audience,50
1700,service type,17
1700,postalCode,147
1700,url,426
1700,identifier,1701
1700,name,23
1700,name,1702
1700,hasMap,24
1700,areaServed,502
1700,provider,1700
1700,address,429
1700,longitude,27
1700,longitude,27
1700,availableChannel,1703
1700,availableChannel,1704
1700,containedInPlace,153
1700,description,1700
1700,telephone,432
1700,telephone,505
1700,text,1705
1700,xmlschema11-2#time,74
1700,xmlschema11-2#time,73
1700,xmlschema11-2#time,72
1700,xmlschema11-2#time,71
1700,xmlschema11-2#time,70
1700,xmlschema11-2#time,76
1700,xmlschema11-2#time,75
1700,conditionsOfAccess,1706
1707,latitude,142
1707,category,146
1707,language,4
1707,availability,143
1707,cost,143
1707,audience,94
1707,audience,92
1707,category,90
1707,audience,144
1707,category,145
1707,service type,17
1707,postalCode,147
1707,url,111
1707,identifier,1708
1707,name,23
1707,name,1709
1707,hasMap,24
1707,areaServed,25
1707,provider,1707
1707,address,150
1707,longitude,27
1707,availableChannel,1710
1707,availableChannel,1711
1707,containedInPlace,153
1707,description,1707
1707,telephone,1712
1707,text,155
1707,xmlschema11-2#time,72
1707,xmlschema11-2#time,73
1707,xmlschema11-2#time,75
1707,xmlschema11-2#time,71
1707,xmlschema11-2#time,76
1707,xmlschema11-2#time,70
1707,xmlschema11-2#time,74
1707,conditionsOfAccess,23
1713,latitude,1714
1713,category,91
1713,audience,84
1713,language,4
1713,audience,8
1713,category,14
1713,audience,11
1713,audience,3
1713,cost,43
1713,category,15
1713,category,5
1713,category,478
1713,category,12
1713,audience,9
1713,availability,6
1713,service type,17
1713,postalCode,1715
1713,url,1183
1713,identifier,1716
1713,name,1717
1713,name,23
1713,hasMap,24
1713,areaServed,25
1713,provider,1713
1713,address,1718
1713,longitude,27
1713,availableChannel,1719
1713,availableChannel,1720
1713,containedInPlace,1721
1713,description,1713
1713,telephone,1722
1713,text,1723
1713,xmlschema11-2#time,74
1713,xmlschema11-2#time,70
1713,xmlschema11-2#time,72
1713,xmlschema11-2#time,76
1713,xmlschema11-2#time,73
1713,xmlschema11-2#time,71
1713,xmlschema11-2#time,75
1713,conditionsOfAccess,1724
1725,latitude,1726
1725,language,4
1725,audience,127
1725,audience,58
1725,category,478
1725,category,437
1725,category,15
1725,category,190
1725,audience,158
1725,cost,43
1725,audience,84
1725,availability,6
1725,service type,17
1725,postalCode,1237
1725,url,889
1725,identifier,1727
1725,name,23
1725,name,1728
1725,hasMap,24
1725,areaServed,25
1725,provider,1725
1725,address,1729
1725,longitude,27
1725,availableChannel,1730
1725,availableChannel,1731
1725,containedInPlace,1244
1725,description,1725
1725,telephone,1732
1725,text,1733
1725,xmlschema11-2#time,70
1725,xmlschema11-2#time,71
1725,xmlschema11-2#time,72
1725,xmlschema11-2#time,74
1725,xmlschema11-2#time,76
1725,xmlschema11-2#time,75
1725,xmlschema11-2#time,73
1725,conditionsOfAccess,23
1734,latitude,1682
1734,category,42
1734,audience,9
1734,audience,94
1734,language,191
1734,cost,7
1734,availability,6
1734,audience,50
1734,category,80
1734,audience,234
1734,language,4
1734,service type,17
1734,postalCode,614
1734,url,1683
1734,identifier,1735
1734,name,1736
1734,name,23
1734,hasMap,24
1734,areaServed,25
1734,provider,1734
1734,address,1686
1734,longitude,27
1734,availableChannel,1737
1734,availableChannel,1738
1734,containedInPlace,622
1734,description,1734
1734,telephone,1739
1734,text,1740
1734,xmlschema11-2#time,1741
1734,xmlschema11-2#time,1742
1734,xmlschema11-2#time,1743
1734,xmlschema11-2#time,1744
1734,xmlschema11-2#time,72
1734,xmlschema11-2#time,75
1734,xmlschema11-2#time,1745
1734,conditionsOfAccess,1641
1746,latitude,1747
1746,category,145
1746,audience,876
1746,category,1748
1746,category,93
1746,cost,43
1746,category,86
1746,audience,125
1746,category,124
1746,audience,11
1746,language,4
1746,category,640
1746,audience,877
1746,category,395
1746,category,478
1746,availability,6
1746,audience,3
1746,service type,17
1746,postalCode,1749
1746,url,1750
1746,url,1751
1746,identifier,1752
1746,name,1753
1746,name,23
1746,hasMap,24
1746,areaServed,25
1746,provider,1746
1746,address,1754
1746,longitude,27
1746,availableChannel,1755
1746,availableChannel,1756
1746,containedInPlace,1757
1746,description,1746
1746,telephone,1758
1746,text,1759
1746,xmlschema11-2#time,37
1746,xmlschema11-2#time,39
1746,xmlschema11-2#time,33
1746,xmlschema11-2#time,35
1746,xmlschema11-2#time,34
1746,xmlschema11-2#time,38
1746,xmlschema11-2#time,36
1746,conditionsOfAccess,1760
1761,latitude,1668
1761,language,191
1761,category,229
1761,audience,285
1761,language,4
1761,category,91
1761,availability,6
1761,audience,290
1761,cost,7
1761,audience,234
1761,audience,158
1761,service type,17
1761,postalCode,1587
1761,url,1669
1761,url,1670
1761,identifier,1762
1761,name,23
1761,name,1763
1761,hasMap,24
1761,areaServed,25
1761,provider,1761
1761,address,1673
1761,longitude,27
1761,availableChannel,1764
1761,availableChannel,1765
1761,containedInPlace,1594
1761,description,1761
1761,text,1766
1761,xmlschema11-2#time,72
1761,xmlschema11-2#time,1767
1761,xmlschema11-2#time,1768
1761,xmlschema11-2#time,1769
1761,xmlschema11-2#time,817
1761,xmlschema11-2#time,75
1761,xmlschema11-2#time,255
1761,conditionsOfAccess,1770
1771,latitude,1772
1771,category,5
1771,audience,144
1771,category,80
1771,audience,193
1771,category,129
1771,audience,84
1771,language,4
1771,category,12
1771,category,15
1771,availability,6
1771,cost,7
1771,audience,47
1771,service type,17
1771,postalCode,1587
1771,identifier,1773
1771,name,1774
1771,name,23
1771,hasMap,24
1771,areaServed,25
1771,provider,1771
1771,address,1775
1771,longitude,27
1771,availableChannel,1776
1771,availableChannel,1777
1771,containedInPlace,1594
1771,description,1771
1771,telephone,1778
1771,text,1779
1771,xmlschema11-2#time,75
1771,xmlschema11-2#time,73
1771,xmlschema11-2#time,74
1771,xmlschema11-2#time,71
1771,xmlschema11-2#time,72
1771,xmlschema11-2#time,76
1771,xmlschema11-2#time,70
1771,conditionsOfAccess,1780
1781,latitude,1782
1781,audience,11
1781,category,145
1781,availability,6
1781,audience,9
1781,audience,8
1781,category,80
1781,language,4
1781,language,191
1781,category,5
1781,category,14
1781,category,91
1781,audience,58
1781,cost,7
1781,category,129
1781,service type,17
1781,postalCode,295
1781,url,942
1781,url,941
1781,identifier,1783
1781,name,1784
1781,name,23
1781,hasMap,24
1781,areaServed,25
1781,provider,1781
1781,address,1785
1781,longitude,27
1781,availableChannel,1786
1781,availableChannel,1787
1781,containedInPlace,305
1781,description,1781
1781,telephone,948
1781,text,1788
1781,xmlschema11-2#time,75
1781,xmlschema11-2#time,251
1781,xmlschema11-2#time,168
1781,xmlschema11-2#time,72
1781,xmlschema11-2#time,170
1781,xmlschema11-2#time,167
1781,xmlschema11-2#time,171
1781,conditionsOfAccess,1789
1790,latitude,1134
1790,category,86
1790,audience,84
1790,category,395
1790,availability,6
1790,cost,175
1790,language,4
1790,category,359
1790,category,15
1790,category,1135
1790,category,1656
1790,audience,50
1790,service type,17
1790,postalCode,1136
1790,url,615
1790,url,616
1790,identifier,1791
1790,name,1792
1790,name,23
1790,hasMap,24
1790,areaServed,25
1790,provider,1790
1790,address,1139
1790,longitude,27
1790,availableChannel,1793
1790,availableChannel,1794
1790,containedInPlace,1142
1790,description,1790
1790,telephone,1795
1790,text,1796
1790,xmlschema11-2#time,670
1790,xmlschema11-2#time,72
1790,xmlschema11-2#time,668
1790,xmlschema11-2#time,669
1790,xmlschema11-2#time,75
1790,xmlschema11-2#time,667
1790,xmlschema11-2#time,671
1790,conditionsOfAccess,1797
1798,latitude,1799
1798,audience,144
1798,cost,7
1798,category,42
1798,audience,9
1798,category,57
1798,availability,1800
1798,language,4
1798,category,90
1798,audience,94
1798,category,1801
1798,category,232
1798,audience,3
1798,category,554
1798,audience,193
1798,category,190
1798,audience,1346
1798,category,124
1798,audience,876
1798,category,89
1798,audience,1802
1798,service type,17
1798,postalCode,1803
1798,url,111
1798,identifier,1804
1798,name,1805
1798,name,23
1798,hasMap,24
1798,areaServed,25
1798,provider,1798
1798,address,1806
1798,longitude,27
1798,availableChannel,1807
1798,availableChannel,1808
1798,containedInPlace,1809
1798,description,1798
1798,telephone,1810
1798,text,1811
1798,xmlschema11-2#time,73
1798,xmlschema11-2#time,70
1798,xmlschema11-2#time,75
1798,xmlschema11-2#time,71
1798,xmlschema11-2#time,76
1798,xmlschema11-2#time,74
1798,xmlschema11-2#time,72
1798,conditionsOfAccess,1812
1813,latitude,1814
1813,availability,6
1813,audience,1376
1813,audience,552
1813,category,1815
1813,category,190
1813,audience,3
1813,category,437
1813,category,124
1813,audience,288
1813,audience,1471
1813,audience,58
1813,audience,144
1813,category,145
1813,language,4
1813,category,612
1813,audience,8
1813,category,329
1813,cost,43
1813,service type,17
1813,postalCode,295
1813,url,111
1813,identifier,1816
1813,name,23
1813,name,1817
1813,hasMap,24
1813,areaServed,63
1813,provider,1813
1813,address,1818
1813,longitude,27
1813,availableChannel,1819
1813,availableChannel,1820
1813,containedInPlace,305
1813,description,1813
1813,text,1821
1813,xmlschema11-2#time,1822
1813,xmlschema11-2#time,1823
1813,xmlschema11-2#time,72
1813,xmlschema11-2#time,1824
1813,xmlschema11-2#time,75
1813,xmlschema11-2#time,1825
1813,xmlschema11-2#time,1826
1813,conditionsOfAccess,1827
1828,latitude,1829
1828,category,129
1828,audience,1215
1828,audience,144
1828,audience,3
1828,category,91
1828,audience,193
1828,audience,11
1828,audience,1214
1828,audience,8
1828,language,4
1828,audience,9
1828,category,88
1828,category,14
1828,availability,6
1828,cost,175
1828,category,12
1828,audience,84
1828,audience,1213
1828,category,80
1828,service type,17
1828,postalCode,1043
1828,url,111
1828,url,1830
1828,identifier,1831
1828,name,1832
1828,name,23
1828,hasMap,24
1828,areaServed,1833
1828,provider,1828
1828,address,1834
1828,longitude,27
1828,availableChannel,1835
1828,availableChannel,1836
1828,containedInPlace,1051
1828,description,1828
1828,telephone,1837
1828,text,1838
1828,xmlschema11-2#time,70
1828,xmlschema11-2#time,75
1828,xmlschema11-2#time,74
1828,xmlschema11-2#time,73
1828,xmlschema11-2#time,72
1828,xmlschema11-2#time,76
1828,xmlschema11-2#time,71
1828,conditionsOfAccess,1839
1840,latitude,1841
1840,audience,9
1840,category,16
1840,audience,1842
1840,audience,641
1840,audience,1843
1840,category,397
1840,category,1844
1840,category,237
1840,category,1845
1840,category,1846
1840,audience,193
1840,audience,477
1840,availability,6
1840,cost,7
1840,category,396
1840,audience,291
1840,language,4
1840,service type,17
1840,postalCode,130
1840,url,1847
1840,identifier,1848
1840,name,23
1840,name,1849
1840,hasMap,24
1840,areaServed,25
1840,provider,1840
1840,address,1850
1840,longitude,27
1840,availableChannel,1851
1840,availableChannel,1852
1840,containedInPlace,137
1840,description,1840
1840,telephone,1853
1840,text,1854
1840,xmlschema11-2#time,73
1840,xmlschema11-2#time,70
1840,xmlschema11-2#time,72
1840,xmlschema11-2#time,75
1840,xmlschema11-2#time,76
1840,xmlschema11-2#time,74
1840,xmlschema11-2#time,71
1840,conditionsOfAccess,1855
1856,latitude,425
1856,availability,6
1856,category,359
1856,category,12
1856,cost,7
1856,audience,84
1856,audience,158
1856,language,4
1856,category,53
1856,service type,17
1856,postalCode,147
1856,url,426
1856,identifier,1857
1856,name,1858
1856,name,23
1856,hasMap,24
1856,areaServed,1859
1856,provider,1856
1856,address,429
1856,longitude,27
1856,longitude,27
1856,availableChannel,1860
1856,availableChannel,1861
1856,containedInPlace,153
1856,description,1856
1856,telephone,432
1856,telephone,1862
1856,text,1863
1856,xmlschema11-2#time,76
1856,xmlschema11-2#time,74
1856,xmlschema11-2#time,72
1856,xmlschema11-2#time,73
1856,xmlschema11-2#time,71
1856,xmlschema11-2#time,70
1856,xmlschema11-2#time,75
1856,conditionsOfAccess,1864
1865,latitude,1866
1865,audience,578
1865,category,1611
1865,category,124
1865,audience,144
1865,category,145
1865,category,54
1865,audience,123
1865,audience,3
1865,availability,6
1865,cost,143
1865,audience,327
1865,language,4
1865,audience,193
1865,audience,47
1865,audience,58
1865,category,190
1865,audience,125
1865,category,1024
1865,audience,11
1865,service type,17
1865,postalCode,130
1865,url,1867
1865,identifier,1868
1865,name,23
1865,name,1869
1865,hasMap,24
1865,areaServed,25
1865,provider,1865
1865,address,1870
1865,longitude,27
1865,longitude,27
1865,availableChannel,1871
1865,availableChannel,1872
1865,containedInPlace,137
1865,description,1865
1865,telephone,1873
1865,telephone,1874
1865,text,1875
1865,xmlschema11-2#time,251
1865,xmlschema11-2#time,170
1865,xmlschema11-2#time,75
1865,xmlschema11-2#time,168
1865,xmlschema11-2#time,72
1865,xmlschema11-2#time,171
1865,xmlschema11-2#time,167
1865,conditionsOfAccess,1876
1877,latitude,1782
1877,category,80
1877,availability,6
1877,category,129
1877,cost,7
1877,category,145
1877,audience,11
1877,language,191
1877,category,14
1877,audience,9
1877,audience,58
1877,category,5
1877,audience,8
1877,language,4
1877,category,91
1877,service type,17
1877,postalCode,295
1877,url,942
1877,url,941
1877,identifier,1878
1877,name,23
1877,name,1879
1877,hasMap,24
1877,areaServed,25
1877,provider,1877
1877,address,1785
1877,longitude,27
1877,availableChannel,1880
1877,availableChannel,1881
1877,containedInPlace,305
1877,description,1877
1877,telephone,948
1877,text,1788
1877,xmlschema11-2#time,170
1877,xmlschema11-2#time,167
1877,xmlschema11-2#time,168
1877,xmlschema11-2#time,75
1877,xmlschema11-2#time,251
1877,xmlschema11-2#time,72
1877,xmlschema11-2#time,171
1877,conditionsOfAccess,1789
1882,latitude,1883
1882,audience,316
1882,audience,84
1882,audience,9
1882,audience,158
1882,language,4
1882,category,1884
1882,audience,230
1882,category,656
1882,availability,6
1882,audience,553
1882,category,613
1882,audience,581
1882,category,1885
1882,cost,175
1882,audience,231
1882,category,145
1882,category,236
1882,audience,122
1882,audience,598
1882,audience,291
1882,audience,286
1882,audience,285
1882,category,13
1882,category,233
1882,category,1502
1882,category,237
1882,category,12
1882,service type,17
1882,postalCode,614
1882,url,1886
1882,url,1887
1882,identifier,1888
1882,name,23
1882,name,1889
1882,hasMap,24
1882,areaServed,25
1882,provider,1882
1882,address,1890
1882,longitude,27
1882,availableChannel,1891
1882,availableChannel,1892
1882,containedInPlace,622
1882,description,1882
1882,telephone,1510
1882,text,1893
1882,xmlschema11-2#time,1894
1882,xmlschema11-2#time,167
1882,xmlschema11-2#time,168
1882,xmlschema11-2#time,170
1882,xmlschema11-2#time,75
1882,xmlschema11-2#time,852
1882,xmlschema11-2#time,72
1882,conditionsOfAccess,608
1895,latitude,1896
1895,audience,286
1895,audience,1897
1895,availability,6
1895,audience,316
1895,category,238
1895,category,109
1895,cost,175
1895,category,1845
1895,audience,47
1895,audience,158
1895,language,4
1895,audience,291
1895,category,237
1895,category,13
1895,service type,17
1895,postalCode,582
1895,url,583
1895,identifier,1898
1895,name,23
1895,name,1899
1895,hasMap,24
1895,areaServed,1900
1895,provider,1895
1895,address,587
1895,longitude,27
1895,longitude,27
1895,availableChannel,1901
1895,availableChannel,1902
1895,containedInPlace,590
1895,description,1895
1895,telephone,1903
1895,text,1904
1895,xmlschema11-2#time,75
1895,xmlschema11-2#time,76
1895,xmlschema11-2#time,70
1895,xmlschema11-2#time,71
1895,xmlschema11-2#time,72
1895,xmlschema11-2#time,74
1895,xmlschema11-2#time,73
1895,conditionsOfAccess,1905
1906,latitude,1097
1906,audience,1214
1906,audience,234
1906,audience,578
1906,audience,58
1906,category,1659
1906,category,49
1906,audience,1213
1906,cost,43
1906,category,89
1906,category,54
1906,language,191
1906,audience,11
1906,audience,1907
1906,audience,128
1906,audience,47
1906,category,1908
1906,category,124
1906,audience,123
1906,audience,125
1906,category,91
1906,language,4
1906,availability,6
1906,audience,552
1906,service type,17
1906,postalCode,450
1906,url,1099
1906,url,1909
1906,identifier,1910
1906,name,23
1906,name,1911
1906,hasMap,24
1906,areaServed,25
1906,provider,1906
1906,address,1102
1906,longitude,27
1906,availableChannel,1912
1906,availableChannel,1913
1906,containedInPlace,458
1906,description,1906
1906,telephone,1914
1906,text,1915
1906,xmlschema11-2#time,254
1906,xmlschema11-2#time,1916
1906,xmlschema11-2#time,72
1906,xmlschema11-2#time,75
1906,xmlschema11-2#time,1917
1906,xmlschema11-2#time,1918
1906,xmlschema11-2#time,1919
1906,conditionsOfAccess,1920
1921,latitude,1922
1921,language,4
1921,availability,6
1921,audience,47
1921,audience,94
1921,cost,143
1921,category,42
1921,audience,50
1921,category,258
1921,category,80
1921,audience,92
1921,service type,17
1921,postalCode,723
1921,url,111
1921,identifier,1923
1921,name,23
1921,name,1924
1921,hasMap,24
1921,areaServed,25
1921,provider,1921
1921,address,1925
1921,longitude,27
1921,availableChannel,1926
1921,availableChannel,1927
1921,containedInPlace,731
1921,description,1921
1921,telephone,264
1921,text,1928
1921,xmlschema11-2#time,1929
1921,xmlschema11-2#time,1930
1921,xmlschema11-2#time,810
1921,xmlschema11-2#time,1931
1921,xmlschema11-2#time,1932
1921,xmlschema11-2#time,1933
1921,xmlschema11-2#time,254
1921,conditionsOfAccess,267
1934,latitude,1181
1934,audience,3
1934,audience,552
1934,category,14
1934,category,232
1934,audience,1215
1934,category,91
1934,cost,43
1934,availability,6
1934,category,478
1934,audience,11
1934,audience,1213
1934,audience,328
1934,category,397
1934,audience,1214
1934,category,294
1934,audience,84
1934,language,4
1934,category,414
1934,audience,58
1934,service type,17
1934,postalCode,1182
1934,url,1183
1934,identifier,1935
1934,name,1936
1934,name,23
1934,hasMap,24
1934,areaServed,25
1934,provider,1934
1934,address,1187
1934,longitude,27
1934,availableChannel,1937
1934,availableChannel,1938
1934,containedInPlace,1190
1934,description,1934
1934,telephone,1939
1934,text,1940
1934,xmlschema11-2#time,213
1934,xmlschema11-2#time,72
1934,xmlschema11-2#time,212
1934,xmlschema11-2#time,75
1934,xmlschema11-2#time,1162
1934,xmlschema11-2#time,1164
1934,xmlschema11-2#time,1163
1934,conditionsOfAccess,1941
1942,latitude,1943
1942,audience,55
1942,audience,84
1942,availability,6
1942,audience,94
1942,category,12
1942,language,4
1942,audience,552
1942,category,90
1942,category,397
1942,audience,720
1942,audience,50
1942,audience,553
1942,cost,43
1942,category,15
1942,category,80
1942,service type,17
1942,postalCode,1749
1942,url,1944
1942,url,1945
1942,identifier,1946
1942,name,1947
1942,name,23
1942,hasMap,24
1942,areaServed,1948
1942,provider,1942
1942,address,1949
1942,longitude,27
1942,longitude,27
1942,availableChannel,1950
1942,availableChannel,1951
1942,containedInPlace,1757
1942,description,1942
1942,telephone,1952
1942,text,1953
1942,xmlschema11-2#time,71
1942,xmlschema11-2#time,76
1942,xmlschema11-2#time,73
1942,xmlschema11-2#time,74
1942,xmlschema11-2#time,70
1942,xmlschema11-2#time,72
1942,xmlschema11-2#time,75
1942,conditionsOfAccess,1954
1955,latitude,900
1955,category,91
1955,category,12
1955,audience,580
1955,audience,1956
1955,cost,175
1955,category,145
1955,audience,1214
1955,category,88
1955,audience,1957
1955,category,359
1955,audience,11
1955,audience,58
1955,language,4
1955,audience,10
1955,audience,552
1955,audience,1213
1955,availability,6
1955,category,93
1955,service type,17
1955,postalCode,332
1955,url,111
1955,identifier,1958
1955,name,23
1955,name,1959
1955,hasMap,24
1955,areaServed,1580
1955,provider,1955
1955,address,906
1955,longitude,27
1955,availableChannel,1960
1955,availableChannel,1961
1955,containedInPlace,341
1955,description,1955
1955,telephone,1962
1955,text,1963
1955,xmlschema11-2#time,74
1955,xmlschema11-2#time,72
1955,xmlschema11-2#time,70
1955,xmlschema11-2#time,75
1955,xmlschema11-2#time,71
1955,xmlschema11-2#time,76
1955,xmlschema11-2#time,73
1955,conditionsOfAccess,1964
1965,latitude,1966
1965,category,89
1965,audience,94
1965,audience,87
1965,category,639
1965,category,42
1965,category,639
1965,audience,47
1965,audience,58
1965,language,4
1965,category,90
1965,category,190
1965,audience,198
1965,category,89
1965,cost,175
1965,availability,6
1965,audience,144
1965,category,93
1965,service type,17
1965,postalCode,176
1965,url,1967
1965,url,1968
1965,identifier,1969
1965,name,23
1965,name,1970
1965,hasMap,24
1965,areaServed,25
1965,provider,1965
1965,address,1971
1965,longitude,27
1965,longitude,27
1965,availableChannel,1972
1965,availableChannel,1973
1965,containedInPlace,184
1965,description,1965
1965,telephone,1974
1965,text,1975
1965,xmlschema11-2#time,75
1965,xmlschema11-2#time,391
1965,xmlschema11-2#time,76
1965,xmlschema11-2#time,390
1965,xmlschema11-2#time,389
1965,xmlschema11-2#time,72
1965,xmlschema11-2#time,388
1965,conditionsOfAccess,187
1976,latitude,1977
1976,cost,175
1976,audience,581
1976,audience,552
1976,category,229
1976,audience,123
1976,audience,158
1976,availability,6
1976,category,5
1976,audience,58
1976,audience,316
1976,category,12
1976,language,191
1976,audience,627
1976,audience,125
1976,audience,9
1976,audience,286
1976,category,15
1976,language,4
1976,audience,327
1976,service type,17
1976,postalCode,18
1976,url,1601
1976,url,1600
1976,identifier,1978
1976,name,23
1976,name,1979
1976,hasMap,24
1976,areaServed,25
1976,provider,1976
1976,address,204
1976,longitude,27
1976,availableChannel,1980
1976,availableChannel,1981
1976,containedInPlace,30
1976,description,1976
1976,telephone,1982
1976,text,1983
1976,xmlschema11-2#time,210
1976,xmlschema11-2#time,213
1976,xmlschema11-2#time,211
1976,xmlschema11-2#time,212
1976,xmlschema11-2#time,72
1976,xmlschema11-2#time,209
1976,xmlschema11-2#time,75
1976,conditionsOfAccess,23
1984,latitude,351
1984,category,12
1984,category,124
1984,audience,9
1984,category,90
1984,category,91
1984,audience,327
1984,language,4
1984,audience,50
1984,category,80
1984,audience,84
1984,category,145
1984,audience,83
1984,category,5
1984,audience,58
1984,audience,47
1984,availability,6
1984,cost,175
1984,category,414
1984,category,85
1984,audience,125
1984,audience,87
1984,audience,316
1984,category,14
1984,audience,94
1984,audience,230
1984,language,191
1984,service type,17
1984,postalCode,240
1984,url,360
1984,identifier,1985
1984,name,1986
1984,name,23
1984,hasMap,24
1984,areaServed,363
1984,provider,1984
1984,address,364
1984,longitude,27
1984,availableChannel,1987
1984,availableChannel,1988
1984,containedInPlace,248
1984,description,1984
1984,telephone,964
1984,text,1989
1984,xmlschema11-2#time,170
1984,xmlschema11-2#time,72
1984,xmlschema11-2#time,75
1984,xmlschema11-2#time,171
1984,xmlschema11-2#time,168
1984,xmlschema11-2#time,167
1984,xmlschema11-2#time,172
1984,conditionsOfAccess,187
1990,latitude,1249
1990,language,4
1990,category,478
1990,audience,9
1990,cost,175
1990,category,12
1990,category,124
1990,audience,50
1990,audience,84
1990,audience,286
1990,availability,6
1990,service type,17
1990,postalCode,1250
1990,url,111
1990,identifier,1991
1990,name,23
1990,name,1992
1990,hasMap,24
1990,areaServed,25
1990,provider,1990
1990,address,1253
1990,longitude,27
1990,longitude,27
1990,availableChannel,1993
1990,availableChannel,1994
1990,containedInPlace,1256
1990,description,1990
1990,telephone,1257
1990,telephone,1995
1990,text,1996
1990,xmlschema11-2#time,72
1990,xmlschema11-2#time,75
1990,xmlschema11-2#time,168
1990,xmlschema11-2#time,167
1990,xmlschema11-2#time,519
1990,xmlschema11-2#time,170
1990,xmlschema11-2#time,171
1990,xmlschema11-2#time,251
1990,conditionsOfAccess,1997
1998,latitude,1249
1998,language,191
1998,category,145
1998,language,4
1998,audience,580
1998,audience,84
1998,category,5
1998,cost,175
1998,category,91
1998,audience,316
1998,audience,50
1998,category,88
1998,category,80
1998,audience,286
1998,availability,6
1998,audience,159
1998,audience,9
1998,audience,1345
1998,category,16
1998,audience,1999
1998,category,12
1998,service type,17
1998,postalCode,1250
1998,url,2000
1998,identifier,2001
1998,name,23
1998,name,2002
1998,hasMap,24
1998,areaServed,25
1998,provider,1998
1998,address,1253
1998,longitude,27
1998,availableChannel,2003
1998,availableChannel,2004
1998,containedInPlace,1256
1998,description,1998
1998,telephone,1257
1998,text,2005
1998,xmlschema11-2#time,521
1998,xmlschema11-2#time,522
1998,xmlschema11-2#time,518
1998,xmlschema11-2#time,517
1998,xmlschema11-2#time,520
1998,xmlschema11-2#time,72
1998,xmlschema11-2#time,2006
1998,conditionsOfAccess,187
2007,latitude,2008
2007,audience,193
2007,audience,47
2007,category,145
2007,audience,580
2007,audience,84
2007,category,129
2007,category,12
2007,audience,144
2007,audience,159
2007,category,88
2007,category,80
2007,audience,123
2007,language,4
2007,audience,9
2007,cost,7
2007,audience,58
2007,category,14
2007,availability,6
2007,audience,11
2007,audience,3
2007,category,16
2007,audience,8
2007,category,5
2007,category,91
2007,service type,17
2007,postalCode,18
2007,url,2009
2007,url,2010
2007,identifier,2011
2007,name,23
2007,name,2012
2007,hasMap,24
2007,areaServed,25
2007,provider,2007
2007,address,2013
2007,longitude,27
2007,availableChannel,2014
2007,availableChannel,2015
2007,containedInPlace,30
2007,description,2007
2007,telephone,2016
2007,text,2017
2007,xmlschema11-2#time,2018
2007,xmlschema11-2#time,2019
2007,xmlschema11-2#time,2020
2007,xmlschema11-2#time,2021
2007,xmlschema11-2#time,2022
2007,xmlschema11-2#time,2023
2007,xmlschema11-2#time,2024
2007,conditionsOfAccess,2025
2026,latitude,425
2026,category,5
2026,language,4
2026,audience,84
2026,category,88
2026,audience,9
2026,category,91
2026,category,129
2026,availability,6
2026,audience,50
2026,category,14
2026,cost,7
2026,audience,499
2026,category,145
2026,service type,17
2026,postalCode,147
2026,url,426
2026,identifier,2027
2026,name,2028
2026,name,23
2026,hasMap,24
2026,areaServed,502
2026,provider,2026
2026,address,429
2026,longitude,27
2026,longitude,27
2026,availableChannel,2029
2026,availableChannel,2030
2026,containedInPlace,153
2026,description,2026
2026,telephone,432
2026,text,2031
2026,xmlschema11-2#time,71
2026,xmlschema11-2#time,76
2026,xmlschema11-2#time,73
2026,xmlschema11-2#time,72
2026,xmlschema11-2#time,75
2026,xmlschema11-2#time,70
2026,xmlschema11-2#time,74
2026,conditionsOfAccess,2032
2033,latitude,2034
2033,availability,6
2033,category,12
2033,audience,50
2033,audience,94
2033,audience,83
2033,category,91
2033,language,4
2033,category,397
2033,category,42
2033,audience,84
2033,category,88
2033,cost,7
2033,category,395
2033,category,5
2033,service type,17
2033,postalCode,776
2033,url,2035
2033,url,2036
2033,identifier,2037
2033,name,23
2033,name,2038
2033,hasMap,24
2033,areaServed,25
2033,provider,2033
2033,address,1403
2033,longitude,27
2033,longitude,27
2033,availableChannel,2039
2033,availableChannel,2040
2033,containedInPlace,784
2033,description,2033
2033,telephone,2041
2033,text,2042
2033,xmlschema11-2#time,33
2033,xmlschema11-2#time,35
2033,xmlschema11-2#time,38
2033,xmlschema11-2#time,36
2033,xmlschema11-2#time,34
2033,xmlschema11-2#time,37
2033,xmlschema11-2#time,39
2033,conditionsOfAccess,23
2043,latitude,2044
2043,audience,144
2043,cost,175
2043,language,4
2043,audience,11
2043,category,42
2043,audience,82
2043,audience,286
2043,category,12
2043,audience,9
2043,availability,6
2043,category,88
2043,category,91
2043,audience,94
2043,category,90
2043,service type,17
2043,postalCode,18
2043,url,111
2043,identifier,2045
2043,name,23
2043,name,2046
2043,hasMap,24
2043,areaServed,25
2043,provider,2043
2043,address,2047
2043,longitude,27
2043,availableChannel,2048
2043,availableChannel,2049
2043,containedInPlace,30
2043,description,2043
2043,telephone,2050
2043,text,2051
2043,xmlschema11-2#time,70
2043,xmlschema11-2#time,72
2043,xmlschema11-2#time,71
2043,xmlschema11-2#time,76
2043,xmlschema11-2#time,74
2043,xmlschema11-2#time,75
2043,xmlschema11-2#time,73
2043,conditionsOfAccess,2052
2053,latitude,1799
2053,audience,876
2053,audience,94
2053,category,478
2053,category,42
2053,category,356
2053,availability,6
2053,category,124
2053,category,397
2053,audience,9
2053,category,90
2053,category,358
2053,category,2054
2053,cost,7
2053,category,232
2053,category,53
2053,category,42
2053,audience,3
2053,audience,144
2053,category,355
2053,category,124
2053,audience,193
2053,language,4
2053,service type,17
2053,postalCode,1803
2053,url,111
2053,identifier,2055
2053,name,2056
2053,name,23
2053,hasMap,24
2053,areaServed,25
2053,provider,2053
2053,address,2057
2053,longitude,27
2053,availableChannel,2058
2053,availableChannel,2059
2053,containedInPlace,1809
2053,description,2053
2053,telephone,1810
2053,text,2060
2053,xmlschema11-2#time,70
2053,xmlschema11-2#time,73
2053,xmlschema11-2#time,75
2053,xmlschema11-2#time,71
2053,xmlschema11-2#time,72
2053,xmlschema11-2#time,74
2053,xmlschema11-2#time,76
2053,conditionsOfAccess,2061
2062,latitude,792
2062,category,80
2062,category,42
2062,audience,92
2062,audience,47
2062,audience,94
2062,audience,50
2062,cost,143
2062,language,4
2062,category,258
2062,availability,6
2062,service type,17
2062,postalCode,240
2062,url,111
2062,identifier,2063
2062,name,23
2062,name,2064
2062,hasMap,24
2062,areaServed,25
2062,provider,2062
2062,address,798
2062,longitude,27
2062,availableChannel,2065
2062,availableChannel,2066
2062,containedInPlace,248
2062,description,2062
2062,telephone,802
2062,text,803
2062,xmlschema11-2#time,2067
2062,xmlschema11-2#time,2068
2062,xmlschema11-2#time,520
2062,xmlschema11-2#time,2069
2062,xmlschema11-2#time,953
2062,xmlschema11-2#time,813
2062,xmlschema11-2#time,2070
2062,conditionsOfAccess,267
2071,latitude,2072
2071,audience,50
2071,audience,94
2071,availability,6
2071,cost,7
2071,audience,9
2071,category,42
2071,category,80
2071,category,90
2071,audience,47
2071,language,4
2071,service type,17
2071,postalCode,450
2071,url,2073
2071,url,2074
2071,identifier,2075
2071,name,2076
2071,name,23
2071,hasMap,24
2071,areaServed,63
2071,provider,2071
2071,address,2077
2071,longitude,27
2071,longitude,27
2071,availableChannel,2078
2071,availableChannel,2079
2071,containedInPlace,458
2071,description,2071
2071,telephone,2080
2071,text,2081
2071,xmlschema11-2#time,2082
2071,xmlschema11-2#time,667
2071,xmlschema11-2#time,517
2071,xmlschema11-2#time,72
2071,xmlschema11-2#time,522
2071,xmlschema11-2#time,521
2071,xmlschema11-2#time,520
2071,xmlschema11-2#time,668
2071,xmlschema11-2#time,75
2071,conditionsOfAccess,2083
2084,latitude,2085
2084,language,4
2084,audience,286
2084,audience,83
2084,audience,9
2084,audience,47
2084,category,109
2084,audience,50
2084,cost,7
2084,category,129
2084,audience,1999
2084,category,258
2084,audience,84
2084,audience,94
2084,category,5
2084,category,414
2084,category,42
2084,audience,578
2084,audience,579
2084,availability,6
2084,audience,316
2084,audience,82
2084,category,12
2084,service type,17
2084,postalCode,271
2084,url,2086
2084,identifier,2087
2084,name,2088
2084,name,23
2084,hasMap,24
2084,areaServed,25
2084,provider,2084
2084,address,2089
2084,longitude,27
2084,availableChannel,2090
2084,availableChannel,2091
2084,containedInPlace,279
2084,description,2084
2084,telephone,2092
2084,text,2093
2084,xmlschema11-2#time,33
2084,xmlschema11-2#time,34
2084,xmlschema11-2#time,39
2084,xmlschema11-2#time,37
2084,xmlschema11-2#time,38
2084,xmlschema11-2#time,36
2084,xmlschema11-2#time,35
2084,conditionsOfAccess,608
2094,latitude,107
2094,category,145
2094,category,90
2094,category,237
2094,audience,94
2094,category,397
2094,language,4
2094,audience,84
2094,cost,7
2094,availability,6
2094,audience,159
2094,category,110
2094,audience,50
2094,service type,17
2094,postalCode,59
2094,url,111
2094,identifier,2095
2094,name,23
2094,name,2096
2094,hasMap,24
2094,areaServed,25
2094,provider,2094
2094,address,114
2094,longitude,27
2094,availableChannel,2097
2094,availableChannel,2098
2094,containedInPlace,67
2094,description,2094
2094,telephone,117
2094,text,2099
2094,xmlschema11-2#time,37
2094,xmlschema11-2#time,38
2094,xmlschema11-2#time,39
2094,xmlschema11-2#time,36
2094,xmlschema11-2#time,34
2094,xmlschema11-2#time,33
2094,xmlschema11-2#time,35
2094,conditionsOfAccess,2100
2101,latitude,1078
2101,audience,122
2101,language,191
2101,language,2102
2101,category,2103
2101,language,676
2101,audience,230
2101,category,86
2101,category,15
2101,language,4
2101,audience,158
2101,audience,2104
2101,audience,331
2101,availability,6
2101,category,359
2101,category,53
2101,category,229
2101,category,124
2101,audience,47
2101,cost,43
2101,audience,877
2101,audience,94
2101,category,54
2101,audience,87
2101,audience,84
2101,audience,58
2101,category,192
2101,audience,1277
2101,category,238
2101,category,190
2101,category,1656
2101,category,2105
2101,service type,17
2101,postalCode,18
2101,url,2106
2101,url,2107
2101,identifier,2108
2101,name,23
2101,name,2109
2101,hasMap,24
2101,areaServed,1219
2101,provider,2101
2101,address,2110
2101,longitude,27
2101,availableChannel,2111
2101,availableChannel,2112
2101,containedInPlace,30
2101,description,2101
2101,telephone,2113
2101,text,2114
2101,xmlschema11-2#time,168
2101,xmlschema11-2#time,170
2101,xmlschema11-2#time,171
2101,xmlschema11-2#time,72
2101,xmlschema11-2#time,251
2101,xmlschema11-2#time,167
2101,xmlschema11-2#time,75
2101,conditionsOfAccess,2115
2116,latitude,1097
2116,language,4
2116,audience,158
2116,category,12
2116,cost,43
2116,category,145
2116,category,232
2116,language,191
2116,category,124
2116,category,86
2116,category,54
2116,audience,578
2116,availability,6
2116,service type,17
2116,postalCode,450
2116,url,1099
2116,url,1098
2116,identifier,2117
2116,name,2118
2116,name,23
2116,hasMap,24
2116,areaServed,25
2116,provider,2116
2116,address,1102
2116,longitude,27
2116,availableChannel,2119
2116,availableChannel,2120
2116,containedInPlace,458
2116,description,2116
2116,telephone,2121
2116,text,2122
2116,xmlschema11-2#time,75
2116,xmlschema11-2#time,837
2116,xmlschema11-2#time,212
2116,xmlschema11-2#time,213
2116,xmlschema11-2#time,838
2116,xmlschema11-2#time,211
2116,xmlschema11-2#time,72
2116,conditionsOfAccess,2123
2124,latitude,551
2124,audience,555
2124,category,42
2124,audience,552
2124,audience,553
2124,language,4
2124,category,554
2124,cost,7
2124,category,397
2124,category,356
2124,availability,6
2124,category,437
2124,audience,11
2124,audience,8
2124,audience,286
2124,service type,17
2124,postalCode,295
2124,url,556
2124,url,557
2124,identifier,2125
2124,name,23
2124,name,2126
2124,hasMap,24
2124,areaServed,25
2124,provider,2124
2124,address,560
2124,longitude,27
2124,availableChannel,2127
2124,availableChannel,2128
2124,containedInPlace,305
2124,description,2124
2124,telephone,563
2124,text,564
2124,xmlschema11-2#time,75
2124,xmlschema11-2#time,73
2124,xmlschema11-2#time,74
2124,xmlschema11-2#time,71
2124,xmlschema11-2#time,76
2124,xmlschema11-2#time,72
2124,xmlschema11-2#time,70
2124,conditionsOfAccess,565
2129,latitude,2130
2129,category,12
2129,category,16
2129,cost,7
2129,audience,1213
2129,audience,84
2129,audience,58
2129,audience,11
2129,availability,6
2129,category,88
2129,category,91
2129,category,80
2129,category,145
2129,audience,9
2129,audience,47
2129,audience,1214
2129,category,14
2129,audience,1215
2129,language,4
2129,audience,2131
2129,category,414
2129,category,5
2129,service type,17
2129,postalCode,271
2129,url,2132
2129,identifier,2133
2129,name,2134
2129,name,23
2129,hasMap,24
2129,areaServed,1186
2129,provider,2129
2129,address,2135
2129,longitude,27
2129,availableChannel,2136
2129,availableChannel,2137
2129,containedInPlace,279
2129,description,2129
2129,telephone,2138
2129,text,2139
2129,xmlschema11-2#time,213
2129,xmlschema11-2#time,75
2129,xmlschema11-2#time,72
2129,xmlschema11-2#time,1165
2129,xmlschema11-2#time,1163
2129,xmlschema11-2#time,1164
2129,xmlschema11-2#time,1162
2129,conditionsOfAccess,2140
2141,latitude,2142
2141,audience,50
2141,category,42
2141,audience,94
2141,category,124
2141,language,191
2141,category,258
2141,language,4
2141,audience,9
2141,availability,6
2141,audience,92
2141,audience,47
2141,audience,234
2141,cost,143
2141,category,80
2141,service type,17
2141,postalCode,1168
2141,url,2143
2141,url,2144
2141,identifier,2145
2141,name,2146
2141,name,23
2141,hasMap,24
2141,areaServed,2147
2141,provider,2141
2141,address,2148
2141,longitude,27
2141,availableChannel,2149
2141,availableChannel,2150
2141,containedInPlace,1176
2141,description,2141
2141,telephone,2151
2141,text,2152
2141,xmlschema11-2#time,72
2141,xmlschema11-2#time,74
2141,xmlschema11-2#time,71
2141,xmlschema11-2#time,76
2141,xmlschema11-2#time,70
2141,xmlschema11-2#time,73
2141,xmlschema11-2#time,75
2141,conditionsOfAccess,2153
2154,latitude,2155
2154,audience,82
2154,audience,92
2154,audience,50
2154,category,397
2154,category,146
2154,cost,7
2154,audience,9
2154,category,258
2154,category,42
2154,availability,6
2154,language,4
2154,audience,94
2154,service type,17
2154,postalCode,1250
2154,url,111
2154,identifier,2156
2154,name,23
2154,name,2157
2154,hasMap,24
2154,areaServed,645
2154,provider,2154
2154,address,2158
2154,longitude,27
2154,longitude,27
2154,availableChannel,2159
2154,availableChannel,2160
2154,containedInPlace,1256
2154,description,2154
2154,telephone,2161
2154,telephone,2162
2154,text,2163
2154,xmlschema11-2#time,39
2154,xmlschema11-2#time,38
2154,xmlschema11-2#time,37
2154,xmlschema11-2#time,33
2154,xmlschema11-2#time,35
2154,xmlschema11-2#time,36
2154,xmlschema11-2#time,34
2154,conditionsOfAccess,1641
2164,latitude,2165
2164,availability,6
2164,category,145
2164,category,12
2164,cost,7
2164,audience,11
2164,audience,1214
2164,audience,3
2164,audience,47
2164,audience,84
2164,audience,193
2164,audience,144
2164,audience,581
2164,category,91
2164,language,4
2164,audience,316
2164,service type,17
2164,postalCode,295
2164,url,111
2164,identifier,2166
2164,name,2167
2164,name,23
2164,hasMap,24
2164,areaServed,337
2164,provider,2164
2164,address,2168
2164,longitude,27
2164,availableChannel,2169
2164,availableChannel,2170
2164,containedInPlace,305
2164,description,2164
2164,telephone,2171
2164,text,2172
2164,xmlschema11-2#time,75
2164,xmlschema11-2#time,749
2164,xmlschema11-2#time,751
2164,xmlschema11-2#time,750
2164,xmlschema11-2#time,748
2164,xmlschema11-2#time,72
2164,xmlschema11-2#time,2173
2164,conditionsOfAccess,2174
2175,latitude,2176
2175,category,129
2175,language,4
2175,category,145
2175,audience,84
2175,audience,3
2175,cost,7
2175,audience,580
2175,audience,1345
2175,audience,9
2175,audience,738
2175,audience,193
2175,category,5
2175,audience,159
2175,audience,144
2175,audience,1999
2175,category,80
2175,availability,6
2175,audience,8
2175,audience,627
2175,audience,11
2175,category,14
2175,audience,2177
2175,service type,17
2175,postalCode,95
2175,url,111
2175,identifier,2178
2175,name,2179
2175,name,23
2175,hasMap,24
2175,areaServed,63
2175,provider,2175
2175,address,2180
2175,longitude,27
2175,longitude,27
2175,availableChannel,2181
2175,availableChannel,2182
2175,containedInPlace,103
2175,description,2175
2175,telephone,2183
2175,text,2184
2175,xmlschema11-2#time,2185
2175,xmlschema11-2#time,72
2175,xmlschema11-2#time,210
2175,xmlschema11-2#time,209
2175,xmlschema11-2#time,2006
2175,xmlschema11-2#time,2186
2175,xmlschema11-2#time,2187
2175,conditionsOfAccess,2188
2189,latitude,2190
2189,latitude,2191
2189,audience,158
2189,audience,876
2189,category,721
2189,category,49
2189,cost,43
2189,language,4
2189,category,12
2189,category,124
2189,audience,971
2189,category,232
2189,audience,720
2189,category,90
2189,availability,6
2189,category,394
2189,audience,84
2189,service type,17
2189,service type,722
2189,service type,2192
2189,postalCode,1587
2189,url,2193
2189,url,2194
2189,identifier,2195
2189,name,23
2189,name,2196
2189,hasMap,24
2189,areaServed,25
2189,provider,2189
2189,address,2197
2189,address,2198
2189,longitude,27
2189,longitude,27
2189,longitude,27
2189,availableChannel,2199
2189,availableChannel,2200
2189,containedInPlace,1594
2189,description,2189
2189,telephone,2201
2189,text,2202
2189,xmlschema11-2#time,37
2189,xmlschema11-2#time,35
2189,xmlschema11-2#time,73
2189,xmlschema11-2#time,72
2189,xmlschema11-2#time,33
2189,xmlschema11-2#time,70
2189,xmlschema11-2#time,36
2189,xmlschema11-2#time,74
2189,xmlschema11-2#time,34
2189,xmlschema11-2#time,75
2189,xmlschema11-2#time,76
2189,xmlschema11-2#time,71
2189,xmlschema11-2#time,38
2189,xmlschema11-2#time,39
2189,conditionsOfAccess,2203
2204,latitude,2205
2204,audience,1345
2204,audience,552
2204,audience,198
2204,audience,8
2204,audience,738
2204,audience,94
2204,audience,597
2204,audience,627
2204,audience,580
2204,language,4
2204,audience,11
2204,cost,175
2204,category,15
2204,category,90
2204,category,326
2204,audience,3
2204,audience,58
2204,category,91
2204,category,5
2204,audience,144
2204,category,14
2204,audience,193
2204,category,12
2204,audience,1999
2204,availability,6
2204,audience,159
2204,audience,127
2204,category,437
2204,category,145
2204,category,596
2204,service type,17
2204,postalCode,776
2204,url,111
2204,identifier,2206
2204,name,2207
2204,name,23
2204,hasMap,24
2204,areaServed,25
2204,provider,2204
2204,address,2208
2204,longitude,27
2204,longitude,27
2204,availableChannel,2209
2204,availableChannel,2210
2204,containedInPlace,784
2204,description,2204
2204,telephone,2211
2204,text,2212
2204,xmlschema11-2#time,70
2204,xmlschema11-2#time,74
2204,xmlschema11-2#time,73
2204,xmlschema11-2#time,72
2204,xmlschema11-2#time,75
2204,xmlschema11-2#time,71
2204,xmlschema11-2#time,76
2204,conditionsOfAccess,608
2213,latitude,2214
2213,latitude,2215
2213,audience,8
2213,category,93
2213,audience,3
2213,audience,11
2213,language,4
2213,audience,193
2213,audience,144
2213,availability,6
2213,category,15
2213,cost,7
2213,service type,17
2213,postalCode,130
2213,postalCode,176
2213,url,1227
2213,identifier,2216
2213,name,2217
2213,name,23
2213,hasMap,24
2213,hasMap,24
2213,areaServed,822
2213,provider,2213
2213,address,2218
2213,address,2219
2213,longitude,27
2213,longitude,27
2213,availableChannel,2220
2213,availableChannel,2221
2213,containedInPlace,137
2213,containedInPlace,184
2213,description,2213
2213,telephone,2222
2213,telephone,1233
2213,text,2223
2213,xmlschema11-2#time,74
2213,xmlschema11-2#time,73
2213,xmlschema11-2#time,72
2213,xmlschema11-2#time,71
2213,xmlschema11-2#time,70
2213,xmlschema11-2#time,76
2213,xmlschema11-2#time,75
2213,conditionsOfAccess,314
2224,latitude,2225
2224,audience,1215
2224,audience,11
2224,audience,8
2224,language,4
2224,category,1502
2224,category,12
2224,audience,286
2224,language,191
2224,category,237
2224,category,706
2224,audience,1214
2224,category,2226
2224,availability,6
2224,audience,47
2224,audience,9
2224,category,124
2224,category,292
2224,category,287
2224,audience,555
2224,audience,1213
2224,cost,175
2224,audience,58
2224,category,233
2224,service type,17
2224,postalCode,450
2224,url,2227
2224,identifier,2228
2224,name,23
2224,name,2229
2224,hasMap,24
2224,areaServed,25
2224,provider,2224
2224,address,2230
2224,longitude,27
2224,longitude,27
2224,availableChannel,2231
2224,availableChannel,2232
2224,containedInPlace,458
2224,description,2224
2224,telephone,2233
2224,text,2234
2224,xmlschema11-2#time,251
2224,xmlschema11-2#time,167
2224,xmlschema11-2#time,171
2224,xmlschema11-2#time,168
2224,xmlschema11-2#time,170
2224,xmlschema11-2#time,75
2224,xmlschema11-2#time,72
2224,conditionsOfAccess,2235
2236,latitude,595
2236,audience,195
2236,category,85
2236,audience,9
2236,audience,3
2236,audience,50
2236,audience,94
2236,category,93
2236,audience,47
2236,audience,87
2236,category,14
2236,audience,193
2236,audience,11
2236,audience,144
2236,cost,7
2236,audience,325
2236,availability,6
2236,audience,82
2236,audience,877
2236,category,5
2236,category,80
2236,category,258
2236,language,4
2236,category,91
2236,audience,83
2236,category,90
2236,category,12
2236,category,42
2236,category,88
2236,service type,17
2236,postalCode,527
2236,url,111
2236,identifier,2237
2236,name,2238
2236,name,23
2236,hasMap,24
2236,areaServed,25
2236,provider,2236
2236,address,603
2236,longitude,27
2236,availableChannel,2239
2236,availableChannel,2240
2236,containedInPlace,536
2236,description,2236
2236,telephone,2241
2236,text,2242
2236,xmlschema11-2#time,74
2236,xmlschema11-2#time,71
2236,xmlschema11-2#time,70
2236,xmlschema11-2#time,73
2236,xmlschema11-2#time,72
2236,xmlschema11-2#time,75
2236,xmlschema11-2#time,76
2236,conditionsOfAccess,772
2243,latitude,1747
2243,availability,6
2243,category,145
2243,category,395
2243,audience,11
2243,category,478
2243,category,86
2243,category,640
2243,audience,125
2243,audience,877
2243,category,1748
2243,category,124
2243,audience,876
2243,language,4
2243,cost,43
2243,audience,3
2243,category,93
2243,service type,17
2243,postalCode,1749
2243,url,1751
2243,url,1750
2243,identifier,2244
2243,name,2245
2243,name,23
2243,hasMap,24
2243,areaServed,25
2243,provider,2243
2243,address,2246
2243,longitude,27
2243,availableChannel,2247
2243,availableChannel,2248
2243,containedInPlace,1757
2243,description,2243
2243,telephone,2249
2243,text,1759
2243,xmlschema11-2#time,2250
2243,xmlschema11-2#time,817
2243,xmlschema11-2#time,75
2243,xmlschema11-2#time,2251
2243,xmlschema11-2#time,72
2243,xmlschema11-2#time,255
2243,xmlschema11-2#time,2252
2243,conditionsOfAccess,1760
2253,latitude,2254
2253,audience,11
2253,category,88
2253,audience,84
2253,language,4
2253,audience,1376
2253,category,145
2253,audience,47
2253,category,124
2253,category,5
2253,audience,8
2253,category,15
2253,category,12
2253,category,91
2253,availability,6
2253,audience,193
2253,audience,3
2253,category,14
2253,cost,7
2253,audience,144
2253,audience,58
2253,service type,17
2253,postalCode,582
2253,url,2255
2253,url,2256
2253,identifier,2257
2253,name,23
2253,name,2258
2253,areaServed,25
2253,provider,2253
2253,longitude,27
2253,availableChannel,2259
2253,availableChannel,2260
2253,containedInPlace,590
2253,description,2253
2253,telephone,2261
2253,text,2262
2253,xmlschema11-2#time,75
2253,xmlschema11-2#time,70
2253,xmlschema11-2#time,76
2253,xmlschema11-2#time,73
2253,xmlschema11-2#time,74
2253,xmlschema11-2#time,71
2253,xmlschema11-2#time,72
2253,conditionsOfAccess,23
2263,latitude,189
2263,audience,55
2263,category,145
2263,audience,122
2263,audience,144
2263,category,91
2263,category,5
2263,language,4
2263,category,14
2263,audience,193
2263,audience,3
2263,category,12
2263,availability,6
2263,cost,7
2263,audience,11
2263,service type,17
2263,postalCode,18
2263,url,111
2263,identifier,2264
2263,name,2265
2263,name,23
2263,hasMap,24
2263,areaServed,25
2263,provider,2263
2263,address,204
2263,longitude,27
2263,availableChannel,2266
2263,availableChannel,2267
2263,containedInPlace,30
2263,description,2263
2263,telephone,2268
2263,text,2269
2263,xmlschema11-2#time,74
2263,xmlschema11-2#time,75
2263,xmlschema11-2#time,70
2263,xmlschema11-2#time,72
2263,xmlschema11-2#time,73
2263,xmlschema11-2#time,76
2263,xmlschema11-2#time,71
2263,conditionsOfAccess,2270
2271,latitude,2272
2271,audience,55
2271,language,4
2271,category,397
2271,audience,94
2271,audience,158
2271,availability,6
2271,audience,84
2271,category,110
2271,cost,143
2271,service type,17
2271,postalCode,18
2271,url,452
2271,url,2273
2271,identifier,2274
2271,name,2275
2271,name,23
2271,hasMap,24
2271,areaServed,25
2271,provider,2271
2271,address,2276
2271,longitude,27
2271,availableChannel,2277
2271,availableChannel,2278
2271,containedInPlace,30
2271,description,2271
2271,telephone,2279
2271,text,2280
2271,xmlschema11-2#time,76
2271,xmlschema11-2#time,71
2271,xmlschema11-2#time,70
2271,xmlschema11-2#time,72
2271,xmlschema11-2#time,73
2271,xmlschema11-2#time,74
2271,xmlschema11-2#time,75
2271,conditionsOfAccess,23
2281,latitude,393
2281,category,190
2281,category,12
2281,audience,50
2281,audience,159
2281,audience,94
2281,category,89
2281,category,88
2281,category,42
2281,category,359
2281,category,93
2281,category,81
2281,cost,7
2281,category,57
2281,audience,286
2281,audience,971
2281,language,4
2281,availability,6
2281,audience,720
2281,service type,17
2281,postalCode,398
2281,url,2282
2281,url,2283
2281,identifier,2284
2281,name,2285
2281,name,23
2281,hasMap,24
2281,areaServed,645
2281,provider,2281
2281,address,404
2281,longitude,27
2281,availableChannel,2286
2281,availableChannel,2287
2281,containedInPlace,407
2281,description,2281
2281,telephone,408
2281,text,2288
2281,xmlschema11-2#time,347
2281,xmlschema11-2#time,345
2281,xmlschema11-2#time,346
2281,xmlschema11-2#time,75
2281,xmlschema11-2#time,72
2281,xmlschema11-2#time,411
2281,xmlschema11-2#time,410
2281,conditionsOfAccess,2289
2290,latitude,2291
2290,audience,84
2290,category,2292
2290,category,1884
2290,language,191
2290,language,4
2290,category,229
2290,category,232
2290,category,2293
2290,category,237
2290,audience,316
2290,category,611
2290,audience,50
2290,audience,286
2290,audience,9
2290,category,233
2290,audience,197
2290,category,12
2290,audience,581
2290,audience,58
2290,audience,230
2290,audience,47
2290,cost,175
2290,audience,290
2290,category,1024
2290,category,236
2290,audience,122
2290,availability,6
2290,service type,17
2290,postalCode,450
2290,url,111
2290,identifier,2294
2290,name,23
2290,name,2295
2290,hasMap,24
2290,areaServed,63
2290,provider,2290
2290,address,2296
2290,longitude,27
2290,availableChannel,2297
2290,availableChannel,2298
2290,containedInPlace,458
2290,description,2290
2290,telephone,2299
2290,text,2300
2290,xmlschema11-2#time,2301
2290,xmlschema11-2#time,2302
2290,xmlschema11-2#time,2303
2290,xmlschema11-2#time,1414
2290,xmlschema11-2#time,2304
2290,xmlschema11-2#time,72
2290,xmlschema11-2#time,75
2290,conditionsOfAccess,23
2305,latitude,2306
2305,language,4
2305,audience,11
2305,audience,10
2305,audience,84
2305,audience,8
2305,audience,159
2305,audience,580
2305,audience,127
2305,audience,9
2305,audience,286
2305,audience,1956
2305,category,5
2305,cost,7
2305,audience,58
2305,audience,499
2305,audience,330
2305,category,13
2305,category,2
2305,audience,316
2305,availability,6
2305,service type,17
2305,postalCode,479
2305,url,2307
2305,identifier,2308
2305,name,2309
2305,name,23
2305,hasMap,24
2305,areaServed,2310
2305,provider,2305
2305,address,2311
2305,longitude,27
2305,availableChannel,2312
2305,availableChannel,2313
2305,containedInPlace,488
2305,description,2305
2305,telephone,2314
2305,text,2315
2305,xmlschema11-2#time,72
2305,xmlschema11-2#time,2316
2305,xmlschema11-2#time,2317
2305,xmlschema11-2#time,75
2305,xmlschema11-2#time,2318
2305,xmlschema11-2#time,2319
2305,xmlschema11-2#time,2320
2305,conditionsOfAccess,2321
2322,latitude,2323
2322,language,4
2322,audience,316
2322,audience,3
2322,category,91
2322,audience,144
2322,audience,286
2322,category,80
2322,cost,175
2322,category,12
2322,audience,193
2322,audience,598
2322,audience,123
2322,audience,11
2322,audience,230
2322,availability,6
2322,category,124
2322,category,89
2322,audience,9
2322,audience,84
2322,service type,17
2322,postalCode,479
2322,url,242
2322,url,1568
2322,identifier,2324
2322,name,2325
2322,name,23
2322,hasMap,24
2322,areaServed,25
2322,provider,2322
2322,address,2326
2322,longitude,27
2322,availableChannel,2327
2322,availableChannel,2328
2322,containedInPlace,488
2322,description,2322
2322,telephone,2329
2322,text,2330
2322,xmlschema11-2#time,167
2322,xmlschema11-2#time,75
2322,xmlschema11-2#time,171
2322,xmlschema11-2#time,170
2322,xmlschema11-2#time,72
2322,xmlschema11-2#time,251
2322,xmlschema11-2#time,168
2322,conditionsOfAccess,2331
2332,latitude,2333
2332,availability,6
2332,audience,11
2332,category,129
2332,category,14
2332,cost,175
2332,category,15
2332,audience,58
2332,audience,552
2332,audience,9
2332,category,2334
2332,category,80
2332,category,12
2332,category,5
2332,audience,8
2332,category,145
2332,audience,84
2332,language,4
2332,service type,17
2332,postalCode,913
2332,url,177
2332,url,178
2332,identifier,2335
2332,name,2336
2332,name,23
2332,hasMap,24
2332,areaServed,25
2332,provider,2332
2332,address,2337
2332,longitude,27
2332,availableChannel,2338
2332,availableChannel,2339
2332,containedInPlace,921
2332,description,2332
2332,telephone,2340
2332,text,2341
2332,xmlschema11-2#time,35
2332,xmlschema11-2#time,38
2332,xmlschema11-2#time,36
2332,xmlschema11-2#time,34
2332,xmlschema11-2#time,33
2332,xmlschema11-2#time,39
2332,xmlschema11-2#time,37
2332,conditionsOfAccess,2342
2343,latitude,2344
2343,category,12
2343,audience,286
2343,audience,158
2343,category,86
2343,audience,720
2343,availability,6
2343,category,394
2343,cost,43
2343,category,2345
2343,category,237
2343,category,190
2343,audience,84
2343,category,54
2343,category,44
2343,category,51
2343,category,124
2343,audience,598
2343,language,4
2343,service type,17
2343,postalCode,479
2343,url,111
2343,identifier,2346
2343,name,2347
2343,name,23
2343,hasMap,24
2343,areaServed,63
2343,provider,2343
2343,address,2348
2343,longitude,27
2343,availableChannel,2349
2343,availableChannel,2350
2343,containedInPlace,488
2343,description,2343
2343,telephone,2351
2343,text,2352
2343,xmlschema11-2#time,75
2343,xmlschema11-2#time,72
2343,xmlschema11-2#time,2353
2343,xmlschema11-2#time,2354
2343,xmlschema11-2#time,2355
2343,xmlschema11-2#time,2356
2343,xmlschema11-2#time,2357
2343,conditionsOfAccess,608
2358,latitude,2359
2358,audience,11
2358,audience,499
2358,language,191
2358,audience,3
2358,category,478
2358,availability,6
2358,audience,144
2358,audience,193
2358,language,4
2358,audience,84
2358,category,12
2358,category,145
2358,category,1611
2358,cost,43
2358,service type,17
2358,postalCode,479
2358,url,111
2358,url,659
2358,identifier,2360
2358,name,2361
2358,name,23
2358,hasMap,24
2358,areaServed,25
2358,provider,2358
2358,address,1282
2358,longitude,27
2358,availableChannel,2362
2358,availableChannel,2363
2358,containedInPlace,488
2358,description,2358
2358,telephone,2364
2358,text,2365
2358,xmlschema11-2#time,34
2358,xmlschema11-2#time,37
2358,xmlschema11-2#time,36
2358,xmlschema11-2#time,35
2358,xmlschema11-2#time,33
2358,xmlschema11-2#time,39
2358,xmlschema11-2#time,38
2358,conditionsOfAccess,23
2366,latitude,2367
2366,cost,7
2366,category,14
2366,audience,11
2366,audience,327
2366,audience,8
2366,availability,6
2366,audience,125
2366,category,145
2366,audience,128
2366,category,91
2366,language,4
2366,category,5
2366,service type,17
2366,postalCode,479
2366,url,111
2366,identifier,2368
2366,name,23
2366,name,2369
2366,hasMap,24
2366,areaServed,25
2366,provider,2366
2366,address,2370
2366,longitude,27
2366,availableChannel,2371
2366,availableChannel,2372
2366,containedInPlace,488
2366,description,2366
2366,telephone,2373
2366,text,2374
2366,xmlschema11-2#time,71
2366,xmlschema11-2#time,72
2366,xmlschema11-2#time,74
2366,xmlschema11-2#time,73
2366,xmlschema11-2#time,70
2366,xmlschema11-2#time,75
2366,xmlschema11-2#time,76
2366,conditionsOfAccess,23
2375,latitude,2376
2375,audience,316
2375,audience,47
2375,category,145
2375,audience,158
2375,cost,175
2375,category,478
2375,audience,58
2375,availability,6
2375,audience,84
2375,audience,581
2375,language,4
2375,audience,286
2375,service type,17
2375,postalCode,1250
2375,url,2377
2375,url,2378
2375,identifier,2379
2375,name,2380
2375,name,23
2375,hasMap,24
2375,areaServed,25
2375,provider,2375
2375,address,2381
2375,longitude,27
2375,availableChannel,2382
2375,availableChannel,2383
2375,containedInPlace,1256
2375,description,2375
2375,telephone,2384
2375,text,2385
2375,xmlschema11-2#time,74
2375,xmlschema11-2#time,73
2375,xmlschema11-2#time,76
2375,xmlschema11-2#time,70
2375,xmlschema11-2#time,71
2375,xmlschema11-2#time,75
2375,xmlschema11-2#time,72
2375,conditionsOfAccess,2386
2387,latitude,2388
2387,category,93
2387,audience,158
2387,category,596
2387,audience,58
2387,audience,597
2387,category,190
2387,availability,6
2387,category,89
2387,cost,43
2387,audience,47
2387,language,4
2387,service type,17
2387,postalCode,1136
2387,url,111
2387,identifier,2389
2387,name,2390
2387,name,23
2387,hasMap,24
2387,areaServed,2391
2387,provider,2387
2387,address,2392
2387,longitude,27
2387,availableChannel,2393
2387,availableChannel,2394
2387,containedInPlace,1142
2387,description,2387
2387,telephone,2395
2387,text,2396
2387,xmlschema11-2#time,75
2387,xmlschema11-2#time,252
2387,xmlschema11-2#time,809
2387,xmlschema11-2#time,2397
2387,xmlschema11-2#time,254
2387,xmlschema11-2#time,255
2387,xmlschema11-2#time,72
2387,conditionsOfAccess,2398
2399,latitude,2400
2399,audience,580
2399,audience,50
2399,availability,235
2399,category,88
2399,audience,94
2399,audience,47
2399,audience,159
2399,category,81
2399,audience,84
2399,language,4
2399,category,91
2399,cost,43
2399,audience,58
2399,category,14
2399,category,145
2399,service type,17
2399,postalCode,1472
2399,url,2401
2399,identifier,2402
2399,name,2403
2399,name,23
2399,hasMap,24
2399,areaServed,25
2399,provider,2399
2399,address,2404
2399,longitude,27
2399,availableChannel,2405
2399,availableChannel,2406
2399,containedInPlace,1479
2399,description,2399
2399,telephone,1480
2399,text,2407
2399,xmlschema11-2#time,1485
2399,xmlschema11-2#time,1482
2399,xmlschema11-2#time,72
2399,xmlschema11-2#time,1122
2399,xmlschema11-2#time,1484
2399,xmlschema11-2#time,252
2399,xmlschema11-2#time,1483
2399,conditionsOfAccess,23
2408,latitude,2409
2408,category,146
2408,category,90
2408,audience,144
2408,availability,143
2408,audience,94
2408,language,4
2408,category,145
2408,audience,92
2408,cost,143
2408,service type,17
2408,postalCode,582
2408,url,111
2408,identifier,2410
2408,name,23
2408,name,2411
2408,hasMap,24
2408,areaServed,25
2408,provider,2408
2408,address,2412
2408,longitude,27
2408,availableChannel,2413
2408,availableChannel,2414
2408,containedInPlace,590
2408,description,2408
2408,telephone,2415
2408,text,155
2408,xmlschema11-2#time,74
2408,xmlschema11-2#time,72
2408,xmlschema11-2#time,76
2408,xmlschema11-2#time,75
2408,xmlschema11-2#time,70
2408,xmlschema11-2#time,73
2408,xmlschema11-2#time,71
2408,conditionsOfAccess,23
2416,latitude,2417
2416,language,4
2416,category,190
2416,language,679
2416,cost,7
2416,audience,84
2416,category,478
2416,category,5
2416,audience,9
2416,audience,11
2416,audience,8
2416,category,124
2416,availability,6
2416,category,12
2416,service type,17
2416,postalCode,642
2416,url,694
2416,url,695
2416,identifier,2418
2416,name,2419
2416,name,23
2416,hasMap,24
2416,areaServed,63
2416,provider,2416
2416,address,2420
2416,longitude,27
2416,longitude,27
2416,availableChannel,2421
2416,availableChannel,2422
2416,containedInPlace,649
2416,description,2416
2416,telephone,2423
2416,telephone,2424
2416,text,2425
2416,xmlschema11-2#time,75
2416,xmlschema11-2#time,2426
2416,xmlschema11-2#time,2427
2416,xmlschema11-2#time,2428
2416,xmlschema11-2#time,72
2416,xmlschema11-2#time,2429
2416,xmlschema11-2#time,2430
2416,conditionsOfAccess,2431
2432,latitude,2433
2432,cost,43
2432,category,42
2432,audience,720
2432,audience,83
2432,category,190
2432,audience,82
2432,category,5
2432,audience,94
2432,audience,11
2432,audience,3
2432,language,4
2432,audience,144
2432,availability,6
2432,audience,193
2432,service type,17
2432,postalCode,59
2432,url,2434
2432,url,2435
2432,identifier,2436
2432,name,23
2432,name,2437
2432,hasMap,24
2432,areaServed,63
2432,provider,2432
2432,address,2438
2432,longitude,27
2432,availableChannel,2439
2432,availableChannel,2440
2432,containedInPlace,67
2432,description,2432
2432,telephone,1629
2432,text,2441
2432,xmlschema11-2#time,39
2432,xmlschema11-2#time,36
2432,xmlschema11-2#time,37
2432,xmlschema11-2#time,38
2432,xmlschema11-2#time,33
2432,xmlschema11-2#time,35
2432,xmlschema11-2#time,34
2432,conditionsOfAccess,2442
2443,latitude,2409
2443,audience,92
2443,category,90
2443,category,145
2443,availability,143
2443,category,146
2443,audience,94
2443,language,4
2443,cost,175
2443,audience,144
2443,service type,17
2443,postalCode,582
2443,identifier,2444
2443,name,2445
2443,name,23
2443,hasMap,24
2443,areaServed,25
2443,provider,2443
2443,address,2412
2443,longitude,27
2443,availableChannel,2446
2443,availableChannel,2447
2443,containedInPlace,590
2443,description,2443
2443,telephone,2448
2443,text,155
2443,xmlschema11-2#time,2449
2443,xmlschema11-2#time,806
2443,xmlschema11-2#time,2450
2443,xmlschema11-2#time,2451
2443,xmlschema11-2#time,2452
2443,xmlschema11-2#time,2453
2443,xmlschema11-2#time,2454
2443,conditionsOfAccess,23
2455,latitude,2456
2455,audience,94
2455,cost,43
2455,category,1801
2455,language,4
2455,audience,50
2455,category,397
2455,audience,84
2455,availability,6
2455,audience,47
2455,audience,720
2455,category,42
2455,category,93
2455,service type,17
2455,postalCode,739
2455,url,2457
2455,url,2458
2455,identifier,2459
2455,name,2460
2455,name,23
2455,hasMap,24
2455,areaServed,2461
2455,provider,2455
2455,address,2462
2455,longitude,27
2455,availableChannel,2463
2455,availableChannel,2464
2455,containedInPlace,745
2455,description,2455
2455,telephone,2465
2455,text,2466
2455,xmlschema11-2#time,521
2455,xmlschema11-2#time,522
2455,xmlschema11-2#time,520
2455,xmlschema11-2#time,517
2455,xmlschema11-2#time,75
2455,xmlschema11-2#time,518
2455,xmlschema11-2#time,72
2455,conditionsOfAccess,2467
2468,latitude,2469
2468,category,355
2468,audience,3
2468,category,356
2468,category,14
2468,category,2470
2468,audience,193
2468,category,53
2468,category,190
2468,category,2105
2468,audience,11
2468,language,4
2468,category,2471
2468,audience,1346
2468,availability,6
2468,audience,144
2468,cost,43
2468,audience,2472
2468,service type,17
2468,postalCode,1715
2468,url,2473
2468,url,2474
2468,identifier,2475
2468,name,23
2468,name,2476
2468,hasMap,24
2468,areaServed,25
2468,provider,2468
2468,address,2477
2468,longitude,27
2468,availableChannel,2478
2468,availableChannel,2479
2468,containedInPlace,1721
2468,description,2468
2468,telephone,2480
2468,text,2481
2468,xmlschema11-2#time,75
2468,xmlschema11-2#time,171
2468,xmlschema11-2#time,167
2468,xmlschema11-2#time,72
2468,xmlschema11-2#time,251
2468,xmlschema11-2#time,170
2468,xmlschema11-2#time,168
2468,conditionsOfAccess,2482
2483,latitude,2484
2483,audience,9
2483,category,12
2483,language,4
2483,availability,6
2483,cost,7
2483,category,90
2483,category,145
2483,category,42
2483,audience,50
2483,audience,94
2483,audience,84
2483,service type,17
2483,postalCode,295
2483,url,1227
2483,identifier,2485
2483,name,23
2483,name,2486
2483,hasMap,24
2483,areaServed,2487
2483,provider,2483
2483,address,2488
2483,longitude,27
2483,longitude,27
2483,availableChannel,2489
2483,availableChannel,2490
2483,containedInPlace,305
2483,description,2483
2483,telephone,2222
2483,telephone,2491
2483,text,2492
2483,xmlschema11-2#time,74
2483,xmlschema11-2#time,2493
2483,xmlschema11-2#time,2494
2483,xmlschema11-2#time,70
2483,xmlschema11-2#time,2495
2483,xmlschema11-2#time,73
2483,xmlschema11-2#time,2496
2483,xmlschema11-2#time,72
2483,xmlschema11-2#time,71
2483,xmlschema11-2#time,76
2483,xmlschema11-2#time,75
2483,xmlschema11-2#time,2497
2483,conditionsOfAccess,1641
2498,latitude,2499
2498,audience,8
2498,category,2500
2498,language,4
2498,availability,6
2498,audience,11
2498,category,145
2498,category,478
2498,cost,43
2498,service type,17
2498,postalCode,18
2498,url,20
2498,url,19
2498,identifier,2501
2498,name,2502
2498,name,23
2498,hasMap,24
2498,areaServed,25
2498,provider,2498
2498,address,26
2498,longitude,27
2498,availableChannel,2503
2498,availableChannel,2504
2498,containedInPlace,30
2498,description,2498
2498,telephone,31
2498,text,2505
2498,xmlschema11-2#time,35
2498,xmlschema11-2#time,34
2498,xmlschema11-2#time,39
2498,xmlschema11-2#time,36
2498,xmlschema11-2#time,38
2498,xmlschema11-2#time,33
2498,xmlschema11-2#time,37
2498,conditionsOfAccess,2506
2507,latitude,1056
2507,audience,9
2507,availability,6
2507,audience,82
2507,category,90
2507,audience,94
2507,category,88
2507,category,124
2507,audience,3
2507,category,42
2507,cost,7
2507,audience,92
2507,language,4
2507,category,14
2507,audience,58
2507,audience,11
2507,service type,17
2507,postalCode,858
2507,url,1058
2507,url,1057
2507,identifier,2508
2507,name,2509
2507,name,23
2507,hasMap,24
2507,areaServed,1580
2507,provider,2507
2507,address,1061
2507,longitude,27
2507,availableChannel,2510
2507,availableChannel,2511
2507,containedInPlace,864
2507,description,2507
2507,telephone,1064
2507,text,2512
2507,xmlschema11-2#time,76
2507,xmlschema11-2#time,72
2507,xmlschema11-2#time,75
2507,xmlschema11-2#time,73
2507,xmlschema11-2#time,74
2507,xmlschema11-2#time,71
2507,xmlschema11-2#time,70
2507,conditionsOfAccess,2513
2514,latitude,2515
2514,category,359
2514,cost,7
2514,language,4
2514,availability,6
2514,category,145
2514,category,5
2514,category,80
2514,audience,84
2514,audience,144
2514,category,129
2514,category,86
2514,audience,598
2514,service type,17
2514,postalCode,1587
2514,url,2516
2514,identifier,2517
2514,name,23
2514,name,2518
2514,hasMap,24
2514,areaServed,25
2514,provider,2514
2514,address,1591
2514,longitude,27
2514,availableChannel,2519
2514,availableChannel,2520
2514,containedInPlace,1594
2514,description,2514
2514,telephone,2521
2514,text,2522
2514,xmlschema11-2#time,75
2514,xmlschema11-2#time,70
2514,xmlschema11-2#time,76
2514,xmlschema11-2#time,74
2514,xmlschema11-2#time,71
2514,xmlschema11-2#time,73
2514,xmlschema11-2#time,72
2514,conditionsOfAccess,2523
2524,latitude,2525
2524,audience,128
2524,audience,775
2524,audience,327
2524,audience,2526
2524,category,190
2524,category,88
2524,audience,331
2524,category,89
2524,availability,6
2524,audience,47
2524,audience,123
2524,category,2527
2524,category,232
2524,audience,58
2524,language,4
2524,audience,125
2524,category,54
2524,audience,158
2524,category,124
2524,cost,43
2524,category,2528
2524,service type,17
2524,postalCode,479
2524,url,2529
2524,url,2530
2524,identifier,2531
2524,name,23
2524,name,2532
2524,hasMap,24
2524,areaServed,25
2524,provider,2524
2524,address,2110
2524,longitude,27
2524,availableChannel,2533
2524,availableChannel,2534
2524,containedInPlace,488
2524,description,2524
2524,telephone,2535
2524,text,2536
2524,xmlschema11-2#time,170
2524,xmlschema11-2#time,72
2524,xmlschema11-2#time,167
2524,xmlschema11-2#time,75
2524,xmlschema11-2#time,171
2524,xmlschema11-2#time,251
2524,xmlschema11-2#time,168
2524,conditionsOfAccess,2537
2538,latitude,2539
2538,category,90
2538,category,89
2538,audience,84
2538,audience,94
2538,category,1611
2538,audience,286
2538,language,4
2538,audience,158
2538,availability,6
2538,cost,43
2538,audience,720
2538,category,14
2538,category,12
2538,service type,17
2538,postalCode,582
2538,url,2540
2538,url,2541
2538,identifier,2542
2538,name,23
2538,name,2543
2538,hasMap,24
2538,areaServed,25
2538,provider,2538
2538,address,2544
2538,longitude,27
2538,availableChannel,2545
2538,availableChannel,2546
2538,containedInPlace,590
2538,description,2538
2538,telephone,2547
2538,text,2548
2538,xmlschema11-2#time,251
2538,xmlschema11-2#time,72
2538,xmlschema11-2#time,75
2538,xmlschema11-2#time,171
2538,xmlschema11-2#time,168
2538,xmlschema11-2#time,167
2538,xmlschema11-2#time,170
2538,conditionsOfAccess,2549
2550,latitude,2551
2550,audience,1376
2550,audience,158
2550,category,91
2550,category,145
2550,audience,58
2550,audience,198
2550,availability,6
2550,language,4
2550,audience,286
2550,cost,175
2550,category,14
2550,audience,47
2550,service type,17
2550,postalCode,527
2550,url,2552
2550,identifier,2553
2550,name,23
2550,name,2554
2550,hasMap,24
2550,areaServed,2555
2550,provider,2550
2550,address,2556
2550,longitude,27
2550,availableChannel,2557
2550,availableChannel,2558
2550,containedInPlace,536
2550,description,2550
2550,telephone,2559
2550,text,2560
2550,xmlschema11-2#time,391
2550,xmlschema11-2#time,388
2550,xmlschema11-2#time,2561
2550,xmlschema11-2#time,389
2550,xmlschema11-2#time,390
2550,xmlschema11-2#time,2562
2550,xmlschema11-2#time,1209
2550,conditionsOfAccess,2563
2564,latitude,2565
2564,audience,3
2564,category,146
2564,audience,9
2564,cost,7
2564,audience,144
2564,category,2566
2564,language,4
2564,audience,193
2564,availability,6
2564,audience,94
2564,category,42
2564,category,190
2564,category,91
2564,audience,11
2564,service type,17
2564,postalCode,1136
2564,url,2567
2564,url,2568
2564,identifier,2569
2564,name,23
2564,name,2570
2564,hasMap,24
2564,areaServed,2571
2564,provider,2564
2564,address,2572
2564,longitude,27
2564,availableChannel,2573
2564,availableChannel,2574
2564,containedInPlace,1142
2564,description,2564
2564,telephone,2575
2564,text,2576
2564,xmlschema11-2#time,76
2564,xmlschema11-2#time,72
2564,xmlschema11-2#time,75
2564,xmlschema11-2#time,73
2564,xmlschema11-2#time,71
2564,xmlschema11-2#time,74
2564,xmlschema11-2#time,70
2564,conditionsOfAccess,2577
2578,latitude,2579
2578,cost,43
2578,category,655
2578,audience,195
2578,category,2105
2578,category,124
2578,category,612
2578,category,718
2578,availability,6
2578,category,478
2578,category,357
2578,category,356
2578,category,1815
2578,language,4
2578,audience,1376
2578,category,145
2578,audience,50
2578,service type,17
2578,postalCode,18
2578,url,111
2578,identifier,2580
2578,name,23
2578,name,2581
2578,hasMap,24
2578,areaServed,2391
2578,provider,2578
2578,address,2582
2578,longitude,27
2578,availableChannel,2583
2578,availableChannel,2584
2578,containedInPlace,30
2578,description,2578
2578,telephone,2585
2578,text,2586
2578,xmlschema11-2#time,168
2578,xmlschema11-2#time,72
2578,xmlschema11-2#time,251
2578,xmlschema11-2#time,171
2578,xmlschema11-2#time,167
2578,xmlschema11-2#time,170
2578,xmlschema11-2#time,75
2578,conditionsOfAccess,2587
2588,latitude,857
2588,category,478
2588,audience,8
2588,cost,175
2588,audience,9
2588,availability,6
2588,audience,286
2588,language,4
2588,audience,499
2588,category,124
2588,audience,11
2588,audience,84
2588,category,12
2588,service type,17
2588,postalCode,858
2588,url,111
2588,identifier,2589
2588,name,2590
2588,name,23
2588,hasMap,24
2588,areaServed,25
2588,provider,2588
2588,address,861
2588,longitude,27
2588,longitude,27
2588,availableChannel,2591
2588,availableChannel,2592
2588,containedInPlace,864
2588,description,2588
2588,telephone,2593
2588,telephone,2594
2588,text,2595
2588,xmlschema11-2#time,870
2588,xmlschema11-2#time,867
2588,xmlschema11-2#time,37
2588,xmlschema11-2#time,33
2588,xmlschema11-2#time,72
2588,xmlschema11-2#time,871
2588,xmlschema11-2#time,35
2588,xmlschema11-2#time,868
2588,xmlschema11-2#time,34
2588,xmlschema11-2#time,39
2588,xmlschema11-2#time,38
2588,xmlschema11-2#time,869
2588,xmlschema11-2#time,36
2588,xmlschema11-2#time,75
2588,conditionsOfAccess,2596
2597,latitude,2598
2597,audience,581
2597,category,292
2597,audience,9
2597,audience,316
2597,audience,84
2597,language,4
2597,category,12
2597,audience,158
2597,availability,6
2597,cost,175
2597,service type,17
2597,postalCode,18
2597,url,426
2597,identifier,2599
2597,name,2600
2597,name,23
2597,hasMap,24
2597,areaServed,25
2597,provider,2597
2597,address,2601
2597,longitude,27
2597,availableChannel,2602
2597,availableChannel,2603
2597,containedInPlace,30
2597,description,2597
2597,telephone,2604
2597,text,2605
2597,xmlschema11-2#time,1414
2597,xmlschema11-2#time,72
2597,xmlschema11-2#time,2304
2597,xmlschema11-2#time,2303
2597,xmlschema11-2#time,2302
2597,xmlschema11-2#time,2301
2597,xmlschema11-2#time,75
2597,conditionsOfAccess,2606
2607,latitude,2608
2607,audience,58
2607,language,4
2607,category,16
2607,audience,2609
2607,availability,6
2607,audience,8
2607,category,12
2607,category,394
2607,cost,7
2607,service type,17
2607,postalCode,739
2607,url,942
2607,url,941
2607,identifier,2610
2607,name,23
2607,name,2611
2607,hasMap,24
2607,areaServed,25
2607,provider,2607
2607,address,2612
2607,longitude,27
2607,availableChannel,2613
2607,availableChannel,2614
2607,containedInPlace,745
2607,description,2607
2607,telephone,948
2607,text,2615
2607,xmlschema11-2#time,73
2607,xmlschema11-2#time,72
2607,xmlschema11-2#time,75
2607,xmlschema11-2#time,76
2607,xmlschema11-2#time,71
2607,xmlschema11-2#time,70
2607,xmlschema11-2#time,74
2607,conditionsOfAccess,2616
2617,latitude,2618
2617,category,88
2617,language,4
2617,audience,327
2617,audience,84
2617,audience,8
2617,audience,597
2617,audience,775
2617,category,89
2617,audience,144
2617,cost,43
2617,audience,2131
2617,availability,1800
2617,category,145
2617,audience,128
2617,audience,11
2617,audience,123
2617,audience,50
2617,audience,125
2617,audience,3
2617,category,596
2617,audience,331
2617,audience,193
2617,category,16
2617,service type,17
2617,postalCode,723
2617,url,111
2617,identifier,2619
2617,name,23
2617,name,2620
2617,hasMap,24
2617,areaServed,63
2617,provider,2617
2617,address,2621
2617,longitude,27
2617,availableChannel,2622
2617,availableChannel,2623
2617,containedInPlace,731
2617,description,2617
2617,telephone,2624
2617,text,2625
2617,xmlschema11-2#time,522
2617,xmlschema11-2#time,521
2617,xmlschema11-2#time,75
2617,xmlschema11-2#time,518
2617,xmlschema11-2#time,72
2617,xmlschema11-2#time,520
2617,xmlschema11-2#time,517
2617,conditionsOfAccess,2626
2627,latitude,1226
2627,cost,7
2627,language,4
2627,audience,8
2627,category,359
2627,availability,6
2627,category,145
2627,audience,3
2627,audience,9
2627,audience,84
2627,audience,11
2627,category,12
2627,service type,17
2627,postalCode,271
2627,url,1227
2627,identifier,2628
2627,name,2629
2627,name,23
2627,hasMap,24
2627,areaServed,822
2627,provider,2627
2627,address,1230
2627,longitude,27
2627,availableChannel,2630
2627,availableChannel,2631
2627,containedInPlace,279
2627,description,2627
2627,telephone,2632
2627,text,2633
2627,xmlschema11-2#time,74
2627,xmlschema11-2#time,72
2627,xmlschema11-2#time,76
2627,xmlschema11-2#time,71
2627,xmlschema11-2#time,73
2627,xmlschema11-2#time,75
2627,xmlschema11-2#time,70
2627,conditionsOfAccess,2634
2635,latitude,2636
2635,category,236
2635,audience,9
2635,category,229
2635,audience,158
2635,audience,87
2635,category,1335
2635,category,124
2635,category,239
2635,availability,6
2635,audience,230
2635,category,287
2635,category,613
2635,audience,581
2635,cost,7
2635,category,611
2635,language,4
2635,audience,598
2635,category,1024
2635,category,1502
2635,audience,316
2635,category,91
2635,service type,17
2635,postalCode,18
2635,url,2637
2635,url,2638
2635,identifier,2639
2635,name,2640
2635,name,23
2635,hasMap,24
2635,areaServed,645
2635,provider,2635
2635,address,2641
2635,longitude,27
2635,availableChannel,2642
2635,availableChannel,2643
2635,containedInPlace,30
2635,description,2635
2635,telephone,2644
2635,text,2645
2635,xmlschema11-2#time,71
2635,xmlschema11-2#time,76
2635,xmlschema11-2#time,73
2635,xmlschema11-2#time,74
2635,xmlschema11-2#time,75
2635,xmlschema11-2#time,72
2635,xmlschema11-2#time,70
2635,conditionsOfAccess,2646
2647,latitude,2648
2647,category,88
2647,availability,6
2647,language,191
2647,category,91
2647,category,258
2647,audience,94
2647,audience,50
2647,category,42
2647,category,85
2647,language,4
2647,category,145
2647,cost,7
2647,audience,84
2647,category,80
2647,audience,58
2647,category,12
2647,category,14
2647,audience,47
2647,audience,83
2647,service type,17
2647,postalCode,378
2647,url,111
2647,url,2649
2647,identifier,2650
2647,name,2651
2647,name,23
2647,hasMap,24
2647,areaServed,63
2647,provider,2647
2647,address,2652
2647,longitude,27
2647,availableChannel,2653
2647,availableChannel,2654
2647,containedInPlace,385
2647,description,2647
2647,telephone,2655
2647,text,2656
2647,xmlschema11-2#time,72
2647,xmlschema11-2#time,75
2647,xmlschema11-2#time,213
2647,xmlschema11-2#time,838
2647,xmlschema11-2#time,211
2647,xmlschema11-2#time,212
2647,xmlschema11-2#time,837
2647,conditionsOfAccess,2657
2658,latitude,2659
2658,availability,6
2658,cost,7
2658,category,237
2658,category,16
2658,category,1845
2658,category,12
2658,language,4
2658,category,397
2658,audience,193
2658,service type,17
2658,postalCode,295
2658,url,2660
2658,url,2661
2658,identifier,2662
2658,name,23
2658,name,2663
2658,hasMap,24
2658,areaServed,2664
2658,provider,2658
2658,address,2665
2658,longitude,27
2658,longitude,27
2658,availableChannel,2666
2658,availableChannel,2667
2658,containedInPlace,305
2658,description,2658
2658,telephone,2668
2658,telephone,2669
2658,text,2670
2658,xmlschema11-2#time,36
2658,xmlschema11-2#time,33
2658,xmlschema11-2#time,39
2658,xmlschema11-2#time,35
2658,xmlschema11-2#time,37
2658,xmlschema11-2#time,34
2658,xmlschema11-2#time,38
2658,conditionsOfAccess,772
2671,latitude,2672
2671,audience,94
2671,audience,234
2671,availability,6
2671,audience,286
2671,audience,193
2671,audience,316
2671,audience,8
2671,audience,144
2671,category,16
2671,category,90
2671,category,397
2671,category,89
2671,audience,3
2671,category,5
2671,cost,175
2671,audience,738
2671,audience,159
2671,audience,11
2671,language,4
2671,category,42
2671,audience,83
2671,audience,580
2671,audience,47
2671,audience,627
2671,language,191
2671,category,80
2671,audience,84
2671,audience,9
2671,category,12
2671,service type,17
2671,postalCode,295
2671,url,2673
2671,url,2674
2671,identifier,2675
2671,name,2676
2671,name,23
2671,hasMap,24
2671,areaServed,2677
2671,provider,2671
2671,address,2678
2671,longitude,27
2671,longitude,27
2671,availableChannel,2679
2671,availableChannel,2680
2671,containedInPlace,305
2671,description,2671
2671,telephone,2681
2671,telephone,2682
2671,text,2683
2671,xmlschema11-2#time,73
2671,xmlschema11-2#time,2684
2671,xmlschema11-2#time,807
2671,xmlschema11-2#time,76
2671,xmlschema11-2#time,70
2671,xmlschema11-2#time,71
2671,xmlschema11-2#time,74
2671,xmlschema11-2#time,75
2671,xmlschema11-2#time,813
2671,xmlschema11-2#time,2685
2671,xmlschema11-2#time,2686
2671,xmlschema11-2#time,72
2671,conditionsOfAccess,2687
2688,latitude,2689
2688,cost,175
2688,category,80
2688,language,4
2688,audience,2690
2688,audience,195
2688,audience,58
2688,audience,50
2688,category,145
2688,audience,2691
2688,availability,6
2688,audience,84
2688,audience,47
2688,category,15
2688,category,90
2688,audience,194
2688,category,5
2688,audience,87
2688,audience,3
2688,audience,94
2688,category,258
2688,audience,316
2688,audience,581
2688,category,88
2688,service type,17
2688,postalCode,527
2688,url,2692
2688,url,2693
2688,identifier,2694
2688,name,2695
2688,name,23
2688,hasMap,24
2688,areaServed,2696
2688,provider,2688
2688,address,2697
2688,longitude,27
2688,availableChannel,2698
2688,availableChannel,2699
2688,containedInPlace,536
2688,description,2688
2688,telephone,2700
2688,text,2701
2688,xmlschema11-2#time,72
2688,xmlschema11-2#time,75
2688,xmlschema11-2#time,170
2688,xmlschema11-2#time,251
2688,xmlschema11-2#time,168
2688,xmlschema11-2#time,167
2688,xmlschema11-2#time,171
2688,conditionsOfAccess,23
2702,latitude,2703
2702,audience,58
2702,category,12
2702,language,4
2702,category,721
2702,audience,331
2702,category,124
2702,language,2704
2702,language,2705
2702,category,232
2702,category,12
2702,audience,47
2702,availability,6
2702,category,721
2702,language,676
2702,category,124
2702,language,678
2702,audience,775
2702,cost,43
2702,category,232
2702,category,2706
2702,category,2706
2702,audience,158
2702,language,2707
2702,service type,17
2702,service type,2192
2702,postalCode,776
2702,url,2708
2702,url,2709
2702,identifier,2710
2702,name,23
2702,name,2711
2702,hasMap,24
2702,areaServed,63
2702,provider,2702
2702,address,2712
2702,longitude,27
2702,longitude,27
2702,availableChannel,2713
2702,availableChannel,2714
2702,containedInPlace,784
2702,description,2702
2702,telephone,2715
2702,text,2716
2702,text,2717
2702,xmlschema11-2#time,76
2702,xmlschema11-2#time,73
2702,xmlschema11-2#time,72
2702,xmlschema11-2#time,70
2702,xmlschema11-2#time,74
2702,xmlschema11-2#time,75
2702,xmlschema11-2#time,71
2702,conditionsOfAccess,2718
2719,latitude,2720
2719,audience,316
2719,audience,8
2719,cost,175
2719,audience,327
2719,category,80
2719,availability,6
2719,category,145
2719,audience,193
2719,language,4
2719,audience,3
2719,audience,144
2719,audience,597
2719,audience,159
2719,audience,580
2719,category,5
2719,audience,128
2719,audience,11
2719,audience,286
2719,audience,84
2719,service type,17
2719,postalCode,450
2719,url,2721
2719,identifier,2722
2719,name,2723
2719,name,23
2719,hasMap,24
2719,areaServed,25
2719,provider,2719
2719,address,2724
2719,longitude,27
2719,availableChannel,2725
2719,availableChannel,2726
2719,containedInPlace,458
2719,description,2719
2719,telephone,2727
2719,text,2728
2719,xmlschema11-2#time,72
2719,xmlschema11-2#time,167
2719,xmlschema11-2#time,170
2719,xmlschema11-2#time,171
2719,xmlschema11-2#time,251
2719,xmlschema11-2#time,75
2719,xmlschema11-2#time,168
2719,conditionsOfAccess,23
2729,latitude,1726
2729,audience,158
2729,category,14
2729,cost,7
2729,audience,58
2729,category,232
2729,audience,10
2729,availability,6
2729,language,4
2729,category,12
2729,category,124
2729,category,145
2729,service type,17
2729,postalCode,1237
2729,url,111
2729,identifier,2730
2729,name,2731
2729,name,23
2729,hasMap,24
2729,areaServed,25
2729,provider,2729
2729,address,1729
2729,longitude,27
2729,availableChannel,2732
2729,availableChannel,2733
2729,containedInPlace,1244
2729,description,2729
2729,telephone,2734
2729,text,2735
2729,xmlschema11-2#time,71
2729,xmlschema11-2#time,76
2729,xmlschema11-2#time,75
2729,xmlschema11-2#time,74
2729,xmlschema11-2#time,70
2729,xmlschema11-2#time,72
2729,xmlschema11-2#time,73
2729,conditionsOfAccess,23
2736,latitude,2737
2736,audience,58
2736,language,4
2736,category,89
2736,audience,328
2736,category,93
2736,audience,8
2736,availability,6
2736,category,12
2736,category,596
2736,cost,43
2736,audience,597
2736,audience,11
2736,service type,17
2736,postalCode,1644
2736,url,111
2736,identifier,2738
2736,name,23
2736,name,2739
2736,hasMap,24
2736,areaServed,63
2736,provider,2736
2736,address,2740
2736,longitude,27
2736,availableChannel,2741
2736,availableChannel,2742
2736,containedInPlace,1651
2736,description,2736
2736,telephone,2743
2736,text,2744
2736,xmlschema11-2#time,251
2736,xmlschema11-2#time,75
2736,xmlschema11-2#time,167
2736,xmlschema11-2#time,171
2736,xmlschema11-2#time,170
2736,xmlschema11-2#time,72
2736,xmlschema11-2#time,168
2736,conditionsOfAccess,2745
2746,latitude,1586
2746,audience,10
2746,language,4
2746,language,191
2746,category,145
2746,audience,9
2746,availability,235
2746,category,12
2746,audience,11
2746,category,129
2746,audience,1345
2746,category,5
2746,audience,8
2746,category,14
2746,cost,7
2746,category,612
2746,category,91
2746,audience,84
2746,category,294
2746,service type,17
2746,postalCode,1587
2746,url,1588
2746,identifier,2747
2746,name,23
2746,name,2748
2746,hasMap,24
2746,areaServed,25
2746,provider,2746
2746,address,1591
2746,longitude,27
2746,availableChannel,2749
2746,availableChannel,2750
2746,containedInPlace,1594
2746,description,2746
2746,telephone,1595
2746,text,1596
2746,xmlschema11-2#time,213
2746,xmlschema11-2#time,72
2746,xmlschema11-2#time,837
2746,xmlschema11-2#time,211
2746,xmlschema11-2#time,838
2746,xmlschema11-2#time,75
2746,xmlschema11-2#time,212
2746,conditionsOfAccess,1597
2751,latitude,1418
2751,audience,11
2751,category,611
2751,category,5
2751,language,4
2751,audience,10
2751,category,237
2751,audience,581
2751,audience,316
2751,audience,159
2751,category,656
2751,audience,598
2751,audience,580
2751,audience,8
2751,category,13
2751,category,292
2751,audience,9
2751,availability,1110
2751,audience,2609
2751,category,124
2751,audience,84
2751,audience,1957
2751,category,1502
2751,category,233
2751,cost,175
2751,service type,17
2751,postalCode,479
2751,url,242
2751,url,2752
2751,identifier,2753
2751,name,2754
2751,name,23
2751,hasMap,24
2751,areaServed,25
2751,provider,2751
2751,address,1423
2751,longitude,27
2751,availableChannel,2755
2751,availableChannel,2756
2751,containedInPlace,488
2751,description,2751
2751,telephone,2757
2751,text,2758
2751,xmlschema11-2#time,167
2751,xmlschema11-2#time,170
2751,xmlschema11-2#time,72
2751,xmlschema11-2#time,251
2751,xmlschema11-2#time,75
2751,xmlschema11-2#time,171
2751,xmlschema11-2#time,168
2751,conditionsOfAccess,608
2759,latitude,790
2759,audience,159
2759,category,5
2759,category,145
2759,language,191
2759,audience,84
2759,category,91
2759,audience,580
2759,language,4
2759,category,12
2759,audience,9
2759,audience,234
2759,cost,7
2759,availability,6
2759,category,129
2759,category,14
2759,audience,158
2759,category,85
2759,service type,17
2759,postalCode,582
2759,url,2760
2759,identifier,2761
2759,name,2762
2759,name,23
2759,hasMap,24
2759,areaServed,2763
2759,provider,2759
2759,address,799
2759,longitude,27
2759,longitude,27
2759,availableChannel,2764
2759,availableChannel,2765
2759,containedInPlace,590
2759,description,2759
2759,telephone,2766
2759,telephone,2767
2759,text,2768
2759,xmlschema11-2#time,2686
2759,xmlschema11-2#time,2685
2759,xmlschema11-2#time,76
2759,xmlschema11-2#time,813
2759,xmlschema11-2#time,75
2759,xmlschema11-2#time,72
2759,xmlschema11-2#time,807
2759,conditionsOfAccess,1641
2769,latitude,857
2769,language,4
2769,audience,9
2769,audience,286
2769,category,80
2769,audience,8
2769,audience,84
2769,audience,11
2769,audience,3
2769,category,232
2769,category,12
2769,availability,6
2769,cost,175
2769,service type,17
2769,postalCode,858
2769,url,111
2769,identifier,2770
2769,name,23
2769,name,2771
2769,hasMap,24
2769,areaServed,25
2769,provider,2769
2769,address,861
2769,longitude,27
2769,longitude,27
2769,availableChannel,2772
2769,availableChannel,2773
2769,containedInPlace,864
2769,description,2769
2769,telephone,2050
2769,telephone,2594
2769,text,2774
2769,xmlschema11-2#time,867
2769,xmlschema11-2#time,372
2769,xmlschema11-2#time,370
2769,xmlschema11-2#time,374
2769,xmlschema11-2#time,870
2769,xmlschema11-2#time,72
2769,xmlschema11-2#time,871
2769,xmlschema11-2#time,868
2769,xmlschema11-2#time,75
2769,xmlschema11-2#time,371
2769,xmlschema11-2#time,869
2769,xmlschema11-2#time,373
2769,conditionsOfAccess,2775
2776,latitude,2777
2776,category,5
2776,audience,58
2776,audience,84
2776,audience,9
2776,audience,8
2776,category,14
2776,category,88
2776,cost,7
2776,availability,6
2776,audience,11
2776,category,12
2776,category,80
2776,category,129
2776,language,4
2776,category,414
2776,audience,316
2776,audience,286
2776,category,91
2776,service type,17
2776,postalCode,59
2776,url,111
2776,identifier,2778
2776,name,23
2776,name,2779
2776,hasMap,24
2776,areaServed,63
2776,provider,2776
2776,address,2780
2776,longitude,27
2776,availableChannel,2781
2776,availableChannel,2782
2776,containedInPlace,67
2776,description,2776
2776,telephone,2783
2776,text,2784
2776,xmlschema11-2#time,390
2776,xmlschema11-2#time,391
2776,xmlschema11-2#time,389
2776,xmlschema11-2#time,2684
2776,xmlschema11-2#time,72
2776,xmlschema11-2#time,75
2776,xmlschema11-2#time,388
2776,conditionsOfAccess,2785
2786,latitude,2787
2786,audience,158
2786,audience,58
2786,cost,7
2786,category,12
2786,category,5
2786,category,80
2786,audience,47
2786,language,4
2786,audience,84
2786,category,15
2786,language,191
2786,availability,6
2786,service type,17
2786,postalCode,450
2786,url,111
2786,identifier,2788
2786,name,2789
2786,name,23
2786,hasMap,24
2786,areaServed,25
2786,provider,2786
2786,address,2790
2786,longitude,27
2786,availableChannel,2791
2786,availableChannel,2792
2786,containedInPlace,458
2786,description,2786
2786,telephone,2793
2786,text,2794
2786,xmlschema11-2#time,71
2786,xmlschema11-2#time,70
2786,xmlschema11-2#time,76
2786,xmlschema11-2#time,75
2786,xmlschema11-2#time,72
2786,xmlschema11-2#time,73
2786,xmlschema11-2#time,74
2786,conditionsOfAccess,1641
2795,latitude,1069
2795,latitude,927
2795,audience,11
2795,audience,8
2795,category,15
2795,category,88
2795,cost,7
2795,category,90
2795,audience,3
2795,audience,58
2795,audience,94
2795,audience,328
2795,category,14
2795,category,145
2795,language,4
2795,category,2566
2795,availability,6
2795,category,437
2795,service type,17
2795,postalCode,59
2795,postalCode,95
2795,url,96
2795,url,97
2795,identifier,2796
2795,name,2797
2795,name,23
2795,hasMap,24
2795,hasMap,24
2795,areaServed,25
2795,provider,2795
2795,address,1073
2795,address,932
2795,longitude,27
2795,longitude,27
2795,availableChannel,2798
2795,availableChannel,2799
2795,containedInPlace,67
2795,containedInPlace,103
2795,description,2795
2795,telephone,104
2795,text,2800
2795,xmlschema11-2#time,76
2795,xmlschema11-2#time,937
2795,xmlschema11-2#time,72
2795,xmlschema11-2#time,520
2795,xmlschema11-2#time,75
2795,xmlschema11-2#time,521
2795,xmlschema11-2#time,522
2795,xmlschema11-2#time,517
2795,conditionsOfAccess,2801
2802,latitude,2803
2802,language,4
2802,category,42
2802,category,12
2802,audience,50
2802,category,57
2802,category,90
2802,category,1801
2802,audience,94
2802,audience,47
2802,audience,84
2802,availability,6
2802,audience,82
2802,cost,7
2802,service type,17
2802,postalCode,59
2802,url,111
2802,identifier,2804
2802,name,23
2802,name,2805
2802,hasMap,24
2802,areaServed,25
2802,provider,2802
2802,address,2806
2802,longitude,27
2802,availableChannel,2807
2802,availableChannel,2808
2802,containedInPlace,67
2802,description,2802
2802,telephone,2809
2802,text,2810
2802,xmlschema11-2#time,72
2802,xmlschema11-2#time,2811
2802,xmlschema11-2#time,75
2802,xmlschema11-2#time,2812
2802,xmlschema11-2#time,2813
2802,xmlschema11-2#time,2814
2802,xmlschema11-2#time,2815
2802,conditionsOfAccess,2816
2817,latitude,1226
2817,cost,7
2817,audience,58
2817,availability,6
2817,audience,8
2817,category,80
2817,category,145
2817,audience,9
2817,audience,552
2817,audience,127
2817,category,414
2817,category,16
2817,language,4
2817,category,12
2817,audience,11
2817,audience,84
2817,category,88
2817,audience,3
2817,service type,17
2817,postalCode,271
2817,url,1227
2817,identifier,2818
2817,name,2819
2817,name,23
2817,hasMap,24
2817,areaServed,822
2817,provider,2817
2817,address,1230
2817,longitude,27
2817,availableChannel,2820
2817,availableChannel,2821
2817,containedInPlace,279
2817,description,2817
2817,telephone,2822
2817,text,2823
2817,xmlschema11-2#time,72
2817,xmlschema11-2#time,74
2817,xmlschema11-2#time,76
2817,xmlschema11-2#time,71
2817,xmlschema11-2#time,70
2817,xmlschema11-2#time,75
2817,xmlschema11-2#time,73
2817,conditionsOfAccess,2824
2825,latitude,2826
2825,category,190
2825,category,1135
2825,cost,175
2825,audience,3
2825,category,14
2825,audience,58
2825,audience,122
2825,audience,580
2825,category,126
2825,audience,159
2825,category,15
2825,category,2827
2825,category,1884
2825,audience,552
2825,category,16
2825,category,12
2825,audience,55
2825,audience,144
2825,audience,553
2825,language,4
2825,category,145
2825,audience,84
2825,category,91
2825,availability,6
2825,service type,17
2825,postalCode,332
2825,url,111
2825,identifier,2828
2825,name,2829
2825,name,23
2825,hasMap,24
2825,areaServed,25
2825,provider,2825
2825,address,2830
2825,longitude,27
2825,availableChannel,2831
2825,availableChannel,2832
2825,containedInPlace,341
2825,description,2825
2825,telephone,2833
2825,text,2834
2825,xmlschema11-2#time,75
2825,xmlschema11-2#time,72
2825,xmlschema11-2#time,172
2825,xmlschema11-2#time,951
2825,xmlschema11-2#time,954
2825,xmlschema11-2#time,955
2825,xmlschema11-2#time,953
2825,conditionsOfAccess,2835
2836,latitude,2837
2836,category,232
2836,category,611
2836,language,4
2836,audience,158
2836,availability,6
2836,category,233
2836,category,124
2836,audience,230
2836,category,613
2836,cost,43
2836,audience,231
2836,category,145
2836,service type,17
2836,postalCode,582
2836,url,583
2836,identifier,2838
2836,name,2839
2836,name,23
2836,hasMap,24
2836,areaServed,25
2836,provider,2836
2836,address,2840
2836,longitude,27
2836,availableChannel,2841
2836,availableChannel,2842
2836,containedInPlace,590
2836,description,2836
2836,telephone,2843
2836,telephone,2844
2836,text,2845
2836,xmlschema11-2#time,75
2836,xmlschema11-2#time,2320
2836,xmlschema11-2#time,2317
2836,xmlschema11-2#time,2318
2836,xmlschema11-2#time,2319
2836,xmlschema11-2#time,72
2836,xmlschema11-2#time,2316
2836,conditionsOfAccess,23
2846,latitude,2165
2846,audience,11
2846,audience,1214
2846,language,4
2846,audience,3
2846,audience,193
2846,audience,84
2846,audience,316
2846,category,91
2846,audience,144
2846,availability,6
2846,category,145
2846,audience,581
2846,category,12
2846,cost,7
2846,audience,47
2846,service type,17
2846,postalCode,295
2846,identifier,2847
2846,name,23
2846,name,2848
2846,hasMap,24
2846,areaServed,337
2846,provider,2846
2846,address,2168
2846,longitude,27
2846,availableChannel,2849
2846,availableChannel,2850
2846,containedInPlace,305
2846,description,2846
2846,telephone,2171
2846,text,2172
2846,xmlschema11-2#time,749
2846,xmlschema11-2#time,72
2846,xmlschema11-2#time,2173
2846,xmlschema11-2#time,750
2846,xmlschema11-2#time,75
2846,xmlschema11-2#time,751
2846,xmlschema11-2#time,748
2846,conditionsOfAccess,2174
2851,latitude,2852
2851,audience,193
2851,language,4
2851,category,5
2851,availability,6
2851,audience,627
2851,audience,195
2851,category,145
2851,audience,11
2851,audience,3
2851,category,129
2851,cost,43
2851,category,15
2851,audience,578
2851,audience,84
2851,category,12
2851,audience,144
2851,category,2827
2851,service type,17
2851,postalCode,18
2851,url,972
2851,url,973
2851,identifier,2853
2851,name,2854
2851,name,23
2851,hasMap,24
2851,areaServed,2855
2851,provider,2851
2851,address,2856
2851,longitude,27
2851,availableChannel,2857
2851,availableChannel,2858
2851,containedInPlace,30
2851,description,2851
2851,telephone,2859
2851,text,2860
2851,xmlschema11-2#time,35
2851,xmlschema11-2#time,38
2851,xmlschema11-2#time,37
2851,xmlschema11-2#time,39
2851,xmlschema11-2#time,34
2851,xmlschema11-2#time,33
2851,xmlschema11-2#time,36
2851,conditionsOfAccess,2861
2862,latitude,2863
2862,audience,9
2862,audience,158
2862,audience,84
2862,audience,598
2862,availability,6
2862,cost,7
2862,language,4
2862,category,145
2862,category,5
2862,category,91
2862,category,129
2862,service type,17
2862,postalCode,527
2862,url,111
2862,identifier,2864
2862,name,2865
2862,name,23
2862,hasMap,24
2862,areaServed,25
2862,provider,2862
2862,address,2866
2862,longitude,27
2862,availableChannel,2867
2862,availableChannel,2868
2862,containedInPlace,536
2862,description,2862
2862,telephone,2869
2862,text,2870
2862,xmlschema11-2#time,1528
2862,xmlschema11-2#time,72
2862,xmlschema11-2#time,2871
2862,xmlschema11-2#time,2872
2862,xmlschema11-2#time,2873
2862,xmlschema11-2#time,2874
2862,xmlschema11-2#time,75
2862,conditionsOfAccess,2875
2876,latitude,2877
2876,audience,84
2876,category,15
2876,audience,234
2876,audience,47
2876,audience,597
2876,audience,58
2876,audience,94
2876,audience,580
2876,category,190
2876,availability,6
2876,cost,143
2876,audience,11
2876,audience,627
2876,category,145
2876,category,12
2876,category,12
2876,category,2878
2876,audience,3
2876,category,91
2876,category,326
2876,audience,123
2876,category,14
2876,category,596
2876,language,4
2876,category,81
2876,audience,193
2876,audience,159
2876,audience,1214
2876,category,90
2876,category,129
2876,audience,1345
2876,audience,87
2876,category,80
2876,audience,144
2876,service type,17
2876,postalCode,18
2876,url,2879
2876,url,2880
2876,identifier,2881
2876,name,2882
2876,name,23
2876,hasMap,24
2876,areaServed,2883
2876,provider,2876
2876,address,2884
2876,longitude,27
2876,availableChannel,2885
2876,availableChannel,2886
2876,containedInPlace,30
2876,description,2876
2876,telephone,2887
2876,text,2888
2876,xmlschema11-2#time,1209
2876,xmlschema11-2#time,391
2876,xmlschema11-2#time,390
2876,xmlschema11-2#time,2562
2876,xmlschema11-2#time,388
2876,xmlschema11-2#time,389
2876,xmlschema11-2#time,2561
2876,conditionsOfAccess,23
2889,latitude,1056
2889,availability,6
2889,cost,7
2889,language,4
2889,category,12
2889,audience,3
2889,audience,84
2889,audience,11
2889,category,14
2889,category,91
2889,category,145
2889,audience,8
2889,audience,330
2889,category,359
2889,audience,9
2889,service type,17
2889,postalCode,858
2889,url,1058
2889,url,1057
2889,identifier,2890
2889,name,23
2889,name,2891
2889,hasMap,24
2889,areaServed,645
2889,provider,2889
2889,address,1061
2889,longitude,27
2889,availableChannel,2892
2889,availableChannel,2893
2889,containedInPlace,864
2889,description,2889
2889,telephone,1064
2889,text,2894
2889,xmlschema11-2#time,71
2889,xmlschema11-2#time,74
2889,xmlschema11-2#time,73
2889,xmlschema11-2#time,72
2889,xmlschema11-2#time,75
2889,xmlschema11-2#time,76
2889,xmlschema11-2#time,70
2889,conditionsOfAccess,2895
2896,latitude,2897
2896,audience,580
2896,audience,123
2896,audience,47
2896,language,4
2896,cost,175
2896,availability,6
2896,category,88
2896,audience,159
2896,category,91
2896,audience,50
2896,audience,198
2896,category,145
2896,service type,17
2896,postalCode,928
2896,url,111
2896,identifier,2898
2896,name,23
2896,name,2899
2896,hasMap,24
2896,areaServed,25
2896,provider,2896
2896,address,2900
2896,longitude,27
2896,availableChannel,2901
2896,availableChannel,2902
2896,containedInPlace,935
2896,description,2896
2896,text,2903
2896,xmlschema11-2#time,75
2896,xmlschema11-2#time,70
2896,xmlschema11-2#time,76
2896,xmlschema11-2#time,73
2896,xmlschema11-2#time,72
2896,xmlschema11-2#time,71
2896,xmlschema11-2#time,74
2896,conditionsOfAccess,23
2904,latitude,425
2904,category,80
2904,audience,3
2904,audience,94
2904,audience,193
2904,audience,144
2904,cost,7
2904,audience,84
2904,audience,11
2904,audience,9
2904,language,4
2904,availability,6
2904,service type,17
2904,postalCode,1250
2904,url,426
2904,identifier,2905
2904,name,23
2904,name,2906
2904,hasMap,24
2904,areaServed,25
2904,provider,2904
2904,address,1328
2904,longitude,27
2904,longitude,27
2904,availableChannel,2907
2904,availableChannel,2908
2904,containedInPlace,1256
2904,description,2904
2904,telephone,1331
2904,telephone,432
2904,text,2909
2904,xmlschema11-2#time,73
2904,xmlschema11-2#time,71
2904,xmlschema11-2#time,75
2904,xmlschema11-2#time,1000
2904,xmlschema11-2#time,1001
2904,xmlschema11-2#time,76
2904,xmlschema11-2#time,999
2904,xmlschema11-2#time,1002
2904,xmlschema11-2#time,998
2904,xmlschema11-2#time,74
2904,xmlschema11-2#time,72
2904,xmlschema11-2#time,70
2904,conditionsOfAccess,2910
2911,latitude,2912
2911,audience,94
2911,category,414
2911,audience,159
2911,audience,50
2911,cost,7
2911,audience,627
2911,audience,9
2911,availability,6
2911,audience,47
2911,audience,83
2911,category,42
2911,audience,1999
2911,audience,738
2911,audience,92
2911,audience,82
2911,language,4
2911,category,90
2911,category,145
2911,audience,1345
2911,audience,580
2911,category,12
2911,service type,17
2911,postalCode,295
2911,url,2913
2911,identifier,2914
2911,name,23
2911,name,2915
2911,hasMap,24
2911,areaServed,25
2911,provider,2911
2911,address,2916
2911,longitude,27
2911,longitude,27
2911,availableChannel,2917
2911,availableChannel,2918
2911,containedInPlace,305
2911,description,2911
2911,telephone,2919
2911,telephone,2920
2911,text,2921
2911,xmlschema11-2#time,72
2911,xmlschema11-2#time,73
2911,xmlschema11-2#time,76
2911,xmlschema11-2#time,74
2911,xmlschema11-2#time,70
2911,xmlschema11-2#time,75
2911,xmlschema11-2#time,71
2911,conditionsOfAccess,2153
2922,latitude,2923
2922,category,233
2922,availability,6
2922,audience,158
2922,category,12
2922,audience,286
2922,category,1502
2922,category,1657
2922,audience,316
2922,audience,9
2922,category,292
2922,category,656
2922,language,191
2922,language,4
2922,category,258
2922,cost,175
2922,category,124
2922,category,239
2922,category,238
2922,audience,234
2922,category,611
2922,service type,17
2922,postalCode,18
2922,url,659
2922,url,658
2922,identifier,2924
2922,name,23
2922,name,2925
2922,hasMap,24
2922,areaServed,25
2922,provider,2922
2922,address,2926
2922,longitude,27
2922,availableChannel,2927
2922,availableChannel,2928
2922,containedInPlace,30
2922,description,2922
2922,telephone,2929
2922,text,2930
2922,xmlschema11-2#time,75
2922,xmlschema11-2#time,2931
2922,xmlschema11-2#time,72
2922,xmlschema11-2#time,520
2922,xmlschema11-2#time,2932
2922,xmlschema11-2#time,2933
2922,xmlschema11-2#time,2934
2922,conditionsOfAccess,608
2935,latitude,2936
2935,latitude,2937
2935,language,4
2935,audience,94
2935,category,554
2935,audience,55
2935,category,12
2935,category,42
2935,audience,876
2935,availability,6
2935,category,2938
2935,audience,552
2935,audience,50
2935,audience,720
2935,cost,7
2935,category,57
2935,audience,291
2935,audience,84
2935,category,397
2935,service type,17
2935,postalCode,95
2935,postalCode,1587
2935,url,1945
2935,url,1944
2935,identifier,2939
2935,name,23
2935,name,2940
2935,hasMap,24
2935,hasMap,24
2935,areaServed,1948
2935,provider,2935
2935,address,2941
2935,address,2942
2935,longitude,27
2935,longitude,27
2935,availableChannel,2943
2935,availableChannel,2944
2935,containedInPlace,103
2935,containedInPlace,1594
2935,description,2935
2935,telephone,1952
2935,text,2945
2935,xmlschema11-2#time,70
2935,xmlschema11-2#time,75
2935,xmlschema11-2#time,76
2935,xmlschema11-2#time,71
2935,xmlschema11-2#time,73
2935,xmlschema11-2#time,72
2935,xmlschema11-2#time,74
2935,conditionsOfAccess,2946
2947,latitude,2948
2947,audience,641
2947,category,93
2947,availability,6
2947,category,80
2947,category,2054
2947,audience,55
2947,category,359
2947,language,4
2947,category,53
2947,category,42
2947,category,394
2947,audience,94
2947,audience,11
2947,category,397
2947,category,639
2947,audience,193
2947,audience,3
2947,cost,7
2947,category,232
2947,audience,144
2947,service type,17
2947,postalCode,1715
2947,url,2949
2947,identifier,2950
2947,name,23
2947,name,2951
2947,hasMap,24
2947,areaServed,25
2947,provider,2947
2947,address,2952
2947,longitude,27
2947,availableChannel,2953
2947,availableChannel,2954
2947,containedInPlace,1721
2947,description,2947
2947,telephone,2955
2947,text,2956
2947,xmlschema11-2#time,72
2947,xmlschema11-2#time,73
2947,xmlschema11-2#time,71
2947,xmlschema11-2#time,76
2947,xmlschema11-2#time,74
2947,xmlschema11-2#time,75
2947,xmlschema11-2#time,70
2947,conditionsOfAccess,2957
2958,latitude,1782
2958,audience,9
2958,category,397
2958,category,233
2958,category,359
2958,cost,7
2958,audience,2609
2958,audience,11
2958,language,4
2958,audience,8
2958,availability,6
2958,language,191
2958,service type,17
2958,postalCode,295
2958,url,941
2958,url,942
2958,identifier,2959
2958,name,23
2958,name,2960
2958,hasMap,24
2958,areaServed,25
2958,provider,2958
2958,address,1785
2958,longitude,27
2958,availableChannel,2961
2958,availableChannel,2962
2958,containedInPlace,305
2958,description,2958
2958,telephone,948
2958,text,2963
2958,xmlschema11-2#time,75
2958,xmlschema11-2#time,167
2958,xmlschema11-2#time,251
2958,xmlschema11-2#time,168
2958,xmlschema11-2#time,171
2958,xmlschema11-2#time,72
2958,xmlschema11-2#time,170
2958,conditionsOfAccess,2964
2965,latitude,2966
2965,category,1502
2965,audience,47
2965,category,109
2965,cost,7
2965,language,191
2965,audience,58
2965,category,238
2965,category,292
2965,category,1275
2965,language,4
2965,category,2967
2965,category,16
2965,availability,6
2965,audience,195
2965,category,2968
2965,category,706
2965,category,13
2965,audience,50
2965,category,237
2965,category,1844
2965,service type,17
2965,postalCode,18
2965,url,2969
2965,url,2970
2965,identifier,2971
2965,name,23
2965,name,2972
2965,hasMap,24
2965,areaServed,532
2965,provider,2965
2965,address,976
2965,longitude,27
2965,availableChannel,2973
2965,availableChannel,2974
2965,containedInPlace,30
2965,description,2965
2965,text,2975
2965,xmlschema11-2#time,37
2965,xmlschema11-2#time,36
2965,xmlschema11-2#time,39
2965,xmlschema11-2#time,34
2965,xmlschema11-2#time,38
2965,xmlschema11-2#time,33
2965,xmlschema11-2#time,35
2965,conditionsOfAccess,2976
2977,latitude,2978
2977,category,192
2977,category,2345
2977,category,15
2977,category,329
2977,audience,58
2977,category,970
2977,category,1024
2977,category,93
2977,audience,144
2977,audience,720
2977,category,190
2977,category,124
2977,audience,286
2977,availability,6
2977,language,4
2977,audience,193
2977,audience,196
2977,category,54
2977,audience,195
2977,audience,9
2977,category,229
2977,audience,94
2977,cost,43
2977,audience,2104
2977,service type,17
2977,postalCode,59
2977,url,2979
2977,url,2980
2977,identifier,2981
2977,name,23
2977,name,2982
2977,hasMap,24
2977,areaServed,822
2977,provider,2977
2977,address,2983
2977,longitude,27
2977,availableChannel,2984
2977,availableChannel,2985
2977,containedInPlace,67
2977,description,2977
2977,text,2986
2977,xmlschema11-2#time,75
2977,xmlschema11-2#time,72
2977,xmlschema11-2#time,76
2977,xmlschema11-2#time,73
2977,xmlschema11-2#time,70
2977,xmlschema11-2#time,74
2977,xmlschema11-2#time,71
2977,conditionsOfAccess,2987
2988,latitude,2989
2988,audience,327
2988,audience,194
2988,cost,43
2988,category,13
2988,category,86
2988,audience,627
2988,category,145
2988,category,91
2988,category,12
2988,category,14
2988,audience,195
2988,audience,94
2988,category,596
2988,audience,2691
2988,language,4
2988,audience,123
2988,audience,159
2988,audience,87
2988,audience,58
2988,category,329
2988,audience,50
2988,category,124
2988,availability,6
2988,service type,17
2988,postalCode,479
2988,url,973
2988,url,972
2988,identifier,2990
2988,name,2991
2988,name,23
2988,hasMap,24
2988,areaServed,25
2988,provider,2988
2988,address,2992
2988,longitude,27
2988,availableChannel,2993
2988,availableChannel,2994
2988,containedInPlace,488
2988,description,2988
2988,telephone,2995
2988,text,2996
2988,xmlschema11-2#time,2932
2988,xmlschema11-2#time,2934
2988,xmlschema11-2#time,75
2988,xmlschema11-2#time,2933
2988,xmlschema11-2#time,2997
2988,xmlschema11-2#time,72
2988,xmlschema11-2#time,2931
2988,conditionsOfAccess,2998
2999,latitude,3000
2999,category,80
2999,category,258
2999,audience,50
2999,category,42
2999,audience,47
2999,availability,6
2999,language,4
2999,audience,94
2999,cost,143
2999,audience,92
2999,service type,17
2999,postalCode,776
2999,url,111
2999,identifier,3001
2999,name,23
2999,name,3002
2999,hasMap,24
2999,areaServed,25
2999,provider,2999
2999,address,3003
2999,longitude,27
2999,longitude,27
2999,availableChannel,3004
2999,availableChannel,3005
2999,containedInPlace,784
2999,description,2999
2999,telephone,264
2999,telephone,802
2999,text,3006
2999,xmlschema11-2#time,252
2999,xmlschema11-2#time,72
2999,xmlschema11-2#time,255
2999,xmlschema11-2#time,254
2999,xmlschema11-2#time,809
2999,xmlschema11-2#time,75
2999,xmlschema11-2#time,937
2999,xmlschema11-2#time,3007
2999,conditionsOfAccess,267
3008,latitude,3009
3008,audience,11
3008,category,14
3008,category,90
3008,category,145
3008,audience,3
3008,category,88
3008,language,4
3008,audience,144
3008,category,91
3008,audience,8
3008,availability,6
3008,cost,7
3008,category,326
3008,audience,193
3008,audience,58
3008,audience,84
3008,audience,47
3008,category,12
3008,audience,9
3008,audience,198
3008,service type,17
3008,postalCode,59
3008,url,111
3008,identifier,3010
3008,name,3011
3008,name,23
3008,hasMap,24
3008,areaServed,25
3008,provider,3008
3008,address,3012
3008,longitude,27
3008,availableChannel,3013
3008,availableChannel,3014
3008,containedInPlace,67
3008,description,3008
3008,telephone,3015
3008,text,3016
3008,xmlschema11-2#time,72
3008,xmlschema11-2#time,966
3008,xmlschema11-2#time,3017
3008,xmlschema11-2#time,3018
3008,xmlschema11-2#time,3019
3008,xmlschema11-2#time,3020
3008,xmlschema11-2#time,3021
3008,conditionsOfAccess,772
3022,latitude,1181
3022,language,4
3022,category,14
3022,audience,1213
3022,audience,3
3022,category,232
3022,audience,552
3022,audience,84
3022,audience,58
3022,audience,1215
3022,category,294
3022,category,91
3022,category,478
3022,category,397
3022,availability,6
3022,cost,43
3022,audience,1214
3022,audience,11
3022,audience,328
3022,category,414
3022,service type,17
3022,postalCode,1182
3022,url,1183
3022,identifier,3023
3022,name,23
3022,name,3024
3022,hasMap,24
3022,areaServed,25
3022,provider,3022
3022,address,1187
3022,longitude,27
3022,availableChannel,3025
3022,availableChannel,3026
3022,containedInPlace,1190
3022,description,3022
3022,telephone,1939
3022,text,1940
3022,xmlschema11-2#time,1164
3022,xmlschema11-2#time,213
3022,xmlschema11-2#time,1163
3022,xmlschema11-2#time,75
3022,xmlschema11-2#time,1162
3022,xmlschema11-2#time,212
3022,xmlschema11-2#time,72
3022,conditionsOfAccess,1941
3027,latitude,425
3027,cost,7
3027,audience,291
3027,category,359
3027,category,93
3027,category,57
3027,category,397
3027,audience,84
3027,audience,158
3027,availability,6
3027,audience,9
3027,language,4
3027,service type,17
3027,postalCode,147
3027,url,426
3027,identifier,3028
3027,name,23
3027,name,3029
3027,hasMap,24
3027,areaServed,3030
3027,provider,3027
3027,address,429
3027,longitude,27
3027,longitude,27
3027,availableChannel,3031
3027,availableChannel,3032
3027,containedInPlace,153
3027,description,3027
3027,telephone,432
3027,telephone,3033
3027,text,3034
3027,xmlschema11-2#time,74
3027,xmlschema11-2#time,75
3027,xmlschema11-2#time,76
3027,xmlschema11-2#time,72
3027,xmlschema11-2#time,70
3027,xmlschema11-2#time,71
3027,xmlschema11-2#time,73
3027,conditionsOfAccess,3035
3036,latitude,1097
3036,category,49
3036,category,91
3036,audience,578
3036,language,191
3036,category,1659
3036,audience,123
3036,audience,58
3036,category,124
3036,audience,234
3036,availability,6
3036,audience,1907
3036,audience,1214
3036,audience,128
3036,cost,43
3036,category,54
3036,audience,1213
3036,category,1908
3036,category,89
3036,audience,125
3036,audience,47
3036,audience,11
3036,audience,552
3036,language,4
3036,service type,17
3036,postalCode,450
3036,url,1099
3036,url,1909
3036,identifier,3037
3036,name,23
3036,name,3038
3036,hasMap,24
3036,areaServed,25
3036,provider,3036
3036,address,1102
3036,longitude,27
3036,availableChannel,3039
3036,availableChannel,3040
3036,containedInPlace,458
3036,description,3036
3036,telephone,3041
3036,text,1915
3036,xmlschema11-2#time,254
3036,xmlschema11-2#time,1918
3036,xmlschema11-2#time,1916
3036,xmlschema11-2#time,72
3036,xmlschema11-2#time,1917
3036,xmlschema11-2#time,1919
3036,xmlschema11-2#time,75
3036,conditionsOfAccess,1920
3042,latitude,1
3042,language,4
3042,availability,6
3042,audience,11
3042,audience,316
3042,category,16
3042,category,109
3042,audience,197
3042,audience,581
3042,audience,8
3042,category,478
3042,cost,7
3042,audience,2609
3042,service type,17
3042,postalCode,18
3042,url,19
3042,url,20
3042,identifier,3043
3042,name,23
3042,name,3044
3042,hasMap,24
3042,areaServed,3045
3042,provider,3042
3042,address,1539
3042,longitude,27
3042,availableChannel,3046
3042,availableChannel,3047
3042,containedInPlace,30
3042,description,3042
3042,telephone,3048
3042,text,3049
3042,xmlschema11-2#time,72
3042,xmlschema11-2#time,75
3042,xmlschema11-2#time,70
3042,xmlschema11-2#time,73
3042,xmlschema11-2#time,71
3042,xmlschema11-2#time,76
3042,xmlschema11-2#time,74
3042,conditionsOfAccess,3050
3051,latitude,3052
3051,category,88
3051,audience,8
3051,audience,193
3051,category,14
3051,category,91
3051,audience,11
3051,category,5
3051,cost,7
3051,category,80
3051,audience,84
3051,audience,144
3051,audience,9
3051,availability,6
3051,audience,3
3051,language,4
3051,service type,17
3051,postalCode,18
3051,url,3053
3051,url,3054
3051,identifier,3055
3051,name,3056
3051,name,23
3051,hasMap,24
3051,areaServed,645
3051,provider,3051
3051,address,3057
3051,longitude,27
3051,availableChannel,3058
3051,availableChannel,3059
3051,containedInPlace,30
3051,description,3051
3051,telephone,3060
3051,text,3061
3051,xmlschema11-2#time,1145
3051,xmlschema11-2#time,72
3051,xmlschema11-2#time,1146
3051,xmlschema11-2#time,1147
3051,xmlschema11-2#time,75
3051,xmlschema11-2#time,1149
3051,xmlschema11-2#time,1148
3051,conditionsOfAccess,3062
3063,latitude,2539
3063,category,89
3063,audience,84
3063,category,14
3063,audience,158
3063,cost,43
3063,category,12
3063,audience,286
3063,audience,720
3063,availability,6
3063,category,1611
3063,audience,94
3063,category,90
3063,language,4
3063,service type,17
3063,postalCode,582
3063,url,2541
3063,url,2540
3063,identifier,3064
3063,name,3065
3063,name,23
3063,hasMap,24
3063,areaServed,25
3063,provider,3063
3063,address,2544
3063,longitude,27
3063,availableChannel,3066
3063,availableChannel,3067
3063,containedInPlace,590
3063,description,3063
3063,telephone,2547
3063,text,2548
3063,xmlschema11-2#time,75
3063,xmlschema11-2#time,74
3063,xmlschema11-2#time,71
3063,xmlschema11-2#time,76
3063,xmlschema11-2#time,73
3063,xmlschema11-2#time,72
3063,xmlschema11-2#time,70
3063,conditionsOfAccess,2549
3068,latitude,1
3068,cost,43
3068,availability,6
3068,audience,11
3068,language,4
3068,category,54
3068,category,190
3068,category,2470
3068,audience,87
3068,audience,8
3068,category,89
3068,category,145
3068,category,478
3068,category,718
3068,service type,17
3068,postalCode,18
3068,url,20
3068,url,19
3068,identifier,3069
3068,name,3070
3068,name,23
3068,hasMap,24
3068,areaServed,25
3068,provider,3068
3068,address,1539
3068,longitude,27
3068,availableChannel,3071
3068,availableChannel,3072
3068,containedInPlace,30
3068,description,3068
3068,telephone,3073
3068,text,3074
3068,xmlschema11-2#time,76
3068,xmlschema11-2#time,70
3068,xmlschema11-2#time,74
3068,xmlschema11-2#time,75
3068,xmlschema11-2#time,73
3068,xmlschema11-2#time,71
3068,xmlschema11-2#time,72
3068,conditionsOfAccess,23
3075,latitude,3076
3075,language,989
3075,audience,94
3075,language,680
3075,category,90
3075,audience,84
3075,category,5
3075,cost,7
3075,category,14
3075,category,329
3075,category,129
3075,language,4
3075,category,91
3075,audience,50
3075,availability,6
3075,audience,290
3075,language,191
3075,category,88
3075,audience,234
3075,service type,17
3075,postalCode,240
3075,url,111
3075,identifier,3077
3075,name,23
3075,name,3078
3075,hasMap,24
3075,areaServed,63
3075,provider,3075
3075,address,3079
3075,longitude,27
3075,availableChannel,3080
3075,availableChannel,3081
3075,containedInPlace,248
3075,description,3075
3075,telephone,3082
3075,text,3083
3075,xmlschema11-2#time,74
3075,xmlschema11-2#time,71
3075,xmlschema11-2#time,70
3075,xmlschema11-2#time,72
3075,xmlschema11-2#time,3084
3075,xmlschema11-2#time,76
3075,xmlschema11-2#time,73
3075,conditionsOfAccess,3085
3086,latitude,121
3086,cost,175
3086,category,12
3086,language,4
3086,category,5
3086,category,145
3086,availability,6
3086,audience,84
3086,audience,9
3086,audience,158
3086,service type,17
3086,postalCode,130
3086,url,111
3086,identifier,3087
3086,name,3088
3086,name,23
3086,hasMap,24
3086,areaServed,25
3086,provider,3086
3086,address,134
3086,longitude,27
3086,availableChannel,3089
3086,availableChannel,3090
3086,containedInPlace,137
3086,description,3086
3086,telephone,3091
3086,text,3092
3086,xmlschema11-2#time,169
3086,xmlschema11-2#time,838
3086,xmlschema11-2#time,837
3086,xmlschema11-2#time,2187
3086,xmlschema11-2#time,3093
3086,xmlschema11-2#time,2186
3086,xmlschema11-2#time,72
3086,conditionsOfAccess,3094
3095,latitude,577
3095,category,414
3095,cost,7
3095,language,4
3095,audience,578
3095,audience,50
3095,availability,6
3095,category,5
3095,audience,579
3095,audience,581
3095,audience,84
3095,category,12
3095,audience,580
3095,audience,316
3095,audience,159
3095,service type,17
3095,postalCode,582
3095,url,584
3095,url,583
3095,identifier,3096
3095,name,23
3095,name,3097
3095,hasMap,24
3095,areaServed,25
3095,provider,3095
3095,address,587
3095,longitude,27
3095,availableChannel,3098
3095,availableChannel,3099
3095,containedInPlace,590
3095,description,3095
3095,telephone,591
3095,text,592
3095,xmlschema11-2#time,34
3095,xmlschema11-2#time,35
3095,xmlschema11-2#time,36
3095,xmlschema11-2#time,38
3095,xmlschema11-2#time,37
3095,xmlschema11-2#time,33
3095,xmlschema11-2#time,39
3095,conditionsOfAccess,593
3100,latitude,2720
3100,audience,597
3100,audience,159
3100,audience,193
3100,audience,580
3100,audience,11
3100,audience,327
3100,audience,128
3100,cost,175
3100,audience,144
3100,audience,84
3100,audience,316
3100,audience,8
3100,availability,6
3100,category,5
3100,audience,3
3100,language,4
3100,category,145
3100,category,80
3100,audience,286
3100,service type,17
3100,postalCode,450
3100,url,2721
3100,identifier,3101
3100,name,3102
3100,name,23
3100,hasMap,24
3100,areaServed,25
3100,provider,3100
3100,address,2724
3100,longitude,27
3100,availableChannel,3103
3100,availableChannel,3104
3100,containedInPlace,458
3100,description,3100
3100,telephone,2727
3100,text,2728
3100,xmlschema11-2#time,167
3100,xmlschema11-2#time,170
3100,xmlschema11-2#time,251
3100,xmlschema11-2#time,168
3100,xmlschema11-2#time,72
3100,xmlschema11-2#time,75
3100,xmlschema11-2#time,171
3100,conditionsOfAccess,23
3105,latitude,3106
3105,audience,3
3105,audience,55
3105,language,4
3105,audience,11
3105,category,145
3105,availability,6
3105,cost,7
3105,audience,876
3105,category,356
3105,audience,84
3105,audience,94
3105,service type,17
3105,postalCode,1237
3105,url,426
3105,identifier,3107
3105,name,23
3105,name,3108
3105,hasMap,24
3105,areaServed,25
3105,provider,3105
3105,address,3109
3105,longitude,27
3105,availableChannel,3110
3105,availableChannel,3111
3105,containedInPlace,1244
3105,description,3105
3105,telephone,3112
3105,text,3113
3105,xmlschema11-2#time,75
3105,xmlschema11-2#time,71
3105,xmlschema11-2#time,76
3105,xmlschema11-2#time,74
3105,xmlschema11-2#time,70
3105,xmlschema11-2#time,73
3105,xmlschema11-2#time,72
3105,conditionsOfAccess,3114
3115,latitude,2912
3115,language,4
3115,cost,7
3115,category,89
3115,category,12
3115,category,5
3115,audience,9
3115,category,80
3115,category,129
3115,category,15
3115,audience,84
3115,audience,158
3115,availability,6
3115,category,145
3115,category,414
3115,service type,17
3115,postalCode,295
3115,url,2913
3115,identifier,3116
3115,name,3117
3115,name,23
3115,hasMap,24
3115,areaServed,25
3115,provider,3115
3115,address,2916
3115,longitude,27
3115,longitude,27
3115,availableChannel,3118
3115,availableChannel,3119
3115,containedInPlace,305
3115,description,3115
3115,telephone,3120
3115,telephone,3121
3115,text,3122
3115,xmlschema11-2#time,39
3115,xmlschema11-2#time,36
3115,xmlschema11-2#time,38
3115,xmlschema11-2#time,34
3115,xmlschema11-2#time,33
3115,xmlschema11-2#time,35
3115,xmlschema11-2#time,37
3115,conditionsOfAccess,772
3123,latitude,3124
3123,language,4
3123,audience,581
3123,availability,6
3123,audience,580
3123,audience,316
3123,audience,286
3123,cost,7
3123,category,145
3123,audience,11
3123,audience,552
3123,audience,1214
3123,audience,58
3123,service type,17
3123,postalCode,1250
3123,url,20
3123,url,19
3123,identifier,3125
3123,name,3126
3123,name,23
3123,hasMap,24
3123,areaServed,337
3123,provider,3123
3123,address,3127
3123,longitude,27
3123,availableChannel,3128
3123,availableChannel,3129
3123,containedInPlace,1256
3123,description,3123
3123,telephone,1542
3123,text,3130
3123,xmlschema11-2#time,70
3123,xmlschema11-2#time,73
3123,xmlschema11-2#time,71
3123,xmlschema11-2#time,74
3123,xmlschema11-2#time,72
3123,xmlschema11-2#time,76
3123,xmlschema11-2#time,75
3123,conditionsOfAccess,3131
3132,latitude,3133
3132,category,42
3132,language,4
3132,category,414
3132,category,397
3132,availability,6
3132,audience,47
3132,audience,720
3132,category,12
3132,cost,43
3132,audience,578
3132,audience,50
3132,service type,17
3132,postalCode,1237
3132,url,2516
3132,identifier,3134
3132,name,23
3132,name,3135
3132,hasMap,24
3132,areaServed,63
3132,provider,3132
3132,address,3136
3132,longitude,27
3132,availableChannel,3137
3132,availableChannel,3138
3132,containedInPlace,1244
3132,description,3132
3132,telephone,3139
3132,text,3140
3132,xmlschema11-2#time,33
3132,xmlschema11-2#time,35
3132,xmlschema11-2#time,36
3132,xmlschema11-2#time,38
3132,xmlschema11-2#time,37
3132,xmlschema11-2#time,34
3132,xmlschema11-2#time,39
3132,conditionsOfAccess,3141
3142,latitude,1829
3142,category,129
3142,category,14
3142,audience,84
3142,audience,8
3142,language,4
3142,category,294
3142,audience,58
3142,category,12
3142,availability,6
3142,category,359
3142,audience,3
3142,cost,175
3142,audience,127
3142,audience,9
3142,audience,11
3142,category,145
3142,category,5
3142,service type,17
3142,postalCode,1043
3142,url,3143
3142,url,1830
3142,identifier,3144
3142,name,3145
3142,name,23
3142,hasMap,24
3142,areaServed,1833
3142,provider,3142
3142,address,1834
3142,longitude,27
3142,availableChannel,3146
3142,availableChannel,3147
3142,containedInPlace,1051
3142,description,3142
3142,telephone,1837
3142,text,3148
3142,xmlschema11-2#time,76
3142,xmlschema11-2#time,71
3142,xmlschema11-2#time,70
3142,xmlschema11-2#time,74
3142,xmlschema11-2#time,75
3142,xmlschema11-2#time,73
3142,xmlschema11-2#time,72
3142,conditionsOfAccess,3149
3150,latitude,3151
3150,audience,580
3150,cost,7
3150,category,80
3150,availability,6
3150,language,4
3150,audience,50
3150,category,12
3150,audience,84
3150,service type,17
3150,postalCode,913
3150,url,941
3150,url,3152
3150,identifier,3153
3150,name,3154
3150,name,23
3150,hasMap,24
3150,areaServed,25
3150,provider,3150
3150,address,3155
3150,longitude,27
3150,availableChannel,3156
3150,availableChannel,3157
3150,containedInPlace,921
3150,description,3150
3150,telephone,948
3150,text,3158
3150,xmlschema11-2#time,75
3150,xmlschema11-2#time,521
3150,xmlschema11-2#time,518
3150,xmlschema11-2#time,72
3150,xmlschema11-2#time,522
3150,xmlschema11-2#time,520
3150,xmlschema11-2#time,517
3150,conditionsOfAccess,187
3159,latitude,3160
3159,language,4
3159,audience,82
3159,category,12
3159,cost,7
3159,audience,92
3159,category,15
3159,audience,50
3159,audience,720
3159,category,5
3159,audience,94
3159,category,42
3159,availability,6
3159,category,414
3159,audience,83
3159,audience,84
3159,audience,230
3159,audience,552
3159,category,397
3159,service type,17
3159,postalCode,1237
3159,url,1945
3159,url,1944
3159,identifier,3161
3159,name,3162
3159,name,23
3159,hasMap,24
3159,areaServed,3163
3159,provider,3159
3159,address,3164
3159,longitude,27
3159,availableChannel,3165
3159,availableChannel,3166
3159,containedInPlace,1244
3159,description,3159
3159,telephone,1952
3159,text,3167
3159,xmlschema11-2#time,35
3159,xmlschema11-2#time,36
3159,xmlschema11-2#time,39
3159,xmlschema11-2#time,34
3159,xmlschema11-2#time,37
3159,xmlschema11-2#time,38
3159,xmlschema11-2#time,33
3159,conditionsOfAccess,23
3168,latitude,3169
3168,audience,158
3168,category,12
3168,language,4
3168,category,91
3168,cost,175
3168,audience,58
3168,category,14
3168,audience,47
3168,category,88
3168,availability,6
3168,service type,17
3168,postalCode,776
3168,url,111
3168,identifier,3170
3168,name,23
3168,name,3171
3168,hasMap,24
3168,areaServed,3172
3168,provider,3168
3168,address,3173
3168,longitude,27
3168,longitude,27
3168,availableChannel,3174
3168,availableChannel,3175
3168,containedInPlace,784
3168,description,3168
3168,telephone,3176
3168,text,3177
3168,xmlschema11-2#time,76
3168,xmlschema11-2#time,72
3168,xmlschema11-2#time,73
3168,xmlschema11-2#time,71
3168,xmlschema11-2#time,70
3168,xmlschema11-2#time,74
3168,xmlschema11-2#time,75
3168,conditionsOfAccess,23
3178,latitude,1274
3178,availability,6
3178,language,4
3178,category,359
3178,audience,197
3178,category,124
3178,cost,175
3178,audience,50
3178,category,1275
3178,category,232
3178,category,145
3178,category,352
3178,service type,17
3178,postalCode,479
3178,url,1278
3178,url,1279
3178,identifier,3179
3178,name,23
3178,name,3180
3178,hasMap,24
3178,areaServed,822
3178,provider,3178
3178,address,1282
3178,longitude,27
3178,availableChannel,3181
3178,availableChannel,3182
3178,containedInPlace,488
3178,description,3178
3178,telephone,1285
3178,text,3183
3178,xmlschema11-2#time,70
3178,xmlschema11-2#time,74
3178,xmlschema11-2#time,71
3178,xmlschema11-2#time,76
3178,xmlschema11-2#time,72
3178,xmlschema11-2#time,73
3178,xmlschema11-2#time,75
3178,conditionsOfAccess,3184
3185,latitude,3186
3185,category,80
3185,cost,7
3185,audience,9
3185,audience,10
3185,category,145
3185,audience,193
3185,audience,144
3185,audience,11
3185,category,124
3185,language,4
3185,audience,3
3185,audience,8
3185,category,5
3185,category,12
3185,audience,316
3185,category,88
3185,category,3187
3185,availability,6
3185,category,356
3185,service type,17
3185,postalCode,398
3185,url,3188
3185,identifier,3189
3185,name,23
3185,name,3190
3185,hasMap,24
3185,areaServed,3191
3185,provider,3185
3185,address,3192
3185,longitude,27
3185,availableChannel,3193
3185,availableChannel,3194
3185,containedInPlace,407
3185,description,3185
3185,telephone,3195
3185,text,3196
3185,xmlschema11-2#time,211
3185,xmlschema11-2#time,212
3185,xmlschema11-2#time,72
3185,xmlschema11-2#time,213
3185,xmlschema11-2#time,837
3185,xmlschema11-2#time,838
3185,xmlschema11-2#time,75
3185,conditionsOfAccess,23
3197,latitude,3198
3197,language,4
3197,audience,9
3197,category,13
3197,audience,144
3197,category,233
3197,category,238
3197,audience,8
3197,availability,6
3197,audience,193
3197,audience,285
3197,category,229
3197,category,1325
3197,audience,3
3197,cost,7
3197,language,191
3197,category,12
3197,category,239
3197,category,292
3197,audience,291
3197,category,2827
3197,category,287
3197,audience,11
3197,service type,17
3197,postalCode,271
3197,url,3199
3197,url,3200
3197,identifier,3201
3197,name,3202
3197,name,23
3197,hasMap,24
3197,areaServed,3203
3197,provider,3197
3197,address,2135
3197,longitude,27
3197,availableChannel,3204
3197,availableChannel,3205
3197,containedInPlace,279
3197,description,3197
3197,telephone,3206
3197,text,3207
3197,xmlschema11-2#time,72
3197,xmlschema11-2#time,837
3197,xmlschema11-2#time,213
3197,xmlschema11-2#time,211
3197,xmlschema11-2#time,75
3197,xmlschema11-2#time,212
3197,xmlschema11-2#time,838
3197,conditionsOfAccess,3208
3209,latitude,3210
3209,audience,11
3209,category,80
3209,availability,6
3209,language,4
3209,category,478
3209,audience,3
3209,cost,43
3209,category,129
3209,audience,499
3209,audience,330
3209,category,1656
3209,category,5
3209,audience,1956
3209,category,124
3209,category,15
3209,category,294
3209,audience,8
3209,service type,17
3209,postalCode,479
3209,url,3211
3209,identifier,3212
3209,name,23
3209,name,3213
3209,hasMap,24
3209,areaServed,3191
3209,provider,3209
3209,address,3214
3209,longitude,27
3209,availableChannel,3215
3209,availableChannel,3216
3209,containedInPlace,488
3209,description,3209
3209,telephone,3217
3209,text,3218
3209,xmlschema11-2#time,390
3209,xmlschema11-2#time,3219
3209,xmlschema11-2#time,388
3209,xmlschema11-2#time,3220
3209,xmlschema11-2#time,389
3209,xmlschema11-2#time,391
3209,xmlschema11-2#time,1209
3209,conditionsOfAccess,2824
3221,latitude,3222
3221,category,596
3221,audience,84
3221,cost,175
3221,category,190
3221,availability,6
3221,category,395
3221,category,86
3221,category,356
3221,category,1135
3221,category,12
3221,audience,50
3221,category,352
3221,category,93
3221,category,124
3221,category,53
3221,category,145
3221,language,4
3221,service type,17
3221,postalCode,1136
3221,url,616
3221,url,615
3221,identifier,3223
3221,name,23
3221,name,3224
3221,hasMap,24
3221,areaServed,25
3221,provider,3221
3221,address,1139
3221,longitude,27
3221,availableChannel,3225
3221,availableChannel,3226
3221,containedInPlace,1142
3221,description,3221
3221,telephone,1795
3221,text,3227
3221,xmlschema11-2#time,72
3221,xmlschema11-2#time,669
3221,xmlschema11-2#time,667
3221,xmlschema11-2#time,670
3221,xmlschema11-2#time,671
3221,xmlschema11-2#time,668
3221,xmlschema11-2#time,75
3221,conditionsOfAccess,3228
3229,latitude,3230
3229,category,190
3229,category,57
3229,category,90
3229,language,4
3229,audience,55
3229,cost,43
3229,audience,94
3229,category,1801
3229,audience,82
3229,category,91
3229,audience,11
3229,category,2938
3229,audience,876
3229,category,359
3229,category,478
3229,availability,6
3229,category,80
3229,category,42
3229,service type,17
3229,postalCode,59
3229,url,111
3229,identifier,3231
3229,name,23
3229,name,3232
3229,hasMap,24
3229,areaServed,25
3229,provider,3229
3229,address,3233
3229,longitude,27
3229,availableChannel,3234
3229,availableChannel,3235
3229,containedInPlace,67
3229,description,3229
3229,telephone,3236
3229,text,3237
3229,xmlschema11-2#time,170
3229,xmlschema11-2#time,3238
3229,xmlschema11-2#time,167
3229,xmlschema11-2#time,251
3229,xmlschema11-2#time,966
3229,xmlschema11-2#time,171
3229,conditionsOfAccess,3239
3240,latitude,413
3240,category,12
3240,category,91
3240,audience,9
3240,language,4
3240,audience,84
3240,category,109
3240,category,5
3240,audience,83
3240,cost,7
3240,availability,6
3240,category,88
3240,category,129
3240,category,13
3240,audience,50
3240,service type,17
3240,postalCode,398
3240,url,415
3240,identifier,3241
3240,name,3242
3240,name,23
3240,hasMap,24
3240,areaServed,25
3240,provider,3240
3240,address,418
3240,longitude,27
3240,availableChannel,3243
3240,availableChannel,3244
3240,containedInPlace,407
3240,description,3240
3240,telephone,421
3240,text,3245
3240,xmlschema11-2#time,39
3240,xmlschema11-2#time,34
3240,xmlschema11-2#time,36
3240,xmlschema11-2#time,35
3240,xmlschema11-2#time,37
3240,xmlschema11-2#time,38
3240,xmlschema11-2#time,33
3240,conditionsOfAccess,3246
3247,latitude,107
3247,category,14
3247,language,4
3247,category,1844
3247,audience,84
3247,category,42
3247,category,15
3247,cost,175
3247,category,12
3247,availability,6
3247,audience,94
3247,category,16
3247,audience,83
3247,category,5
3247,audience,50
3247,category,88
3247,category,80
3247,category,145
3247,category,129
3247,audience,82
3247,service type,17
3247,postalCode,59
3247,url,111
3247,identifier,3248
3247,name,3249
3247,name,23
3247,hasMap,24
3247,areaServed,25
3247,provider,3247
3247,address,114
3247,longitude,27
3247,availableChannel,3250
3247,availableChannel,3251
3247,containedInPlace,67
3247,description,3247
3247,telephone,3252
3247,text,3253
3247,xmlschema11-2#time,3254
3247,xmlschema11-2#time,3255
3247,xmlschema11-2#time,3256
3247,xmlschema11-2#time,75
3247,xmlschema11-2#time,72
3247,xmlschema11-2#time,3257
3247,xmlschema11-2#time,3258
3247,conditionsOfAccess,187
3259,latitude,3260
3259,category,329
3259,cost,175
3259,availability,6
3259,category,42
3259,audience,47
3259,audience,286
3259,category,88
3259,audience,144
3259,category,80
3259,language,4
3259,audience,58
3259,audience,11
3259,category,91
3259,category,14
3259,audience,3
3259,audience,94
3259,audience,193
3259,service type,17
3259,postalCode,332
3259,url,3261
3259,url,3262
3259,identifier,3263
3259,name,23
3259,name,3264
3259,hasMap,24
3259,areaServed,3265
3259,provider,3259
3259,address,3266
3259,longitude,27
3259,availableChannel,3267
3259,availableChannel,3268
3259,containedInPlace,341
3259,description,3259
3259,telephone,3269
3259,text,3270
3259,xmlschema11-2#time,251
3259,xmlschema11-2#time,3271
3259,xmlschema11-2#time,76
3259,xmlschema11-2#time,3272
3259,xmlschema11-2#time,167
3259,xmlschema11-2#time,3273
3259,xmlschema11-2#time,71
3259,conditionsOfAccess,1123
3274,latitude,3275
3274,audience,158
3274,audience,127
3274,audience,84
3274,category,145
3274,category,5
3274,category,14
3274,cost,7
3274,language,4
3274,availability,6
3274,audience,47
3274,category,15
3274,audience,58
3274,category,91
3274,category,88
3274,service type,17
3274,postalCode,176
3274,url,3276
3274,identifier,3277
3274,name,3278
3274,name,23
3274,hasMap,24
3274,areaServed,3279
3274,provider,3274
3274,address,3280
3274,longitude,27
3274,longitude,27
3274,availableChannel,3281
3274,availableChannel,3282
3274,containedInPlace,184
3274,description,3274
3274,telephone,3283
3274,text,3284
3274,xmlschema11-2#time,76
3274,xmlschema11-2#time,391
3274,xmlschema11-2#time,74
3274,xmlschema11-2#time,72
3274,xmlschema11-2#time,966
3274,xmlschema11-2#time,1209
3274,xmlschema11-2#time,388
3274,xmlschema11-2#time,3238
3274,xmlschema11-2#time,389
3274,xmlschema11-2#time,71
3274,xmlschema11-2#time,73
3274,xmlschema11-2#time,75
3274,xmlschema11-2#time,390
3274,xmlschema11-2#time,70
3274,conditionsOfAccess,23
3285,latitude,705
3285,cost,43
3285,category,655
3285,audience,330
3285,category,356
3285,audience,158
3285,category,706
3285,availability,6
3285,category,145
3285,category,395
3285,language,4
3285,service type,17
3285,postalCode,295
3285,url,707
3285,url,708
3285,identifier,3286
3285,name,23
3285,name,3287
3285,hasMap,24
3285,areaServed,63
3285,provider,3285
3285,address,711
3285,longitude,27
3285,availableChannel,3288
3285,availableChannel,3289
3285,containedInPlace,305
3285,description,3285
3285,text,714
3285,xmlschema11-2#time,72
3285,xmlschema11-2#time,76
3285,xmlschema11-2#time,71
3285,xmlschema11-2#time,74
3285,xmlschema11-2#time,73
3285,xmlschema11-2#time,75
3285,xmlschema11-2#time,70
3285,conditionsOfAccess,715
3290,latitude,3291
3290,availability,6
3290,audience,3
3290,language,4
3290,category,287
3290,audience,11
3290,category,1748
3290,cost,43
3290,audience,286
3290,category,3292
3290,category,229
3290,category,612
3290,category,15
3290,audience,1376
3290,service type,17
3290,postalCode,332
3290,url,111
3290,identifier,3293
3290,name,3294
3290,name,23
3290,hasMap,24
3290,areaServed,25
3290,provider,3290
3290,address,3295
3290,longitude,27
3290,availableChannel,3296
3290,availableChannel,3297
3290,containedInPlace,341
3290,description,3290
3290,telephone,3298
3290,text,3299
3290,xmlschema11-2#time,168
3290,xmlschema11-2#time,167
3290,xmlschema11-2#time,72
3290,xmlschema11-2#time,75
3290,xmlschema11-2#time,171
3290,xmlschema11-2#time,251
3290,xmlschema11-2#time,170
3290,conditionsOfAccess,3300
3301,latitude,1977
3301,category,329
3301,audience,127
3301,audience,198
3301,audience,195
3301,audience,3
3301,audience,316
3301,availability,6
3301,language,191
3301,audience,196
3301,language,4
3301,audience,144
3301,category,1135
3301,cost,43
3301,audience,8
3301,category,12
3301,audience,581
3301,audience,11
3301,audience,328
3301,audience,2691
3301,category,145
3301,service type,17
3301,postalCode,18
3301,url,1600
3301,url,1601
3301,identifier,3302
3301,name,23
3301,name,3303
3301,hasMap,24
3301,areaServed,25
3301,provider,3301
3301,address,3304
3301,longitude,27
3301,availableChannel,3305
3301,availableChannel,3306
3301,containedInPlace,30
3301,description,3301
3301,telephone,3307
3301,text,3308
3301,xmlschema11-2#time,210
3301,xmlschema11-2#time,75
3301,xmlschema11-2#time,209
3301,xmlschema11-2#time,213
3301,xmlschema11-2#time,212
3301,xmlschema11-2#time,211
3301,xmlschema11-2#time,72
3301,conditionsOfAccess,3309
3310,latitude,3311
3310,audience,84
3310,language,4
3310,audience,159
3310,category,12
3310,audience,144
3310,cost,7
3310,availability,6
3310,audience,50
3310,service type,17
3310,postalCode,1250
3310,url,3312
3310,url,3313
3310,identifier,3314
3310,name,23
3310,name,3315
3310,hasMap,24
3310,areaServed,25
3310,provider,3310
3310,address,3316
3310,longitude,27
3310,longitude,27
3310,availableChannel,3317
3310,availableChannel,3318
3310,containedInPlace,1256
3310,description,3310
3310,telephone,3319
3310,telephone,1331
3310,text,3320
3310,xmlschema11-2#time,76
3310,xmlschema11-2#time,837
3310,xmlschema11-2#time,3321
3310,xmlschema11-2#time,75
3310,xmlschema11-2#time,838
3310,xmlschema11-2#time,213
3310,xmlschema11-2#time,72
3310,xmlschema11-2#time,1165
3310,xmlschema11-2#time,1162
3310,xmlschema11-2#time,71
3310,xmlschema11-2#time,74
3310,xmlschema11-2#time,521
3310,xmlschema11-2#time,73
3310,conditionsOfAccess,3322
3323,latitude,1078
3323,category,91
3323,audience,552
3323,audience,58
3323,category,2334
3323,audience,127
3323,audience,9
3323,audience,84
3323,category,129
3323,category,14
3323,cost,175
3323,category,437
3323,language,4
3323,availability,6
3323,audience,316
3323,audience,286
3323,category,5
3323,audience,234
3323,category,12
3323,audience,158
3323,category,145
3323,service type,17
3323,postalCode,18
3323,url,111
3323,identifier,3324
3323,name,3325
3323,name,23
3323,hasMap,24
3323,areaServed,25
3323,provider,3323
3323,address,3326
3323,longitude,27
3323,availableChannel,3327
3323,availableChannel,3328
3323,containedInPlace,30
3323,description,3323
3323,telephone,3329
3323,text,3330
3323,xmlschema11-2#time,72
3323,xmlschema11-2#time,211
3323,xmlschema11-2#time,75
3323,xmlschema11-2#time,837
3323,xmlschema11-2#time,838
3323,xmlschema11-2#time,212
3323,xmlschema11-2#time,254
3323,conditionsOfAccess,23
3331,latitude,3332
3331,audience,11
3331,category,190
3331,language,4
3331,audience,876
3331,audience,8
3331,category,2470
3331,category,81
3331,audience,288
3331,category,12
3331,cost,43
3331,category,640
3331,category,3333
3331,category,232
3331,category,395
3331,availability,6
3331,category,612
3331,service type,17
3331,postalCode,1587
3331,url,3334
3331,url,3335
3331,identifier,3336
3331,name,3337
3331,name,23
3331,hasMap,24
3331,areaServed,63
3331,provider,3331
3331,address,3338
3331,longitude,27
3331,availableChannel,3339
3331,availableChannel,3340
3331,containedInPlace,1594
3331,description,3331
3331,telephone,3341
3331,text,3342
3331,xmlschema11-2#time,76
3331,xmlschema11-2#time,75
3331,xmlschema11-2#time,71
3331,xmlschema11-2#time,73
3331,xmlschema11-2#time,74
3331,xmlschema11-2#time,72
3331,xmlschema11-2#time,70
3331,conditionsOfAccess,3343
3344,latitude,1324
3344,audience,286
3344,category,2470
3344,audience,58
3344,category,3345
3344,category,2105
3344,cost,43
3344,category,51
3344,category,1658
3344,category,3346
3344,category,3347
3344,availability,6
3344,category,554
3344,category,14
3344,category,356
3344,language,4
3344,category,86
3344,category,48
3344,audience,50
3344,category,91
3344,category,53
3344,service type,17
3344,postalCode,1250
3344,url,111
3344,identifier,3348
3344,name,23
3344,name,3349
3344,hasMap,24
3344,areaServed,63
3344,provider,3344
3344,address,1328
3344,longitude,27
3344,availableChannel,3350
3344,availableChannel,3351
3344,containedInPlace,1256
3344,description,3344
3344,telephone,1320
3344,telephone,1331
3344,text,3352
3344,xmlschema11-2#time,167
3344,xmlschema11-2#time,251
3344,xmlschema11-2#time,72
3344,xmlschema11-2#time,171
3344,xmlschema11-2#time,168
3344,xmlschema11-2#time,75
3344,xmlschema11-2#time,170
3344,conditionsOfAccess,3353
3354,latitude,541
3354,language,4
3354,availability,6
3354,category,14
3354,cost,7
3354,audience,58
3354,category,90
3354,category,124
3354,audience,83
3354,audience,94
3354,category,12
3354,audience,11
3354,category,232
3354,audience,3
3354,category,42
3354,category,80
3354,audience,144
3354,audience,8
3354,category,145
3354,category,91
3354,service type,17
3354,postalCode,378
3354,url,111
3354,identifier,3355
3354,name,3356
3354,name,23
3354,hasMap,24
3354,areaServed,25
3354,provider,3354
3354,address,545
3354,longitude,27
3354,availableChannel,3357
3354,availableChannel,3358
3354,containedInPlace,385
3354,description,3354
3354,telephone,386
3354,text,3359
3354,xmlschema11-2#time,76
3354,xmlschema11-2#time,75
3354,xmlschema11-2#time,389
3354,xmlschema11-2#time,390
3354,xmlschema11-2#time,388
3354,xmlschema11-2#time,391
3354,xmlschema11-2#time,72
3354,conditionsOfAccess,3360
3361,latitude,3362
3361,language,4
3361,category,13
3361,audience,2609
3361,availability,6
3361,category,91
3361,category,12
3361,audience,8
3361,cost,7
3361,category,5
3361,audience,9
3361,service type,17
3361,postalCode,240
3361,url,111
3361,identifier,3363
3361,name,23
3361,name,3364
3361,hasMap,24
3361,areaServed,63
3361,provider,3361
3361,address,3365
3361,longitude,27
3361,longitude,27
3361,availableChannel,3366
3361,availableChannel,3367
3361,containedInPlace,248
3361,description,3361
3361,telephone,3368
3361,text,3369
3361,xmlschema11-2#time,71
3361,xmlschema11-2#time,76
3361,xmlschema11-2#time,70
3361,xmlschema11-2#time,74
3361,xmlschema11-2#time,75
3361,xmlschema11-2#time,73
3361,xmlschema11-2#time,72
3361,conditionsOfAccess,3370
3371,latitude,3372
3371,audience,84
3371,audience,8
3371,availability,6
3371,audience,58
3371,category,5
3371,category,14
3371,audience,123
3371,audience,11
3371,language,4
3371,category,88
3371,category,16
3371,category,129
3371,category,12
3371,audience,9
3371,cost,7
3371,language,191
3371,category,145
3371,service type,17
3371,postalCode,479
3371,url,3373
3371,identifier,3374
3371,name,23
3371,name,3375
3371,hasMap,24
3371,areaServed,3376
3371,provider,3371
3371,address,3377
3371,longitude,27
3371,availableChannel,3378
3371,availableChannel,3379
3371,containedInPlace,488
3371,description,3371
3371,telephone,3380
3371,text,3381
3371,xmlschema11-2#time,72
3371,xmlschema11-2#time,1269
3371,xmlschema11-2#time,1268
3371,xmlschema11-2#time,1267
3371,xmlschema11-2#time,1272
3371,xmlschema11-2#time,3382
3371,xmlschema11-2#time,1270
3371,conditionsOfAccess,3383
3384,latitude,425
3384,audience,47
3384,category,359
3384,category,190
3384,audience,84
3384,category,414
3384,category,80
3384,cost,7
3384,category,12
3384,availability,6
3384,audience,158
3384,category,478
3384,language,4
3384,category,129
3384,category,88
3384,category,15
3384,category,91
3384,service type,17
3384,postalCode,147
3384,url,3385
3384,identifier,3386
3384,name,3387
3384,name,23
3384,hasMap,24
3384,areaServed,25
3384,provider,3384
3384,address,429
3384,longitude,27
3384,availableChannel,3388
3384,availableChannel,3389
3384,containedInPlace,153
3384,description,3384
3384,telephone,432
3384,text,3390
3384,xmlschema11-2#time,71
3384,xmlschema11-2#time,75
3384,xmlschema11-2#time,72
3384,xmlschema11-2#time,74
3384,xmlschema11-2#time,73
3384,xmlschema11-2#time,70
3384,xmlschema11-2#time,76
3384,conditionsOfAccess,3391
3392,latitude,1249
3392,audience,286
3392,availability,6
3392,cost,175
3392,category,478
3392,audience,9
3392,audience,50
3392,language,4
3392,category,12
3392,category,124
3392,service type,17
3392,postalCode,1250
3392,url,111
3392,identifier,3393
3392,name,3394
3392,name,23
3392,hasMap,24
3392,areaServed,25
3392,provider,3392
3392,address,1253
3392,longitude,27
3392,longitude,27
3392,availableChannel,3395
3392,availableChannel,3396
3392,containedInPlace,1256
3392,description,3392
3392,telephone,1995
3392,telephone,1257
3392,text,3397
3392,xmlschema11-2#time,251
3392,xmlschema11-2#time,71
3392,xmlschema11-2#time,168
3392,xmlschema11-2#time,170
3392,xmlschema11-2#time,72
3392,xmlschema11-2#time,74
3392,xmlschema11-2#time,171
3392,xmlschema11-2#time,75
3392,xmlschema11-2#time,70
3392,xmlschema11-2#time,519
3392,xmlschema11-2#time,76
3392,xmlschema11-2#time,167
3392,xmlschema11-2#time,73
3392,conditionsOfAccess,3398
3399,latitude,3332
3399,category,81
3399,audience,8
3399,language,4
3399,category,395
3399,category,232
3399,audience,11
3399,category,12
3399,category,640
3399,audience,288
3399,cost,43
3399,availability,6
3399,audience,876
3399,category,3333
3399,category,612
3399,category,2470
3399,category,190
3399,service type,17
3399,postalCode,1587
3399,url,3334
3399,url,3335
3399,identifier,3400
3399,name,23
3399,name,3401
3399,hasMap,24
3399,areaServed,63
3399,provider,3399
3399,address,3338
3399,longitude,27
3399,availableChannel,3402
3399,availableChannel,3403
3399,containedInPlace,1594
3399,description,3399
3399,telephone,3341
3399,text,3342
3399,xmlschema11-2#time,72
3399,xmlschema11-2#time,70
3399,xmlschema11-2#time,74
3399,xmlschema11-2#time,75
3399,xmlschema11-2#time,76
3399,xmlschema11-2#time,71
3399,xmlschema11-2#time,73
3399,conditionsOfAccess,3343
3404,latitude,1829
3404,category,80
3404,audience,1214
3404,category,88
3404,audience,9
3404,audience,144
3404,audience,84
3404,audience,193
3404,audience,11
3404,category,129
3404,audience,1213
3404,cost,175
3404,audience,1215
3404,category,91
3404,availability,6
3404,category,14
3404,audience,3
3404,language,4
3404,category,12
3404,audience,8
3404,service type,17
3404,postalCode,1043
3404,url,1830
3404,identifier,3405
3404,name,23
3404,name,3406
3404,hasMap,24
3404,areaServed,1833
3404,provider,3404
3404,address,1834
3404,longitude,27
3404,availableChannel,3407
3404,availableChannel,3408
3404,containedInPlace,1051
3404,description,3404
3404,telephone,1837
3404,text,1838
3404,xmlschema11-2#time,74
3404,xmlschema11-2#time,73
3404,xmlschema11-2#time,70
3404,xmlschema11-2#time,71
3404,xmlschema11-2#time,76
3404,xmlschema11-2#time,75
3404,xmlschema11-2#time,72
3404,conditionsOfAccess,1839
3409,latitude,1487
3409,audience,3
3409,availability,6
3409,language,4
3409,category,80
3409,audience,193
3409,cost,7
3409,category,91
3409,category,88
3409,category,14
3409,category,5
3409,audience,11
3409,category,124
3409,audience,8
3409,audience,84
3409,audience,144
3409,language,191
3409,service type,17
3409,postalCode,240
3409,url,111
3409,identifier,3410
3409,name,23
3409,name,3411
3409,hasMap,24
3409,areaServed,25
3409,provider,3409
3409,address,1490
3409,longitude,27
3409,availableChannel,3412
3409,availableChannel,3413
3409,containedInPlace,248
3409,description,3409
3409,telephone,964
3409,text,1494
3409,xmlschema11-2#time,72
3409,xmlschema11-2#time,75
3409,xmlschema11-2#time,1498
3409,xmlschema11-2#time,1495
3409,xmlschema11-2#time,1496
3409,xmlschema11-2#time,254
3409,xmlschema11-2#time,1497
3409,conditionsOfAccess,1499
3414,latitude,3415
3414,availability,6
3414,category,93
3414,audience,3416
3414,audience,50
3414,category,12
3414,language,4
3414,cost,43
3414,service type,17
3414,postalCode,642
3414,url,3417
3414,url,3418
3414,identifier,3419
3414,name,3420
3414,name,23
3414,hasMap,24
3414,areaServed,3421
3414,provider,3414
3414,address,3422
3414,longitude,27
3414,longitude,27
3414,availableChannel,3423
3414,availableChannel,3424
3414,containedInPlace,649
3414,description,3414
3414,telephone,3425
3414,text,3426
3414,xmlschema11-2#time,669
3414,xmlschema11-2#time,72
3414,xmlschema11-2#time,668
3414,xmlschema11-2#time,75
3414,xmlschema11-2#time,671
3414,xmlschema11-2#time,670
3414,xmlschema11-2#time,667
3414,conditionsOfAccess,3427
3428,latitude,2417
3428,availability,6
3428,audience,8
3428,cost,7
3428,audience,58
3428,audience,84
3428,language,4
3428,audience,127
3428,category,12
3428,category,190
3428,language,191
3428,audience,9
3428,audience,11
3428,service type,17
3428,postalCode,642
3428,url,694
3428,url,695
3428,identifier,3429
3428,name,23
3428,name,3430
3428,hasMap,24
3428,areaServed,25
3428,provider,3428
3428,address,2420
3428,longitude,27
3428,availableChannel,3431
3428,availableChannel,3432
3428,containedInPlace,649
3428,description,3428
3428,telephone,2423
3428,text,3433
3428,xmlschema11-2#time,75
3428,xmlschema11-2#time,2429
3428,xmlschema11-2#time,2430
3428,xmlschema11-2#time,2426
3428,xmlschema11-2#time,2427
3428,xmlschema11-2#time,2428
3428,xmlschema11-2#time,72
3428,conditionsOfAccess,772
3434,latitude,2515
3434,category,5
3434,category,129
3434,audience,144
3434,audience,598
3434,category,86
3434,audience,84
3434,category,359
3434,category,80
3434,cost,7
3434,category,145
3434,language,4
3434,availability,6
3434,service type,17
3434,postalCode,1587
3434,url,2516
3434,identifier,3435
3434,name,23
3434,name,3436
3434,hasMap,24
3434,areaServed,25
3434,provider,3434
3434,address,1591
3434,longitude,27
3434,availableChannel,3437
3434,availableChannel,3438
3434,containedInPlace,1594
3434,description,3434
3434,telephone,2521
3434,text,2522
3434,xmlschema11-2#time,70
3434,xmlschema11-2#time,75
3434,xmlschema11-2#time,71
3434,xmlschema11-2#time,76
3434,xmlschema11-2#time,74
3434,xmlschema11-2#time,73
3434,xmlschema11-2#time,72
3434,conditionsOfAccess,2523
3439,latitude,3440
3439,category,1815
3439,category,88
3439,category,109
3439,category,356
3439,availability,6
3439,category,91
3439,category,12
3439,audience,11
3439,cost,7
3439,language,4
3439,audience,9
3439,audience,8
3439,category,14
3439,service type,17
3439,postalCode,398
3439,url,3441
3439,url,3442
3439,identifier,3443
3439,name,23
3439,name,3444
3439,hasMap,24
3439,areaServed,1219
3439,provider,3439
3439,address,3445
3439,longitude,27
3439,availableChannel,3446
3439,availableChannel,3447
3439,containedInPlace,407
3439,description,3439
3439,telephone,3448
3439,text,3449
3439,xmlschema11-2#time,251
3439,xmlschema11-2#time,168
3439,xmlschema11-2#time,75
3439,xmlschema11-2#time,71
3439,xmlschema11-2#time,167
3439,xmlschema11-2#time,72
3439,xmlschema11-2#time,171
3439,conditionsOfAccess,3450
3451,latitude,3452
3451,cost,7
3451,audience,47
3451,audience,3
3451,audience,84
3451,category,478
3451,audience,11
3451,category,15
3451,audience,58
3451,category,5
3451,availability,6
3451,language,4
3451,category,124
3451,category,12
3451,service type,17
3451,postalCode,18
3451,url,628
3451,identifier,3453
3451,name,3454
3451,name,23
3451,hasMap,24
3451,areaServed,25
3451,provider,3451
3451,address,3455
3451,longitude,27
3451,availableChannel,3456
3451,availableChannel,3457
3451,containedInPlace,30
3451,description,3451
3451,telephone,3458
3451,text,3459
3451,xmlschema11-2#time,168
3451,xmlschema11-2#time,171
3451,xmlschema11-2#time,72
3451,xmlschema11-2#time,167
3451,xmlschema11-2#time,170
3451,xmlschema11-2#time,75
3451,xmlschema11-2#time,251
3451,conditionsOfAccess,3460
3461,latitude,3462
3461,language,989
3461,category,129
3461,audience,94
3461,audience,50
3461,category,5
3461,category,90
3461,category,329
3461,availability,6
3461,category,88
3461,category,91
3461,audience,234
3461,cost,7
3461,category,14
3461,language,4
3461,language,680
3461,audience,84
3461,audience,290
3461,language,191
3461,service type,17
3461,postalCode,240
3461,identifier,3463
3461,name,23
3461,name,3464
3461,hasMap,24
3461,areaServed,63
3461,provider,3461
3461,address,3465
3461,longitude,27
3461,availableChannel,3466
3461,availableChannel,3467
3461,containedInPlace,248
3461,description,3461
3461,telephone,3468
3461,text,3083
3461,xmlschema11-2#time,3469
3461,xmlschema11-2#time,518
3461,xmlschema11-2#time,522
3461,xmlschema11-2#time,521
3461,xmlschema11-2#time,517
3461,xmlschema11-2#time,520
3461,xmlschema11-2#time,72
3461,conditionsOfAccess,3085
3470,latitude,121
3470,category,88
3470,audience,55
3470,category,80
3470,cost,43
3470,audience,94
3470,audience,123
3470,category,91
3470,category,90
3470,category,129
3470,audience,127
3470,category,126
3470,audience,125
3470,category,124
3470,category,12
3470,language,4
3470,category,126
3470,audience,50
3470,audience,122
3470,audience,46
3470,audience,87
3470,availability,6
3470,audience,83
3470,audience,84
3470,audience,128
3470,service type,17
3470,postalCode,130
3470,url,131
3470,identifier,3471
3470,name,3472
3470,name,23
3470,hasMap,24
3470,areaServed,25
3470,provider,3470
3470,address,134
3470,longitude,27
3470,availableChannel,3473
3470,availableChannel,3474
3470,containedInPlace,137
3470,description,3470
3470,telephone,138
3470,text,139
3470,xmlschema11-2#time,76
3470,xmlschema11-2#time,75
3470,xmlschema11-2#time,70
3470,xmlschema11-2#time,73
3470,xmlschema11-2#time,71
3470,xmlschema11-2#time,74
3470,xmlschema11-2#time,72
3470,conditionsOfAccess,140
3475,latitude,3476
3475,audience,58
3475,category,124
3475,audience,971
3475,audience,316
3475,category,145
3475,category,656
3475,audience,47
3475,audience,286
3475,category,414
3475,category,1844
3475,category,287
3475,availability,6
3475,category,706
3475,language,4
3475,category,91
3475,audience,158
3475,cost,175
3475,audience,720
3475,category,292
3475,category,2293
3475,category,12
3475,audience,552
3475,service type,17
3475,postalCode,739
3475,url,3477
3475,url,1027
3475,identifier,3478
3475,name,23
3475,name,3479
3475,hasMap,24
3475,areaServed,25
3475,provider,3475
3475,address,3480
3475,longitude,27
3475,availableChannel,3481
3475,availableChannel,3482
3475,containedInPlace,745
3475,description,3475
3475,telephone,3483
3475,text,3484
3475,xmlschema11-2#time,75
3475,xmlschema11-2#time,170
3475,xmlschema11-2#time,167
3475,xmlschema11-2#time,171
3475,xmlschema11-2#time,168
3475,xmlschema11-2#time,72
3475,xmlschema11-2#time,251
3475,conditionsOfAccess,23
3485,latitude,857
3485,category,12
3485,audience,9
3485,availability,6
3485,language,4
3485,audience,8
3485,audience,286
3485,category,5
3485,audience,11
3485,audience,84
3485,cost,175
3485,service type,17
3485,postalCode,858
3485,url,111
3485,identifier,3486
3485,name,23
3485,name,3487
3485,hasMap,24
3485,areaServed,25
3485,provider,3485
3485,address,861
3485,longitude,27
3485,longitude,27
3485,availableChannel,3488
3485,availableChannel,3489
3485,containedInPlace,864
3485,description,3485
3485,telephone,2594
3485,text,3490
3485,xmlschema11-2#time,868
3485,xmlschema11-2#time,2934
3485,xmlschema11-2#time,2932
3485,xmlschema11-2#time,72
3485,xmlschema11-2#time,75
3485,xmlschema11-2#time,2997
3485,xmlschema11-2#time,2931
3485,xmlschema11-2#time,867
3485,xmlschema11-2#time,869
3485,xmlschema11-2#time,871
3485,xmlschema11-2#time,2933
3485,xmlschema11-2#time,870
3485,conditionsOfAccess,1997
3491,latitude,1726
3491,category,14
3491,audience,2609
3491,category,5
3491,audience,11
3491,audience,10
3491,audience,58
3491,audience,50
3491,availability,6
3491,audience,123
3491,category,80
3491,audience,8
3491,audience,128
3491,category,15
3491,language,4
3491,audience,125
3491,cost,7
3491,audience,552
3491,audience,47
3491,audience,84
3491,category,129
3491,category,91
3491,service type,17
3491,postalCode,1237
3491,url,111
3491,identifier,3492
3491,name,3493
3491,name,23
3491,hasMap,24
3491,areaServed,25
3491,provider,3491
3491,address,1729
3491,longitude,27
3491,availableChannel,3494
3491,availableChannel,3495
3491,containedInPlace,1244
3491,description,3491
3491,telephone,1245
3491,text,3496
3491,xmlschema11-2#time,74
3491,xmlschema11-2#time,70
3491,xmlschema11-2#time,71
3491,xmlschema11-2#time,75
3491,xmlschema11-2#time,72
3491,xmlschema11-2#time,73
3491,xmlschema11-2#time,76
3491,conditionsOfAccess,3497
3498,latitude,790
3498,audience,47
3498,cost,143
3498,availability,6
3498,audience,92
3498,audience,50
3498,audience,94
3498,category,80
3498,language,4
3498,category,258
3498,category,42
3498,service type,17
3498,postalCode,582
3498,url,111
3498,identifier,3499
3498,name,3500
3498,name,23
3498,hasMap,24
3498,areaServed,25
3498,provider,3498
3498,address,799
3498,longitude,27
3498,availableChannel,3501
3498,availableChannel,3502
3498,containedInPlace,590
3498,description,3498
3498,telephone,3503
3498,text,804
3498,xmlschema11-2#time,72
3498,xmlschema11-2#time,808
3498,xmlschema11-2#time,254
3498,xmlschema11-2#time,255
3498,xmlschema11-2#time,252
3498,xmlschema11-2#time,75
3498,xmlschema11-2#time,816
3498,conditionsOfAccess,267
3504,latitude,3505
3504,audience,11
3504,category,3506
3504,cost,7
3504,audience,8
3504,availability,6
3504,category,237
3504,category,5
3504,audience,2609
3504,category,233
3504,category,2226
3504,category,13
3504,audience,291
3504,audience,286
3504,category,1502
3504,category,238
3504,language,191
3504,language,4
3504,audience,9
3504,service type,17
3504,postalCode,95
3504,url,2086
3504,url,3507
3504,identifier,3508
3504,name,23
3504,name,3509
3504,hasMap,24
3504,areaServed,25
3504,provider,3504
3504,address,3510
3504,longitude,27
3504,longitude,27
3504,availableChannel,3511
3504,availableChannel,3512
3504,containedInPlace,103
3504,description,3504
3504,telephone,3513
3504,text,3514
3504,xmlschema11-2#time,70
3504,xmlschema11-2#time,76
3504,xmlschema11-2#time,71
3504,xmlschema11-2#time,74
3504,xmlschema11-2#time,72
3504,xmlschema11-2#time,75
3504,xmlschema11-2#time,73
3504,conditionsOfAccess,3515
3516,latitude,3517
3516,audience,158
3516,category,145
3516,category,90
3516,category,397
3516,availability,6
3516,audience,230
3516,category,42
3516,language,4
3516,audience,94
3516,cost,43
3516,service type,17
3516,postalCode,479
3516,url,241
3516,url,242
3516,identifier,3518
3516,name,23
3516,name,3519
3516,hasMap,24
3516,areaServed,25
3516,provider,3516
3516,address,3520
3516,longitude,27
3516,availableChannel,3521
3516,availableChannel,3522
3516,containedInPlace,488
3516,description,3516
3516,telephone,2329
3516,text,3523
3516,xmlschema11-2#time,73
3516,xmlschema11-2#time,74
3516,xmlschema11-2#time,70
3516,xmlschema11-2#time,76
3516,xmlschema11-2#time,72
3516,xmlschema11-2#time,71
3516,xmlschema11-2#time,75
3516,conditionsOfAccess,23
3524,latitude,1041
3524,audience,580
3524,audience,198
3524,audience,193
3524,category,91
3524,audience,47
3524,audience,123
3524,audience,58
3524,audience,84
3524,language,4
3524,audience,3
3524,audience,159
3524,audience,144
3524,audience,11
3524,availability,1042
3524,category,14
3524,category,80
3524,cost,7
3524,category,12
3524,service type,17
3524,postalCode,1043
3524,url,1044
3524,identifier,3525
3524,name,23
3524,name,3526
3524,hasMap,24
3524,areaServed,1047
3524,provider,3524
3524,address,1048
3524,longitude,27
3524,availableChannel,3527
3524,availableChannel,3528
3524,containedInPlace,1051
3524,description,3524
3524,telephone,1052
3524,text,1053
3524,xmlschema11-2#time,1019
3524,xmlschema11-2#time,388
3524,xmlschema11-2#time,391
3524,xmlschema11-2#time,3272
3524,xmlschema11-2#time,1209
3524,xmlschema11-2#time,390
3524,xmlschema11-2#time,389
3524,conditionsOfAccess,1054
3529,latitude,1966
3529,category,190
3529,audience,9
3529,availability,6
3529,audience,316
3529,audience,286
3529,audience,158
3529,category,1325
3529,category,124
3529,category,236
3529,category,145
3529,language,4
3529,cost,7
3529,category,232
3529,audience,230
3529,audience,47
3529,category,292
3529,service type,17
3529,postalCode,176
3529,url,1968
3529,url,1967
3529,identifier,3530
3529,name,3531
3529,name,23
3529,hasMap,24
3529,areaServed,25
3529,provider,3529
3529,address,1971
3529,longitude,27
3529,longitude,27
3529,availableChannel,3532
3529,availableChannel,3533
3529,containedInPlace,184
3529,description,3529
3529,telephone,3534
3529,text,3535
3529,xmlschema11-2#time,388
3529,xmlschema11-2#time,391
3529,xmlschema11-2#time,389
3529,xmlschema11-2#time,867
3529,xmlschema11-2#time,72
3529,xmlschema11-2#time,76
3529,xmlschema11-2#time,749
3529,xmlschema11-2#time,75
3529,xmlschema11-2#time,390
3529,xmlschema11-2#time,70
3529,xmlschema11-2#time,73
3529,conditionsOfAccess,23
3536,latitude,3537
3536,audience,2177
3536,cost,43
3536,audience,477
3536,audience,47
3536,category,3538
3536,audience,627
3536,audience,50
3536,language,4
3536,audience,195
3536,audience,58
3536,availability,1800
3536,service type,17
3536,postalCode,1136
3536,url,3539
3536,identifier,3540
3536,name,3541
3536,name,23
3536,hasMap,24
3536,areaServed,3542
3536,provider,3536
3536,address,3543
3536,longitude,27
3536,availableChannel,3544
3536,availableChannel,3545
3536,containedInPlace,1142
3536,description,3536
3536,telephone,3546
3536,text,3547
3536,xmlschema11-2#time,71
3536,xmlschema11-2#time,73
3536,xmlschema11-2#time,74
3536,xmlschema11-2#time,76
3536,xmlschema11-2#time,70
3536,xmlschema11-2#time,75
3536,xmlschema11-2#time,72
3536,conditionsOfAccess,3548
3549,latitude,774
3549,category,124
3549,audience,84
3549,category,15
3549,audience,47
3549,cost,43
3549,category,232
3549,audience,158
3549,audience,775
3549,availability,6
3549,audience,58
3549,category,12
3549,language,4
3549,audience,331
3549,service type,17
3549,postalCode,776
3549,url,777
3549,url,778
3549,identifier,3550
3549,name,3551
3549,name,23
3549,hasMap,24
3549,areaServed,25
3549,provider,3549
3549,address,781
3549,longitude,27
3549,availableChannel,3552
3549,availableChannel,3553
3549,containedInPlace,784
3549,description,3549
3549,telephone,785
3549,text,786
3549,xmlschema11-2#time,348
3549,xmlschema11-2#time,266
3549,xmlschema11-2#time,72
3549,xmlschema11-2#time,344
3549,xmlschema11-2#time,787
3549,xmlschema11-2#time,75
3549,xmlschema11-2#time,254
3549,conditionsOfAccess,788
3554,latitude,969
3554,category,80
3554,availability,6
3554,audience,50
3554,audience,58
3554,category,145
3554,cost,7
3554,audience,84
3554,audience,195
3554,language,4
3554,category,129
3554,audience,94
3554,audience,159
3554,audience,627
3554,audience,1999
3554,category,970
3554,category,397
3554,audience,1345
3554,category,3555
3554,audience,580
3554,audience,328
3554,category,5
3554,category,109
3554,category,12
3554,service type,17
3554,postalCode,18
3554,url,973
3554,url,3556
3554,identifier,3557
3554,name,23
3554,name,3558
3554,hasMap,24
3554,areaServed,3559
3554,provider,3554
3554,address,976
3554,longitude,27
3554,availableChannel,3560
3554,availableChannel,3561
3554,containedInPlace,30
3554,description,3554
3554,telephone,3562
3554,text,3563
3554,xmlschema11-2#time,37
3554,xmlschema11-2#time,35
3554,xmlschema11-2#time,33
3554,xmlschema11-2#time,39
3554,xmlschema11-2#time,34
3554,xmlschema11-2#time,36
3554,xmlschema11-2#time,38
3554,conditionsOfAccess,3564
3565,latitude,638
3565,audience,193
3565,availability,6
3565,audience,11
3565,category,53
3565,audience,8
3565,category,80
3565,category,329
3565,category,639
3565,audience,3
3565,language,4
3565,category,190
3565,audience,641
3565,audience,94
3565,audience,144
3565,category,640
3565,cost,7
3565,category,42
3565,category,93
3565,category,48
3565,service type,17
3565,postalCode,642
3565,identifier,3566
3565,name,3567
3565,name,23
3565,hasMap,24
3565,areaServed,645
3565,provider,3565
3565,address,646
3565,longitude,27
3565,availableChannel,3568
3565,availableChannel,3569
3565,containedInPlace,649
3565,description,3565
3565,telephone,3570
3565,text,651
3565,xmlschema11-2#time,70
3565,xmlschema11-2#time,75
3565,xmlschema11-2#time,76
3565,xmlschema11-2#time,72
3565,xmlschema11-2#time,74
3565,xmlschema11-2#time,73
3565,xmlschema11-2#time,71
3565,conditionsOfAccess,23
3571,latitude,1622
3571,cost,43
3571,language,4
3571,category,190
3571,category,89
3571,audience,47
3571,category,14
3571,category,91
3571,audience,94
3571,audience,58
3571,category,42
3571,audience,11
3571,category,145
3571,audience,3
3571,availability,6
3571,audience,8
3571,service type,17
3571,postalCode,479
3571,url,3572
3571,url,3573
3571,identifier,3574
3571,name,3575
3571,name,23
3571,hasMap,24
3571,areaServed,63
3571,provider,3571
3571,address,662
3571,longitude,27
3571,availableChannel,3576
3571,availableChannel,3577
3571,containedInPlace,488
3571,description,3571
3571,telephone,3578
3571,text,3579
3571,xmlschema11-2#time,73
3571,xmlschema11-2#time,75
3571,xmlschema11-2#time,76
3571,xmlschema11-2#time,72
3571,xmlschema11-2#time,70
3571,xmlschema11-2#time,74
3571,xmlschema11-2#time,71
3571,conditionsOfAccess,3580
3581,latitude,3582
3581,audience,2131
3581,category,1325
3581,category,2103
3581,category,192
3581,audience,598
3581,category,129
3581,cost,43
3581,availability,6
3581,audience,158
3581,language,4
3581,category,237
3581,service type,17
3581,postalCode,271
3581,url,3583
3581,url,111
3581,identifier,3584
3581,name,23
3581,name,3585
3581,hasMap,24
3581,areaServed,25
3581,provider,3581
3581,address,3586
3581,longitude,27
3581,availableChannel,3587
3581,availableChannel,3588
3581,containedInPlace,279
3581,description,3581
3581,telephone,3589
3581,text,3590
3581,xmlschema11-2#time,807
3581,xmlschema11-2#time,72
3581,xmlschema11-2#time,75
3581,xmlschema11-2#time,2686
3581,xmlschema11-2#time,2684
3581,xmlschema11-2#time,2685
3581,xmlschema11-2#time,813
3581,conditionsOfAccess,23
3591,latitude,595
3591,audience,1957
3591,audience,627
3591,audience,738
3591,audience,9
3591,audience,84
3591,category,14
3591,audience,144
3591,audience,11
3591,category,329
3591,audience,193
3591,language,4
3591,audience,1345
3591,audience,8
3591,audience,159
3591,audience,580
3591,category,91
3591,availability,6
3591,category,88
3591,category,287
3591,category,12
3591,audience,3
3591,cost,7
3591,service type,17
3591,postalCode,527
3591,url,111
3591,identifier,3592
3591,name,23
3591,name,3593
3591,hasMap,24
3591,areaServed,645
3591,provider,3591
3591,address,603
3591,longitude,27
3591,availableChannel,3594
3591,availableChannel,3595
3591,containedInPlace,536
3591,description,3591
3591,telephone,3596
3591,text,3597
3591,xmlschema11-2#time,74
3591,xmlschema11-2#time,76
3591,xmlschema11-2#time,70
3591,xmlschema11-2#time,75
3591,xmlschema11-2#time,72
3591,xmlschema11-2#time,71
3591,xmlschema11-2#time,73
3591,conditionsOfAccess,314
3598,latitude,3599
3598,category,88
3598,audience,775
3598,audience,158
3598,category,80
3598,audience,331
3598,language,761
3598,category,91
3598,language,191
3598,audience,47
3598,audience,293
3598,category,90
3598,audience,2131
3598,availability,6
3598,audience,94
3598,language,679
3598,language,677
3598,cost,7
3598,language,4
3598,service type,17
3598,postalCode,1503
3598,url,3600
3598,url,3601
3598,identifier,3602
3598,name,23
3598,name,3603
3598,hasMap,24
3598,areaServed,3604
3598,provider,3598
3598,address,3605
3598,longitude,27
3598,availableChannel,3606
3598,availableChannel,3607
3598,containedInPlace,1509
3598,description,3598
3598,telephone,3608
3598,text,3609
3598,xmlschema11-2#time,213
3598,xmlschema11-2#time,212
3598,xmlschema11-2#time,72
3598,xmlschema11-2#time,75
3598,xmlschema11-2#time,837
3598,xmlschema11-2#time,838
3598,xmlschema11-2#time,211
3598,conditionsOfAccess,3610
3611,latitude,3612
3611,audience,47
3611,category,42
3611,audience,50
3611,audience,92
3611,cost,143
3611,category,258
3611,availability,6
3611,language,4
3611,audience,94
3611,category,80
3611,service type,17
3611,postalCode,176
3611,url,111
3611,identifier,3613
3611,name,23
3611,name,3614
3611,hasMap,24
3611,areaServed,25
3611,provider,3611
3611,address,3615
3611,longitude,27
3611,longitude,27
3611,availableChannel,3616
3611,availableChannel,3617
3611,containedInPlace,184
3611,description,3611
3611,telephone,264
3611,telephone,802
3611,text,3618
3611,xmlschema11-2#time,252
3611,xmlschema11-2#time,806
3611,xmlschema11-2#time,817
3611,xmlschema11-2#time,3619
3611,xmlschema11-2#time,3620
3611,xmlschema11-2#time,3621
3611,xmlschema11-2#time,3622
3611,xmlschema11-2#time,75
3611,xmlschema11-2#time,255
3611,xmlschema11-2#time,72
3611,xmlschema11-2#time,3623
3611,conditionsOfAccess,267
3624,latitude,3625
3624,category,110
3624,audience,94
3624,category,88
3624,category,397
3624,audience,50
3624,category,146
3624,category,42
3624,cost,7
3624,availability,6
3624,language,4
3624,service type,17
3624,postalCode,1168
3624,url,3626
3624,url,3627
3624,identifier,3628
3624,name,23
3624,name,3629
3624,hasMap,24
3624,areaServed,3630
3624,provider,3624
3624,address,3631
3624,longitude,27
3624,longitude,27
3624,availableChannel,3632
3624,availableChannel,3633
3624,containedInPlace,1176
3624,description,3624
3624,telephone,3634
3624,text,3635
3624,xmlschema11-2#time,36
3624,xmlschema11-2#time,35
3624,xmlschema11-2#time,34
3624,xmlschema11-2#time,33
3624,xmlschema11-2#time,39
3624,xmlschema11-2#time,38
3624,xmlschema11-2#time,37
3624,conditionsOfAccess,3636
3637,latitude,541
3637,category,1815
3637,category,640
3637,audience,9
3637,cost,43
3637,category,14
3637,audience,8
3637,language,191
3637,category,478
3637,category,3333
3637,audience,84
3637,category,294
3637,audience,11
3637,availability,6
3637,language,4
3637,category,91
3637,category,86
3637,category,124
3637,audience,316
3637,category,395
3637,category,190
3637,service type,17
3637,postalCode,378
3637,url,1195
3637,identifier,3638
3637,name,3639
3637,name,23
3637,hasMap,24
3637,areaServed,25
3637,provider,3637
3637,address,545
3637,longitude,27
3637,availableChannel,3640
3637,availableChannel,3641
3637,containedInPlace,385
3637,description,3637
3637,telephone,386
3637,text,3642
3637,xmlschema11-2#time,520
3637,xmlschema11-2#time,76
3637,xmlschema11-2#time,390
3637,xmlschema11-2#time,72
3637,xmlschema11-2#time,388
3637,xmlschema11-2#time,391
3637,xmlschema11-2#time,75
3637,conditionsOfAccess,3643
3644,latitude,2142
3644,audience,94
3644,availability,6
3644,language,191
3644,category,258
3644,audience,9
3644,category,42
3644,audience,50
3644,category,80
3644,audience,47
3644,cost,143
3644,category,124
3644,language,4
3644,audience,234
3644,audience,92
3644,service type,17
3644,postalCode,1168
3644,url,2143
3644,url,2144
3644,identifier,3645
3644,name,23
3644,name,3646
3644,hasMap,24
3644,areaServed,2147
3644,provider,3644
3644,address,2148
3644,longitude,27
3644,availableChannel,3647
3644,availableChannel,3648
3644,containedInPlace,1176
3644,description,3644
3644,telephone,3649
3644,text,2152
3644,xmlschema11-2#time,75
3644,xmlschema11-2#time,73
3644,xmlschema11-2#time,76
3644,xmlschema11-2#time,72
3644,xmlschema11-2#time,70
3644,xmlschema11-2#time,74
3644,xmlschema11-2#time,71
3644,conditionsOfAccess,2153
3650,latitude,3651
3650,audience,477
3650,category,396
3650,cost,7
3650,audience,1843
3650,category,237
3650,audience,9
3650,category,1846
3650,category,16
3650,language,4
3650,availability,6
3650,category,397
3650,audience,193
3650,audience,1842
3650,audience,291
3650,category,1844
3650,category,1845
3650,audience,641
3650,service type,17
3650,postalCode,3652
3650,url,3653
3650,identifier,3654
3650,name,3655
3650,name,23
3650,hasMap,24
3650,areaServed,25
3650,provider,3650
3650,address,3656
3650,longitude,27
3650,longitude,27
3650,availableChannel,3657
3650,availableChannel,3658
3650,containedInPlace,3659
3650,description,3650
3650,telephone,3660
3650,text,3661
3650,xmlschema11-2#time,38
3650,xmlschema11-2#time,35
3650,xmlschema11-2#time,34
3650,xmlschema11-2#time,33
3650,xmlschema11-2#time,37
3650,xmlschema11-2#time,71
3650,xmlschema11-2#time,75
3650,xmlschema11-2#time,39
3650,xmlschema11-2#time,36
3650,xmlschema11-2#time,72
3650,xmlschema11-2#time,73
3650,xmlschema11-2#time,76
3650,xmlschema11-2#time,74
3650,xmlschema11-2#time,70
3650,conditionsOfAccess,2153
3662,latitude,1078
3662,latitude,3663
3662,category,229
3662,availability,6
3662,audience,9
3662,category,13
3662,audience,286
3662,category,656
3662,category,1885
3662,category,145
3662,audience,581
3662,language,4
3662,cost,175
3662,category,654
3662,category,292
3662,audience,316
3662,category,233
3662,category,237
3662,audience,158
3662,service type,17
3662,postalCode,18
3662,postalCode,1250
3662,url,3664
3662,identifier,3665
3662,name,3666
3662,name,23
3662,hasMap,24
3662,hasMap,24
3662,areaServed,645
3662,provider,3662
3662,address,3667
3662,address,134
3662,longitude,27
3662,longitude,27
3662,availableChannel,3668
3662,availableChannel,3669
3662,containedInPlace,30
3662,containedInPlace,1256
3662,description,3662
3662,telephone,3091
3662,telephone,1084
3662,text,3670
3662,xmlschema11-2#time,171
3662,xmlschema11-2#time,169
3662,xmlschema11-2#time,1087
3662,xmlschema11-2#time,168
3662,xmlschema11-2#time,1089
3662,xmlschema11-2#time,1086
3662,xmlschema11-2#time,170
3662,xmlschema11-2#time,167
3662,xmlschema11-2#time,75
3662,xmlschema11-2#time,72
3662,xmlschema11-2#time,1088
3662,xmlschema11-2#time,1090
3662,xmlschema11-2#time,251
3662,conditionsOfAccess,23
3671,latitude,2008
3671,audience,3672
3671,category,2470
3671,audience,3673
3671,cost,7
3671,category,145
3671,language,4
3671,audience,50
3671,audience,58
3671,audience,47
3671,availability,6
3671,audience,286
3671,category,3674
3671,service type,17
3671,postalCode,18
3671,url,3675
3671,identifier,3676
3671,name,23
3671,name,3677
3671,hasMap,24
3671,areaServed,25
3671,provider,3671
3671,address,2013
3671,longitude,27
3671,availableChannel,3678
3671,availableChannel,3679
3671,containedInPlace,30
3671,description,3671
3671,telephone,2016
3671,text,3680
3671,xmlschema11-2#time,2024
3671,xmlschema11-2#time,2021
3671,xmlschema11-2#time,2022
3671,xmlschema11-2#time,2018
3671,xmlschema11-2#time,2020
3671,xmlschema11-2#time,2023
3671,xmlschema11-2#time,2019
3671,conditionsOfAccess,3681
3682,latitude,1429
3682,category,5
3682,audience,316
3682,audience,9
3682,category,129
3682,availability,6
3682,audience,598
3682,language,191
3682,category,12
3682,cost,175
3682,audience,10
3682,category,88
3682,audience,58
3682,audience,47
3682,audience,158
3682,language,4
3682,audience,84
3682,category,16
3682,category,14
3682,category,91
3682,service type,17
3682,postalCode,1430
3682,url,1432
3682,url,1431
3682,identifier,3683
3682,name,23
3682,name,3684
3682,hasMap,24
3682,areaServed,25
3682,provider,3682
3682,address,3685
3682,longitude,27
3682,availableChannel,3686
3682,availableChannel,3687
3682,containedInPlace,1438
3682,description,3682
3682,telephone,1439
3682,text,1440
3682,xmlschema11-2#time,966
3682,xmlschema11-2#time,1270
3682,xmlschema11-2#time,1269
3682,xmlschema11-2#time,72
3682,xmlschema11-2#time,1268
3682,xmlschema11-2#time,1267
3682,xmlschema11-2#time,1272
3682,conditionsOfAccess,608
3688,latitude,900
3688,audience,58
3688,category,359
3688,audience,330
3688,audience,84
3688,cost,7
3688,availability,6
3688,category,91
3688,language,4
3688,audience,11
3688,audience,8
3688,service type,17
3688,postalCode,332
3688,url,3689
3688,url,902
3688,identifier,3690
3688,name,3691
3688,name,23
3688,hasMap,24
3688,areaServed,3692
3688,provider,3688
3688,address,906
3688,longitude,27
3688,availableChannel,3693
3688,availableChannel,3694
3688,containedInPlace,341
3688,description,3688
3688,telephone,909
3688,text,3695
3688,xmlschema11-2#time,389
3688,xmlschema11-2#time,391
3688,xmlschema11-2#time,388
3688,xmlschema11-2#time,390
3688,xmlschema11-2#time,171
3688,xmlschema11-2#time,72
3688,xmlschema11-2#time,75
3688,conditionsOfAccess,3696
3697,latitude,2291
3697,category,232
3697,audience,84
3697,language,191
3697,category,12
3697,category,233
3697,audience,290
3697,category,2293
3697,audience,286
3697,category,1884
3697,cost,175
3697,audience,581
3697,audience,122
3697,category,1024
3697,audience,50
3697,category,237
3697,audience,197
3697,category,2292
3697,category,236
3697,category,229
3697,audience,47
3697,language,4
3697,audience,9
3697,audience,58
3697,availability,6
3697,category,611
3697,audience,316
3697,audience,230
3697,service type,17
3697,postalCode,450
3697,identifier,3698
3697,name,23
3697,name,3699
3697,hasMap,24
3697,areaServed,63
3697,provider,3697
3697,address,2296
3697,longitude,27
3697,availableChannel,3700
3697,availableChannel,3701
3697,containedInPlace,458
3697,description,3697
3697,telephone,3702
3697,text,2300
3697,xmlschema11-2#time,1014
3697,xmlschema11-2#time,1017
3697,xmlschema11-2#time,76
3697,xmlschema11-2#time,75
3697,xmlschema11-2#time,1020
3697,xmlschema11-2#time,72
3697,xmlschema11-2#time,1016
3697,conditionsOfAccess,23
3703,latitude,425
3703,audience,11
3703,cost,7
3703,audience,193
3703,category,42
3703,audience,9
3703,language,4
3703,category,397
3703,audience,144
3703,audience,94
3703,audience,3
3703,availability,6
3703,service type,17
3703,postalCode,147
3703,url,426
3703,identifier,3704
3703,name,3705
3703,name,23
3703,hasMap,24
3703,areaServed,25
3703,provider,3703
3703,address,429
3703,longitude,27
3703,availableChannel,3706
3703,availableChannel,3707
3703,containedInPlace,153
3703,description,3703
3703,telephone,432
3703,text,1467
3703,xmlschema11-2#time,1000
3703,xmlschema11-2#time,1002
3703,xmlschema11-2#time,75
3703,xmlschema11-2#time,1001
3703,xmlschema11-2#time,72
3703,xmlschema11-2#time,999
3703,xmlschema11-2#time,998
3703,conditionsOfAccess,1468
3708,latitude,3210
3708,audience,8
3708,availability,6
3708,audience,193
3708,language,4
3708,category,5
3708,category,15
3708,audience,3
3708,audience,144
3708,category,14
3708,category,145
3708,audience,11
3708,cost,7
3708,category,91
3708,category,12
3708,audience,2609
3708,service type,17
3708,postalCode,479
3708,url,3211
3708,identifier,3709
3708,name,23
3708,name,3710
3708,hasMap,24
3708,areaServed,3191
3708,provider,3708
3708,address,3214
3708,longitude,27
3708,availableChannel,3711
3708,availableChannel,3712
3708,containedInPlace,488
3708,description,3708
3708,telephone,3217
3708,text,3713
3708,xmlschema11-2#time,388
3708,xmlschema11-2#time,1209
3708,xmlschema11-2#time,389
3708,xmlschema11-2#time,3219
3708,xmlschema11-2#time,390
3708,xmlschema11-2#time,3220
3708,xmlschema11-2#time,391
3708,conditionsOfAccess,1641
3714,latitude,1782
3714,audience,2609
3714,availability,6
3714,audience,11
3714,cost,7
3714,language,4
3714,category,397
3714,language,191
3714,category,359
3714,category,233
3714,audience,9
3714,audience,8
3714,service type,17
3714,postalCode,295
3714,url,942
3714,url,941
3714,identifier,3715
3714,name,3716
3714,name,23
3714,hasMap,24
3714,areaServed,25
3714,provider,3714
3714,address,1785
3714,longitude,27
3714,availableChannel,3717
3714,availableChannel,3718
3714,containedInPlace,305
3714,description,3714
3714,telephone,949
3714,text,2963
3714,xmlschema11-2#time,168
3714,xmlschema11-2#time,171
3714,xmlschema11-2#time,167
3714,xmlschema11-2#time,170
3714,xmlschema11-2#time,75
3714,xmlschema11-2#time,251
3714,xmlschema11-2#time,72
3714,conditionsOfAccess,2964
3719,latitude,3440
3719,audience,8
3719,audience,10
3719,category,88
3719,category,80
3719,cost,7
3719,language,4
3719,audience,58
3719,audience,552
3719,audience,3
3719,audience,11
3719,audience,123
3719,audience,286
3719,category,14
3719,category,16
3719,availability,6
3719,category,91
3719,audience,9
3719,service type,17
3719,postalCode,398
3719,url,3441
3719,url,3442
3719,identifier,3720
3719,name,3721
3719,name,23
3719,hasMap,24
3719,areaServed,25
3719,provider,3719
3719,address,3445
3719,longitude,27
3719,availableChannel,3722
3719,availableChannel,3723
3719,containedInPlace,407
3719,description,3719
3719,telephone,3448
3719,text,3724
3719,xmlschema11-2#time,71
3719,xmlschema11-2#time,72
3719,xmlschema11-2#time,251
3719,xmlschema11-2#time,167
3719,xmlschema11-2#time,75
3719,xmlschema11-2#time,171
3719,xmlschema11-2#time,168
3719,conditionsOfAccess,3725
3726,latitude,1097
3726,category,232
3726,category,86
3726,cost,43
3726,category,124
3726,availability,6
3726,category,54
3726,category,12
3726,language,191
3726,audience,158
3726,audience,578
3726,language,4
3726,category,145
3726,service type,17
3726,postalCode,450
3726,url,1098
3726,url,1099
3726,identifier,3727
3726,name,23
3726,name,3728
3726,hasMap,24
3726,areaServed,25
3726,provider,3726
3726,address,1102
3726,longitude,27
3726,availableChannel,3729
3726,availableChannel,3730
3726,containedInPlace,458
3726,description,3726
3726,telephone,1914
3726,text,2122
3726,xmlschema11-2#time,213
3726,xmlschema11-2#time,72
3726,xmlschema11-2#time,837
3726,xmlschema11-2#time,212
3726,xmlschema11-2#time,838
3726,xmlschema11-2#time,75
3726,xmlschema11-2#time,211
3726,conditionsOfAccess,2123
3731,latitude,3732
3731,audience,11
3731,availability,6
3731,audience,3733
3731,category,596
3731,category,145
3731,audience,58
3731,audience,328
3731,category,395
3731,audience,8
3731,language,191
3731,audience,3734
3731,audience,3735
3731,category,3736
3731,category,1815
3731,audience,2609
3731,audience,3737
3731,language,4
3731,cost,43
3731,category,3738
3731,category,2827
3731,category,232
3731,category,329
3731,category,124
3731,audience,291
3731,category,93
3731,category,54
3731,audience,1842
3731,service type,17
3731,postalCode,18
3731,url,3739
3731,url,3740
3731,identifier,3741
3731,name,3742
3731,name,23
3731,hasMap,24
3731,areaServed,532
3731,provider,3731
3731,address,3743
3731,longitude,27
3731,availableChannel,3744
3731,availableChannel,3745
3731,containedInPlace,30
3731,description,3731
3731,telephone,3746
3731,text,3747
3731,xmlschema11-2#time,72
3731,xmlschema11-2#time,71
3731,xmlschema11-2#time,73
3731,xmlschema11-2#time,76
3731,xmlschema11-2#time,70
3731,xmlschema11-2#time,75
3731,xmlschema11-2#time,74
3731,conditionsOfAccess,23
3748,latitude,425
3748,category,12
3748,cost,7
3748,category,129
3748,category,414
3748,availability,6
3748,category,91
3748,category,359
3748,audience,47
3748,category,15
3748,audience,84
3748,category,80
3748,category,190
3748,category,88
3748,category,478
3748,language,4
3748,audience,158
3748,service type,17
3748,postalCode,147
3748,url,3385
3748,identifier,3749
3748,name,3750
3748,name,23
3748,hasMap,24
3748,areaServed,25
3748,provider,3748
3748,address,429
3748,longitude,27
3748,availableChannel,3751
3748,availableChannel,3752
3748,containedInPlace,153
3748,description,3748
3748,telephone,432
3748,text,3390
3748,xmlschema11-2#time,75
3748,xmlschema11-2#time,70
3748,xmlschema11-2#time,72
3748,xmlschema11-2#time,74
3748,xmlschema11-2#time,73
3748,xmlschema11-2#time,76
3748,xmlschema11-2#time,71
3748,conditionsOfAccess,3391
3753,latitude,3754
3753,language,4
3753,category,80
3753,category,5
3753,audience,193
3753,cost,7
3753,category,14
3753,category,12
3753,category,15
3753,language,677
3753,audience,9
3753,language,191
3753,availability,6
3753,audience,144
3753,audience,11
3753,category,91
3753,audience,3
3753,audience,234
3753,language,680
3753,audience,8
3753,language,676
3753,service type,17
3753,postalCode,332
3753,url,3755
3753,url,3756
3753,identifier,3757
3753,name,3758
3753,name,23
3753,hasMap,24
3753,areaServed,25
3753,provider,3753
3753,address,3759
3753,longitude,27
3753,availableChannel,3760
3753,availableChannel,3761
3753,containedInPlace,341
3753,description,3753
3753,telephone,3762
3753,text,3763
3753,xmlschema11-2#time,853
3753,xmlschema11-2#time,75
3753,xmlschema11-2#time,1270
3753,xmlschema11-2#time,72
3753,xmlschema11-2#time,1267
3753,xmlschema11-2#time,1272
3753,xmlschema11-2#time,1269
3753,conditionsOfAccess,314
3764,latitude,3765
3764,audience,286
3764,audience,11
3764,category,1502
3764,availability,6
3764,category,2226
3764,audience,9
3764,category,5
3764,audience,316
3764,category,3506
3764,category,237
3764,audience,234
3764,category,292
3764,category,1657
3764,cost,7
3764,audience,2609
3764,category,233
3764,category,2
3764,language,4
3764,audience,1277
3764,audience,8
3764,category,13
3764,service type,17
3764,postalCode,479
3764,url,3766
3764,url,3767
3764,identifier,3768
3764,name,3769
3764,name,23
3764,hasMap,24
3764,areaServed,3770
3764,provider,3764
3764,address,2311
3764,longitude,27
3764,availableChannel,3771
3764,availableChannel,3772
3764,containedInPlace,488
3764,description,3764
3764,telephone,2314
3764,text,3773
3764,xmlschema11-2#time,2316
3764,xmlschema11-2#time,3774
3764,xmlschema11-2#time,2319
3764,xmlschema11-2#time,72
3764,xmlschema11-2#time,2318
3764,xmlschema11-2#time,2320
3764,xmlschema11-2#time,2317
3764,conditionsOfAccess,3775
3776,latitude,3777
3776,category,3736
3776,audience,3
3776,category,395
3776,cost,143
3776,category,145
3776,audience,8
3776,category,3778
3776,audience,3779
3776,category,359
3776,language,4
3776,availability,6
3776,service type,17
3776,postalCode,479
3776,url,3780
3776,url,3781
3776,identifier,3782
3776,name,23
3776,name,3783
3776,hasMap,24
3776,areaServed,822
3776,provider,3776
3776,address,3784
3776,longitude,27
3776,availableChannel,3785
3776,availableChannel,3786
3776,containedInPlace,488
3776,description,3776
3776,telephone,3787
3776,text,3788
3776,xmlschema11-2#time,72
3776,xmlschema11-2#time,75
3776,xmlschema11-2#time,374
3776,xmlschema11-2#time,371
3776,xmlschema11-2#time,373
3776,xmlschema11-2#time,370
3776,xmlschema11-2#time,372
3776,conditionsOfAccess,3789
3790,latitude,3791
3790,cost,43
3790,audience,10
3790,category,54
3790,category,294
3790,audience,58
3790,audience,50
3790,category,1024
3790,audience,552
3790,category,124
3790,language,191
3790,category,124
3790,audience,234
3790,audience,84
3790,language,4
3790,category,15
3790,audience,127
3790,category,437
3790,category,93
3790,availability,6
3790,category,478
3790,audience,877
3790,service type,17
3790,postalCode,59
3790,url,3792
3790,identifier,3793
3790,name,3794
3790,name,23
3790,hasMap,24
3790,areaServed,63
3790,provider,3790
3790,address,3795
3790,longitude,27
3790,availableChannel,3796
3790,availableChannel,3797
3790,containedInPlace,67
3790,description,3790
3790,telephone,3798
3790,text,3799
3790,xmlschema11-2#time,71
3790,xmlschema11-2#time,72
3790,xmlschema11-2#time,76
3790,xmlschema11-2#time,73
3790,xmlschema11-2#time,70
3790,xmlschema11-2#time,75
3790,xmlschema11-2#time,74
3790,conditionsOfAccess,3800
3801,latitude,3802
3801,cost,7
3801,category,145
3801,category,5
3801,category,91
3801,category,88
3801,audience,9
3801,audience,84
3801,audience,87
3801,audience,286
3801,category,14
3801,audience,316
3801,language,4
3801,audience,158
3801,category,16
3801,availability,6
3801,category,12
3801,service type,17
3801,postalCode,582
3801,url,583
3801,identifier,3803
3801,name,3804
3801,name,23
3801,hasMap,24
3801,areaServed,25
3801,provider,3801
3801,address,3805
3801,longitude,27
3801,longitude,27
3801,availableChannel,3806
3801,availableChannel,3807
3801,containedInPlace,590
3801,description,3801
3801,telephone,185
3801,telephone,3808
3801,text,3809
3801,xmlschema11-2#time,71
3801,xmlschema11-2#time,70
3801,xmlschema11-2#time,76
3801,xmlschema11-2#time,73
3801,xmlschema11-2#time,74
3801,xmlschema11-2#time,72
3801,xmlschema11-2#time,75
3801,conditionsOfAccess,23
3810,latitude,3811
3810,audience,58
3810,audience,286
3810,availability,6
3810,language,4
3810,audience,11
3810,audience,84
3810,cost,7
3810,audience,8
3810,category,12
3810,category,5
3810,audience,316
3810,service type,17
3810,postalCode,18
3810,url,452
3810,url,451
3810,identifier,3812
3810,name,23
3810,name,3813
3810,hasMap,24
3810,areaServed,3814
3810,provider,3810
3810,address,3815
3810,longitude,27
3810,availableChannel,3816
3810,availableChannel,3817
3810,containedInPlace,30
3810,description,3810
3810,telephone,3818
3810,text,3819
3810,xmlschema11-2#time,75
3810,xmlschema11-2#time,72
3810,xmlschema11-2#time,211
3810,xmlschema11-2#time,838
3810,xmlschema11-2#time,212
3810,xmlschema11-2#time,837
3810,xmlschema11-2#time,213
3810,conditionsOfAccess,3820
3821,latitude,107
3821,category,88
3821,category,80
3821,category,145
3821,audience,1843
3821,availability,6
3821,audience,9
3821,audience,193
3821,category,91
3821,language,4
3821,cost,7
3821,service type,17
3821,postalCode,59
3821,url,111
3821,identifier,3822
3821,name,23
3821,name,3823
3821,hasMap,24
3821,areaServed,25
3821,provider,3821
3821,address,114
3821,longitude,27
3821,availableChannel,3824
3821,availableChannel,3825
3821,containedInPlace,67
3821,description,3821
3821,telephone,117
3821,text,3826
3821,xmlschema11-2#time,36
3821,xmlschema11-2#time,37
3821,xmlschema11-2#time,34
3821,xmlschema11-2#time,39
3821,xmlschema11-2#time,38
3821,xmlschema11-2#time,33
3821,xmlschema11-2#time,35
3821,conditionsOfAccess,23
3827,latitude,3828
3827,latitude,3076
3827,category,12
3827,availability,6
3827,audience,125
3827,language,989
3827,category,91
3827,category,5
3827,audience,128
3827,cost,7
3827,audience,8
3827,language,680
3827,category,359
3827,audience,123
3827,language,191
3827,audience,11
3827,language,4
3827,audience,94
3827,category,124
3827,service type,17
3827,postalCode,240
3827,url,111
3827,identifier,3829
3827,name,23
3827,name,3830
3827,hasMap,24
3827,hasMap,24
3827,areaServed,63
3827,provider,3827
3827,address,3079
3827,address,3831
3827,longitude,27
3827,longitude,27
3827,availableChannel,3832
3827,availableChannel,3833
3827,containedInPlace,248
3827,description,3827
3827,telephone,3468
3827,telephone,3082
3827,text,3834
3827,xmlschema11-2#time,520
3827,xmlschema11-2#time,517
3827,xmlschema11-2#time,518
3827,xmlschema11-2#time,3469
3827,xmlschema11-2#time,521
3827,xmlschema11-2#time,522
3827,xmlschema11-2#time,72
3827,conditionsOfAccess,3835
3836,latitude,3837
3836,audience,193
3836,category,89
3836,language,4
3836,audience,597
3836,audience,84
3836,category,91
3836,audience,123
3836,audience,128
3836,availability,6
3836,category,145
3836,category,596
3836,cost,7
3836,category,190
3836,audience,87
3836,service type,17
3836,postalCode,527
3836,url,3838
3836,url,3839
3836,identifier,3840
3836,name,23
3836,name,3841
3836,hasMap,24
3836,areaServed,645
3836,provider,3836
3836,address,3842
3836,longitude,27
3836,availableChannel,3843
3836,availableChannel,3844
3836,containedInPlace,536
3836,description,3836
3836,telephone,3845
3836,text,3846
3836,xmlschema11-2#time,74
3836,xmlschema11-2#time,71
3836,xmlschema11-2#time,73
3836,xmlschema11-2#time,75
3836,xmlschema11-2#time,72
3836,xmlschema11-2#time,70
3836,xmlschema11-2#time,76
3836,conditionsOfAccess,3847
3848,latitude,1056
3848,category,437
3848,audience,552
3848,category,91
3848,language,4
3848,audience,3
3848,audience,8
3848,cost,7
3848,audience,58
3848,category,14
3848,category,124
3848,category,190
3848,availability,6
3848,category,478
3848,audience,9
3848,audience,11
3848,service type,17
3848,postalCode,858
3848,url,1058
3848,url,1057
3848,identifier,3849
3848,name,23
3848,name,3850
3848,hasMap,24
3848,areaServed,1580
3848,provider,3848
3848,address,1061
3848,longitude,27
3848,availableChannel,3851
3848,availableChannel,3852
3848,containedInPlace,864
3848,description,3848
3848,telephone,1064
3848,text,3853
3848,xmlschema11-2#time,70
3848,xmlschema11-2#time,72
3848,xmlschema11-2#time,74
3848,xmlschema11-2#time,73
3848,xmlschema11-2#time,75
3848,xmlschema11-2#time,71
3848,xmlschema11-2#time,76
3848,conditionsOfAccess,3854
3855,latitude,988
3855,language,4
3855,language,677
3855,audience,94
3855,language,678
3855,language,191
3855,category,91
3855,availability,6
3855,category,90
3855,language,989
3855,language,680
3855,audience,316
3855,audience,144
3855,audience,286
3855,language,761
3855,category,80
3855,cost,175
3855,audience,11
3855,audience,9
3855,audience,234
3855,audience,92
3855,category,258
3855,audience,290
3855,audience,3
3855,category,42
3855,category,88
3855,audience,193
3855,service type,17
3855,postalCode,95
3855,url,990
3855,identifier,3856
3855,name,3857
3855,name,23
3855,hasMap,24
3855,areaServed,25
3855,provider,3855
3855,address,993
3855,longitude,27
3855,availableChannel,3858
3855,availableChannel,3859
3855,containedInPlace,103
3855,description,3855
3855,telephone,996
3855,text,997
3855,xmlschema11-2#time,998
3855,xmlschema11-2#time,999
3855,xmlschema11-2#time,1001
3855,xmlschema11-2#time,1002
3855,xmlschema11-2#time,75
3855,xmlschema11-2#time,72
3855,xmlschema11-2#time,1000
3855,conditionsOfAccess,1003
3860,latitude,3861
3860,category,15
3860,audience,144
3860,language,4
3860,category,5
3860,category,478
3860,category,145
3860,category,12
3860,cost,7
3860,availability,6
3860,audience,84
3860,category,124
3860,service type,17
3860,postalCode,642
3860,url,3862
3860,url,3863
3860,identifier,3864
3860,name,23
3860,name,3865
3860,hasMap,24
3860,areaServed,25
3860,provider,3860
3860,address,3866
3860,longitude,27
3860,availableChannel,3867
3860,availableChannel,3868
3860,containedInPlace,649
3860,description,3860
3860,telephone,3869
3860,text,3870
3860,xmlschema11-2#time,74
3860,xmlschema11-2#time,71
3860,xmlschema11-2#time,70
3860,xmlschema11-2#time,75
3860,xmlschema11-2#time,72
3860,xmlschema11-2#time,73
3860,xmlschema11-2#time,76
3860,conditionsOfAccess,3871
3872,latitude,3873
3872,category,237
3872,category,232
3872,category,258
3872,cost,7
3872,category,80
3872,audience,122
3872,category,1884
3872,audience,50
3872,audience,552
3872,category,42
3872,language,4
3872,category,12
3872,audience,553
3872,category,1885
3872,audience,9
3872,audience,94
3872,audience,92
3872,audience,55
3872,availability,6
3872,service type,17
3872,postalCode,479
3872,url,3874
3872,url,178
3872,identifier,3875
3872,name,3876
3872,name,23
3872,hasMap,24
3872,areaServed,25
3872,provider,3872
3872,address,245
3872,longitude,27
3872,availableChannel,3877
3872,availableChannel,3878
3872,containedInPlace,488
3872,description,3872
3872,telephone,185
3872,text,3879
3872,xmlschema11-2#time,71
3872,xmlschema11-2#time,76
3872,xmlschema11-2#time,72
3872,xmlschema11-2#time,73
3872,xmlschema11-2#time,74
3872,xmlschema11-2#time,70
3872,xmlschema11-2#time,75
3872,conditionsOfAccess,3880
3881,latitude,3882
3881,audience,9
3881,category,236
3881,audience,50
3881,audience,581
3881,cost,175
3881,category,2292
3881,category,1024
3881,audience,84
3881,category,237
3881,category,611
3881,audience,316
3881,availability,6
3881,category,129
3881,audience,286
3881,language,191
3881,language,4
3881,audience,47
3881,audience,230
3881,service type,17
3881,postalCode,614
3881,url,3883
3881,identifier,3884
3881,name,23
3881,name,3885
3881,hasMap,24
3881,areaServed,63
3881,provider,3881
3881,address,3886
3881,longitude,27
3881,availableChannel,3887
3881,availableChannel,3888
3881,containedInPlace,622
3881,description,3881
3881,telephone,3889
3881,text,3890
3881,xmlschema11-2#time,3891
3881,xmlschema11-2#time,72
3881,xmlschema11-2#time,3892
3881,xmlschema11-2#time,3893
3881,xmlschema11-2#time,75
3881,xmlschema11-2#time,3894
3881,xmlschema11-2#time,3895
3881,conditionsOfAccess,23
3896,latitude,3210
3896,audience,84
3896,cost,7
3896,category,145
3896,category,12
3896,audience,10
3896,audience,50
3896,language,4
3896,category,294
3896,audience,197
3896,availability,6
3896,service type,17
3896,postalCode,479
3896,url,3211
3896,identifier,3897
3896,name,23
3896,name,3898
3896,hasMap,24
3896,areaServed,3191
3896,provider,3896
3896,address,3214
3896,longitude,27
3896,availableChannel,3899
3896,availableChannel,3900
3896,containedInPlace,488
3896,description,3896
3896,telephone,3217
3896,text,3901
3896,xmlschema11-2#time,391
3896,xmlschema11-2#time,389
3896,xmlschema11-2#time,390
3896,xmlschema11-2#time,3220
3896,xmlschema11-2#time,388
3896,xmlschema11-2#time,1209
3896,xmlschema11-2#time,3219
3896,conditionsOfAccess,3902
3903,latitude,3124
3903,audience,58
3903,audience,11
3903,category,145
3903,audience,552
3903,cost,7
3903,audience,580
3903,audience,316
3903,language,4
3903,availability,6
3903,audience,1214
3903,audience,286
3903,audience,581
3903,service type,17
3903,postalCode,1250
3903,url,20
3903,url,19
3903,identifier,3904
3903,name,23
3903,name,3905
3903,hasMap,24
3903,areaServed,337
3903,provider,3903
3903,address,3127
3903,longitude,27
3903,availableChannel,3906
3903,availableChannel,3907
3903,containedInPlace,1256
3903,description,3903
3903,telephone,1542
3903,text,3130
3903,xmlschema11-2#time,76
3903,xmlschema11-2#time,70
3903,xmlschema11-2#time,75
3903,xmlschema11-2#time,71
3903,xmlschema11-2#time,72
3903,xmlschema11-2#time,74
3903,xmlschema11-2#time,73
3903,conditionsOfAccess,3131
3908,latitude,1249
3908,category,145
3908,category,91
3908,language,191
3908,availability,6
3908,audience,84
3908,audience,1345
3908,audience,316
3908,audience,9
3908,category,12
3908,audience,50
3908,language,4
3908,cost,175
3908,audience,1999
3908,category,5
3908,audience,580
3908,category,80
3908,audience,286
3908,category,88
3908,category,16
3908,audience,159
3908,service type,17
3908,postalCode,1250
3908,url,2000
3908,identifier,3909
3908,name,23
3908,name,3910
3908,hasMap,24
3908,areaServed,25
3908,provider,3908
3908,address,1253
3908,longitude,27
3908,availableChannel,3911
3908,availableChannel,3912
3908,containedInPlace,1256
3908,description,3908
3908,telephone,1257
3908,text,2005
3908,xmlschema11-2#time,519
3908,xmlschema11-2#time,170
3908,xmlschema11-2#time,72
3908,xmlschema11-2#time,171
3908,xmlschema11-2#time,168
3908,xmlschema11-2#time,167
3908,xmlschema11-2#time,251
3908,conditionsOfAccess,187
3913,latitude,3861
3913,audience,144
3913,cost,7
3913,category,12
3913,category,145
3913,language,4
3913,audience,84
3913,availability,6
3913,category,5
3913,category,124
3913,category,478
3913,category,15
3913,service type,17
3913,postalCode,642
3913,url,3862
3913,url,3863
3913,identifier,3914
3913,name,23
3913,name,3915
3913,hasMap,24
3913,areaServed,25
3913,provider,3913
3913,address,3866
3913,longitude,27
3913,availableChannel,3916
3913,availableChannel,3917
3913,containedInPlace,649
3913,description,3913
3913,telephone,3918
3913,text,3870
3913,xmlschema11-2#time,70
3913,xmlschema11-2#time,73
3913,xmlschema11-2#time,76
3913,xmlschema11-2#time,75
3913,xmlschema11-2#time,74
3913,xmlschema11-2#time,72
3913,xmlschema11-2#time,71
3913,conditionsOfAccess,3871
3919,latitude,3920
3919,audience,47
3919,audience,50
3919,audience,159
3919,availability,6
3919,audience,597
3919,language,4
3919,category,12
3919,audience,627
3919,category,91
3919,audience,1999
3919,category,88
3919,audience,1345
3919,audience,84
3919,audience,580
3919,service type,17
3919,postalCode,527
3919,url,3839
3919,url,3838
3919,identifier,3921
3919,name,23
3919,name,3922
3919,hasMap,24
3919,areaServed,25
3919,provider,3919
3919,address,3923
3919,longitude,27
3919,availableChannel,3924
3919,availableChannel,3925
3919,containedInPlace,536
3919,description,3919
3919,telephone,3845
3919,text,3926
3919,xmlschema11-2#time,167
3919,xmlschema11-2#time,72
3919,xmlschema11-2#time,251
3919,xmlschema11-2#time,171
3919,xmlschema11-2#time,170
3919,xmlschema11-2#time,75
3919,xmlschema11-2#time,168
3919,conditionsOfAccess,187
3927,latitude,3928
3927,language,191
3927,language,4
3927,audience,159
3927,category,145
3927,audience,627
3927,availability,6
3927,audience,580
3927,audience,123
3927,cost,7
3927,category,12
3927,category,91
3927,audience,84
3927,audience,738
3927,language,3929
3927,language,989
3927,category,326
3927,audience,128
3927,audience,158
3927,audience,1345
3927,service type,17
3927,postalCode,332
3927,url,3930
3927,identifier,3931
3927,name,3932
3927,name,23
3927,hasMap,24
3927,areaServed,25
3927,provider,3927
3927,address,3933
3927,longitude,27
3927,availableChannel,3934
3927,availableChannel,3935
3927,containedInPlace,341
3927,description,3927
3927,telephone,3936
3927,text,3937
3927,xmlschema11-2#time,168
3927,xmlschema11-2#time,171
3927,xmlschema11-2#time,167
3927,xmlschema11-2#time,75
3927,xmlschema11-2#time,72
3927,xmlschema11-2#time,170
3927,xmlschema11-2#time,251
3927,conditionsOfAccess,3938
3939,latitude,157
3939,audience,94
3939,audience,84
3939,category,145
3939,audience,158
3939,category,5
3939,availability,6
3939,category,15
3939,category,12
3939,audience,159
3939,cost,7
3939,category,42
3939,language,4
3939,service type,17
3939,postalCode,130
3939,identifier,3940
3939,name,3941
3939,name,23
3939,hasMap,24
3939,areaServed,25
3939,provider,3939
3939,address,3942
3939,longitude,27
3939,availableChannel,3943
3939,availableChannel,3944
3939,containedInPlace,137
3939,description,3939
3939,telephone,3945
3939,text,166
3939,xmlschema11-2#time,74
3939,xmlschema11-2#time,72
3939,xmlschema11-2#time,73
3939,xmlschema11-2#time,75
3939,xmlschema11-2#time,76
3939,xmlschema11-2#time,70
3939,xmlschema11-2#time,71
3939,conditionsOfAccess,23
3946,latitude,1078
3946,category,145
3946,audience,158
3946,audience,581
3946,audience,316
3946,language,4
3946,audience,9
3946,availability,6
3946,audience,286
3946,cost,175
3946,category,2293
3946,service type,17
3946,postalCode,18
3946,url,111
3946,identifier,3947
3946,name,3948
3946,name,23
3946,hasMap,24
3946,areaServed,645
3946,provider,3946
3946,address,3326
3946,longitude,27
3946,availableChannel,3949
3946,availableChannel,3950
3946,containedInPlace,30
3946,description,3946
3946,telephone,3329
3946,text,3951
3946,xmlschema11-2#time,837
3946,xmlschema11-2#time,838
3946,xmlschema11-2#time,254
3946,xmlschema11-2#time,72
3946,xmlschema11-2#time,212
3946,xmlschema11-2#time,75
3946,xmlschema11-2#time,211
3946,conditionsOfAccess,23
3952,latitude,3953
3952,category,478
3952,audience,11
3952,category,16
3952,audience,84
3952,category,12
3952,cost,7
3952,audience,3
3952,language,4
3952,audience,286
3952,category,640
3952,audience,8
3952,availability,6
3952,audience,10
3952,service type,17
3952,postalCode,3954
3952,url,111
3952,identifier,3955
3952,name,23
3952,name,3956
3952,hasMap,24
3952,areaServed,3957
3952,provider,3952
3952,address,3958
3952,longitude,27
3952,availableChannel,3959
3952,availableChannel,3960
3952,containedInPlace,3961
3952,description,3952
3952,telephone,3962
3952,text,3963
3952,xmlschema11-2#time,75
3952,xmlschema11-2#time,809
3952,xmlschema11-2#time,817
3952,xmlschema11-2#time,254
3952,xmlschema11-2#time,72
3952,xmlschema11-2#time,252
3952,xmlschema11-2#time,255
3952,conditionsOfAccess,3964
3965,latitude,3966
3965,audience,47
3965,category,287
3965,category,395
3965,audience,193
3965,category,86
3965,category,394
3965,cost,7
3965,category,356
3965,language,4
3965,category,357
3965,category,88
3965,category,478
3965,availability,6
3965,category,124
3965,service type,17
3965,postalCode,1168
3965,url,3967
3965,url,3968
3965,identifier,3969
3965,name,3970
3965,name,23
3965,hasMap,24
3965,areaServed,63
3965,provider,3965
3965,address,3971
3965,longitude,27
3965,longitude,27
3965,availableChannel,3972
3965,availableChannel,3973
3965,containedInPlace,1176
3965,description,3965
3965,telephone,3974
3965,telephone,3975
3965,text,3976
3965,text,3977
3965,xmlschema11-2#time,2686
3965,xmlschema11-2#time,2684
3965,xmlschema11-2#time,807
3965,xmlschema11-2#time,2685
3965,xmlschema11-2#time,75
3965,xmlschema11-2#time,813
3965,xmlschema11-2#time,72
3965,conditionsOfAccess,3978
3979,latitude,1167
3979,availability,6
3979,cost,7
3979,category,12
3979,category,85
3979,category,129
3979,category,5
3979,category,12
3979,language,4
3979,category,88
3979,audience,598
3979,category,91
3979,category,90
3979,audience,193
3979,audience,84
3979,category,359
3979,service type,17
3979,postalCode,1168
3979,url,1169
3979,url,1170
3979,identifier,3980
3979,name,3981
3979,name,23
3979,hasMap,24
3979,areaServed,25
3979,provider,3979
3979,address,1173
3979,longitude,27
3979,availableChannel,3982
3979,availableChannel,3983
3979,containedInPlace,1176
3979,description,3979
3979,telephone,1177
3979,text,1178
3979,xmlschema11-2#time,70
3979,xmlschema11-2#time,73
3979,xmlschema11-2#time,74
3979,xmlschema11-2#time,75
3979,xmlschema11-2#time,72
3979,xmlschema11-2#time,76
3979,xmlschema11-2#time,71
3979,conditionsOfAccess,1179
3984,latitude,1841
3984,audience,9
3984,audience,1842
3984,language,4
3984,category,237
3984,category,396
3984,audience,193
3984,category,1845
3984,category,397
3984,category,1846
3984,audience,291
3984,cost,7
3984,category,1844
3984,audience,477
3984,audience,1843
3984,audience,641
3984,category,16
3984,availability,6
3984,service type,17
3984,postalCode,130
3984,url,1847
3984,identifier,3985
3984,name,23
3984,name,3986
3984,hasMap,24
3984,areaServed,25
3984,provider,3984
3984,address,1850
3984,longitude,27
3984,availableChannel,3987
3984,availableChannel,3988
3984,containedInPlace,137
3984,description,3984
3984,telephone,1853
3984,text,1854
3984,xmlschema11-2#time,38
3984,xmlschema11-2#time,35
3984,xmlschema11-2#time,36
3984,xmlschema11-2#time,37
3984,xmlschema11-2#time,33
3984,xmlschema11-2#time,39
3984,xmlschema11-2#time,34
3984,conditionsOfAccess,1855
3989,latitude,541
3989,category,88
3989,category,42
3989,category,90
3989,audience,94
3989,language,4
3989,category,91
3989,audience,3
3989,audience,58
3989,category,145
3989,audience,8
3989,availability,6
3989,category,14
3989,audience,11
3989,cost,43
3989,service type,17
3989,postalCode,378
3989,url,111
3989,identifier,3990
3989,name,23
3989,name,3991
3989,hasMap,24
3989,areaServed,25
3989,provider,3989
3989,address,545
3989,longitude,27
3989,availableChannel,3992
3989,availableChannel,3993
3989,containedInPlace,385
3989,description,3989
3989,telephone,386
3989,text,3994
3989,xmlschema11-2#time,72
3989,xmlschema11-2#time,391
3989,xmlschema11-2#time,390
3989,xmlschema11-2#time,75
3989,xmlschema11-2#time,389
3989,xmlschema11-2#time,388
3989,xmlschema11-2#time,76
3989,conditionsOfAccess,3995
3996,latitude,1097
3996,language,4
3996,availability,6
3996,category,437
3996,audience,122
3996,category,145
3996,audience,234
3996,category,229
3996,cost,43
3996,language,191
3996,audience,158
3996,audience,553
3996,category,294
3996,service type,17
3996,postalCode,450
3996,url,1098
3996,url,1099
3996,identifier,3997
3996,name,3998
3996,name,23
3996,hasMap,24
3996,areaServed,25
3996,provider,3996
3996,address,1102
3996,longitude,27
3996,availableChannel,3999
3996,availableChannel,4000
3996,containedInPlace,458
3996,description,3996
3996,telephone,1105
3996,text,1106
3996,xmlschema11-2#time,75
3996,xmlschema11-2#time,213
3996,xmlschema11-2#time,212
3996,xmlschema11-2#time,72
3996,xmlschema11-2#time,211
3996,xmlschema11-2#time,837
3996,xmlschema11-2#time,838
3996,conditionsOfAccess,1107
4001,latitude,1966
4001,availability,6
4001,audience,144
4001,audience,3
4001,category,15
4001,language,4
4001,audience,193
4001,category,639
4001,audience,58
4001,audience,94
4001,audience,84
4001,cost,175
4001,audience,87
4001,category,5
4001,category,89
4001,audience,47
4001,audience,11
4001,category,12
4001,category,42
4001,audience,198
4001,category,129
4001,service type,17
4001,postalCode,176
4001,url,1968
4001,url,1967
4001,identifier,4002
4001,name,23
4001,name,4003
4001,hasMap,24
4001,areaServed,25
4001,provider,4001
4001,address,1971
4001,longitude,27
4001,longitude,27
4001,availableChannel,4004
4001,availableChannel,4005
4001,containedInPlace,184
4001,description,4001
4001,telephone,1974
4001,text,4006
4001,xmlschema11-2#time,388
4001,xmlschema11-2#time,72
4001,xmlschema11-2#time,391
4001,xmlschema11-2#time,390
4001,xmlschema11-2#time,75
4001,xmlschema11-2#time,76
4001,xmlschema11-2#time,389
4001,conditionsOfAccess,4007
4008,latitude,4009
4008,category,464
4008,language,4
4008,audience,580
4008,cost,7
4008,audience,159
4008,audience,11
4008,audience,87
4008,category,5
4008,availability,6
4008,audience,9
4008,category,237
4008,category,613
4008,category,233
4008,audience,8
4008,category,1335
4008,category,239
4008,category,654
4008,category,611
4008,category,13
4008,audience,3
4008,category,656
4008,audience,291
4008,audience,738
4008,service type,17
4008,postalCode,18
4008,url,20
4008,url,19
4008,identifier,4010
4008,name,4011
4008,name,23
4008,hasMap,24
4008,areaServed,3279
4008,provider,4008
4008,address,26
4008,longitude,27
4008,availableChannel,4012
4008,availableChannel,4013
4008,containedInPlace,30
4008,description,4008
4008,telephone,4014
4008,text,4015
4008,xmlschema11-2#time,34
4008,xmlschema11-2#time,4016
4008,xmlschema11-2#time,37
4008,xmlschema11-2#time,38
4008,xmlschema11-2#time,33
4008,xmlschema11-2#time,35
4008,conditionsOfAccess,4017
4018,latitude,4019
4018,category,91
4018,category,12
4018,category,80
4018,audience,127
4018,language,4
4018,audience,8
4018,audience,11
4018,category,14
4018,cost,7
4018,availability,6
4018,audience,877
4018,audience,58
4018,audience,84
4018,audience,328
4018,audience,9
4018,service type,17
4018,postalCode,332
4018,url,451
4018,url,452
4018,identifier,4020
4018,name,4021
4018,name,23
4018,hasMap,24
4018,areaServed,645
4018,provider,4018
4018,address,4022
4018,longitude,27
4018,availableChannel,4023
4018,availableChannel,4024
4018,containedInPlace,341
4018,description,4018
4018,telephone,4025
4018,text,4026
4018,xmlschema11-2#time,73
4018,xmlschema11-2#time,76
4018,xmlschema11-2#time,71
4018,xmlschema11-2#time,70
4018,xmlschema11-2#time,72
4018,xmlschema11-2#time,74
4018,xmlschema11-2#time,75
4018,conditionsOfAccess,4027
4028,latitude,4029
4028,cost,175
4028,audience,47
4028,audience,11
4028,audience,316
4028,category,397
4028,language,4
4028,audience,83
4028,category,42
4028,audience,94
4028,availability,6
4028,audience,92
4028,language,191
4028,audience,84
4028,audience,9
4028,audience,286
4028,service type,17
4028,postalCode,59
4028,url,111
4028,identifier,4030
4028,name,4031
4028,name,23
4028,hasMap,24
4028,areaServed,25
4028,provider,4028
4028,address,3233
4028,longitude,27
4028,availableChannel,4032
4028,availableChannel,4033
4028,containedInPlace,67
4028,description,4028
4028,telephone,3236
4028,text,4034
4028,xmlschema11-2#time,3238
4028,xmlschema11-2#time,171
4028,xmlschema11-2#time,251
4028,xmlschema11-2#time,966
4028,xmlschema11-2#time,170
4028,xmlschema11-2#time,255
4028,xmlschema11-2#time,167
4028,conditionsOfAccess,4035
4036,latitude,4037
4036,language,4
4036,audience,84
4036,category,12
4036,cost,43
4036,availability,6
4036,audience,50
4036,category,478
4036,service type,17
4036,postalCode,723
4036,url,3477
4036,url,1027
4036,identifier,4038
4036,name,23
4036,name,4039
4036,hasMap,24
4036,areaServed,25
4036,provider,4036
4036,address,4040
4036,longitude,27
4036,availableChannel,4041
4036,availableChannel,4042
4036,containedInPlace,731
4036,description,4036
4036,telephone,4043
4036,text,4044
4036,xmlschema11-2#time,75
4036,xmlschema11-2#time,74
4036,xmlschema11-2#time,72
4036,xmlschema11-2#time,73
4036,xmlschema11-2#time,71
4036,xmlschema11-2#time,76
4036,xmlschema11-2#time,70
4036,conditionsOfAccess,4045
4046,latitude,2515
4046,category,12
4046,category,91
4046,availability,6
4046,category,145
4046,language,4
4046,category,85
4046,audience,58
4046,audience,8
4046,audience,144
4046,category,129
4046,cost,7
4046,service type,17
4046,postalCode,1587
4046,url,1170
4046,url,2516
4046,identifier,4047
4046,name,4048
4046,name,23
4046,hasMap,24
4046,areaServed,25
4046,provider,4046
4046,address,1591
4046,longitude,27
4046,longitude,27
4046,availableChannel,4049
4046,availableChannel,4050
4046,containedInPlace,1594
4046,description,4046
4046,telephone,1595
4046,text,4051
4046,xmlschema11-2#time,213
4046,xmlschema11-2#time,837
4046,xmlschema11-2#time,75
4046,xmlschema11-2#time,212
4046,xmlschema11-2#time,838
4046,xmlschema11-2#time,72
4046,xmlschema11-2#time,211
4046,conditionsOfAccess,4052
4053,latitude,4054
4053,category,190
4053,audience,3
4053,audience,144
4053,audience,193
4053,audience,11
4053,category,14
4053,category,42
4053,audience,94
4053,category,2566
4053,category,90
4053,category,88
4053,category,15
4053,category,146
4053,audience,58
4053,category,80
4053,cost,7
4053,category,478
4053,category,124
4053,availability,6
4053,language,4
4053,category,5
4053,service type,17
4053,postalCode,479
4053,url,111
4053,identifier,4055
4053,name,4056
4053,name,23
4053,hasMap,24
4053,areaServed,25
4053,provider,4053
4053,address,4057
4053,longitude,27
4053,availableChannel,4058
4053,availableChannel,4059
4053,containedInPlace,488
4053,description,4053
4053,telephone,4060
4053,text,4061
4053,xmlschema11-2#time,4062
4053,xmlschema11-2#time,4063
4053,xmlschema11-2#time,4064
4053,xmlschema11-2#time,4065
4053,xmlschema11-2#time,4066
4053,xmlschema11-2#time,4067
4053,xmlschema11-2#time,4068
4053,conditionsOfAccess,23
4069,latitude,3052
4069,category,145
4069,audience,92
4069,audience,47
4069,category,229
4069,category,12
4069,audience,82
4069,audience,193
4069,audience,9
4069,category,93
4069,audience,144
4069,audience,83
4069,audience,94
4069,category,90
4069,availability,6
4069,category,42
4069,category,88
4069,language,191
4069,language,4
4069,cost,7
4069,category,91
4069,service type,17
4069,postalCode,18
4069,url,4070
4069,url,1601
4069,identifier,4071
4069,name,4072
4069,name,23
4069,hasMap,24
4069,areaServed,63
4069,provider,4069
4069,address,3057
4069,longitude,27
4069,availableChannel,4073
4069,availableChannel,4074
4069,containedInPlace,30
4069,description,4069
4069,telephone,4075
4069,text,4076
4069,xmlschema11-2#time,72
4069,xmlschema11-2#time,70
4069,xmlschema11-2#time,73
4069,xmlschema11-2#time,76
4069,xmlschema11-2#time,71
4069,xmlschema11-2#time,74
4069,xmlschema11-2#time,75
4069,conditionsOfAccess,4077
4078,latitude,4079
4078,cost,175
4078,audience,9
4078,audience,286
4078,category,12
4078,language,4
4078,category,356
4078,audience,84
4078,availability,6
4078,audience,50
4078,service type,17
4078,postalCode,776
4078,url,111
4078,identifier,4080
4078,name,4081
4078,name,23
4078,hasMap,24
4078,areaServed,25
4078,provider,4078
4078,address,4082
4078,longitude,27
4078,longitude,27
4078,availableChannel,4083
4078,availableChannel,4084
4078,containedInPlace,784
4078,description,4078
4078,telephone,2050
4078,telephone,4085
4078,text,4086
4078,xmlschema11-2#time,72
4078,xmlschema11-2#time,73
4078,xmlschema11-2#time,71
4078,xmlschema11-2#time,76
4078,xmlschema11-2#time,70
4078,xmlschema11-2#time,75
4078,xmlschema11-2#time,74
4078,conditionsOfAccess,4087
4088,latitude,1078
4088,language,4
4088,audience,234
4088,audience,159
4088,category,12
4088,availability,6
4088,audience,316
4088,audience,9
4088,audience,84
4088,audience,50
4088,category,91
4088,category,129
4088,cost,175
4088,category,14
4088,category,145
4088,audience,580
4088,audience,286
4088,category,5
4088,service type,17
4088,postalCode,18
4088,url,111
4088,identifier,4089
4088,name,4090
4088,name,23
4088,hasMap,24
4088,areaServed,25
4088,provider,4088
4088,address,134
4088,longitude,27
4088,availableChannel,4091
4088,availableChannel,4092
4088,containedInPlace,30
4088,description,4088
4088,telephone,3091
4088,text,4093
4088,xmlschema11-2#time,72
4088,xmlschema11-2#time,75
4088,xmlschema11-2#time,168
4088,xmlschema11-2#time,170
4088,xmlschema11-2#time,251
4088,xmlschema11-2#time,171
4088,xmlschema11-2#time,167
4088,conditionsOfAccess,187
4094,latitude,4095
4094,audience,8
4094,language,191
4094,cost,7
4094,language,4
4094,category,16
4094,category,124
4094,category,145
4094,category,89
4094,audience,58
4094,availability,6
4094,audience,9
4094,audience,3
4094,audience,10
4094,category,359
4094,audience,11
4094,audience,127
4094,category,1656
4094,category,88
4094,service type,17
4094,postalCode,4096
4094,url,4097
4094,identifier,4098
4094,name,23
4094,name,4099
4094,hasMap,24
4094,areaServed,25
4094,provider,4094
4094,address,4100
4094,longitude,27
4094,longitude,27
4094,availableChannel,4101
4094,availableChannel,4102
4094,containedInPlace,4103
4094,description,4094
4094,telephone,4104
4094,text,4105
4094,xmlschema11-2#time,70
4094,xmlschema11-2#time,74
4094,xmlschema11-2#time,75
4094,xmlschema11-2#time,4106
4094,xmlschema11-2#time,4107
4094,xmlschema11-2#time,4108
4094,xmlschema11-2#time,4109
4094,xmlschema11-2#time,71
4094,xmlschema11-2#time,72
4094,xmlschema11-2#time,73
4094,xmlschema11-2#time,76
4094,xmlschema11-2#time,4110
4094,conditionsOfAccess,1641
4111,latitude,1772
4111,category,15
4111,audience,144
4111,category,12
4111,language,4
4111,category,80
4111,cost,7
4111,audience,47
4111,category,5
4111,availability,6
4111,audience,193
4111,audience,84
4111,category,129
4111,service type,17
4111,postalCode,1587
4111,url,111
4111,identifier,4112
4111,name,23
4111,name,4113
4111,hasMap,24
4111,areaServed,25
4111,provider,4111
4111,address,1775
4111,longitude,27
4111,availableChannel,4114
4111,availableChannel,4115
4111,containedInPlace,1594
4111,description,4111
4111,telephone,1778
4111,text,1779
4111,xmlschema11-2#time,76
4111,xmlschema11-2#time,73
4111,xmlschema11-2#time,72
4111,xmlschema11-2#time,71
4111,xmlschema11-2#time,70
4111,xmlschema11-2#time,74
4111,xmlschema11-2#time,75
4111,conditionsOfAccess,1780
4116,latitude,4117
4116,audience,195
4116,availability,6
4116,audience,3
4116,audience,627
4116,category,145
4116,audience,194
4116,category,13
4116,audience,94
4116,category,124
4116,cost,43
4116,audience,2691
4116,audience,58
4116,audience,159
4116,language,4
4116,category,91
4116,audience,327
4116,audience,144
4116,category,14
4116,audience,123
4116,audience,193
4116,audience,11
4116,service type,17
4116,postalCode,1503
4116,url,972
4116,url,973
4116,identifier,4118
4116,name,23
4116,name,4119
4116,hasMap,24
4116,areaServed,25
4116,provider,4116
4116,address,4120
4116,longitude,27
4116,availableChannel,4121
4116,availableChannel,4122
4116,containedInPlace,1509
4116,description,4116
4116,telephone,4123
4116,text,4124
4116,xmlschema11-2#time,2932
4116,xmlschema11-2#time,72
4116,xmlschema11-2#time,2997
4116,xmlschema11-2#time,2933
4116,xmlschema11-2#time,75
4116,xmlschema11-2#time,2931
4116,xmlschema11-2#time,2934
4116,conditionsOfAccess,4125
4126,latitude,4127
4126,language,4
4126,audience,55
4126,audience,193
4126,category,478
4126,audience,94
4126,audience,11
4126,audience,125
4126,cost,43
4126,audience,327
4126,audience,3
4126,category,1611
4126,audience,144
4126,availability,143
4126,category,124
4126,category,145
4126,service type,17
4126,postalCode,913
4126,url,915
4126,url,4128
4126,identifier,4129
4126,name,23
4126,name,4130
4126,hasMap,24
4126,areaServed,25
4126,provider,4126
4126,address,4131
4126,longitude,27
4126,availableChannel,4132
4126,availableChannel,4133
4126,containedInPlace,921
4126,description,4126
4126,telephone,922
4126,text,4134
4126,xmlschema11-2#time,168
4126,xmlschema11-2#time,72
4126,xmlschema11-2#time,251
4126,xmlschema11-2#time,75
4126,xmlschema11-2#time,167
4126,xmlschema11-2#time,170
4126,xmlschema11-2#time,171
4126,conditionsOfAccess,4135
4136,latitude,4137
4136,availability,6
4136,audience,3734
4136,cost,7
4136,audience,9
4136,audience,158
4136,category,596
4136,language,4
4136,category,4138
4136,category,4139
4136,audience,641
4136,audience,4140
4136,service type,17
4136,postalCode,130
4136,url,111
4136,identifier,4141
4136,name,23
4136,name,4142
4136,hasMap,24
4136,areaServed,25
4136,provider,4136
4136,address,4143
4136,longitude,27
4136,longitude,27
4136,availableChannel,4144
4136,availableChannel,4145
4136,containedInPlace,137
4136,description,4136
4136,telephone,4146
4136,text,4147
4136,xmlschema11-2#time,76
4136,xmlschema11-2#time,72
4136,xmlschema11-2#time,70
4136,xmlschema11-2#time,73
4136,xmlschema11-2#time,74
4136,xmlschema11-2#time,75
4136,xmlschema11-2#time,71
4136,conditionsOfAccess,2153
4148,latitude,791
4148,audience,94
4148,audience,92
4148,category,258
4148,availability,6
4148,category,80
4148,audience,47
4148,category,42
4148,audience,50
4148,cost,143
4148,language,4
4148,service type,17
4148,postalCode,642
4148,url,111
4148,identifier,4149
4148,name,4150
4148,name,23
4148,hasMap,24
4148,areaServed,25
4148,provider,4148
4148,address,797
4148,longitude,27
4148,availableChannel,4151
4148,availableChannel,4152
4148,containedInPlace,649
4148,description,4148
4148,telephone,4153
4148,text,805
4148,xmlschema11-2#time,809
4148,xmlschema11-2#time,806
4148,xmlschema11-2#time,854
4148,xmlschema11-2#time,851
4148,xmlschema11-2#time,75
4148,xmlschema11-2#time,817
4148,xmlschema11-2#time,4154
4148,conditionsOfAccess,267
4155,latitude,413
4155,audience,144
4155,audience,1999
4155,audience,8
4155,audience,55
4155,category,5
4155,audience,597
4155,audience,123
4155,category,12
4155,audience,9
4155,cost,7
4155,audience,128
4155,audience,11
4155,audience,84
4155,audience,193
4155,availability,6
4155,audience,3
4155,language,4
4155,service type,17
4155,postalCode,398
4155,url,415
4155,identifier,4156
4155,name,4157
4155,name,23
4155,hasMap,24
4155,areaServed,25
4155,provider,4155
4155,address,418
4155,longitude,27
4155,availableChannel,4158
4155,availableChannel,4159
4155,containedInPlace,407
4155,description,4155
4155,telephone,421
4155,text,4160
4155,xmlschema11-2#time,36
4155,xmlschema11-2#time,39
4155,xmlschema11-2#time,35
4155,xmlschema11-2#time,37
4155,xmlschema11-2#time,33
4155,xmlschema11-2#time,38
4155,xmlschema11-2#time,34
4155,conditionsOfAccess,4161
4162,latitude,1692
4162,cost,7
4162,category,14
4162,language,4
4162,language,191
4162,audience,58
4162,audience,84
4162,category,5
4162,category,91
4162,audience,158
4162,availability,6
4162,category,129
4162,category,88
4162,audience,9
4162,audience,47
4162,service type,17
4162,postalCode,450
4162,identifier,4163
4162,name,4164
4162,name,23
4162,hasMap,24
4162,areaServed,25
4162,provider,4162
4162,address,1695
4162,longitude,27
4162,availableChannel,4165
4162,availableChannel,4166
4162,containedInPlace,458
4162,description,4162
4162,telephone,1698
4162,text,1699
4162,xmlschema11-2#time,72
4162,xmlschema11-2#time,75
4162,xmlschema11-2#time,1001
4162,xmlschema11-2#time,1000
4162,xmlschema11-2#time,999
4162,xmlschema11-2#time,1002
4162,xmlschema11-2#time,998
4162,conditionsOfAccess,1641
4167,latitude,4168
4167,cost,7
4167,category,190
4167,audience,94
4167,availability,6
4167,audience,1376
4167,category,612
4167,audience,11
4167,category,89
4167,category,52
4167,category,42
4167,category,1801
4167,category,145
4167,language,4
4167,category,124
4167,service type,17
4167,postalCode,398
4167,url,111
4167,identifier,4169
4167,name,23
4167,name,4170
4167,hasMap,24
4167,areaServed,25
4167,provider,4167
4167,address,4171
4167,longitude,27
4167,availableChannel,4172
4167,availableChannel,4173
4167,containedInPlace,407
4167,description,4167
4167,telephone,4174
4167,text,4175
4167,xmlschema11-2#time,73
4167,xmlschema11-2#time,72
4167,xmlschema11-2#time,70
4167,xmlschema11-2#time,75
4167,xmlschema11-2#time,74
4167,xmlschema11-2#time,71
4167,xmlschema11-2#time,76
4167,conditionsOfAccess,4176
4177,latitude,2897
4177,audience,8
4177,audience,144
4177,audience,193
4177,audience,738
4177,audience,159
4177,audience,11
4177,category,88
4177,availability,6
4177,language,4
4177,audience,94
4177,audience,3
4177,category,145
4177,audience,123
4177,audience,580
4177,audience,597
4177,cost,175
4177,service type,17
4177,postalCode,1587
4177,url,111
4177,identifier,4178
4177,name,23
4177,name,4179
4177,hasMap,24
4177,areaServed,25
4177,provider,4177
4177,address,4180
4177,longitude,27
4177,longitude,27
4177,availableChannel,4181
4177,availableChannel,4182
4177,containedInPlace,1594
4177,description,4177
4177,text,4183
4177,xmlschema11-2#time,71
4177,xmlschema11-2#time,74
4177,xmlschema11-2#time,70
4177,xmlschema11-2#time,72
4177,xmlschema11-2#time,73
4177,xmlschema11-2#time,75
4177,xmlschema11-2#time,76
4177,conditionsOfAccess,23
4184,latitude,4185
4184,cost,7
4184,category,395
4184,category,15
4184,audience,47
4184,audience,193
4184,availability,6
4184,category,292
4184,category,287
4184,category,86
4184,language,4
4184,category,394
4184,category,2827
4184,category,229
4184,service type,17
4184,postalCode,642
4184,url,4186
4184,identifier,4187
4184,name,4188
4184,name,23
4184,hasMap,24
4184,areaServed,25
4184,provider,4184
4184,address,4189
4184,longitude,27
4184,availableChannel,4190
4184,availableChannel,4191
4184,containedInPlace,649
4184,description,4184
4184,telephone,4192
4184,telephone,4193
4184,text,4194
4184,xmlschema11-2#time,70
4184,xmlschema11-2#time,72
4184,xmlschema11-2#time,75
4184,xmlschema11-2#time,71
4184,xmlschema11-2#time,74
4184,xmlschema11-2#time,76
4184,xmlschema11-2#time,73
4184,conditionsOfAccess,4195
4196,latitude,4197
4196,category,124
4196,audience,720
4196,audience,195
4196,availability,6
4196,category,1658
4196,audience,58
4196,audience,50
4196,category,3674
4196,category,48
4196,category,145
4196,language,4
4196,audience,971
4196,category,2470
4196,audience,286
4196,category,190
4196,category,478
4196,category,192
4196,cost,43
4196,service type,17
4196,postalCode,913
4196,url,4198
4196,url,4199
4196,identifier,4200
4196,name,4201
4196,name,23
4196,hasMap,24
4196,areaServed,4202
4196,provider,4196
4196,address,4203
4196,longitude,27
4196,availableChannel,4204
4196,availableChannel,4205
4196,containedInPlace,921
4196,description,4196
4196,telephone,4206
4196,text,4207
4196,xmlschema11-2#time,75
4196,xmlschema11-2#time,72
4196,xmlschema11-2#time,372
4196,xmlschema11-2#time,371
4196,xmlschema11-2#time,370
4196,xmlschema11-2#time,373
4196,xmlschema11-2#time,374
4196,conditionsOfAccess,4208
4209,latitude,4210
4209,language,680
4209,category,145
4209,language,676
4209,audience,11
4209,category,2471
4209,category,612
4209,language,679
4209,category,124
4209,availability,6
4209,audience,3
4209,category,478
4209,language,677
4209,language,678
4209,language,4
4209,cost,43
4209,audience,50
4209,service type,17
4209,postalCode,723
4209,url,4211
4209,url,4212
4209,identifier,4213
4209,name,23
4209,name,4214
4209,hasMap,24
4209,areaServed,3279
4209,provider,4209
4209,address,4215
4209,longitude,27
4209,availableChannel,4216
4209,availableChannel,4217
4209,containedInPlace,731
4209,description,4209
4209,telephone,4218
4209,text,4219
4209,xmlschema11-2#time,4220
4209,xmlschema11-2#time,4221
4209,xmlschema11-2#time,75
4209,xmlschema11-2#time,4222
4209,xmlschema11-2#time,2173
4209,xmlschema11-2#time,4223
4209,xmlschema11-2#time,72
4209,conditionsOfAccess,4224
4225,latitude,4226
4225,audience,127
4225,audience,144
4225,category,656
4225,availability,6
4225,audience,55
4225,category,4227
4225,cost,175
4225,category,145
4225,language,4
4225,category,464
4225,category,4228
4225,audience,3
4225,audience,11
4225,category,1335
4225,audience,193
4225,audience,553
4225,audience,122
4225,category,611
4225,service type,17
4225,postalCode,1250
4225,url,111
4225,identifier,4229
4225,name,4230
4225,name,23
4225,hasMap,24
4225,areaServed,25
4225,provider,4225
4225,address,4231
4225,longitude,27
4225,longitude,27
4225,availableChannel,4232
4225,availableChannel,4233
4225,containedInPlace,1256
4225,description,4225
4225,telephone,3319
4225,telephone,1331
4225,text,4234
4225,xmlschema11-2#time,750
4225,xmlschema11-2#time,2316
4225,xmlschema11-2#time,75
4225,xmlschema11-2#time,74
4225,xmlschema11-2#time,749
4225,xmlschema11-2#time,71
4225,xmlschema11-2#time,751
4225,xmlschema11-2#time,521
4225,xmlschema11-2#time,72
4225,xmlschema11-2#time,76
4225,xmlschema11-2#time,73
4225,xmlschema11-2#time,748
4225,conditionsOfAccess,23
4235,latitude,4236
4235,category,57
4235,category,145
4235,audience,971
4235,audience,876
4235,language,4
4235,audience,720
4235,category,232
4235,category,554
4235,category,12
4235,category,1801
4235,audience,50
4235,category,90
4235,category,42
4235,cost,43
4235,availability,6
4235,audience,94
4235,audience,291
4235,service type,17
4235,postalCode,479
4235,url,4237
4235,url,4238
4235,identifier,4239
4235,name,23
4235,name,4240
4235,hasMap,24
4235,provider,4235
4235,address,4241
4235,longitude,27
4235,availableChannel,4242
4235,availableChannel,4243
4235,containedInPlace,488
4235,description,4235
4235,telephone,4244
4235,text,4245
4235,xmlschema11-2#time,212
4235,xmlschema11-2#time,213
4235,xmlschema11-2#time,837
4235,xmlschema11-2#time,72
4235,xmlschema11-2#time,75
4235,xmlschema11-2#time,211
4235,xmlschema11-2#time,838
4235,conditionsOfAccess,4246
4247,latitude,4248
4247,audience,331
4247,category,91
4247,category,88
4247,audience,58
4247,language,191
4247,audience,290
4247,audience,11
4247,audience,193
4247,audience,3
4247,audience,144
4247,category,124
4247,language,4
4247,audience,234
4247,cost,43
4247,category,145
4247,availability,6
4247,audience,8
4247,audience,775
4247,service type,17
4247,postalCode,1168
4247,url,4249
4247,identifier,4250
4247,name,23
4247,name,4251
4247,hasMap,24
4247,areaServed,645
4247,provider,4247
4247,address,4252
4247,longitude,27
4247,availableChannel,4253
4247,availableChannel,4254
4247,containedInPlace,1176
4247,description,4247
4247,telephone,4255
4247,text,4256
4247,xmlschema11-2#time,75
4247,xmlschema11-2#time,72
4247,xmlschema11-2#time,74
4247,xmlschema11-2#time,73
4247,xmlschema11-2#time,70
4247,xmlschema11-2#time,76
4247,xmlschema11-2#time,71
4247,conditionsOfAccess,23
4257,latitude,2417
4257,audience,9
4257,language,4
4257,audience,84
4257,availability,6
4257,language,191
4257,audience,58
4257,audience,127
4257,audience,8
4257,cost,7
4257,category,12
4257,audience,11
4257,category,190
4257,service type,17
4257,postalCode,642
4257,url,694
4257,url,695
4257,identifier,4258
4257,name,4259
4257,name,23
4257,hasMap,24
4257,areaServed,25
4257,provider,4257
4257,address,2420
4257,longitude,27
4257,availableChannel,4260
4257,availableChannel,4261
4257,containedInPlace,649
4257,description,4257
4257,telephone,701
4257,text,3433
4257,xmlschema11-2#time,70
4257,xmlschema11-2#time,75
4257,xmlschema11-2#time,71
4257,xmlschema11-2#time,72
4257,xmlschema11-2#time,76
4257,xmlschema11-2#time,74
4257,xmlschema11-2#time,73
4257,conditionsOfAccess,772
4262,latitude,969
4262,audience,720
4262,audience,47
4262,audience,50
4262,audience,328
4262,category,91
4262,category,1024
4262,audience,58
4262,audience,197
4262,category,124
4262,audience,195
4262,category,14
4262,category,190
4262,language,4
4262,category,88
4262,category,232
4262,audience,4263
4262,cost,43
4262,audience,94
4262,audience,84
4262,availability,6
4262,audience,9
4262,service type,17
4262,postalCode,18
4262,url,4264
4262,url,2969
4262,identifier,4265
4262,name,4266
4262,name,23
4262,hasMap,24
4262,areaServed,532
4262,provider,4262
4262,address,976
4262,longitude,27
4262,availableChannel,4267
4262,availableChannel,4268
4262,containedInPlace,30
4262,description,4262
4262,telephone,4269
4262,text,4270
4262,xmlschema11-2#time,38
4262,xmlschema11-2#time,33
4262,xmlschema11-2#time,36
4262,xmlschema11-2#time,39
4262,xmlschema11-2#time,34
4262,xmlschema11-2#time,37
4262,xmlschema11-2#time,35
4262,conditionsOfAccess,4271
4272,latitude,4273
4272,language,4
4272,audience,127
4272,audience,193
4272,availability,6
4272,audience,316
4272,audience,144
4272,audience,9
4272,cost,7
4272,audience,58
4272,audience,581
4272,audience,291
4272,audience,286
4272,audience,11
4272,audience,3
4272,category,91
4272,audience,8
4272,category,14
4272,service type,17
4272,postalCode,18
4272,url,19
4272,url,20
4272,identifier,4274
4272,name,4275
4272,name,23
4272,hasMap,24
4272,areaServed,25
4272,provider,4272
4272,address,26
4272,longitude,27
4272,availableChannel,4276
4272,availableChannel,4277
4272,containedInPlace,30
4272,description,4272
4272,telephone,1542
4272,text,4278
4272,xmlschema11-2#time,34
4272,xmlschema11-2#time,36
4272,xmlschema11-2#time,38
4272,xmlschema11-2#time,39
4272,xmlschema11-2#time,33
4272,xmlschema11-2#time,35
4272,xmlschema11-2#time,37
4272,conditionsOfAccess,4279
4280,latitude,4281
4280,category,5
4280,language,4
4280,category,13
4280,availability,6
4280,audience,11
4280,category,2
4280,audience,58
4280,category,478
4280,category,129
4280,audience,9
4280,audience,8
4280,category,16
4280,cost,7
4280,category,14
4280,service type,17
4280,postalCode,1587
4280,url,111
4280,identifier,4282
4280,name,4283
4280,name,23
4280,hasMap,24
4280,areaServed,4284
4280,provider,4280
4280,address,4285
4280,longitude,27
4280,availableChannel,4286
4280,availableChannel,4287
4280,containedInPlace,1594
4280,description,4280
4280,telephone,3380
4280,text,4288
4280,xmlschema11-2#time,75
4280,xmlschema11-2#time,73
4280,xmlschema11-2#time,72
4280,xmlschema11-2#time,76
4280,xmlschema11-2#time,74
4280,xmlschema11-2#time,71
4280,xmlschema11-2#time,70
4280,conditionsOfAccess,23
4289,latitude,2272
4289,category,395
4289,audience,122
4289,category,4290
4289,category,90
4289,language,4
4289,audience,8
4289,category,326
4289,category,12
4289,category,397
4289,audience,94
4289,category,2471
4289,cost,7
4289,category,3333
4289,category,706
4289,category,4291
4289,audience,84
4289,audience,55
4289,availability,6
4289,category,287
4289,audience,3416
4289,category,81
4289,service type,17
4289,postalCode,18
4289,url,451
4289,url,452
4289,identifier,4292
4289,name,23
4289,name,4293
4289,hasMap,24
4289,areaServed,25
4289,provider,4289
4289,address,2276
4289,longitude,27
4289,availableChannel,4294
4289,availableChannel,4295
4289,containedInPlace,30
4289,description,4289
4289,telephone,2279
4289,text,4296
4289,xmlschema11-2#time,71
4289,xmlschema11-2#time,73
4289,xmlschema11-2#time,72
4289,xmlschema11-2#time,70
4289,xmlschema11-2#time,75
4289,xmlschema11-2#time,74
4289,xmlschema11-2#time,76
4289,conditionsOfAccess,4297
4298,latitude,4299
4298,category,91
4298,category,14
4298,audience,158
4298,availability,6
4298,audience,10
4298,language,4
4298,audience,58
4298,cost,7
4298,category,80
4298,audience,9
4298,service type,17
4298,postalCode,295
4298,url,4300
4298,url,4301
4298,identifier,4302
4298,name,23
4298,name,4303
4298,hasMap,24
4298,areaServed,1186
4298,provider,4298
4298,address,4304
4298,longitude,27
4298,longitude,27
4298,availableChannel,4305
4298,availableChannel,4306
4298,containedInPlace,305
4298,description,4298
4298,telephone,4307
4298,text,4308
4298,xmlschema11-2#time,72
4298,xmlschema11-2#time,210
4298,xmlschema11-2#time,2187
4298,xmlschema11-2#time,213
4298,xmlschema11-2#time,2186
4298,xmlschema11-2#time,75
4298,xmlschema11-2#time,209
4298,conditionsOfAccess,772
4309,latitude,4310
4309,audience,47
4309,category,56
4309,category,355
4309,audience,58
4309,category,358
4309,category,2470
4309,category,124
4309,category,355
4309,category,56
4309,category,437
4309,category,53
4309,category,53
4309,language,4
4309,category,81
4309,category,2706
4309,category,437
4309,availability,6
4309,audience,971
4309,category,394
4309,category,394
4309,category,124
4309,category,51
4309,audience,286
4309,audience,720
4309,category,190
4309,category,81
4309,category,358
4309,category,356
4309,category,190
4309,category,2470
4309,category,145
4309,audience,158
4309,cost,43
4309,category,145
4309,category,2706
4309,category,51
4309,category,356
4309,service type,17
4309,service type,2192
4309,postalCode,1250
4309,url,399
4309,url,400
4309,identifier,4311
4309,name,4312
4309,name,4313
4309,name,23
4309,hasMap,24
4309,areaServed,4314
4309,provider,4309
4309,address,4315
4309,longitude,27
4309,availableChannel,4316
4309,availableChannel,4317
4309,containedInPlace,1256
4309,description,4309
4309,telephone,4318
4309,text,4319
4309,xmlschema11-2#time,2318
4309,xmlschema11-2#time,2319
4309,xmlschema11-2#time,519
4309,xmlschema11-2#time,2320
4309,xmlschema11-2#time,2317
4309,xmlschema11-2#time,2316
4309,xmlschema11-2#time,4320
4309,conditionsOfAccess,4321
4322,latitude,1599
4322,availability,6
4322,cost,175
4322,category,721
4322,category,232
4322,category,5
4322,category,12
4322,audience,58
4322,audience,47
4322,audience,84
4322,category,124
4322,language,4
4322,audience,50
4322,service type,17
4322,postalCode,479
4322,url,111
4322,identifier,4323
4322,name,23
4322,name,4324
4322,hasMap,24
4322,areaServed,25
4322,provider,4322
4322,address,1349
4322,longitude,27
4322,availableChannel,4325
4322,availableChannel,4326
4322,containedInPlace,488
4322,description,4322
4322,telephone,1606
4322,text,4327
4322,xmlschema11-2#time,75
4322,xmlschema11-2#time,70
4322,xmlschema11-2#time,74
4322,xmlschema11-2#time,76
4322,xmlschema11-2#time,71
4322,xmlschema11-2#time,73
4322,xmlschema11-2#time,72
4322,conditionsOfAccess,4328
4329,latitude,4330
4329,category,229
4329,audience,2609
4329,category,437
4329,audience,328
4329,audience,8
4329,category,395
4329,category,93
4329,language,4
4329,audience,58
4329,audience,11
4329,audience,552
4329,audience,193
4329,availability,6
4329,category,88
4329,audience,144
4329,cost,43
4329,category,124
4329,category,91
4329,category,706
4329,audience,196
4329,category,86
4329,category,640
4329,audience,3
4329,service type,17
4329,postalCode,4331
4329,url,111
4329,identifier,4332
4329,name,4333
4329,name,23
4329,hasMap,24
4329,areaServed,25
4329,provider,4329
4329,address,4334
4329,longitude,27
4329,availableChannel,4335
4329,availableChannel,4336
4329,containedInPlace,4337
4329,description,4329
4329,telephone,4338
4329,text,4339
4329,xmlschema11-2#time,171
4329,xmlschema11-2#time,72
4329,xmlschema11-2#time,168
4329,xmlschema11-2#time,170
4329,xmlschema11-2#time,167
4329,xmlschema11-2#time,251
4329,xmlschema11-2#time,75
4329,conditionsOfAccess,4340
