subject,relation,object
Food Pantries (Salvation Army Eastern Pennsylvania & Delaware),latitude,39.9677192
Food Pantries (Salvation Army Eastern Pennsylvania & Delaware),category,FoodPantry
Food Pantries (Salvation Army Eastern Pennsylvania & Delaware),language,English
Food Pantries (Salvation Army Eastern Pennsylvania & Delaware),audience,Families
Food Pantries (Salvation Army Eastern Pennsylvania & Delaware),cost,Free
Food Pantries (Salvation Army Eastern Pennsylvania & Delaware),audience,Individuals
Food Pantries (Salvation Army Eastern Pennsylvania & Delaware),audience,AnyoneInNeed
Food Pantries (Salvation Army Eastern Pennsylvania & Delaware),availability,Available
Food Pantries (Salvation Army Eastern Pennsylvania & Delaware),audience,AllAges
Food Pantries (Salvation Army Eastern Pennsylvania & Delaware),category,FoodPantry
Food Pantries (Salvation Army Eastern Pennsylvania & Delaware),service type,Food
Food Pantries (Salvation Army Eastern Pennsylvania & Delaware),postalCode,"""19123"""
Food Pantries (Salvation Army Eastern Pennsylvania & Delaware),url,"""https://www.facebook.com/SalvationArmyUSA"""
Food Pantries (Salvation Army Eastern Pennsylvania & Delaware),url,"""https://www.twitter.com/@SalvationArmyUS"""
Food Pantries (Salvation Army Eastern Pennsylvania & Delaware),identifier,"""Food Pantries (Salvation Army Eastern Pennsylvania & Delaware)_6322661409292288"""
Food Pantries (Salvation Army Eastern Pennsylvania & Delaware),name,""""""
Food Pantries (Salvation Army Eastern Pennsylvania & Delaware),name,"""Food Pantries (Salvation Army Eastern Pennsylvania & Delaware)"""
Food Pantries (Salvation Army Eastern Pennsylvania & Delaware),hasMap,XMLSchema#anyUri
Food Pantries (Salvation Army Eastern Pennsylvania & Delaware),areaServed,"""This program covers residents of the following cities: Bethlehem, PA, Boyertown, PA, Carlisle, PA, Chester, PA, Coatesville, PA, Darby, PA, East Stroudsburg, PA, Lebanon, PA, Philadelphia, PA, Pottsville, PA, Sunbury, PA and Allentown, PA."""
Food Pantries (Salvation Army Eastern Pennsylvania & Delaware),provider,Food Pantries (Salvation Army Eastern Pennsylvania & Delaware)
Food Pantries (Salvation Army Eastern Pennsylvania & Delaware),address,"""1340 Brown Street, Philadelphia, PA 19123"""
Food Pantries (Salvation Army Eastern Pennsylvania & Delaware),longitude,XMLSchema#decimal
Food Pantries (Salvation Army Eastern Pennsylvania & Delaware),availableChannel,AB-Food Pantries (Salvation Army Eastern Pennsylvania & Delaware)
Food Pantries (Salvation Army Eastern Pennsylvania & Delaware),availableChannel,P-Food Pantries (Salvation Army Eastern Pennsylvania & Delaware)
Food Pantries (Salvation Army Eastern Pennsylvania & Delaware),containedInPlace,19123
Food Pantries (Salvation Army Eastern Pennsylvania & Delaware),description,Food Pantries (Salvation Army Eastern Pennsylvania & Delaware)
Food Pantries (Salvation Army Eastern Pennsylvania & Delaware),telephone,"""tel:+1-215-787-2962"""
Food Pantries (Salvation Army Eastern Pennsylvania & Delaware),text,"""Salvation Army Eastern Pennsylvania & Delaware provides quality food items to households experiencing food insecurity. This program supplies critical nutrition to hungry individuals and families. This program provides:- Food to meet basic nutritional needsFood is always free, but some locations require appointments while others operate on a walk-in, first come first served basis. Call your local Salvation Army office to determine which days their food pantries serve your area."""
Food Pantries (Salvation Army Eastern Pennsylvania & Delaware),xmlschema11-2#time,"""Friday Closed"
Food Pantries (Salvation Army Eastern Pennsylvania & Delaware),xmlschema11-2#time,"""Monday from 08:00 to 16:00"""
Food Pantries (Salvation Army Eastern Pennsylvania & Delaware),xmlschema11-2#time,"""Thursday Closed"
Food Pantries (Salvation Army Eastern Pennsylvania & Delaware),xmlschema11-2#time,"""Sunday Closed"
Food Pantries (Salvation Army Eastern Pennsylvania & Delaware),xmlschema11-2#time,"""Saturday Closed"
Food Pantries (Salvation Army Eastern Pennsylvania & Delaware),xmlschema11-2#time,"""Wednesday from 08:00 to 16:00"""
Food Pantries (Salvation Army Eastern Pennsylvania & Delaware),xmlschema11-2#time,"""Tuesday from 08:00 to 16:00"""
Food Pantries (Salvation Army Eastern Pennsylvania & Delaware),conditionsOfAccess,"""Anyone can access this program."""
Social Services Program (Salvation Army Eastern Pennsylvania and Delaware),latitude,40.040964
Social Services Program (Salvation Army Eastern Pennsylvania and Delaware),latitude,39.9610016
Social Services Program (Salvation Army Eastern Pennsylvania and Delaware),category,NavigatingTheSystem
Social Services Program (Salvation Army Eastern Pennsylvania and Delaware),category,Clothing
Social Services Program (Salvation Army Eastern Pennsylvania and Delaware),category,SkillsAndTraining
Social Services Program (Salvation Army Eastern Pennsylvania and Delaware),language,English
Social Services Program (Salvation Army Eastern Pennsylvania and Delaware),availability,Available
Social Services Program (Salvation Army Eastern Pennsylvania and Delaware),category,InterviewTraining
Social Services Program (Salvation Army Eastern Pennsylvania and Delaware),category,HelpFindWork
Social Services Program (Salvation Army Eastern Pennsylvania and Delaware),category,SupportNetwork
Social Services Program (Salvation Army Eastern Pennsylvania and Delaware),category,ResumeDevelopment
Social Services Program (Salvation Army Eastern Pennsylvania and Delaware),category,Meals
Social Services Program (Salvation Army Eastern Pennsylvania and Delaware),category,SpiritualSupport
Social Services Program (Salvation Army Eastern Pennsylvania and Delaware),category,Clothing
Social Services Program (Salvation Army Eastern Pennsylvania and Delaware),category,FinancialEducation
Social Services Program (Salvation Army Eastern Pennsylvania and Delaware),category,FoodPantry
Social Services Program (Salvation Army Eastern Pennsylvania and Delaware),category,SpiritualSupport
Social Services Program (Salvation Army Eastern Pennsylvania and Delaware),category,Meals
Social Services Program (Salvation Army Eastern Pennsylvania and Delaware),category,ToysAndGifts
Social Services Program (Salvation Army Eastern Pennsylvania and Delaware),category,SkillsAndTraining
Social Services Program (Salvation Army Eastern Pennsylvania and Delaware),category,InterviewTraining
Social Services Program (Salvation Army Eastern Pennsylvania and Delaware),category,ToysAndGifts
Social Services Program (Salvation Army Eastern Pennsylvania and Delaware),audience,Homeless
Social Services Program (Salvation Army Eastern Pennsylvania and Delaware),category,FinancialEducation
Social Services Program (Salvation Army Eastern Pennsylvania and Delaware),cost,Free
Social Services Program (Salvation Army Eastern Pennsylvania and Delaware),category,Counseling
Social Services Program (Salvation Army Eastern Pennsylvania and Delaware),audience,AllAges
Social Services Program (Salvation Army Eastern Pennsylvania and Delaware),category,NavigatingTheSystem
Social Services Program (Salvation Army Eastern Pennsylvania and Delaware),audience,LowIncome
Social Services Program (Salvation Army Eastern Pennsylvania and Delaware),category,Counseling
Social Services Program (Salvation Army Eastern Pennsylvania and Delaware),category,ParentingEducation
Social Services Program (Salvation Army Eastern Pennsylvania and Delaware),category,FoodPantry
Social Services Program (Salvation Army Eastern Pennsylvania and Delaware),audience,NearHomeless
Social Services Program (Salvation Army Eastern Pennsylvania and Delaware),audience,Individuals
Social Services Program (Salvation Army Eastern Pennsylvania and Delaware),category,HelpFindWork
Social Services Program (Salvation Army Eastern Pennsylvania and Delaware),audience,Families
Social Services Program (Salvation Army Eastern Pennsylvania and Delaware),category,ResumeDevelopment
Social Services Program (Salvation Army Eastern Pennsylvania and Delaware),category,SupportNetwork
Social Services Program (Salvation Army Eastern Pennsylvania and Delaware),category,ParentingEducation
Social Services Program (Salvation Army Eastern Pennsylvania and Delaware),service type,Food
Social Services Program (Salvation Army Eastern Pennsylvania and Delaware),service type,Mental Health
Social Services Program (Salvation Army Eastern Pennsylvania and Delaware),postalCode,"""19128"""
Social Services Program (Salvation Army Eastern Pennsylvania and Delaware),postalCode,"""19139"""
Social Services Program (Salvation Army Eastern Pennsylvania and Delaware),url,"""https://www.twitter.com/@SalArmyPhilly"""
Social Services Program (Salvation Army Eastern Pennsylvania and Delaware),url,"""https://www.facebook.com/SalvationArmyPhiladelphia"""
Social Services Program (Salvation Army Eastern Pennsylvania and Delaware),identifier,"""Social Services Program (Salvation Army Eastern Pennsylvania and Delaware)_4620877509427200"""
Social Services Program (Salvation Army Eastern Pennsylvania and Delaware),name,"""Social Services Program (Salvation Army Eastern Pennsylvania & Delaware)"""
Social Services Program (Salvation Army Eastern Pennsylvania and Delaware),name,""""""
Social Services Program (Salvation Army Eastern Pennsylvania and Delaware),name,"""Social Services Program (Salvation Army Eastern Pennsylvania and Delaware)"""
Social Services Program (Salvation Army Eastern Pennsylvania and Delaware),hasMap,XMLSchema#anyUri
Social Services Program (Salvation Army Eastern Pennsylvania and Delaware),hasMap,XMLSchema#anyUri
Social Services Program (Salvation Army Eastern Pennsylvania and Delaware),areaServed,"""This program covers residents of the following cities: Dover, DE, Seaford, DE, Wilmington, DE, Allentown, PA, Berwick, PA, Bethlehem, PA, Boyertown, PA, Carlisle, PA, Chambersburg, PA, Chester, PA, Coal Township, PA, Coatesville, PA, Darby, PA, East Stroudsburg, PA, Easton, PA, Harrisburg, PA, Hazleton, PA, Lancaster, PA, Lebanon, PA, Levittown, PA, Lewistown, PA, Lock Haven, PA, Milton, PA, Norristown, PA, Pen Argyl, PA, Philadelphia, PA, Pottstown, PA, Pottsville, PA, Reading, PA, Scranton, PA, State College, PA, Sunbury, PA, Tamaqua, PA, West Chester, PA, Wilkes Barre, PA, Williamsport, PA and York, PA."""
Social Services Program (Salvation Army Eastern Pennsylvania and Delaware),provider,Social Services Program (Salvation Army Eastern Pennsylvania and Delaware)
Social Services Program (Salvation Army Eastern Pennsylvania and Delaware),address,"""6730 Ridge Avenue, Philadelphia, PA 19128"""
Social Services Program (Salvation Army Eastern Pennsylvania and Delaware),address,"""5501 Market Street, Philadelphia, PA 19139"""
Social Services Program (Salvation Army Eastern Pennsylvania and Delaware),longitude,XMLSchema#decimal
Social Services Program (Salvation Army Eastern Pennsylvania and Delaware),longitude,XMLSchema#decimal
Social Services Program (Salvation Army Eastern Pennsylvania and Delaware),availableChannel,AB-Social Services Program (Salvation Army Eastern Pennsylvania and Delaware)
Social Services Program (Salvation Army Eastern Pennsylvania and Delaware),availableChannel,P-Social Services Program (Salvation Army Eastern Pennsylvania and Delaware)
Social Services Program (Salvation Army Eastern Pennsylvania and Delaware),containedInPlace,19128
Social Services Program (Salvation Army Eastern Pennsylvania and Delaware),containedInPlace,19139
Social Services Program (Salvation Army Eastern Pennsylvania and Delaware),description,Social Services Program (Salvation Army Eastern Pennsylvania and Delaware)
Social Services Program (Salvation Army Eastern Pennsylvania and Delaware),telephone,"""tel:+1-215-482-4120"""
Social Services Program (Salvation Army Eastern Pennsylvania and Delaware),telephone,"""tel:+1-215-474-1010"""
Social Services Program (Salvation Army Eastern Pennsylvania and Delaware),text,"""Salvation Army Eastern Pennsylvania & Delaware social workers provide social services to meet the needs of the community. This program provides:- Access to nutritious food- Counseling Services- Financial Education- Spiritual Support- Referrals- Help find work- Resume Building- Interview skills- Job placement- Toys & Gifts (Holiday season)- Clothing (all ages)- Men's and women's support groupsServices offered may change depending on location. Please contact the nearest office for more information."""
Social Services Program (Salvation Army Eastern Pennsylvania and Delaware),xmlschema11-2#time,"""Thursday from 09:00 to 16:00"""
Social Services Program (Salvation Army Eastern Pennsylvania and Delaware),xmlschema11-2#time,"""Friday from 09:00 to 16:00"""
Social Services Program (Salvation Army Eastern Pennsylvania and Delaware),xmlschema11-2#time,"""Tuesday from 08:00 to 15:30"""
Social Services Program (Salvation Army Eastern Pennsylvania and Delaware),xmlschema11-2#time,"""Sunday Closed"
Social Services Program (Salvation Army Eastern Pennsylvania and Delaware),xmlschema11-2#time,"""Saturday Closed"
Social Services Program (Salvation Army Eastern Pennsylvania and Delaware),xmlschema11-2#time,"""Wednesday from 09:00 to 16:00"""
Social Services Program (Salvation Army Eastern Pennsylvania and Delaware),xmlschema11-2#time,"""Wednesday from 08:00 to 15:30"""
Social Services Program (Salvation Army Eastern Pennsylvania and Delaware),xmlschema11-2#time,"""Friday from 08:00 to 13:30"""
Social Services Program (Salvation Army Eastern Pennsylvania and Delaware),xmlschema11-2#time,"""Saturday from 09:00 to 16:00"""
Social Services Program (Salvation Army Eastern Pennsylvania and Delaware),xmlschema11-2#time,"""Thursday from 08:00 to 15:30"""
Social Services Program (Salvation Army Eastern Pennsylvania and Delaware),xmlschema11-2#time,"""Sunday from 09:00 to 16:00"""
Social Services Program (Salvation Army Eastern Pennsylvania and Delaware),xmlschema11-2#time,"""Monday from 08:00 to 15:30"""
Social Services Program (Salvation Army Eastern Pennsylvania and Delaware),xmlschema11-2#time,"""Monday from 09:00 to 16:00"""
Social Services Program (Salvation Army Eastern Pennsylvania and Delaware),xmlschema11-2#time,"""Tuesday from 09:00 to 16:00"""
Social Services Program (Salvation Army Eastern Pennsylvania and Delaware),conditionsOfAccess,"""This program serves residents of Pennsylvania."""
Food Pantry (The North Light Community Center),latitude,40.0286777
Food Pantry (The North Light Community Center),cost,Free
Food Pantry (The North Light Community Center),audience,Individuals
Food Pantry (The North Light Community Center),audience,Families
Food Pantry (The North Light Community Center),audience,LowIncome
Food Pantry (The North Light Community Center),language,English
Food Pantry (The North Light Community Center),category,FoodPantry
Food Pantry (The North Light Community Center),availability,Available
Food Pantry (The North Light Community Center),audience,AllAges
Food Pantry (The North Light Community Center),audience,AnyoneInNeed
Food Pantry (The North Light Community Center),category,FoodPantry
Food Pantry (The North Light Community Center),service type,Food
Food Pantry (The North Light Community Center),postalCode,"""19127"""
Food Pantry (The North Light Community Center),url,"""https://www.facebook.com/NorthLightCommunityCenter/"""
Food Pantry (The North Light Community Center),url,"""https://www.twitter.com/@NorthLight4"""
Food Pantry (The North Light Community Center),identifier,"""Food Pantry (The North Light Community Center)_5763940362747904"""
Food Pantry (The North Light Community Center),name,""""""
Food Pantry (The North Light Community Center),name,"""Food Pantry (The North Light Community Center)"""
Food Pantry (The North Light Community Center),hasMap,XMLSchema#anyUri
Food Pantry (The North Light Community Center),areaServed,"""This program covers residents of the following cities: Philadelphia, PA."""
Food Pantry (The North Light Community Center),provider,Food Pantry (The North Light Community Center)
Food Pantry (The North Light Community Center),address,"""175 Green Lane, Philadelphia, PA 19127"""
Food Pantry (The North Light Community Center),longitude,XMLSchema#decimal
Food Pantry (The North Light Community Center),availableChannel,AB-Food Pantry (The North Light Community Center)
Food Pantry (The North Light Community Center),availableChannel,P-Food Pantry (The North Light Community Center)
Food Pantry (The North Light Community Center),containedInPlace,19127
Food Pantry (The North Light Community Center),description,Food Pantry (The North Light Community Center)
Food Pantry (The North Light Community Center),telephone,"""tel:+1-215-483-4800"""
Food Pantry (The North Light Community Center),text,"""The North Light Community Center provides a food pantry for food insecure households who need access to fresh food, nonperishable food, and other grocery related items. They seek to provide nutritional foods to constituents who depend on the program to supplement and sustain their households.This program provides:- Food to meet basic nutritional needs.If you are coming for the first time, please download and fill out the application form and email it to [emailÂ protected]. North Light provides several Holiday Assistance programs in November and December, such as Thanksgiving boxes, Manayunk Meals & More, and Adopt-a-Family! For more information, check back in late."""
Food Pantry (The North Light Community Center),xmlschema11-2#time,"""Monday from 10:30 to 11:30"""
Food Pantry (The North Light Community Center),xmlschema11-2#time,"""Wednesday Closed"
Food Pantry (The North Light Community Center),xmlschema11-2#time,"""Thursday Closed"
Food Pantry (The North Light Community Center),xmlschema11-2#time,"""Friday from 11:30 to 12:30"""
Food Pantry (The North Light Community Center),xmlschema11-2#time,"""Saturday Closed"
Food Pantry (The North Light Community Center),xmlschema11-2#time,"""Tuesday Closed"
Food Pantry (The North Light Community Center),xmlschema11-2#time,"""Sunday Closed"
Food Pantry (The North Light Community Center),conditionsOfAccess,"""Must meet income guidelines."""
Food Pantry (St. Luke's Episcopal Church Germantown),latitude,40.0337844
Food Pantry (St. Luke's Episcopal Church Germantown),language,English
Food Pantry (St. Luke's Episcopal Church Germantown),cost,Free
Food Pantry (St. Luke's Episcopal Church Germantown),availability,TemporarilyClosed
Food Pantry (St. Luke's Episcopal Church Germantown),audience,AllAges
Food Pantry (St. Luke's Episcopal Church Germantown),category,FoodPantry
Food Pantry (St. Luke's Episcopal Church Germantown),audience,Individuals
Food Pantry (St. Luke's Episcopal Church Germantown),audience,AnyoneInNeed
Food Pantry (St. Luke's Episcopal Church Germantown),category,FoodPantry
Food Pantry (St. Luke's Episcopal Church Germantown),audience,Families
Food Pantry (St. Luke's Episcopal Church Germantown),service type,Food
Food Pantry (St. Luke's Episcopal Church Germantown),postalCode,"""19144"""
Food Pantry (St. Luke's Episcopal Church Germantown),url,"""https://www.facebook.com/St-Lukes-Church-Germantown-111657445537323/"""
Food Pantry (St. Luke's Episcopal Church Germantown),url,"""None"""
Food Pantry (St. Luke's Episcopal Church Germantown),identifier,"""Food Pantry (St. Luke's Episcopal Church Germantown)_5946530422849536"""
Food Pantry (St. Luke's Episcopal Church Germantown),name,""""""
Food Pantry (St. Luke's Episcopal Church Germantown),name,"""Food Pantry (St. Luke's Episcopal Church Germantown)"""
Food Pantry (St. Luke's Episcopal Church Germantown),hasMap,XMLSchema#anyUri
Food Pantry (St. Luke's Episcopal Church Germantown),areaServed,"""This program covers residents of the following cities: Philadelphia, PA."""
Food Pantry (St. Luke's Episcopal Church Germantown),provider,Food Pantry (St. Luke's Episcopal Church Germantown)
Food Pantry (St. Luke's Episcopal Church Germantown),address,"""5421 Germantown Avenue, Philadelphia, PA 19144"""
Food Pantry (St. Luke's Episcopal Church Germantown),longitude,XMLSchema#decimal
Food Pantry (St. Luke's Episcopal Church Germantown),availableChannel,AB-Food Pantry (St. Luke's Episcopal Church Germantown)
Food Pantry (St. Luke's Episcopal Church Germantown),availableChannel,P-Food Pantry (St. Luke's Episcopal Church Germantown)
Food Pantry (St. Luke's Episcopal Church Germantown),containedInPlace,19144
Food Pantry (St. Luke's Episcopal Church Germantown),description,Food Pantry (St. Luke's Episcopal Church Germantown)
Food Pantry (St. Luke's Episcopal Church Germantown),telephone,"""tel:+1-215-844-8544"""
Food Pantry (St. Luke's Episcopal Church Germantown),text,"""St. Barnabas Pantry provides bags of food to individuals and families in St. Luke's community who are in need.Services provided:- Take-away food bags"""
Food Pantry (St. Luke's Episcopal Church Germantown),xmlschema11-2#time,"""Saturday Closed"
Food Pantry (St. Luke's Episcopal Church Germantown),xmlschema11-2#time,"""Wednesday Closed"
Food Pantry (St. Luke's Episcopal Church Germantown),xmlschema11-2#time,"""Thursday Closed"
Food Pantry (St. Luke's Episcopal Church Germantown),xmlschema11-2#time,"""Sunday Closed"
Food Pantry (St. Luke's Episcopal Church Germantown),xmlschema11-2#time,"""Wednesday from 09:00 to 15:00"""
Food Pantry (St. Luke's Episcopal Church Germantown),xmlschema11-2#time,"""Monday from 09:00 to 15:00"""
Food Pantry (St. Luke's Episcopal Church Germantown),xmlschema11-2#time,"""Thursday from 09:00 to 15:00"""
Food Pantry (St. Luke's Episcopal Church Germantown),xmlschema11-2#time,"""Friday from 09:00 to 15:00"""
Food Pantry (St. Luke's Episcopal Church Germantown),xmlschema11-2#time,"""Tuesday from 09:00 to 15:00"""
Food Pantry (St. Luke's Episcopal Church Germantown),xmlschema11-2#time,"""Tuesday from 09:00 to 10:30"""
Food Pantry (St. Luke's Episcopal Church Germantown),xmlschema11-2#time,"""Sunday from 08:00 to 14:00"""
Food Pantry (St. Luke's Episcopal Church Germantown),xmlschema11-2#time,"""Friday from 09:00 to 10:30"""
Food Pantry (St. Luke's Episcopal Church Germantown),xmlschema11-2#time,"""Monday Closed"
Food Pantry (St. Luke's Episcopal Church Germantown),conditionsOfAccess,"""Anyone can access this program."""
Food Cupboard (The Church of St. Andrew and St. Monica),latitude,39.960617
Food Cupboard (The Church of St. Andrew and St. Monica),cost,Free
Food Cupboard (The Church of St. Andrew and St. Monica),availability,Available
Food Cupboard (The Church of St. Andrew and St. Monica),audience,AnyoneInNeed
Food Cupboard (The Church of St. Andrew and St. Monica),audience,Individuals
Food Cupboard (The Church of St. Andrew and St. Monica),category,FoodPantry
Food Cupboard (The Church of St. Andrew and St. Monica),language,English
Food Cupboard (The Church of St. Andrew and St. Monica),audience,AllAges
Food Cupboard (The Church of St. Andrew and St. Monica),category,FoodPantry
Food Cupboard (The Church of St. Andrew and St. Monica),audience,Families
Food Cupboard (The Church of St. Andrew and St. Monica),service type,Food
Food Cupboard (The Church of St. Andrew and St. Monica),postalCode,"""19104"""
Food Cupboard (The Church of St. Andrew and St. Monica),url,"""https://www.twitter.com/@ssAndrewMonica"""
Food Cupboard (The Church of St. Andrew and St. Monica),url,"""https://www.facebook.com/ssandrewmonica/?rf=117087431642346"""
Food Cupboard (The Church of St. Andrew and St. Monica),identifier,"""Food Cupboard (The Church of St. Andrew and St. Monica)_6520871286734848"""
Food Cupboard (The Church of St. Andrew and St. Monica),name,""""""
Food Cupboard (The Church of St. Andrew and St. Monica),name,"""Food Cupboard (The Church of St. Andrew and St. Monica)"""
Food Cupboard (The Church of St. Andrew and St. Monica),hasMap,XMLSchema#anyUri
Food Cupboard (The Church of St. Andrew and St. Monica),areaServed,"""This program covers residents of the following counties: Philadelphia County, PA."""
Food Cupboard (The Church of St. Andrew and St. Monica),provider,Food Cupboard (The Church of St. Andrew and St. Monica)
Food Cupboard (The Church of St. Andrew and St. Monica),address,"""3600 Baring Street, Philadelphia, PA 19104"""
Food Cupboard (The Church of St. Andrew and St. Monica),longitude,XMLSchema#decimal
Food Cupboard (The Church of St. Andrew and St. Monica),availableChannel,AB-Food Cupboard (The Church of St. Andrew and St. Monica)
Food Cupboard (The Church of St. Andrew and St. Monica),availableChannel,P-Food Cupboard (The Church of St. Andrew and St. Monica)
Food Cupboard (The Church of St. Andrew and St. Monica),containedInPlace,19104
Food Cupboard (The Church of St. Andrew and St. Monica),description,Food Cupboard (The Church of St. Andrew and St. Monica)
Food Cupboard (The Church of St. Andrew and St. Monica),telephone,"""tel:+1-215-222-7606"""
Food Cupboard (The Church of St. Andrew and St. Monica),text,"""The food pantry provides quality food items to households experiencing food insecurity. This program supplies critical nutrition to hungry individuals and families. This program provides:- Food to meet basic nutritional needs"""
Food Cupboard (The Church of St. Andrew and St. Monica),xmlschema11-2#time,"""Saturday from 09:30 to 11:00"""
Food Cupboard (The Church of St. Andrew and St. Monica),xmlschema11-2#time,"""Thursday Closed"
Food Cupboard (The Church of St. Andrew and St. Monica),xmlschema11-2#time,"""Wednesday Closed"
Food Cupboard (The Church of St. Andrew and St. Monica),xmlschema11-2#time,"""Tuesday Closed"
Food Cupboard (The Church of St. Andrew and St. Monica),xmlschema11-2#time,"""Friday Closed"
Food Cupboard (The Church of St. Andrew and St. Monica),xmlschema11-2#time,"""Sunday Closed"
Food Cupboard (The Church of St. Andrew and St. Monica),xmlschema11-2#time,"""Monday Closed"
Food Cupboard (The Church of St. Andrew and St. Monica),conditionsOfAccess,"""Anyone can access this program."""
Food Pantry (Crusaders for Christ Church),latitude,39.9448797
Food Pantry (Crusaders for Christ Church),audience,Individuals
Food Pantry (Crusaders for Christ Church),cost,Free
Food Pantry (Crusaders for Christ Church),language,English
Food Pantry (Crusaders for Christ Church),availability,Available
Food Pantry (Crusaders for Christ Church),audience,AllAges
Food Pantry (Crusaders for Christ Church),category,FoodPantry
Food Pantry (Crusaders for Christ Church),category,FoodPantry
Food Pantry (Crusaders for Christ Church),audience,Families
Food Pantry (Crusaders for Christ Church),service type,Food
Food Pantry (Crusaders for Christ Church),postalCode,"""19143"""
Food Pantry (Crusaders for Christ Church),url,"""https://www.facebook.com/MyCFC1/"""
Food Pantry (Crusaders for Christ Church),url,"""https://www.twitter.com/@CFC_PA1"""
Food Pantry (Crusaders for Christ Church),identifier,"""Food Pantry (Crusaders for Christ Church)_5683489540931584"""
Food Pantry (Crusaders for Christ Church),name,""""""
Food Pantry (Crusaders for Christ Church),name,"""Food Pantry (Crusaders for Christ Church)"""
Food Pantry (Crusaders for Christ Church),hasMap,XMLSchema#anyUri
Food Pantry (Crusaders for Christ Church),areaServed,"""This program covers residents of the following cities: Philadelphia, PA."""
Food Pantry (Crusaders for Christ Church),provider,Food Pantry (Crusaders for Christ Church)
Food Pantry (Crusaders for Christ Church),address,"""1201 South 47th Street, Philadelphia, PA 19143"""
Food Pantry (Crusaders for Christ Church),longitude,XMLSchema#decimal
Food Pantry (Crusaders for Christ Church),availableChannel,AB-Food Pantry (Crusaders for Christ Church)
Food Pantry (Crusaders for Christ Church),availableChannel,P-Food Pantry (Crusaders for Christ Church)
Food Pantry (Crusaders for Christ Church),containedInPlace,19143
Food Pantry (Crusaders for Christ Church),description,Food Pantry (Crusaders for Christ Church)
Food Pantry (Crusaders for Christ Church),telephone,"""tel:+1-215-387-3014"""
Food Pantry (Crusaders for Christ Church),text,"""Crusaders for Christ Church provides supplemental groceries to individuals and families in need of assistance in our community. This program provides:- Food to meet basic nutritional needsPlease contact this provider to see when the pantry is available."""
Food Pantry (Crusaders for Christ Church),xmlschema11-2#time,"""Thursday from 08:00 to 17:00"""
Food Pantry (Crusaders for Christ Church),xmlschema11-2#time,"""Wednesday from 08:00 to 17:00"""
Food Pantry (Crusaders for Christ Church),xmlschema11-2#time,"""Sunday Closed"
Food Pantry (Crusaders for Christ Church),xmlschema11-2#time,"""Tuesday from 08:00 to 17:00"""
Food Pantry (Crusaders for Christ Church),xmlschema11-2#time,"""Saturday Closed"
Food Pantry (Crusaders for Christ Church),xmlschema11-2#time,"""Monday from 08:00 to 17:00"""
Food Pantry (Crusaders for Christ Church),xmlschema11-2#time,"""Friday from 08:00 to 17:00"""
Food Pantry (Crusaders for Christ Church),conditionsOfAccess,"""Anyone can access this program."""
Manna Pantry (Bethel Temple Community Bible Church),latitude,39.9978125
Manna Pantry (Bethel Temple Community Bible Church),category,FoodPantry
Manna Pantry (Bethel Temple Community Bible Church),language,English
Manna Pantry (Bethel Temple Community Bible Church),availability,Available
Manna Pantry (Bethel Temple Community Bible Church),category,FoodPantry
Manna Pantry (Bethel Temple Community Bible Church),audience,Individuals
Manna Pantry (Bethel Temple Community Bible Church),audience,AllAges
Manna Pantry (Bethel Temple Community Bible Church),audience,AnyoneInNeed
Manna Pantry (Bethel Temple Community Bible Church),cost,Free
Manna Pantry (Bethel Temple Community Bible Church),audience,Families
Manna Pantry (Bethel Temple Community Bible Church),service type,Food
Manna Pantry (Bethel Temple Community Bible Church),postalCode,"""19134"""
Manna Pantry (Bethel Temple Community Bible Church),url,"""None"""
Manna Pantry (Bethel Temple Community Bible Church),url,"""https://www.facebook.com/betheltemplecbc/"""
Manna Pantry (Bethel Temple Community Bible Church),identifier,"""Manna Pantry (Bethel Temple Community Bible Church)_6321681709400064"""
Manna Pantry (Bethel Temple Community Bible Church),name,""""""
Manna Pantry (Bethel Temple Community Bible Church),name,"""Manna Pantry (Bethel Temple Community Bible Church)"""
Manna Pantry (Bethel Temple Community Bible Church),hasMap,XMLSchema#anyUri
Manna Pantry (Bethel Temple Community Bible Church),areaServed,"""This program covers residents of the following cities: Philadelphia, PA."""
Manna Pantry (Bethel Temple Community Bible Church),provider,Manna Pantry (Bethel Temple Community Bible Church)
Manna Pantry (Bethel Temple Community Bible Church),address,"""228 East Allegheny Avenue, Philadelphia, PA 19134"""
Manna Pantry (Bethel Temple Community Bible Church),longitude,XMLSchema#decimal
Manna Pantry (Bethel Temple Community Bible Church),availableChannel,AB-Manna Pantry (Bethel Temple Community Bible Church)
Manna Pantry (Bethel Temple Community Bible Church),availableChannel,P-Manna Pantry (Bethel Temple Community Bible Church)
Manna Pantry (Bethel Temple Community Bible Church),containedInPlace,19134
Manna Pantry (Bethel Temple Community Bible Church),description,Manna Pantry (Bethel Temple Community Bible Church)
Manna Pantry (Bethel Temple Community Bible Church),telephone,"""tel:+1-215-423-0986"""
Manna Pantry (Bethel Temple Community Bible Church),text,"""Manna Pantry serves the community by providing food and resources for those in need. This program supplies critical nutrition to hungry individuals and families. This program provides:- Food to meet basic nutritional needs"""
Manna Pantry (Bethel Temple Community Bible Church),xmlschema11-2#time,"""Wednesday Closed"
Manna Pantry (Bethel Temple Community Bible Church),xmlschema11-2#time,"""Friday Closed"
Manna Pantry (Bethel Temple Community Bible Church),xmlschema11-2#time,"""Saturday Closed"
Manna Pantry (Bethel Temple Community Bible Church),xmlschema11-2#time,"""Thursday from 17:00 to 18:00"""
Manna Pantry (Bethel Temple Community Bible Church),xmlschema11-2#time,"""Tuesday Closed"
Manna Pantry (Bethel Temple Community Bible Church),xmlschema11-2#time,"""Monday Closed"
Manna Pantry (Bethel Temple Community Bible Church),xmlschema11-2#time,"""Sunday Closed"
Manna Pantry (Bethel Temple Community Bible Church),conditionsOfAccess,"""Anyone can access this program."""
Temple Corps Community Center Food Pantry (The Salvation Army - Greater Philadelphia),latitude,39.9677192
Temple Corps Community Center Food Pantry (The Salvation Army - Greater Philadelphia),audience,Families
Temple Corps Community Center Food Pantry (The Salvation Army - Greater Philadelphia),audience,Individuals
Temple Corps Community Center Food Pantry (The Salvation Army - Greater Philadelphia),language,English
Temple Corps Community Center Food Pantry (The Salvation Army - Greater Philadelphia),availability,Available
Temple Corps Community Center Food Pantry (The Salvation Army - Greater Philadelphia),audience,AllAges
Temple Corps Community Center Food Pantry (The Salvation Army - Greater Philadelphia),category,FoodPantry
Temple Corps Community Center Food Pantry (The Salvation Army - Greater Philadelphia),cost,Free
Temple Corps Community Center Food Pantry (The Salvation Army - Greater Philadelphia),category,FoodPantry
Temple Corps Community Center Food Pantry (The Salvation Army - Greater Philadelphia),audience,AnyoneInNeed
Temple Corps Community Center Food Pantry (The Salvation Army - Greater Philadelphia),service type,Food
Temple Corps Community Center Food Pantry (The Salvation Army - Greater Philadelphia),postalCode,"""19123"""
Temple Corps Community Center Food Pantry (The Salvation Army - Greater Philadelphia),url,"""https://www.facebook.com/SalvationArmyPhiladelphia"""
Temple Corps Community Center Food Pantry (The Salvation Army - Greater Philadelphia),url,"""https://www.twitter.com/https://twitter.com/SalArmyPhilly"""
Temple Corps Community Center Food Pantry (The Salvation Army - Greater Philadelphia),identifier,"""Temple Corps Community Center Food Pantry (The Salvation Army - Greater Philadelphia)_5664666958430208"""
Temple Corps Community Center Food Pantry (The Salvation Army - Greater Philadelphia),name,"""Temple Corps Community Center Food Pantry (The Salvation Army - Greater Philadelphia)"""
Temple Corps Community Center Food Pantry (The Salvation Army - Greater Philadelphia),name,""""""
Temple Corps Community Center Food Pantry (The Salvation Army - Greater Philadelphia),hasMap,XMLSchema#anyUri
Temple Corps Community Center Food Pantry (The Salvation Army - Greater Philadelphia),areaServed,"""This program covers residents of the following cities: Philadelphia, PA."""
Temple Corps Community Center Food Pantry (The Salvation Army - Greater Philadelphia),provider,Temple Corps Community Center Food Pantry (The Salvation Army - Greater Philadelphia)
Temple Corps Community Center Food Pantry (The Salvation Army - Greater Philadelphia),address,"""1340 Brown Street, Philadelphia, PA 19123"""
Temple Corps Community Center Food Pantry (The Salvation Army - Greater Philadelphia),longitude,XMLSchema#decimal
Temple Corps Community Center Food Pantry (The Salvation Army - Greater Philadelphia),availableChannel,AB-Temple Corps Community Center Food Pantry (The Salvation Army - Greater Philadelphia)
Temple Corps Community Center Food Pantry (The Salvation Army - Greater Philadelphia),availableChannel,P-Temple Corps Community Center Food Pantry (The Salvation Army - Greater Philadelphia)
Temple Corps Community Center Food Pantry (The Salvation Army - Greater Philadelphia),containedInPlace,19123
Temple Corps Community Center Food Pantry (The Salvation Army - Greater Philadelphia),description,Temple Corps Community Center Food Pantry (The Salvation Army - Greater Philadelphia)
Temple Corps Community Center Food Pantry (The Salvation Army - Greater Philadelphia),telephone,"""tel:+1-215-787-2962"""
Temple Corps Community Center Food Pantry (The Salvation Army - Greater Philadelphia),text,"""Salvation Army Corps Community Center has a food pantry on-site to help meet emergency needs. The food pantry provides quality food items to households experiencing food insecurity. Typical items in pantries include canned goods and other non-perishable items.This program provides:- Food to meet basic nutritional needs"""
Temple Corps Community Center Food Pantry (The Salvation Army - Greater Philadelphia),xmlschema11-2#time,"""Tuesday from 08:00 to 16:00"""
Temple Corps Community Center Food Pantry (The Salvation Army - Greater Philadelphia),xmlschema11-2#time,"""Friday Closed"
Temple Corps Community Center Food Pantry (The Salvation Army - Greater Philadelphia),xmlschema11-2#time,"""Monday from 08:00 to 16:00"""
Temple Corps Community Center Food Pantry (The Salvation Army - Greater Philadelphia),xmlschema11-2#time,"""Sunday Closed"
Temple Corps Community Center Food Pantry (The Salvation Army - Greater Philadelphia),xmlschema11-2#time,"""Wednesday from 08:00 to 16:00"""
Temple Corps Community Center Food Pantry (The Salvation Army - Greater Philadelphia),xmlschema11-2#time,"""Thursday from 08:00 to 16:00"""
Temple Corps Community Center Food Pantry (The Salvation Army - Greater Philadelphia),xmlschema11-2#time,"""Saturday Closed"
Temple Corps Community Center Food Pantry (The Salvation Army - Greater Philadelphia),conditionsOfAccess,"""Anyone can access this program."""
Food Pantry and Clothing Ministry Program (Lighthouse Christian Center),latitude,39.9376206
Food Pantry and Clothing Ministry Program (Lighthouse Christian Center),availability,Available
Food Pantry and Clothing Ministry Program (Lighthouse Christian Center),audience,Families
Food Pantry and Clothing Ministry Program (Lighthouse Christian Center),audience,AnyoneInNeed
Food Pantry and Clothing Ministry Program (Lighthouse Christian Center),category,Clothing
Food Pantry and Clothing Ministry Program (Lighthouse Christian Center),category,FoodPantry
Food Pantry and Clothing Ministry Program (Lighthouse Christian Center),cost,Free
Food Pantry and Clothing Ministry Program (Lighthouse Christian Center),category,Clothing
Food Pantry and Clothing Ministry Program (Lighthouse Christian Center),audience,AllAges
Food Pantry and Clothing Ministry Program (Lighthouse Christian Center),audience,Individuals
Food Pantry and Clothing Ministry Program (Lighthouse Christian Center),category,FoodPantry
Food Pantry and Clothing Ministry Program (Lighthouse Christian Center),language,English
Food Pantry and Clothing Ministry Program (Lighthouse Christian Center),service type,Food
Food Pantry and Clothing Ministry Program (Lighthouse Christian Center),postalCode,"""19146"""
Food Pantry and Clothing Ministry Program (Lighthouse Christian Center),url,"""None"""
Food Pantry and Clothing Ministry Program (Lighthouse Christian Center),identifier,"""Food Pantry and Clothing Ministry Program (Lighthouse Christian Center)_4879563523883008"""
Food Pantry and Clothing Ministry Program (Lighthouse Christian Center),name,""""""
Food Pantry and Clothing Ministry Program (Lighthouse Christian Center),name,"""Food Pantry and Clothing Ministry Program (Lighthouse Christian Center)"""
Food Pantry and Clothing Ministry Program (Lighthouse Christian Center),hasMap,XMLSchema#anyUri
Food Pantry and Clothing Ministry Program (Lighthouse Christian Center),areaServed,"""This program covers residents of the following counties: Philadelphia County, PA."""
Food Pantry and Clothing Ministry Program (Lighthouse Christian Center),provider,Food Pantry and Clothing Ministry Program (Lighthouse Christian Center)
Food Pantry and Clothing Ministry Program (Lighthouse Christian Center),address,"""2945 Wharton Street, Philadelphia, PA 19146"""
Food Pantry and Clothing Ministry Program (Lighthouse Christian Center),longitude,XMLSchema#decimal
Food Pantry and Clothing Ministry Program (Lighthouse Christian Center),availableChannel,AB-Food Pantry and Clothing Ministry Program (Lighthouse Christian Center)
Food Pantry and Clothing Ministry Program (Lighthouse Christian Center),availableChannel,P-Food Pantry and Clothing Ministry Program (Lighthouse Christian Center)
Food Pantry and Clothing Ministry Program (Lighthouse Christian Center),containedInPlace,19146
Food Pantry and Clothing Ministry Program (Lighthouse Christian Center),description,Food Pantry and Clothing Ministry Program (Lighthouse Christian Center)
Food Pantry and Clothing Ministry Program (Lighthouse Christian Center),telephone,"""tel:+1-215-463-2434"""
Food Pantry and Clothing Ministry Program (Lighthouse Christian Center),text,"""Lighthouse Christian Center offers free food, clothing and a message from God to anyone who needs assistance.This program provides: - Food- ClothingServices are available on Tuesdays from 11 a.m. to 1 p.m."""
Food Pantry and Clothing Ministry Program (Lighthouse Christian Center),xmlschema11-2#time,"""Tuesday from 12:00 to 13:00"""
Food Pantry and Clothing Ministry Program (Lighthouse Christian Center),xmlschema11-2#time,"""Friday Closed"
Food Pantry and Clothing Ministry Program (Lighthouse Christian Center),xmlschema11-2#time,"""Thursday Closed"
Food Pantry and Clothing Ministry Program (Lighthouse Christian Center),xmlschema11-2#time,"""Saturday Closed"
Food Pantry and Clothing Ministry Program (Lighthouse Christian Center),xmlschema11-2#time,"""Wednesday Closed"
Food Pantry and Clothing Ministry Program (Lighthouse Christian Center),xmlschema11-2#time,"""Monday Closed"
Food Pantry and Clothing Ministry Program (Lighthouse Christian Center),xmlschema11-2#time,"""Sunday Closed"
Food Pantry and Clothing Ministry Program (Lighthouse Christian Center),conditionsOfAccess,"""Anyone can access this program."""
Food Pantry (Grace Community Christian Center),latitude,40.045458
Food Pantry (Grace Community Christian Center),audience,Families
Food Pantry (Grace Community Christian Center),category,FoodPantry
Food Pantry (Grace Community Christian Center),cost,Free
Food Pantry (Grace Community Christian Center),audience,Individuals
Food Pantry (Grace Community Christian Center),audience,AnyoneInNeed
Food Pantry (Grace Community Christian Center),category,FoodPantry
Food Pantry (Grace Community Christian Center),audience,AllAges
Food Pantry (Grace Community Christian Center),language,English
Food Pantry (Grace Community Christian Center),availability,TemporarilyClosed
Food Pantry (Grace Community Christian Center),service type,Food
Food Pantry (Grace Community Christian Center),postalCode,"""19144"""
Food Pantry (Grace Community Christian Center),url,"""https://www.facebook.com/pg/TheGraceBaptistChurchofGermantown/about/?ref=page_internal"""
Food Pantry (Grace Community Christian Center),url,"""None"""
Food Pantry (Grace Community Christian Center),identifier,"""Food Pantry (Grace Community Christian Center)_6223467727552512"""
Food Pantry (Grace Community Christian Center),name,"""Food Pantry (Grace Community Christian Center)"""
Food Pantry (Grace Community Christian Center),name,""""""
Food Pantry (Grace Community Christian Center),hasMap,XMLSchema#anyUri
Food Pantry (Grace Community Christian Center),areaServed,"""This program covers residents of the following cities: Philadelphia, PA."""
Food Pantry (Grace Community Christian Center),provider,Food Pantry (Grace Community Christian Center)
Food Pantry (Grace Community Christian Center),address,"""25 West Johnson Street, Philadelphia, PA 19144"""
Food Pantry (Grace Community Christian Center),longitude,XMLSchema#decimal
Food Pantry (Grace Community Christian Center),availableChannel,AB-Food Pantry (Grace Community Christian Center)
Food Pantry (Grace Community Christian Center),availableChannel,P-Food Pantry (Grace Community Christian Center)
Food Pantry (Grace Community Christian Center),containedInPlace,19144
Food Pantry (Grace Community Christian Center),description,Food Pantry (Grace Community Christian Center)
Food Pantry (Grace Community Christian Center),telephone,"""tel:+1-215-848-2700"""
Food Pantry (Grace Community Christian Center),telephone,"""tel:+1-215-438-3215"""
Food Pantry (Grace Community Christian Center),text,"""Grace Community Christian Center food pantry provides supplemental groceries to individuals and families in need of assistance in the community. This program provides:- Food to meet basic nutritional needs"""
Food Pantry (Grace Community Christian Center),xmlschema11-2#time,"""Friday from 10:00 to 13:00"""
Food Pantry (Grace Community Christian Center),xmlschema11-2#time,"""Monday from 10:00 to 13:00"""
Food Pantry (Grace Community Christian Center),xmlschema11-2#time,"""Thursday from 10:00 to 13:00"""
Food Pantry (Grace Community Christian Center),xmlschema11-2#time,"""Tuesday from 10:00 to 13:00"""
Food Pantry (Grace Community Christian Center),xmlschema11-2#time,"""Wednesday from 10:00 to 13:00"""
Food Pantry (Grace Community Christian Center),xmlschema11-2#time,"""Sunday Closed"
Food Pantry (Grace Community Christian Center),xmlschema11-2#time,"""Saturday Closed"
Food Pantry (Grace Community Christian Center),conditionsOfAccess,"""Anyone can access this program."""
Food Pantry (The Common Place),latitude,39.9356486
Food Pantry (The Common Place),language,English
Food Pantry (The Common Place),category,FoodPantry
Food Pantry (The Common Place),category,FoodPantry
Food Pantry (The Common Place),audience,AnyoneInNeed
Food Pantry (The Common Place),cost,Free
Food Pantry (The Common Place),availability,Available
Food Pantry (The Common Place),audience,AllAges
Food Pantry (The Common Place),service type,Food
Food Pantry (The Common Place),postalCode,"""19143"""
Food Pantry (The Common Place),url,"""https://www.facebook.com/tcpphilly/"""
Food Pantry (The Common Place),url,"""None"""
Food Pantry (The Common Place),identifier,"""Food Pantry (The Common Place)_6175811663822848"""
Food Pantry (The Common Place),name,""""""
Food Pantry (The Common Place),name,"""Food Pantry (The Common Place)"""
Food Pantry (The Common Place),hasMap,XMLSchema#anyUri
Food Pantry (The Common Place),areaServed,"""This program covers residents of the following cities: Philadelphia, PA."""
Food Pantry (The Common Place),provider,Food Pantry (The Common Place)
Food Pantry (The Common Place),address,"""5736 Chester Avenue, Philadelphia, PA 19143"""
Food Pantry (The Common Place),longitude,XMLSchema#decimal
Food Pantry (The Common Place),availableChannel,AB-Food Pantry (The Common Place)
Food Pantry (The Common Place),availableChannel,P-Food Pantry (The Common Place)
Food Pantry (The Common Place),containedInPlace,19143
Food Pantry (The Common Place),description,Food Pantry (The Common Place)
Food Pantry (The Common Place),telephone,"""tel:+1-267-275-8238"""
Food Pantry (The Common Place),text,"""The Common Place's food pantry provides quality food items to households experiencing food insecurity. This program supplies critical nutrition to hungry individuals and families. This program provides:- Food to meet basic nutritional needs"""
Food Pantry (The Common Place),xmlschema11-2#time,"""Wednesday Closed"
Food Pantry (The Common Place),xmlschema11-2#time,"""Thursday Closed"
Food Pantry (The Common Place),xmlschema11-2#time,"""Friday Closed"
Food Pantry (The Common Place),xmlschema11-2#time,"""Sunday Closed"
Food Pantry (The Common Place),xmlschema11-2#time,"""Monday Closed"
Food Pantry (The Common Place),xmlschema11-2#time,"""Saturday from 10:00 to 13:00"""
Food Pantry (The Common Place),xmlschema11-2#time,"""Tuesday Closed"
Food Pantry (The Common Place),conditionsOfAccess,"""Anyone can access this program."""
Food Pantry (Praise the Living God Holiness Church),latitude,40.0082566
Food Pantry (Praise the Living God Holiness Church),category,FoodPantry
Food Pantry (Praise the Living God Holiness Church),audience,AnyoneInNeed
Food Pantry (Praise the Living God Holiness Church),language,English
Food Pantry (Praise the Living God Holiness Church),audience,AllAges
Food Pantry (Praise the Living God Holiness Church),cost,Free
Food Pantry (Praise the Living God Holiness Church),availability,Available
Food Pantry (Praise the Living God Holiness Church),category,FoodPantry
Food Pantry (Praise the Living God Holiness Church),service type,Food
Food Pantry (Praise the Living God Holiness Church),postalCode,"""19140"""
Food Pantry (Praise the Living God Holiness Church),url,"""None"""
Food Pantry (Praise the Living God Holiness Church),identifier,"""Food Pantry (Praise the Living God Holiness Church)_5654950242418688"""
Food Pantry (Praise the Living God Holiness Church),name,""""""
Food Pantry (Praise the Living God Holiness Church),name,"""Food Pantry (Praise the Living God Holiness Church)"""
Food Pantry (Praise the Living God Holiness Church),hasMap,XMLSchema#anyUri
Food Pantry (Praise the Living God Holiness Church),areaServed,"""This program covers residents of the following cities: Philadelphia, PA."""
Food Pantry (Praise the Living God Holiness Church),provider,Food Pantry (Praise the Living God Holiness Church)
Food Pantry (Praise the Living God Holiness Church),address,"""3610 North 15th Street, Philadelphia, PA 19140"""
Food Pantry (Praise the Living God Holiness Church),longitude,XMLSchema#decimal
Food Pantry (Praise the Living God Holiness Church),availableChannel,AB-Food Pantry (Praise the Living God Holiness Church)
Food Pantry (Praise the Living God Holiness Church),availableChannel,P-Food Pantry (Praise the Living God Holiness Church)
Food Pantry (Praise the Living God Holiness Church),containedInPlace,19140
Food Pantry (Praise the Living God Holiness Church),description,Food Pantry (Praise the Living God Holiness Church)
Food Pantry (Praise the Living God Holiness Church),telephone,"""tel:+1-215-847-0965"""
Food Pantry (Praise the Living God Holiness Church),text,"""Praise the Living God Holiness Church extends a helping hand to individuals and families who are in need of food assistance.This program provides:- Food to meet basic nutritional needs"""
Food Pantry (Praise the Living God Holiness Church),xmlschema11-2#time,"""Sunday Closed"
Food Pantry (Praise the Living God Holiness Church),xmlschema11-2#time,"""Wednesday Closed"
Food Pantry (Praise the Living God Holiness Church),xmlschema11-2#time,"""Saturday Closed"
Food Pantry (Praise the Living God Holiness Church),xmlschema11-2#time,"""Friday Closed"
Food Pantry (Praise the Living God Holiness Church),xmlschema11-2#time,"""Thursday Closed"
Food Pantry (Praise the Living God Holiness Church),xmlschema11-2#time,"""Tuesday Closed"
Food Pantry (Praise the Living God Holiness Church),xmlschema11-2#time,"""Monday from 17:30 to 18:30"""
Food Pantry (Praise the Living God Holiness Church),conditionsOfAccess,"""Anyone can access this program."""
Second Helping Emergency Food Cupboard (Bebashi),latitude,39.962199
Second Helping Emergency Food Cupboard (Bebashi),latitude,39.9621806
Second Helping Emergency Food Cupboard (Bebashi),category,EmergencyFood
Second Helping Emergency Food Cupboard (Bebashi),language,English
Second Helping Emergency Food Cupboard (Bebashi),category,FoodPantry
Second Helping Emergency Food Cupboard (Bebashi),category,FoodPantry
Second Helping Emergency Food Cupboard (Bebashi),availability,Available
Second Helping Emergency Food Cupboard (Bebashi),audience,AllAges
Second Helping Emergency Food Cupboard (Bebashi),category,EmergencyFood
Second Helping Emergency Food Cupboard (Bebashi),audience,Individuals
Second Helping Emergency Food Cupboard (Bebashi),cost,Free
Second Helping Emergency Food Cupboard (Bebashi),audience,LowIncome
Second Helping Emergency Food Cupboard (Bebashi),audience,Families
Second Helping Emergency Food Cupboard (Bebashi),service type,Food
Second Helping Emergency Food Cupboard (Bebashi),postalCode,"""19123"""
Second Helping Emergency Food Cupboard (Bebashi),postalCode,"""19108"""
Second Helping Emergency Food Cupboard (Bebashi),url,"""https://www.twitter.com/@bebashi"""
Second Helping Emergency Food Cupboard (Bebashi),url,"""https://www.facebook.com/bebashi"""
Second Helping Emergency Food Cupboard (Bebashi),identifier,"""Second Helping Emergency Food Cupboard (Bebashi)_4785885511417856"""
Second Helping Emergency Food Cupboard (Bebashi),name,""""""
Second Helping Emergency Food Cupboard (Bebashi),name,"""Second Helping Emergency Food Cupboard (Bebashi)"""
Second Helping Emergency Food Cupboard (Bebashi),hasMap,XMLSchema#anyUri
Second Helping Emergency Food Cupboard (Bebashi),areaServed,"""This program covers residents of the following cities: Philadelphia, PA."""
Second Helping Emergency Food Cupboard (Bebashi),provider,Second Helping Emergency Food Cupboard (Bebashi)
Second Helping Emergency Food Cupboard (Bebashi),address,"""1235 Spring Garden Street, Philadelphia, PA 19123"""
Second Helping Emergency Food Cupboard (Bebashi),longitude,XMLSchema#decimal
Second Helping Emergency Food Cupboard (Bebashi),longitude,XMLSchema#decimal
Second Helping Emergency Food Cupboard (Bebashi),availableChannel,AB-Second Helping Emergency Food Cupboard (Bebashi)
Second Helping Emergency Food Cupboard (Bebashi),availableChannel,P-Second Helping Emergency Food Cupboard (Bebashi)
Second Helping Emergency Food Cupboard (Bebashi),containedInPlace,19123
Second Helping Emergency Food Cupboard (Bebashi),containedInPlace,19108
Second Helping Emergency Food Cupboard (Bebashi),description,Second Helping Emergency Food Cupboard (Bebashi)
Second Helping Emergency Food Cupboard (Bebashi),telephone,"""tel:+1-215-769-3561"""
Second Helping Emergency Food Cupboard (Bebashi),text,"""""""BebashiŐs Second Helping Emergency Food Pantry aims to ensure that those who are struggling with food insecurity donŐt go hungry. Service provided:- Boxed and canned food- Fresh meats, fruits and vegetables- Nutrition workshops and easy-to-prepare recipesVisitors can come to the pantry once a monthInformation required to register:- Name- Last four digits of social security number- Zipcode- Monthly income- The number of people in the homeBring a pen to sign the intake form and something to hold items as you shopIf you are not a client of Bebashi you will need a referral letter from a social worker."""""""
Second Helping Emergency Food Cupboard (Bebashi),text,"""Bebashi's Second Helping Emergency Food Pantry aims to ensure that those who are struggling with food insecurity don't go hungry. Service provided:- Boxed and canned food - Fresh meats, fruits and vegetables- Nutrition workshops and easy-to-prepare recipesVisitors can come to the pantry once a month.Information required to register: - Name - Last four digits of social security number- Zipcode- Monthly income- The number of people in the homeBring a pen to sign the intake form and something to hold items as you shop.If you are not a client of Bebashi you will need a referral letter from a social worker."""
Second Helping Emergency Food Cupboard (Bebashi),xmlschema11-2#time,"""Thursday from 11:00 to 16:00"""
Second Helping Emergency Food Cupboard (Bebashi),xmlschema11-2#time,"""Wednesday from 11:00 to 16:00"""
Second Helping Emergency Food Cupboard (Bebashi),xmlschema11-2#time,"""Friday from 09:00 to 17:00"""
Second Helping Emergency Food Cupboard (Bebashi),xmlschema11-2#time,"""Tuesday from 09:00 to 17:00"""
Second Helping Emergency Food Cupboard (Bebashi),xmlschema11-2#time,"""Friday from 11:00 to 16:00"""
Second Helping Emergency Food Cupboard (Bebashi),xmlschema11-2#time,"""Thursday from 09:00 to 17:00"""
Second Helping Emergency Food Cupboard (Bebashi),xmlschema11-2#time,"""Wednesday from 09:00 to 17:00"""
Second Helping Emergency Food Cupboard (Bebashi),xmlschema11-2#time,"""Monday from 09:00 to 17:00"""
Second Helping Emergency Food Cupboard (Bebashi),xmlschema11-2#time,"""Tuesday from 11:00 to 16:00"""
Second Helping Emergency Food Cupboard (Bebashi),xmlschema11-2#time,"""Sunday Closed"
Second Helping Emergency Food Cupboard (Bebashi),xmlschema11-2#time,"""Saturday Closed"
Second Helping Emergency Food Cupboard (Bebashi),xmlschema11-2#time,"""Monday from 11:00 to 16:00"""
Second Helping Emergency Food Cupboard (Bebashi),conditionsOfAccess,"""HIV positive consumers need to bring their Ryan White Services Eligibility Card when visiting the food cupboard.\\nNo referral is needed.\\nThis program helps people with income at or below 150% of federal poverty guidelines."""
Second Helping Emergency Food Cupboard (Bebashi),conditionsOfAccess,"""HIV positive consumers need to bring their Ryan White Services Eligibility Card when visiting the food cupboard.', 'No referral is needed.', 'This program helps people with income at or below 150% of federal poverty guidelines."""
Food Pantry (Enon Tabernacle Baptist Church),latitude,40.028436
Food Pantry (Enon Tabernacle Baptist Church),latitude,40.0769823
Food Pantry (Enon Tabernacle Baptist Church),audience,Families
Food Pantry (Enon Tabernacle Baptist Church),audience,AnyoneInNeed
Food Pantry (Enon Tabernacle Baptist Church),cost,Free
Food Pantry (Enon Tabernacle Baptist Church),audience,Individuals
Food Pantry (Enon Tabernacle Baptist Church),language,English
Food Pantry (Enon Tabernacle Baptist Church),availability,Available
Food Pantry (Enon Tabernacle Baptist Church),audience,AllAges
Food Pantry (Enon Tabernacle Baptist Church),category,FoodPantry
Food Pantry (Enon Tabernacle Baptist Church),category,FoodPantry
Food Pantry (Enon Tabernacle Baptist Church),service type,Food
Food Pantry (Enon Tabernacle Baptist Church),postalCode,"""19150"""
Food Pantry (Enon Tabernacle Baptist Church),postalCode,"""19144"""
Food Pantry (Enon Tabernacle Baptist Church),url,"""https://www.facebook.com/enontab"""
Food Pantry (Enon Tabernacle Baptist Church),url,"""https://www.twitter.com/@EnonTab"""
Food Pantry (Enon Tabernacle Baptist Church),identifier,"""Food Pantry (Enon Tabernacle Baptist Church)_6307063804985344"""
Food Pantry (Enon Tabernacle Baptist Church),name,""""""
Food Pantry (Enon Tabernacle Baptist Church),name,"""Food Pantry (Enon Tabernacle Baptist Church)"""
Food Pantry (Enon Tabernacle Baptist Church),hasMap,XMLSchema#anyUri
Food Pantry (Enon Tabernacle Baptist Church),hasMap,XMLSchema#anyUri
Food Pantry (Enon Tabernacle Baptist Church),areaServed,"""This program covers residents of the following counties: Philadelphia County, PA."""
Food Pantry (Enon Tabernacle Baptist Church),provider,Food Pantry (Enon Tabernacle Baptist Church)
Food Pantry (Enon Tabernacle Baptist Church),address,"""2800 West Cheltenham Avenue, Philadelphia, PA 19150"""
Food Pantry (Enon Tabernacle Baptist Church),address,"""226 West Coulter Street, Philadelphia, PA 19144"""
Food Pantry (Enon Tabernacle Baptist Church),longitude,XMLSchema#decimal
Food Pantry (Enon Tabernacle Baptist Church),longitude,XMLSchema#decimal
Food Pantry (Enon Tabernacle Baptist Church),availableChannel,AB-Food Pantry (Enon Tabernacle Baptist Church)
Food Pantry (Enon Tabernacle Baptist Church),availableChannel,P-Food Pantry (Enon Tabernacle Baptist Church)
Food Pantry (Enon Tabernacle Baptist Church),containedInPlace,19150
Food Pantry (Enon Tabernacle Baptist Church),containedInPlace,19144
Food Pantry (Enon Tabernacle Baptist Church),description,Food Pantry (Enon Tabernacle Baptist Church)
Food Pantry (Enon Tabernacle Baptist Church),telephone,"""tel:+1-215-276-7200"""
Food Pantry (Enon Tabernacle Baptist Church),text,"""Enon Tabernacle Baptist Church offers a Food Pantry for those in need. Clients may visit once a month.This program provides: - Food to meet basic nutritional needsPlease call to schedule a pick-up or if you have any questions about the service."""
Food Pantry (Enon Tabernacle Baptist Church),xmlschema11-2#time,"""Saturday Closed"
Food Pantry (Enon Tabernacle Baptist Church),xmlschema11-2#time,"""Sunday Closed"
Food Pantry (Enon Tabernacle Baptist Church),xmlschema11-2#time,"""Monday from 10:00 to 12:00"""
Food Pantry (Enon Tabernacle Baptist Church),xmlschema11-2#time,"""Tuesday from 10:00 to 12:00"""
Food Pantry (Enon Tabernacle Baptist Church),xmlschema11-2#time,"""Friday Closed"
Food Pantry (Enon Tabernacle Baptist Church),xmlschema11-2#time,"""Wednesday from 10:00 to 12:00"""
Food Pantry (Enon Tabernacle Baptist Church),xmlschema11-2#time,"""Thursday from 10:00 to 12:00"""
Food Pantry (Enon Tabernacle Baptist Church),conditionsOfAccess,"""Anyone can access this program."""
Food Pantries (Catholic Social Services - Philadelphia),latitude,40.0187686
Food Pantries (Catholic Social Services - Philadelphia),latitude,39.925611
Food Pantries (Catholic Social Services - Philadelphia),audience,Individuals
Food Pantries (Catholic Social Services - Philadelphia),availability,Available
Food Pantries (Catholic Social Services - Philadelphia),language,English
Food Pantries (Catholic Social Services - Philadelphia),category,FoodPantry
Food Pantries (Catholic Social Services - Philadelphia),category,DiapersAndFormula
Food Pantries (Catholic Social Services - Philadelphia),category,ParentingEducation
Food Pantries (Catholic Social Services - Philadelphia),audience,LowIncome
Food Pantries (Catholic Social Services - Philadelphia),audience,AllAges
Food Pantries (Catholic Social Services - Philadelphia),audience,AnyoneInNeed
Food Pantries (Catholic Social Services - Philadelphia),cost,Free
Food Pantries (Catholic Social Services - Philadelphia),audience,Families
Food Pantries (Catholic Social Services - Philadelphia),service type,Food
Food Pantries (Catholic Social Services - Philadelphia),postalCode,"""19142"""
Food Pantries (Catholic Social Services - Philadelphia),postalCode,"""19140"""
Food Pantries (Catholic Social Services - Philadelphia),url,"""https://www.facebook.com/cssphiladelphia"""
Food Pantries (Catholic Social Services - Philadelphia),url,"""https://www.twitter.com/@CSSPhiladelphia"""
Food Pantries (Catholic Social Services - Philadelphia),identifier,"""Food Pantries (Catholic Social Services - Philadelphia)_4567796139294720"""
Food Pantries (Catholic Social Services - Philadelphia),name,""""""
Food Pantries (Catholic Social Services - Philadelphia),name,"""Food Pantries (Catholic Social Services - Philadelphia)"""
Food Pantries (Catholic Social Services - Philadelphia),hasMap,XMLSchema#anyUri
Food Pantries (Catholic Social Services - Philadelphia),hasMap,XMLSchema#anyUri
Food Pantries (Catholic Social Services - Philadelphia),areaServed,"""This program covers residents of the following cities: Philadelphia, PA."""
Food Pantries (Catholic Social Services - Philadelphia),provider,Food Pantries (Catholic Social Services - Philadelphia)
Food Pantries (Catholic Social Services - Philadelphia),address,"""4400 North Reese Street, Philadelphia, PA 19140"""
Food Pantries (Catholic Social Services - Philadelphia),address,"""6214 Grays Avenue, Philadelphia, PA 19142"""
Food Pantries (Catholic Social Services - Philadelphia),longitude,XMLSchema#decimal
Food Pantries (Catholic Social Services - Philadelphia),longitude,XMLSchema#decimal
Food Pantries (Catholic Social Services - Philadelphia),availableChannel,AB-Food Pantries (Catholic Social Services - Philadelphia)
Food Pantries (Catholic Social Services - Philadelphia),availableChannel,P-Food Pantries (Catholic Social Services - Philadelphia)
Food Pantries (Catholic Social Services - Philadelphia),containedInPlace,19142
Food Pantries (Catholic Social Services - Philadelphia),containedInPlace,19140
Food Pantries (Catholic Social Services - Philadelphia),description,Food Pantries (Catholic Social Services - Philadelphia)
Food Pantries (Catholic Social Services - Philadelphia),telephone,"""tel:+1-267-331-2500"""
Food Pantries (Catholic Social Services - Philadelphia),telephone,"""tel:+1-215-724-8550"""
Food Pantries (Catholic Social Services - Philadelphia),text,"""Catholic Social Services' Food Pantries provide quality food items to households experiencing food insecurity. This program supplies critical nutrition to hungry individuals and families. This program provides:- Food to meet basic nutritional needs"""
Food Pantries (Catholic Social Services - Philadelphia),xmlschema11-2#time,"""Sunday Closed"
Food Pantries (Catholic Social Services - Philadelphia),xmlschema11-2#time,"""Thursday from 08:30 to 16:30"""
Food Pantries (Catholic Social Services - Philadelphia),xmlschema11-2#time,"""Saturday Closed"
Food Pantries (Catholic Social Services - Philadelphia),xmlschema11-2#time,"""Wednesday from 08:30 to 16:30"""
Food Pantries (Catholic Social Services - Philadelphia),xmlschema11-2#time,"""Tuesday from 08:30 to 16:30"""
Food Pantries (Catholic Social Services - Philadelphia),xmlschema11-2#time,"""Friday from 08:30 to 16:30"""
Food Pantries (Catholic Social Services - Philadelphia),xmlschema11-2#time,"""Monday from 08:30 to 16:30"""
Food Pantries (Catholic Social Services - Philadelphia),conditionsOfAccess,"""This program serves anyone in need."""
Food Cupboard (The Church of the Redeemer Baptist),latitude,39.9340607
Food Cupboard (The Church of the Redeemer Baptist),category,FoodPantry
Food Cupboard (The Church of the Redeemer Baptist),audience,Families
Food Cupboard (The Church of the Redeemer Baptist),cost,Free
Food Cupboard (The Church of the Redeemer Baptist),audience,AnyoneInNeed
Food Cupboard (The Church of the Redeemer Baptist),audience,AllAges
Food Cupboard (The Church of the Redeemer Baptist),category,FoodPantry
Food Cupboard (The Church of the Redeemer Baptist),availability,Available
Food Cupboard (The Church of the Redeemer Baptist),language,English
Food Cupboard (The Church of the Redeemer Baptist),audience,Individuals
Food Cupboard (The Church of the Redeemer Baptist),service type,Food
Food Cupboard (The Church of the Redeemer Baptist),postalCode,"""19146"""
Food Cupboard (The Church of the Redeemer Baptist),url,"""None"""
Food Cupboard (The Church of the Redeemer Baptist),identifier,"""Food Cupboard (The Church of the Redeemer Baptist)_6476535566696448"""
Food Cupboard (The Church of the Redeemer Baptist),name,"""Food Cupboard (The Church of the Redeemer Baptist)"""
Food Cupboard (The Church of the Redeemer Baptist),name,""""""
Food Cupboard (The Church of the Redeemer Baptist),hasMap,XMLSchema#anyUri
Food Cupboard (The Church of the Redeemer Baptist),areaServed,"""This program covers residents of the following cities: Philadelphia, PA."""
Food Cupboard (The Church of the Redeemer Baptist),provider,Food Cupboard (The Church of the Redeemer Baptist)
Food Cupboard (The Church of the Redeemer Baptist),address,"""1440 South 24th Street, Philadelphia, PA 19146"""
Food Cupboard (The Church of the Redeemer Baptist),longitude,XMLSchema#decimal
Food Cupboard (The Church of the Redeemer Baptist),availableChannel,AB-Food Cupboard (The Church of the Redeemer Baptist)
Food Cupboard (The Church of the Redeemer Baptist),availableChannel,P-Food Cupboard (The Church of the Redeemer Baptist)
Food Cupboard (The Church of the Redeemer Baptist),containedInPlace,19146
Food Cupboard (The Church of the Redeemer Baptist),description,Food Cupboard (The Church of the Redeemer Baptist)
Food Cupboard (The Church of the Redeemer Baptist),telephone,"""tel:+1-215-465-1230"""
Food Cupboard (The Church of the Redeemer Baptist),text,"""The purpose of the ministry is to respond to the need of the community by providing food and other assistance for those who are less fortunate than others.This program provides:- Food to meet basic nutritional needs"""
Food Cupboard (The Church of the Redeemer Baptist),xmlschema11-2#time,"""Tuesday Closed"
Food Cupboard (The Church of the Redeemer Baptist),xmlschema11-2#time,"""Monday Closed"
Food Cupboard (The Church of the Redeemer Baptist),xmlschema11-2#time,"""Wednesday Closed"
Food Cupboard (The Church of the Redeemer Baptist),xmlschema11-2#time,"""Friday Closed"
Food Cupboard (The Church of the Redeemer Baptist),xmlschema11-2#time,"""Sunday Closed"
Food Cupboard (The Church of the Redeemer Baptist),xmlschema11-2#time,"""Saturday from 07:30 to 09:30"""
Food Cupboard (The Church of the Redeemer Baptist),xmlschema11-2#time,"""Thursday Closed"
Food Cupboard (The Church of the Redeemer Baptist),conditionsOfAccess,"""Anyone can access this program."""
Food Distribution (Mighty Writers),latitude,39.9368864
Food Distribution (Mighty Writers),latitude,39.9760487
Food Distribution (Mighty Writers),category,PersonalCareItems
Food Distribution (Mighty Writers),language,English
Food Distribution (Mighty Writers),audience,AnyoneInNeed
Food Distribution (Mighty Writers),category,Books
Food Distribution (Mighty Writers),category,Books
Food Distribution (Mighty Writers),category,DiapersAndFormula
Food Distribution (Mighty Writers),category,FoodPantry
Food Distribution (Mighty Writers),language,English
Food Distribution (Mighty Writers),category,PersonalCareItems
Food Distribution (Mighty Writers),category,PersonalCareItems
Food Distribution (Mighty Writers),category,FoodPantry
Food Distribution (Mighty Writers),category,FoodPantry
Food Distribution (Mighty Writers),cost,Free
Food Distribution (Mighty Writers),cost,Free
Food Distribution (Mighty Writers),category,FoodPantry
Food Distribution (Mighty Writers),category,DiapersAndFormula
Food Distribution (Mighty Writers),availability,Available
Food Distribution (Mighty Writers),audience,Families
Food Distribution (Mighty Writers),availability,Available
Food Distribution (Mighty Writers),audience,Families
Food Distribution (Mighty Writers),audience,AnyoneInNeed
Food Distribution (Mighty Writers),category,Books
Food Distribution (Mighty Writers),category,DiapersAndFormula
Food Distribution (Mighty Writers),category,DiapersAndFormula
Food Distribution (Mighty Writers),category,Books
Food Distribution (Mighty Writers),audience,AllAges
Food Distribution (Mighty Writers),audience,AllAges
Food Distribution (Mighty Writers),category,PersonalCareItems
Food Distribution (Mighty Writers),service type,Food
Food Distribution (Mighty Writers),service type,Food
Food Distribution (Mighty Writers),postalCode,"""19121"""
Food Distribution (Mighty Writers),postalCode,"""19147"""
Food Distribution (Mighty Writers),url,"""https://www.twitter.com/@MightyWriters"""
Food Distribution (Mighty Writers),url,"""https://www.facebook.com/MightyWriters/"""
Food Distribution (Mighty Writers),url,"""https://www.twitter.com/@MightyWriters"""
Food Distribution (Mighty Writers),url,"""https://www.facebook.com/MightyWriters/"""
Food Distribution (Mighty Writers),identifier,"""Food Distribution (Mighty Writers)_5579956938342400"""
Food Distribution (Mighty Writers),identifier,"""Food Distribution (Mighty Writers)_6538010800422912"""
Food Distribution (Mighty Writers),name,"""Food Distribution (Mighty Writers)"""
Food Distribution (Mighty Writers),name,""""""
Food Distribution (Mighty Writers),name,""""""
Food Distribution (Mighty Writers),name,"""Food Distribution (Mighty Writers)"""
Food Distribution (Mighty Writers),hasMap,XMLSchema#anyUri
Food Distribution (Mighty Writers),hasMap,XMLSchema#anyUri
Food Distribution (Mighty Writers),areaServed,"""This program covers residents of the following cities: Atlantic City, NJ, Camden, NJ, Philadelphia, PA and Toughkenamon, PA."""
Food Distribution (Mighty Writers),areaServed,"""This program covers residents of the following cities: Atlantic City, NJ, Camden, NJ, Philadelphia, PA and Toughkenamon, PA."""
Food Distribution (Mighty Writers),provider,Food Distribution (Mighty Writers)
Food Distribution (Mighty Writers),provider,Food Distribution (Mighty Writers)
Food Distribution (Mighty Writers),address,"""2300 Master Street, Philadelphia, PA 19121"""
Food Distribution (Mighty Writers),address,"""1025 South 9th Street, Philadelphia, PA 19147"""
Food Distribution (Mighty Writers),longitude,XMLSchema#decimal
Food Distribution (Mighty Writers),longitude,XMLSchema#decimal
Food Distribution (Mighty Writers),availableChannel,AB-Food Distribution (Mighty Writers)
Food Distribution (Mighty Writers),availableChannel,AB-Food Distribution (Mighty Writers)
Food Distribution (Mighty Writers),availableChannel,P-Food Distribution (Mighty Writers)
Food Distribution (Mighty Writers),availableChannel,P-Food Distribution (Mighty Writers)
Food Distribution (Mighty Writers),containedInPlace,19121
Food Distribution (Mighty Writers),containedInPlace,19147
Food Distribution (Mighty Writers),description,Food Distribution (Mighty Writers)
Food Distribution (Mighty Writers),description,Food Distribution (Mighty Writers)
Food Distribution (Mighty Writers),telephone,"""tel:+1-267-239-0899"""
Food Distribution (Mighty Writers),telephone,"""tel:+1-267-239-0899"""
Food Distribution (Mighty Writers),text,"""Mighty Writers' response to the coronavirus, Mighty Writers will bolster and expand the recently launched food-literacy distribution. Each meal box will come with writing worksheets for kids in both English and Spanish. In addition, novels and children's books will be distributed weekly.This program provides:- Food to meet nutritional needs- Books"""
Food Distribution (Mighty Writers),text,"""Mighty Writers' response to the coronavirus, Mighty Writers will bolster and expand the recently launched food-literacy distribution. Each meal box will come with writing worksheets for kids in both English and Spanish. In addition, novels and children's books will be distributed weekly.This program provides:- Food to meet nutritional needs- Books"""
Food Distribution (Mighty Writers),xmlschema11-2#time,"""Monday Closed"
Food Distribution (Mighty Writers),xmlschema11-2#time,"""Sunday Closed"
Food Distribution (Mighty Writers),xmlschema11-2#time,"""Sunday Closed"
Food Distribution (Mighty Writers),xmlschema11-2#time,"""Thursday from 11:30 to 13:00"""
Food Distribution (Mighty Writers),xmlschema11-2#time,"""Wednesday from 11:30 to 13:00"""
Food Distribution (Mighty Writers),xmlschema11-2#time,"""Friday from 12:00 to 13:30"""
Food Distribution (Mighty Writers),xmlschema11-2#time,"""Wednesday from 12:00 to 13:30"""
Food Distribution (Mighty Writers),xmlschema11-2#time,"""Monday from 12:00 to 13:30"""
Food Distribution (Mighty Writers),xmlschema11-2#time,"""Tuesday from 11:30 to 13:00"""
Food Distribution (Mighty Writers),xmlschema11-2#time,"""Thursday from 12:00 to 13:30"""
Food Distribution (Mighty Writers),xmlschema11-2#time,"""Friday from 11:30 to 13:00"""
Food Distribution (Mighty Writers),xmlschema11-2#time,"""Tuesday from 12:00 to 13:30"""
Food Distribution (Mighty Writers),xmlschema11-2#time,"""Saturday Closed"
Food Distribution (Mighty Writers),xmlschema11-2#time,"""Saturday Closed"
Food Distribution (Mighty Writers),conditionsOfAccess,"""Anyone can access this program."""
Food Distribution (Mighty Writers),conditionsOfAccess,"""Anyone can access this program."""
Food Pantry (Community of Compassion CDC),latitude,39.9526461
Food Pantry (Community of Compassion CDC),latitude,39.9527118
Food Pantry (Community of Compassion CDC),audience,Individuals
Food Pantry (Community of Compassion CDC),category,EmergencyFood
Food Pantry (Community of Compassion CDC),category,EmergencyFood
Food Pantry (Community of Compassion CDC),category,FoodPantry
Food Pantry (Community of Compassion CDC),language,English
Food Pantry (Community of Compassion CDC),availability,Available
Food Pantry (Community of Compassion CDC),cost,Free
Food Pantry (Community of Compassion CDC),category,FoodPantry
Food Pantry (Community of Compassion CDC),audience,Families
Food Pantry (Community of Compassion CDC),audience,AnyoneInNeed
Food Pantry (Community of Compassion CDC),audience,AllAges
Food Pantry (Community of Compassion CDC),service type,Food
Food Pantry (Community of Compassion CDC),postalCode,"""19143"""
Food Pantry (Community of Compassion CDC),url,"""None"""
Food Pantry (Community of Compassion CDC),url,"""https://www.facebook.com/communityofcompassioncdc"""
Food Pantry (Community of Compassion CDC),url,"""https://twitter.com/community_cdc"""
Food Pantry (Community of Compassion CDC),identifier,"""Food Pantry (Community of Compassion CDC)_6260879273361408"""
Food Pantry (Community of Compassion CDC),name,""""""
Food Pantry (Community of Compassion CDC),name,"""Food Pantry (Community of Compassion CDC)"""
Food Pantry (Community of Compassion CDC),hasMap,XMLSchema#anyUri
Food Pantry (Community of Compassion CDC),areaServed,"""This program covers residents of the following cities: Philadelphia, PA."""
Food Pantry (Community of Compassion CDC),provider,Food Pantry (Community of Compassion CDC)
Food Pantry (Community of Compassion CDC),address,"""6150 Cedar Avenue, Philadelphia, PA 19143"""
Food Pantry (Community of Compassion CDC),longitude,XMLSchema#decimal
Food Pantry (Community of Compassion CDC),longitude,XMLSchema#decimal
Food Pantry (Community of Compassion CDC),availableChannel,AB-Food Pantry (Community of Compassion CDC)
Food Pantry (Community of Compassion CDC),availableChannel,P-Food Pantry (Community of Compassion CDC)
Food Pantry (Community of Compassion CDC),containedInPlace,19143
Food Pantry (Community of Compassion CDC),description,Food Pantry (Community of Compassion CDC)
Food Pantry (Community of Compassion CDC),telephone,"""tel:+1-267-767-1216"""
Food Pantry (Community of Compassion CDC),text,"""The Community of Compassion CDC Food Pantry provides quality food items to households experiencing food insecurity. This program supplies critical nutrition to hungry individuals and families. This program provides:- Food to meet basic nutritional needs"""
Food Pantry (Community of Compassion CDC),xmlschema11-2#time,"""Wednesday from 08:00 to 17:00"""
Food Pantry (Community of Compassion CDC),xmlschema11-2#time,"""Tuesday Closed"
Food Pantry (Community of Compassion CDC),xmlschema11-2#time,"""Sunday Closed"
Food Pantry (Community of Compassion CDC),xmlschema11-2#time,"""Friday from 08:00 to 17:00"""
Food Pantry (Community of Compassion CDC),xmlschema11-2#time,"""Tuesday from 08:00 to 17:00"""
Food Pantry (Community of Compassion CDC),xmlschema11-2#time,"""Monday from 08:00 to 17:00"""
Food Pantry (Community of Compassion CDC),xmlschema11-2#time,"""Thursday Closed"
Food Pantry (Community of Compassion CDC),xmlschema11-2#time,"""Friday Closed"
Food Pantry (Community of Compassion CDC),xmlschema11-2#time,"""Saturday Closed"
Food Pantry (Community of Compassion CDC),xmlschema11-2#time,"""Thursday from 08:00 to 17:00"""
Food Pantry (Community of Compassion CDC),xmlschema11-2#time,"""Wednesday from 08:00 to 11:00"""
Food Pantry (Community of Compassion CDC),xmlschema11-2#time,"""Monday from 08:00 to 11:00"""
Food Pantry (Community of Compassion CDC),conditionsOfAccess,"""Anyone can access this program."""
Food Pantry (Mizpah Seventh Day Adventist Church),latitude,40.0116705
Food Pantry (Mizpah Seventh Day Adventist Church),audience,Families
Food Pantry (Mizpah Seventh Day Adventist Church),category,FoodPantry
Food Pantry (Mizpah Seventh Day Adventist Church),category,SpiritualSupport
Food Pantry (Mizpah Seventh Day Adventist Church),audience,AllAges
Food Pantry (Mizpah Seventh Day Adventist Church),availability,Available
Food Pantry (Mizpah Seventh Day Adventist Church),language,English
Food Pantry (Mizpah Seventh Day Adventist Church),cost,Free
Food Pantry (Mizpah Seventh Day Adventist Church),audience,Individuals
Food Pantry (Mizpah Seventh Day Adventist Church),audience,AnyoneInNeed
Food Pantry (Mizpah Seventh Day Adventist Church),service type,Food
Food Pantry (Mizpah Seventh Day Adventist Church),postalCode,"""19124"""
Food Pantry (Mizpah Seventh Day Adventist Church),url,"""None"""
Food Pantry (Mizpah Seventh Day Adventist Church),url,"""https://www.facebook.com/mizpahsda.16503/"""
Food Pantry (Mizpah Seventh Day Adventist Church),identifier,"""Food Pantry (Mizpah Seventh Day Adventist Church)_5440525052936192"""
Food Pantry (Mizpah Seventh Day Adventist Church),name,"""Food Pantry (Mizpah Seventh Day Adventist Church)"""
Food Pantry (Mizpah Seventh Day Adventist Church),name,""""""
Food Pantry (Mizpah Seventh Day Adventist Church),hasMap,XMLSchema#anyUri
Food Pantry (Mizpah Seventh Day Adventist Church),areaServed,"""This program covers residents of the following counties: Philadelphia County, PA."""
Food Pantry (Mizpah Seventh Day Adventist Church),provider,Food Pantry (Mizpah Seventh Day Adventist Church)
Food Pantry (Mizpah Seventh Day Adventist Church),address,"""4355 Paul Street, Philadelphia, PA 19124"""
Food Pantry (Mizpah Seventh Day Adventist Church),longitude,XMLSchema#decimal
Food Pantry (Mizpah Seventh Day Adventist Church),availableChannel,AB-Food Pantry (Mizpah Seventh Day Adventist Church)
Food Pantry (Mizpah Seventh Day Adventist Church),availableChannel,P-Food Pantry (Mizpah Seventh Day Adventist Church)
Food Pantry (Mizpah Seventh Day Adventist Church),containedInPlace,19124
Food Pantry (Mizpah Seventh Day Adventist Church),description,Food Pantry (Mizpah Seventh Day Adventist Church)
Food Pantry (Mizpah Seventh Day Adventist Church),telephone,"""tel:+1-215-535-5995"""
Food Pantry (Mizpah Seventh Day Adventist Church),text,"""Mizpah Seventh Day Adventist Church helps alleviate hunger in our community in an environment of respect, care and hospitality.Service:- Foods to meet basic nutritional needsClients may visit our food pantry 1 time a week. Please call for any updated information. We give out clothing to those in need men, women and children all are welcome."""
Food Pantry (Mizpah Seventh Day Adventist Church),xmlschema11-2#time,"""Saturday Closed"
Food Pantry (Mizpah Seventh Day Adventist Church),xmlschema11-2#time,"""Sunday Closed"
Food Pantry (Mizpah Seventh Day Adventist Church),xmlschema11-2#time,"""Friday Closed"
Food Pantry (Mizpah Seventh Day Adventist Church),xmlschema11-2#time,"""Monday Closed"
Food Pantry (Mizpah Seventh Day Adventist Church),xmlschema11-2#time,"""Wednesday Closed"
Food Pantry (Mizpah Seventh Day Adventist Church),xmlschema11-2#time,"""Tuesday from 10:00 to 12:30"""
Food Pantry (Mizpah Seventh Day Adventist Church),xmlschema11-2#time,"""Thursday from 10:00 to 12:30"""
Food Pantry (Mizpah Seventh Day Adventist Church),conditionsOfAccess,"""Anyone can access this program."""
Fresh Produce (Sanctuary Farm),latitude,39.9801781
Fresh Produce (Sanctuary Farm),audience,Individuals
Fresh Produce (Sanctuary Farm),audience,AllAges
Fresh Produce (Sanctuary Farm),audience,AnyoneInNeed
Fresh Produce (Sanctuary Farm),cost,Free
Fresh Produce (Sanctuary Farm),availability,Available
Fresh Produce (Sanctuary Farm),category,FoodPantry
Fresh Produce (Sanctuary Farm),category,FoodPantry
Fresh Produce (Sanctuary Farm),audience,Families
Fresh Produce (Sanctuary Farm),language,English
Fresh Produce (Sanctuary Farm),service type,Food
Fresh Produce (Sanctuary Farm),postalCode,"""19121"""
Fresh Produce (Sanctuary Farm),url,"""https://www.facebook.com/SanctuaryFarmPhila/"""
Fresh Produce (Sanctuary Farm),url,"""None"""
Fresh Produce (Sanctuary Farm),identifier,"""Fresh Produce (Sanctuary Farm)_5307426591604736"""
Fresh Produce (Sanctuary Farm),name,"""Fresh Produce (Sanctuary Farm)"""
Fresh Produce (Sanctuary Farm),name,""""""
Fresh Produce (Sanctuary Farm),hasMap,XMLSchema#anyUri
Fresh Produce (Sanctuary Farm),areaServed,"""This program covers residents of the following cities: Philadelphia, PA."""
Fresh Produce (Sanctuary Farm),provider,Fresh Produce (Sanctuary Farm)
Fresh Produce (Sanctuary Farm),address,"""1622 North 22nd Street, Philadelphia, PA 19121"""
Fresh Produce (Sanctuary Farm),longitude,XMLSchema#decimal
Fresh Produce (Sanctuary Farm),availableChannel,AB-Fresh Produce (Sanctuary Farm)
Fresh Produce (Sanctuary Farm),availableChannel,P-Fresh Produce (Sanctuary Farm)
Fresh Produce (Sanctuary Farm),containedInPlace,19121
Fresh Produce (Sanctuary Farm),description,Fresh Produce (Sanctuary Farm)
Fresh Produce (Sanctuary Farm),telephone,"""tel:+1-267-703-0194"""
Fresh Produce (Sanctuary Farm),text,"""Sanctuary Farm provides free organic vegetables and produce to community members. This program provides:- Free produce The farm stand is open on Tuesdays and Thursdays at 1622 North 22nd St. and Saturdays at 2337 West Berks St."""
Fresh Produce (Sanctuary Farm),xmlschema11-2#time,"""Tuesday from 09:00 to 12:00"""
Fresh Produce (Sanctuary Farm),xmlschema11-2#time,"""Wednesday Closed"
Fresh Produce (Sanctuary Farm),xmlschema11-2#time,"""Thursday from 09:00 to 12:00"""
Fresh Produce (Sanctuary Farm),xmlschema11-2#time,"""Saturday Closed"
Fresh Produce (Sanctuary Farm),xmlschema11-2#time,"""Sunday Closed"
Fresh Produce (Sanctuary Farm),xmlschema11-2#time,"""Friday Closed"
Fresh Produce (Sanctuary Farm),xmlschema11-2#time,"""Monday Closed"
Fresh Produce (Sanctuary Farm),conditionsOfAccess,"""Anyone can access this program."""
"Grocery, Clothing, and Book Give A Way (Ujima Friends Peace Center)",latitude,39.9948466
"Grocery, Clothing, and Book Give A Way (Ujima Friends Peace Center)",category,FoodPantry
"Grocery, Clothing, and Book Give A Way (Ujima Friends Peace Center)",category,Books
"Grocery, Clothing, and Book Give A Way (Ujima Friends Peace Center)",audience,AnyoneInNeed
"Grocery, Clothing, and Book Give A Way (Ujima Friends Peace Center)",audience,AllAges
"Grocery, Clothing, and Book Give A Way (Ujima Friends Peace Center)",availability,Available
"Grocery, Clothing, and Book Give A Way (Ujima Friends Peace Center)",category,Clothing
"Grocery, Clothing, and Book Give A Way (Ujima Friends Peace Center)",language,English
"Grocery, Clothing, and Book Give A Way (Ujima Friends Peace Center)",cost,Free
"Grocery, Clothing, and Book Give A Way (Ujima Friends Peace Center)",category,FoodPantry
"Grocery, Clothing, and Book Give A Way (Ujima Friends Peace Center)",category,Books
"Grocery, Clothing, and Book Give A Way (Ujima Friends Peace Center)",category,Clothing
"Grocery, Clothing, and Book Give A Way (Ujima Friends Peace Center)",service type,Food
"Grocery, Clothing, and Book Give A Way (Ujima Friends Peace Center)",postalCode,"""19132"""
"Grocery, Clothing, and Book Give A Way (Ujima Friends Peace Center)",url,"""None"""
"Grocery, Clothing, and Book Give A Way (Ujima Friends Peace Center)",identifier,"""Grocery, Clothing, and Book Give A Way (Ujima Friends Peace Center)_5148792120410112"""
"Grocery, Clothing, and Book Give A Way (Ujima Friends Peace Center)",name,""""""
"Grocery, Clothing, and Book Give A Way (Ujima Friends Peace Center)",name,"""Grocery, Clothing, and Book Give A Way (Ujima Friends Peace Center)"""
"Grocery, Clothing, and Book Give A Way (Ujima Friends Peace Center)",hasMap,XMLSchema#anyUri
"Grocery, Clothing, and Book Give A Way (Ujima Friends Peace Center)",areaServed,"""This program covers residents of the following cities: Philadelphia, PA."""
"Grocery, Clothing, and Book Give A Way (Ujima Friends Peace Center)",provider,"Grocery, Clothing, and Book Give A Way (Ujima Friends Peace Center)"
"Grocery, Clothing, and Book Give A Way (Ujima Friends Peace Center)",address,"""1701 West Lehigh Avenue, Philadelphia, PA 19132"""
"Grocery, Clothing, and Book Give A Way (Ujima Friends Peace Center)",longitude,XMLSchema#decimal
"Grocery, Clothing, and Book Give A Way (Ujima Friends Peace Center)",availableChannel,"AB-Grocery, Clothing, and Book Give A Way (Ujima Friends Peace Center)"
"Grocery, Clothing, and Book Give A Way (Ujima Friends Peace Center)",availableChannel,"P-Grocery, Clothing, and Book Give A Way (Ujima Friends Peace Center)"
"Grocery, Clothing, and Book Give A Way (Ujima Friends Peace Center)",containedInPlace,19132
"Grocery, Clothing, and Book Give A Way (Ujima Friends Peace Center)",description,"Grocery, Clothing, and Book Give A Way (Ujima Friends Peace Center)"
"Grocery, Clothing, and Book Give A Way (Ujima Friends Peace Center)",telephone,"""tel:+1-267-761-4944"""
"Grocery, Clothing, and Book Give A Way (Ujima Friends Peace Center)",text,"""Ujima Friends Peace Center hosts a give-away event twice a month to provide free groceries, clothing, and books to the community.This program provides:- Groceries- Clothing- BooksThe program is held on the second and last Saturdays of each month. Tables will be set up to distribute items in the Peace Center parking lot and on the sidewalk."""
"Grocery, Clothing, and Book Give A Way (Ujima Friends Peace Center)",xmlschema11-2#time,"""Saturday from 12:00 to 14:00"""
"Grocery, Clothing, and Book Give A Way (Ujima Friends Peace Center)",xmlschema11-2#time,"""Friday Closed"
"Grocery, Clothing, and Book Give A Way (Ujima Friends Peace Center)",xmlschema11-2#time,"""Monday Closed"
"Grocery, Clothing, and Book Give A Way (Ujima Friends Peace Center)",xmlschema11-2#time,"""Thursday Closed"
"Grocery, Clothing, and Book Give A Way (Ujima Friends Peace Center)",xmlschema11-2#time,"""Tuesday Closed"
"Grocery, Clothing, and Book Give A Way (Ujima Friends Peace Center)",xmlschema11-2#time,"""Sunday Closed"
"Grocery, Clothing, and Book Give A Way (Ujima Friends Peace Center)",xmlschema11-2#time,"""Wednesday Closed"
"Grocery, Clothing, and Book Give A Way (Ujima Friends Peace Center)",conditionsOfAccess,"""Anyone can access this program."""
Food Pantry (New Testament Church of God - Community Outreach Mission),latitude,39.9456921
Food Pantry (New Testament Church of God - Community Outreach Mission),audience,Families
Food Pantry (New Testament Church of God - Community Outreach Mission),language,English
Food Pantry (New Testament Church of God - Community Outreach Mission),category,Clothing
Food Pantry (New Testament Church of God - Community Outreach Mission),audience,AnyoneInNeed
Food Pantry (New Testament Church of God - Community Outreach Mission),category,SuppliesForSchool
Food Pantry (New Testament Church of God - Community Outreach Mission),category,FoodPantry
Food Pantry (New Testament Church of God - Community Outreach Mission),availability,Available
Food Pantry (New Testament Church of God - Community Outreach Mission),category,PersonalCareItems
Food Pantry (New Testament Church of God - Community Outreach Mission),category,SuppliesForSchool
Food Pantry (New Testament Church of God - Community Outreach Mission),cost,Free
Food Pantry (New Testament Church of God - Community Outreach Mission),category,PersonalCareItems
Food Pantry (New Testament Church of God - Community Outreach Mission),category,Clothing
Food Pantry (New Testament Church of God - Community Outreach Mission),category,FoodPantry
Food Pantry (New Testament Church of God - Community Outreach Mission),audience,AllAges
Food Pantry (New Testament Church of God - Community Outreach Mission),audience,Individuals
Food Pantry (New Testament Church of God - Community Outreach Mission),service type,Food
Food Pantry (New Testament Church of God - Community Outreach Mission),postalCode,"""19143"""
Food Pantry (New Testament Church of God - Community Outreach Mission),url,"""None"""
Food Pantry (New Testament Church of God - Community Outreach Mission),identifier,"""Food Pantry (New Testament Church of God - Community Outreach Mission)_6265791971065856"""
Food Pantry (New Testament Church of God - Community Outreach Mission),name,"""Food Pantry (New Testament Church of God - Community Outreach Mission)"""
Food Pantry (New Testament Church of God - Community Outreach Mission),name,""""""
Food Pantry (New Testament Church of God - Community Outreach Mission),hasMap,XMLSchema#anyUri
Food Pantry (New Testament Church of God - Community Outreach Mission),areaServed,"""This program covers residents of the following counties: Delaware County, PA and Philadelphia County, PA."""
Food Pantry (New Testament Church of God - Community Outreach Mission),provider,Food Pantry (New Testament Church of God - Community Outreach Mission)
Food Pantry (New Testament Church of God - Community Outreach Mission),address,"""935 South 53rd Street, Philadelphia, PA 19143"""
Food Pantry (New Testament Church of God - Community Outreach Mission),longitude,XMLSchema#decimal
Food Pantry (New Testament Church of God - Community Outreach Mission),availableChannel,AB-Food Pantry (New Testament Church of God - Community Outreach Mission)
Food Pantry (New Testament Church of God - Community Outreach Mission),availableChannel,P-Food Pantry (New Testament Church of God - Community Outreach Mission)
Food Pantry (New Testament Church of God - Community Outreach Mission),containedInPlace,19143
Food Pantry (New Testament Church of God - Community Outreach Mission),description,Food Pantry (New Testament Church of God - Community Outreach Mission)
Food Pantry (New Testament Church of God - Community Outreach Mission),telephone,"""tel:+1-215-472-6630"""
Food Pantry (New Testament Church of God - Community Outreach Mission),text,"""The Community Outreach Mission provides basic items to families with children from our surrounding areas. Some of our focus areas are senior citizens, pregnant mothers, school age children, youths, individuals with disabilities, and underprivileged families as a whole.This program provides:- Food to meet basic nutritional needs - School supplies- Clothing- Toiletries- Additional services as neededThe food pantry is open every Saturday at 12pm and on Sundays post-service."""
Food Pantry (New Testament Church of God - Community Outreach Mission),xmlschema11-2#time,"""Saturday from 12:00 to 14:00"""
Food Pantry (New Testament Church of God - Community Outreach Mission),xmlschema11-2#time,"""Wednesday Closed"
Food Pantry (New Testament Church of God - Community Outreach Mission),xmlschema11-2#time,"""Monday Closed"
Food Pantry (New Testament Church of God - Community Outreach Mission),xmlschema11-2#time,"""Sunday from 12:00 to 14:00"""
Food Pantry (New Testament Church of God - Community Outreach Mission),xmlschema11-2#time,"""Thursday Closed"
Food Pantry (New Testament Church of God - Community Outreach Mission),xmlschema11-2#time,"""Sunday Closed"
Food Pantry (New Testament Church of God - Community Outreach Mission),xmlschema11-2#time,"""Friday Closed"
Food Pantry (New Testament Church of God - Community Outreach Mission),xmlschema11-2#time,"""Tuesday Closed"
Food Pantry (New Testament Church of God - Community Outreach Mission),conditionsOfAccess,"""Anyone can access this program."""
Food Distribution (The Greater Philadelphia Community Alliance),latitude,39.923234
Food Distribution (The Greater Philadelphia Community Alliance),language,Spanish
Food Distribution (The Greater Philadelphia Community Alliance),cost,Free
Food Distribution (The Greater Philadelphia Community Alliance),audience,AnyoneInNeed
Food Distribution (The Greater Philadelphia Community Alliance),language,English
Food Distribution (The Greater Philadelphia Community Alliance),category,FoodPantry
Food Distribution (The Greater Philadelphia Community Alliance),category,EmergencyFood
Food Distribution (The Greater Philadelphia Community Alliance),language,Vietnamese
Food Distribution (The Greater Philadelphia Community Alliance),audience,LowIncome
Food Distribution (The Greater Philadelphia Community Alliance),availability,Available
Food Distribution (The Greater Philadelphia Community Alliance),category,EmergencyFood
Food Distribution (The Greater Philadelphia Community Alliance),language,AmericanSignLanguage
Food Distribution (The Greater Philadelphia Community Alliance),category,FoodPantry
Food Distribution (The Greater Philadelphia Community Alliance),language,Khmer
Food Distribution (The Greater Philadelphia Community Alliance),audience,AllAges
Food Distribution (The Greater Philadelphia Community Alliance),service type,Food
Food Distribution (The Greater Philadelphia Community Alliance),postalCode,"""19148"""
Food Distribution (The Greater Philadelphia Community Alliance),url,"""https://www.twitter.com/@UCPhilly"""
Food Distribution (The Greater Philadelphia Community Alliance),url,"""https://www.facebook.com/UCSEP"""
Food Distribution (The Greater Philadelphia Community Alliance),identifier,"""Food Distribution (The Greater Philadelphia Community Alliance)_5802794918608896"""
Food Distribution (The Greater Philadelphia Community Alliance),name,""""""
Food Distribution (The Greater Philadelphia Community Alliance),name,"""Food Distribution (The Greater Philadelphia Community Alliance)"""
Food Distribution (The Greater Philadelphia Community Alliance),hasMap,XMLSchema#anyUri
Food Distribution (The Greater Philadelphia Community Alliance),areaServed,"""This program covers residents of the following cities: Philadelphia, PA."""
Food Distribution (The Greater Philadelphia Community Alliance),provider,Food Distribution (The Greater Philadelphia Community Alliance)
Food Distribution (The Greater Philadelphia Community Alliance),address,"""2029 South 8th Street, Philadelphia, PA 19148"""
Food Distribution (The Greater Philadelphia Community Alliance),longitude,XMLSchema#decimal
Food Distribution (The Greater Philadelphia Community Alliance),availableChannel,AB-Food Distribution (The Greater Philadelphia Community Alliance)
Food Distribution (The Greater Philadelphia Community Alliance),availableChannel,P-Food Distribution (The Greater Philadelphia Community Alliance)
Food Distribution (The Greater Philadelphia Community Alliance),containedInPlace,19148
Food Distribution (The Greater Philadelphia Community Alliance),description,Food Distribution (The Greater Philadelphia Community Alliance)
Food Distribution (The Greater Philadelphia Community Alliance),telephone,"""tel:+1-215-468-1645"""
Food Distribution (The Greater Philadelphia Community Alliance),text,"""""""We are currently signing up seniors who are 60 years+ for FREE SENIOR FOOD BOXES from our Houston Center location - 2029 S 8th St. Please reach out to us to sign up!Houston Center2029 S 8th St215-468-1645SOUTH PHILLY FOOD DISTRIBUTION SITESSEAMAAC - 1711 S Broad St - Mondays and Tuesdays 10-2pm - 215-467-0690South Philadelphia High School - 2101 Broad St - Fridays 2-3:30pm - 215-847 -5154Church of Pentecost - 2530 Wharton St - Wednesdays through Fridays 11am-2pm - 215-372-7307Young Chances Foundation - 2703 Tasker St - Thursdays 11am-4pm - 267-585-2923Mighty Writers El Futuro - 1025 S 9th St - Mondays through Fridays 11:30am-1pm - 215-602-0236Macaroni Older Adult Program (60 or older must reserve ahead) - 2433 S 15th St - 215-765-9040South Philly Older Adult Center (55 or older, no reservation necessary) - 1430 E Passyunk Ave - 215-685-1697Philadelphia Senior Center Avenue of the Arts - 509 S Broad St (60 or older) - 509 S Broad St - 215-546-5879St Edmonds Senior Community Center (60 or older) - 2130 S 21st St - 215-790-9530"""""""
Food Distribution (The Greater Philadelphia Community Alliance),xmlschema11-2#time,"""Friday from 08:30 to 18:00"""
Food Distribution (The Greater Philadelphia Community Alliance),xmlschema11-2#time,"""Saturday Closed"
Food Distribution (The Greater Philadelphia Community Alliance),xmlschema11-2#time,"""Thursday from 08:30 to 18:00"""
Food Distribution (The Greater Philadelphia Community Alliance),xmlschema11-2#time,"""Tuesday from 08:30 to 18:00"""
Food Distribution (The Greater Philadelphia Community Alliance),xmlschema11-2#time,"""Sunday Closed"
Food Distribution (The Greater Philadelphia Community Alliance),xmlschema11-2#time,"""Wednesday from 08:30 to 18:00"""
Food Distribution (The Greater Philadelphia Community Alliance),xmlschema11-2#time,"""Monday from 08:30 to 18:00"""
Food Distribution (The Greater Philadelphia Community Alliance),conditionsOfAccess,"""Follow the Next Steps to find out if this program has eligibility criteria."""
Food Pantry (Mission of St. Joan of Arc),latitude,39.9979138
Food Pantry (Mission of St. Joan of Arc),audience,Families
Food Pantry (Mission of St. Joan of Arc),cost,Free
Food Pantry (Mission of St. Joan of Arc),audience,AnyoneInNeed
Food Pantry (Mission of St. Joan of Arc),audience,Individuals
Food Pantry (Mission of St. Joan of Arc),language,English
Food Pantry (Mission of St. Joan of Arc),category,FoodPantry
Food Pantry (Mission of St. Joan of Arc),audience,AllAges
Food Pantry (Mission of St. Joan of Arc),category,FoodPantry
Food Pantry (Mission of St. Joan of Arc),availability,Available
Food Pantry (Mission of St. Joan of Arc),service type,Food
Food Pantry (Mission of St. Joan of Arc),postalCode,"""19134"""
Food Pantry (Mission of St. Joan of Arc),url,"""https://www.facebook.com/HolyInnocentsParish"""
Food Pantry (Mission of St. Joan of Arc),url,"""None"""
Food Pantry (Mission of St. Joan of Arc),identifier,"""Food Pantry (Mission of St. Joan of Arc)_6017524549025792"""
Food Pantry (Mission of St. Joan of Arc),name,"""Food Pantry (Mission of St. Joan of Arc)"""
Food Pantry (Mission of St. Joan of Arc),name,""""""
Food Pantry (Mission of St. Joan of Arc),hasMap,XMLSchema#anyUri
Food Pantry (Mission of St. Joan of Arc),areaServed,"""This program covers residents of the following counties: Philadelphia County, PA."""
Food Pantry (Mission of St. Joan of Arc),provider,Food Pantry (Mission of St. Joan of Arc)
Food Pantry (Mission of St. Joan of Arc),address,"""2025 East Atlantic Street, Philadelphia, PA 19134"""
Food Pantry (Mission of St. Joan of Arc),longitude,XMLSchema#decimal
Food Pantry (Mission of St. Joan of Arc),availableChannel,AB-Food Pantry (Mission of St. Joan of Arc)
Food Pantry (Mission of St. Joan of Arc),availableChannel,P-Food Pantry (Mission of St. Joan of Arc)
Food Pantry (Mission of St. Joan of Arc),containedInPlace,19134
Food Pantry (Mission of St. Joan of Arc),description,Food Pantry (Mission of St. Joan of Arc)
Food Pantry (Mission of St. Joan of Arc),telephone,"""tel:+1-215-535-4641"""
Food Pantry (Mission of St. Joan of Arc),text,"""The food pantry provides quality food items to households experiencing food insecurity. This program supplies critical nutrition to hungry individuals and families. This program provides:- Food to meet basic nutritional needs"""
Food Pantry (Mission of St. Joan of Arc),xmlschema11-2#time,"""Tuesday Closed"
Food Pantry (Mission of St. Joan of Arc),xmlschema11-2#time,"""Friday Closed"
Food Pantry (Mission of St. Joan of Arc),xmlschema11-2#time,"""Thursday from 10:00 to 12:00"""
Food Pantry (Mission of St. Joan of Arc),xmlschema11-2#time,"""Monday from 10:00 to 12:00"""
Food Pantry (Mission of St. Joan of Arc),xmlschema11-2#time,"""Wednesday Closed"
Food Pantry (Mission of St. Joan of Arc),xmlschema11-2#time,"""Saturday Closed"
Food Pantry (Mission of St. Joan of Arc),xmlschema11-2#time,"""Sunday Closed"
Food Pantry (Mission of St. Joan of Arc),conditionsOfAccess,"""Anyone can access this program."""
Hunger Programs - Senior Citizen Boxes (Feast of Justice),latitude,40.0372113
Hunger Programs - Senior Citizen Boxes (Feast of Justice),audience,AllAges
Hunger Programs - Senior Citizen Boxes (Feast of Justice),category,FoodPantry
Hunger Programs - Senior Citizen Boxes (Feast of Justice),availability,Available
Hunger Programs - Senior Citizen Boxes (Feast of Justice),audience,AnyoneInNeed
Hunger Programs - Senior Citizen Boxes (Feast of Justice),cost,Free
Hunger Programs - Senior Citizen Boxes (Feast of Justice),category,FoodPantry
Hunger Programs - Senior Citizen Boxes (Feast of Justice),language,English
Hunger Programs - Senior Citizen Boxes (Feast of Justice),service type,Food
Hunger Programs - Senior Citizen Boxes (Feast of Justice),postalCode,"""19149"""
Hunger Programs - Senior Citizen Boxes (Feast of Justice),url,"""https://www.facebook.com/FeastOfJusticePhiladelphia/?view_public_for=170475529821804"""
Hunger Programs - Senior Citizen Boxes (Feast of Justice),identifier,"""Hunger Programs - Senior Citizen Boxes (Feast of Justice)_4899393198620672"""
Hunger Programs - Senior Citizen Boxes (Feast of Justice),name,"""Hunger Programs - Senior Citizen Boxes (Feast of Justice)"""
Hunger Programs - Senior Citizen Boxes (Feast of Justice),name,""""""
Hunger Programs - Senior Citizen Boxes (Feast of Justice),hasMap,XMLSchema#anyUri
Hunger Programs - Senior Citizen Boxes (Feast of Justice),areaServed,"""This program covers residents of the following counties: Bucks County, PA, Chester County, PA, Delaware County, PA, Montgomery County, PA and Philadelphia County, PA."""
Hunger Programs - Senior Citizen Boxes (Feast of Justice),provider,Hunger Programs - Senior Citizen Boxes (Feast of Justice)
Hunger Programs - Senior Citizen Boxes (Feast of Justice),address,"""3101 Tyson Avenue, Philadelphia, PA 19149"""
Hunger Programs - Senior Citizen Boxes (Feast of Justice),longitude,XMLSchema#decimal
Hunger Programs - Senior Citizen Boxes (Feast of Justice),availableChannel,AB-Hunger Programs - Senior Citizen Boxes (Feast of Justice)
Hunger Programs - Senior Citizen Boxes (Feast of Justice),availableChannel,P-Hunger Programs - Senior Citizen Boxes (Feast of Justice)
Hunger Programs - Senior Citizen Boxes (Feast of Justice),containedInPlace,19149
Hunger Programs - Senior Citizen Boxes (Feast of Justice),description,Hunger Programs - Senior Citizen Boxes (Feast of Justice)
Hunger Programs - Senior Citizen Boxes (Feast of Justice),telephone,"""tel:+1-215-268-3510"""
Hunger Programs - Senior Citizen Boxes (Feast of Justice),text,"""Senior Citizen Boxes program offers plentiful programs to combat hunger in the community.This program provides:- A community cupboard, which provides families with emergency, supplemental food every month.Once you apply, it takes 1 to 2 months for your name to appear on the list."""
Hunger Programs - Senior Citizen Boxes (Feast of Justice),xmlschema11-2#time,"""Thursday from 10:00 to 12:00"""
Hunger Programs - Senior Citizen Boxes (Feast of Justice),xmlschema11-2#time,"""Monday Closed"
Hunger Programs - Senior Citizen Boxes (Feast of Justice),xmlschema11-2#time,"""Saturday Closed"
Hunger Programs - Senior Citizen Boxes (Feast of Justice),xmlschema11-2#time,"""Wednesday from 10:00 to 19:00"""
Hunger Programs - Senior Citizen Boxes (Feast of Justice),xmlschema11-2#time,"""Friday from 10:00 to 16:00"""
Hunger Programs - Senior Citizen Boxes (Feast of Justice),xmlschema11-2#time,"""Tuesday from 09:00 to 12:00"""
Hunger Programs - Senior Citizen Boxes (Feast of Justice),xmlschema11-2#time,"""Sunday Closed"
Hunger Programs - Senior Citizen Boxes (Feast of Justice),conditionsOfAccess,"""This program serves individuals living in one of these zip codes: 19111, 19114, 19115, 19116, 19124, 19135, 19136, 19149, 19152, 19154"""
Food Pantry (Oxford Circle Christian Community Development Association),latitude,40.040975
Food Pantry (Oxford Circle Christian Community Development Association),language,Chinese
Food Pantry (Oxford Circle Christian Community Development Association),language,Spanish
Food Pantry (Oxford Circle Christian Community Development Association),category,FoodPantry
Food Pantry (Oxford Circle Christian Community Development Association),audience,AnyoneInNeed
Food Pantry (Oxford Circle Christian Community Development Association),language,English
Food Pantry (Oxford Circle Christian Community Development Association),availability,Available
Food Pantry (Oxford Circle Christian Community Development Association),audience,Individuals
Food Pantry (Oxford Circle Christian Community Development Association),category,FoodPantry
Food Pantry (Oxford Circle Christian Community Development Association),audience,AllAges
Food Pantry (Oxford Circle Christian Community Development Association),cost,Free
Food Pantry (Oxford Circle Christian Community Development Association),service type,Food
Food Pantry (Oxford Circle Christian Community Development Association),postalCode,"""19149"""
Food Pantry (Oxford Circle Christian Community Development Association),url,"""https://www.facebook.com/occcda/"""
Food Pantry (Oxford Circle Christian Community Development Association),url,"""None"""
Food Pantry (Oxford Circle Christian Community Development Association),identifier,"""Food Pantry (Oxford Circle Christian Community Development Association)_4675788288688128"""
Food Pantry (Oxford Circle Christian Community Development Association),name,""""""
Food Pantry (Oxford Circle Christian Community Development Association),name,"""Food Pantry (Oxford Circle Christian Community Development Association)"""
Food Pantry (Oxford Circle Christian Community Development Association),hasMap,XMLSchema#anyUri
Food Pantry (Oxford Circle Christian Community Development Association),areaServed,"""This program covers residents of the following cities: Philadelphia, PA."""
Food Pantry (Oxford Circle Christian Community Development Association),provider,Food Pantry (Oxford Circle Christian Community Development Association)
Food Pantry (Oxford Circle Christian Community Development Association),address,"""6500 Castor Avenue, Philadelphia, PA 19149"""
Food Pantry (Oxford Circle Christian Community Development Association),longitude,XMLSchema#decimal
Food Pantry (Oxford Circle Christian Community Development Association),availableChannel,AB-Food Pantry (Oxford Circle Christian Community Development Association)
Food Pantry (Oxford Circle Christian Community Development Association),availableChannel,P-Food Pantry (Oxford Circle Christian Community Development Association)
Food Pantry (Oxford Circle Christian Community Development Association),containedInPlace,19149
Food Pantry (Oxford Circle Christian Community Development Association),description,Food Pantry (Oxford Circle Christian Community Development Association)
Food Pantry (Oxford Circle Christian Community Development Association),telephone,"""tel:+1-215-288-8504"""
Food Pantry (Oxford Circle Christian Community Development Association),telephone,"""tel:+1-215-831-6502"""
Food Pantry (Oxford Circle Christian Community Development Association),text,"""The Oxford Circle Christian Community Development Association's food pantry provides quality food items to households experiencing food insecurity. This program supplies critical nutrition to hungry individuals and families. This program provides:- Food to meet basic nutritional needsFood pantry times and dates vary per both locations, please call them for more information."""
Food Pantry (Oxford Circle Christian Community Development Association),xmlschema11-2#time,"""Monday Closed"
Food Pantry (Oxford Circle Christian Community Development Association),xmlschema11-2#time,"""Thursday from 10:00 to 14:00"""
Food Pantry (Oxford Circle Christian Community Development Association),xmlschema11-2#time,"""Wednesday Closed"
Food Pantry (Oxford Circle Christian Community Development Association),xmlschema11-2#time,"""Tuesday Closed"
Food Pantry (Oxford Circle Christian Community Development Association),xmlschema11-2#time,"""Saturday Closed"
Food Pantry (Oxford Circle Christian Community Development Association),xmlschema11-2#time,"""Sunday Closed"
Food Pantry (Oxford Circle Christian Community Development Association),xmlschema11-2#time,"""Friday Closed"
Food Pantry (Oxford Circle Christian Community Development Association),conditionsOfAccess,"""Anyone can access this program."""
Helping Hands For The Hungry (St. Cyprian Church),latitude,39.9539798
Helping Hands For The Hungry (St. Cyprian Church),category,Meals
Helping Hands For The Hungry (St. Cyprian Church),category,SpiritualSupport
Helping Hands For The Hungry (St. Cyprian Church),category,SpiritualSupport
Helping Hands For The Hungry (St. Cyprian Church),category,FoodPantry
Helping Hands For The Hungry (St. Cyprian Church),category,Clothing
Helping Hands For The Hungry (St. Cyprian Church),audience,Individuals
Helping Hands For The Hungry (St. Cyprian Church),cost,Free
Helping Hands For The Hungry (St. Cyprian Church),category,Clothing
Helping Hands For The Hungry (St. Cyprian Church),language,English
Helping Hands For The Hungry (St. Cyprian Church),audience,Families
Helping Hands For The Hungry (St. Cyprian Church),category,Meals
Helping Hands For The Hungry (St. Cyprian Church),category,FoodPantry
Helping Hands For The Hungry (St. Cyprian Church),audience,AnyoneInNeed
Helping Hands For The Hungry (St. Cyprian Church),availability,Available
Helping Hands For The Hungry (St. Cyprian Church),audience,AllAges
Helping Hands For The Hungry (St. Cyprian Church),service type,Food
Helping Hands For The Hungry (St. Cyprian Church),postalCode,"""19143"""
Helping Hands For The Hungry (St. Cyprian Church),url,"""https://www.facebook.com/StCyprianPhilly/"""
Helping Hands For The Hungry (St. Cyprian Church),url,"""https://www.twitter.com/@StCyprianPhilly"""
Helping Hands For The Hungry (St. Cyprian Church),identifier,"""Helping Hands For The Hungry (St. Cyprian Church)_5375543808360448"""
Helping Hands For The Hungry (St. Cyprian Church),name,"""Helping Hands For The Hungry (St. Cyprian Church)"""
Helping Hands For The Hungry (St. Cyprian Church),name,""""""
Helping Hands For The Hungry (St. Cyprian Church),hasMap,XMLSchema#anyUri
Helping Hands For The Hungry (St. Cyprian Church),areaServed,"""This program covers residents of the following counties: Philadelphia County, PA."""
Helping Hands For The Hungry (St. Cyprian Church),provider,Helping Hands For The Hungry (St. Cyprian Church)
Helping Hands For The Hungry (St. Cyprian Church),address,"""525 Cobbs Creek Parkway, Philadelphia, PA 19143"""
Helping Hands For The Hungry (St. Cyprian Church),longitude,XMLSchema#decimal
Helping Hands For The Hungry (St. Cyprian Church),availableChannel,AB-Helping Hands For The Hungry (St. Cyprian Church)
Helping Hands For The Hungry (St. Cyprian Church),availableChannel,P-Helping Hands For The Hungry (St. Cyprian Church)
Helping Hands For The Hungry (St. Cyprian Church),containedInPlace,19143
Helping Hands For The Hungry (St. Cyprian Church),description,Helping Hands For The Hungry (St. Cyprian Church)
Helping Hands For The Hungry (St. Cyprian Church),telephone,"""tel:+1-215-747-3250"""
Helping Hands For The Hungry (St. Cyprian Church),text,"""Helping Hands for the Hungry is a ministry that serves the needy on the last Saturday of each month. Our volunteers provide a delicious hot meal, food bags, clothing, but most importantly prayer and Godâ€™s Word.This program provides:- Meals- Food pantry- Clothing"""
Helping Hands For The Hungry (St. Cyprian Church),xmlschema11-2#time,"""Saturday Closed"
Helping Hands For The Hungry (St. Cyprian Church),xmlschema11-2#time,"""Wednesday from 09:30 to 11:15"""
Helping Hands For The Hungry (St. Cyprian Church),xmlschema11-2#time,"""Friday Closed"
Helping Hands For The Hungry (St. Cyprian Church),xmlschema11-2#time,"""Monday from 09:30 to 11:15"""
Helping Hands For The Hungry (St. Cyprian Church),xmlschema11-2#time,"""Thursday Closed"
Helping Hands For The Hungry (St. Cyprian Church),xmlschema11-2#time,"""Sunday Closed"
Helping Hands For The Hungry (St. Cyprian Church),xmlschema11-2#time,"""Tuesday Closed"
Helping Hands For The Hungry (St. Cyprian Church),conditionsOfAccess,"""Anyone can access this program."""
Saint Helena Parish Food Cupboard (Saint Helena),latitude,40.0453383
Saint Helena Parish Food Cupboard (Saint Helena),category,EmergencyFood
Saint Helena Parish Food Cupboard (Saint Helena),audience,Individuals
Saint Helena Parish Food Cupboard (Saint Helena),audience,Families
Saint Helena Parish Food Cupboard (Saint Helena),category,FoodPantry
Saint Helena Parish Food Cupboard (Saint Helena),category,EmergencyFood
Saint Helena Parish Food Cupboard (Saint Helena),availability,Available
Saint Helena Parish Food Cupboard (Saint Helena),category,FoodPantry
Saint Helena Parish Food Cupboard (Saint Helena),cost,Free
Saint Helena Parish Food Cupboard (Saint Helena),audience,AnyoneInNeed
Saint Helena Parish Food Cupboard (Saint Helena),language,English
Saint Helena Parish Food Cupboard (Saint Helena),audience,AllAges
Saint Helena Parish Food Cupboard (Saint Helena),service type,Food
Saint Helena Parish Food Cupboard (Saint Helena),postalCode,"""19120"""
Saint Helena Parish Food Cupboard (Saint Helena),url,"""https://www.facebook.com/sainthelenaparish"""
Saint Helena Parish Food Cupboard (Saint Helena),url,"""None"""
Saint Helena Parish Food Cupboard (Saint Helena),identifier,"""Saint Helena Parish Food Cupboard (Saint Helena)_5017006984921088"""
Saint Helena Parish Food Cupboard (Saint Helena),name,"""Saint Helena Parish Food Cupboard (Saint Helena)"""
Saint Helena Parish Food Cupboard (Saint Helena),name,""""""
Saint Helena Parish Food Cupboard (Saint Helena),hasMap,XMLSchema#anyUri
Saint Helena Parish Food Cupboard (Saint Helena),areaServed,"""This program covers residents of the following postal codes: 19111, 19120 and 19126."""
Saint Helena Parish Food Cupboard (Saint Helena),provider,Saint Helena Parish Food Cupboard (Saint Helena)
Saint Helena Parish Food Cupboard (Saint Helena),address,"""6161 North 5th Street, Philadelphia, PA 19120"""
Saint Helena Parish Food Cupboard (Saint Helena),longitude,XMLSchema#decimal
Saint Helena Parish Food Cupboard (Saint Helena),availableChannel,AB-Saint Helena Parish Food Cupboard (Saint Helena)
Saint Helena Parish Food Cupboard (Saint Helena),availableChannel,P-Saint Helena Parish Food Cupboard (Saint Helena)
Saint Helena Parish Food Cupboard (Saint Helena),containedInPlace,19120
Saint Helena Parish Food Cupboard (Saint Helena),description,Saint Helena Parish Food Cupboard (Saint Helena)
Saint Helena Parish Food Cupboard (Saint Helena),telephone,"""tel:+1-267-900-5935"""
Saint Helena Parish Food Cupboard (Saint Helena),text,"""The Saint Helena Food Bank provides critical food resources to those in need. The nutrition they supply is critical to individuals and families who may otherwise go hungry.This program provides:- Food to meet nutritional needs- Specially designed Senior BoxesClients can visit once per month. Please call us for more information."""
Saint Helena Parish Food Cupboard (Saint Helena),xmlschema11-2#time,"""Tuesday from 09:00 to 17:00"""
Saint Helena Parish Food Cupboard (Saint Helena),xmlschema11-2#time,"""Monday from 09:00 to 17:00"""
Saint Helena Parish Food Cupboard (Saint Helena),xmlschema11-2#time,"""Friday from 09:00 to 17:00"""
Saint Helena Parish Food Cupboard (Saint Helena),xmlschema11-2#time,"""Thursday from 09:00 to 17:00"""
Saint Helena Parish Food Cupboard (Saint Helena),xmlschema11-2#time,"""Wednesday from 09:00 to 17:00"""
Saint Helena Parish Food Cupboard (Saint Helena),xmlschema11-2#time,"""Saturday Closed"
Saint Helena Parish Food Cupboard (Saint Helena),xmlschema11-2#time,"""Sunday Closed"
Saint Helena Parish Food Cupboard (Saint Helena),conditionsOfAccess,"""Must live in postal code 19111, 19120 or 19126."""
Breaking Bread on Broad (Congregation Rodeph Shalo),latitude,39.9638293
Breaking Bread on Broad (Congregation Rodeph Shalo),audience,AllAges
Breaking Bread on Broad (Congregation Rodeph Shalo),category,PersonalCareItems
Breaking Bread on Broad (Congregation Rodeph Shalo),availability,Available
Breaking Bread on Broad (Congregation Rodeph Shalo),category,FoodPantry
Breaking Bread on Broad (Congregation Rodeph Shalo),audience,Female
Breaking Bread on Broad (Congregation Rodeph Shalo),category,DiapersAndFormula
Breaking Bread on Broad (Congregation Rodeph Shalo),category,DiapersAndFormula
Breaking Bread on Broad (Congregation Rodeph Shalo),cost,Free
Breaking Bread on Broad (Congregation Rodeph Shalo),audience,Mothers
Breaking Bread on Broad (Congregation Rodeph Shalo),category,FoodPantry
Breaking Bread on Broad (Congregation Rodeph Shalo),language,English
Breaking Bread on Broad (Congregation Rodeph Shalo),audience,AnyoneInNeed
Breaking Bread on Broad (Congregation Rodeph Shalo),category,PersonalCareItems
Breaking Bread on Broad (Congregation Rodeph Shalo),service type,Food
Breaking Bread on Broad (Congregation Rodeph Shalo),postalCode,"""19123"""
Breaking Bread on Broad (Congregation Rodeph Shalo),url,"""None"""
Breaking Bread on Broad (Congregation Rodeph Shalo),identifier,"""Breaking Bread on Broad (Congregation Rodeph Shalo)_5098800476192768"""
Breaking Bread on Broad (Congregation Rodeph Shalo),name,""""""
Breaking Bread on Broad (Congregation Rodeph Shalo),name,"""Breaking Bread on Broad (Congregation Rodeph Shalo)"""
Breaking Bread on Broad (Congregation Rodeph Shalo),hasMap,XMLSchema#anyUri
Breaking Bread on Broad (Congregation Rodeph Shalo),areaServed,"""This program covers residents of the following counties: Philadelphia County, PA."""
Breaking Bread on Broad (Congregation Rodeph Shalo),provider,Breaking Bread on Broad (Congregation Rodeph Shalo)
Breaking Bread on Broad (Congregation Rodeph Shalo),address,"""615 North Broad Street, Philadelphia, PA 19123"""
Breaking Bread on Broad (Congregation Rodeph Shalo),longitude,XMLSchema#decimal
Breaking Bread on Broad (Congregation Rodeph Shalo),availableChannel,AB-Breaking Bread on Broad (Congregation Rodeph Shalo)
Breaking Bread on Broad (Congregation Rodeph Shalo),availableChannel,P-Breaking Bread on Broad (Congregation Rodeph Shalo)
Breaking Bread on Broad (Congregation Rodeph Shalo),containedInPlace,19123
Breaking Bread on Broad (Congregation Rodeph Shalo),description,Breaking Bread on Broad (Congregation Rodeph Shalo)
Breaking Bread on Broad (Congregation Rodeph Shalo),telephone,"""tel:+1-215-627-6747"""
Breaking Bread on Broad (Congregation Rodeph Shalo),text,"""Congregation Rodeph Shalo offers food, diapers, and feminine hygiene supplies to up to 170 families in need each Wednesday morning outside.This program provides:- Food- Diapers- Feminie supplies"""
Breaking Bread on Broad (Congregation Rodeph Shalo),xmlschema11-2#time,"""Saturday Closed"
Breaking Bread on Broad (Congregation Rodeph Shalo),xmlschema11-2#time,"""Friday Closed"
Breaking Bread on Broad (Congregation Rodeph Shalo),xmlschema11-2#time,"""Wednesday from 09:00 to 11:00"""
Breaking Bread on Broad (Congregation Rodeph Shalo),xmlschema11-2#time,"""Thursday Closed"
Breaking Bread on Broad (Congregation Rodeph Shalo),xmlschema11-2#time,"""Sunday Closed"
Breaking Bread on Broad (Congregation Rodeph Shalo),xmlschema11-2#time,"""Monday Closed"
Breaking Bread on Broad (Congregation Rodeph Shalo),xmlschema11-2#time,"""Tuesday Closed"
Breaking Bread on Broad (Congregation Rodeph Shalo),conditionsOfAccess,"""Anyone can access this program."""
Food Distribution (Lombard Central Presbyterian Church),latitude,39.9591628
Food Distribution (Lombard Central Presbyterian Church),category,FoodPantry
Food Distribution (Lombard Central Presbyterian Church),availability,Available
Food Distribution (Lombard Central Presbyterian Church),audience,AllAges
Food Distribution (Lombard Central Presbyterian Church),audience,AnyoneInNeed
Food Distribution (Lombard Central Presbyterian Church),cost,Free
Food Distribution (Lombard Central Presbyterian Church),category,FoodPantry
Food Distribution (Lombard Central Presbyterian Church),language,English
Food Distribution (Lombard Central Presbyterian Church),service type,Food
Food Distribution (Lombard Central Presbyterian Church),postalCode,"""19104"""
Food Distribution (Lombard Central Presbyterian Church),url,"""https://www.facebook.com/pages/Lombard-Central-Presbyterian-Church/115627261799947"""
Food Distribution (Lombard Central Presbyterian Church),url,"""None"""
Food Distribution (Lombard Central Presbyterian Church),identifier,"""Food Distribution (Lombard Central Presbyterian Church)_6402173263020032"""
Food Distribution (Lombard Central Presbyterian Church),name,""""""
Food Distribution (Lombard Central Presbyterian Church),name,"""Food Distribution (Lombard Central Presbyterian Church)"""
Food Distribution (Lombard Central Presbyterian Church),hasMap,XMLSchema#anyUri
Food Distribution (Lombard Central Presbyterian Church),areaServed,"""This program covers residents of the following cities: Philadelphia, PA."""
Food Distribution (Lombard Central Presbyterian Church),provider,Food Distribution (Lombard Central Presbyterian Church)
Food Distribution (Lombard Central Presbyterian Church),address,"""4201 Powelton Avenue, Philadelphia, PA 19104"""
Food Distribution (Lombard Central Presbyterian Church),longitude,XMLSchema#decimal
Food Distribution (Lombard Central Presbyterian Church),availableChannel,AB-Food Distribution (Lombard Central Presbyterian Church)
Food Distribution (Lombard Central Presbyterian Church),availableChannel,P-Food Distribution (Lombard Central Presbyterian Church)
Food Distribution (Lombard Central Presbyterian Church),containedInPlace,19104
Food Distribution (Lombard Central Presbyterian Church),description,Food Distribution (Lombard Central Presbyterian Church)
Food Distribution (Lombard Central Presbyterian Church),telephone,"""tel:+1-215-222-3044"""
Food Distribution (Lombard Central Presbyterian Church),text,"""Lombard Central Presbyterian Church's food pantry provides quality food items to households experiencing food insecurity. This program supplies critical nutrition to hungry individuals and families.This program provides:- Fresh fruit, vegetables, breads and dessertsPlease reach out to program for more information before visiting."""
Food Distribution (Lombard Central Presbyterian Church),xmlschema11-2#time,"""Thursday Closed"
Food Distribution (Lombard Central Presbyterian Church),xmlschema11-2#time,"""Wednesday Closed"
Food Distribution (Lombard Central Presbyterian Church),xmlschema11-2#time,"""Saturday Closed"
Food Distribution (Lombard Central Presbyterian Church),xmlschema11-2#time,"""Monday Closed"
Food Distribution (Lombard Central Presbyterian Church),xmlschema11-2#time,"""Friday from 12:30 to 15:00"""
Food Distribution (Lombard Central Presbyterian Church),xmlschema11-2#time,"""Tuesday Closed"
Food Distribution (Lombard Central Presbyterian Church),xmlschema11-2#time,"""Sunday Closed"
Food Distribution (Lombard Central Presbyterian Church),conditionsOfAccess,"""Anyone can access this program."""
Soup Kitchen and Food Pantry (Zion Hill Baptist Church),latitude,39.9552482
Soup Kitchen and Food Pantry (Zion Hill Baptist Church),category,Meals
Soup Kitchen and Food Pantry (Zion Hill Baptist Church),availability,Available
Soup Kitchen and Food Pantry (Zion Hill Baptist Church),category,FoodPantry
Soup Kitchen and Food Pantry (Zion Hill Baptist Church),audience,AllAges
Soup Kitchen and Food Pantry (Zion Hill Baptist Church),category,FoodPantry
Soup Kitchen and Food Pantry (Zion Hill Baptist Church),category,Meals
Soup Kitchen and Food Pantry (Zion Hill Baptist Church),cost,Free
Soup Kitchen and Food Pantry (Zion Hill Baptist Church),language,English
Soup Kitchen and Food Pantry (Zion Hill Baptist Church),audience,AnyoneInNeed
Soup Kitchen and Food Pantry (Zion Hill Baptist Church),service type,Food
Soup Kitchen and Food Pantry (Zion Hill Baptist Church),postalCode,"""19139"""
Soup Kitchen and Food Pantry (Zion Hill Baptist Church),url,"""https://www.facebook.com/Zion-Hill-Baptist-Church-Philadelphia-PA-841768162520512/?eid=ARCkxui_8LIvGbZQ6UhXbm2KS0Fj10lgl2CY2g0bI_Ca8yxY2DXbcLOd3VEXfSKLAWEU_e-13ZlKQ-Y1food"""
Soup Kitchen and Food Pantry (Zion Hill Baptist Church),url,"""None"""
Soup Kitchen and Food Pantry (Zion Hill Baptist Church),identifier,"""Soup Kitchen and Food Pantry (Zion Hill Baptist Church)_6661798393806848"""
Soup Kitchen and Food Pantry (Zion Hill Baptist Church),name,""""""
Soup Kitchen and Food Pantry (Zion Hill Baptist Church),name,"""Soup Kitchen and Food Pantry (Zion Hill Baptist Church)"""
Soup Kitchen and Food Pantry (Zion Hill Baptist Church),hasMap,XMLSchema#anyUri
Soup Kitchen and Food Pantry (Zion Hill Baptist Church),areaServed,"""This program covers residents of the following cities: Philadelphia, PA."""
Soup Kitchen and Food Pantry (Zion Hill Baptist Church),provider,Soup Kitchen and Food Pantry (Zion Hill Baptist Church)
Soup Kitchen and Food Pantry (Zion Hill Baptist Church),address,"""5301 Spruce Street, Philadelphia, PA 19139"""
Soup Kitchen and Food Pantry (Zion Hill Baptist Church),longitude,XMLSchema#decimal
Soup Kitchen and Food Pantry (Zion Hill Baptist Church),availableChannel,AB-Soup Kitchen and Food Pantry (Zion Hill Baptist Church)
Soup Kitchen and Food Pantry (Zion Hill Baptist Church),availableChannel,P-Soup Kitchen and Food Pantry (Zion Hill Baptist Church)
Soup Kitchen and Food Pantry (Zion Hill Baptist Church),containedInPlace,19139
Soup Kitchen and Food Pantry (Zion Hill Baptist Church),description,Soup Kitchen and Food Pantry (Zion Hill Baptist Church)
Soup Kitchen and Food Pantry (Zion Hill Baptist Church),telephone,"""tel:+1-215-748-1203"""
Soup Kitchen and Food Pantry (Zion Hill Baptist Church),text,"""Zion Hill Baptist Church's soup kitchen and food pantry help alleviate hunger in the community in an environment of respect, care and hospitality. This program provides:- Food to meet basic nutritional needs- Hot mealsPlease call for more information."""
Soup Kitchen and Food Pantry (Zion Hill Baptist Church),xmlschema11-2#time,"""Tuesday from 09:00 to 11:30"""
Soup Kitchen and Food Pantry (Zion Hill Baptist Church),xmlschema11-2#time,"""Saturday Closed"
Soup Kitchen and Food Pantry (Zion Hill Baptist Church),xmlschema11-2#time,"""Monday Closed"
Soup Kitchen and Food Pantry (Zion Hill Baptist Church),xmlschema11-2#time,"""Sunday Closed"
Soup Kitchen and Food Pantry (Zion Hill Baptist Church),xmlschema11-2#time,"""Wednesday Closed"
Soup Kitchen and Food Pantry (Zion Hill Baptist Church),xmlschema11-2#time,"""Thursday Closed"
Soup Kitchen and Food Pantry (Zion Hill Baptist Church),xmlschema11-2#time,"""Friday Closed"
Soup Kitchen and Food Pantry (Zion Hill Baptist Church),conditionsOfAccess,"""Anyone in need can access this program."""
Supportive Services (The Attic Youth Center),latitude,39.9477596
Supportive Services (The Attic Youth Center),audience,YoungAdults
Supportive Services (The Attic Youth Center),category,OneOnOneSupport
Supportive Services (The Attic Youth Center),cost,Free
Supportive Services (The Attic Youth Center),audience,Teens
Supportive Services (The Attic Youth Center),category,ComputerOrInternetAccess
Supportive Services (The Attic Youth Center),category,Tutoring
Supportive Services (The Attic Youth Center),category,OneOnOneSupport
Supportive Services (The Attic Youth Center),availability,Available
Supportive Services (The Attic Youth Center),audience,Lgbtqia
Supportive Services (The Attic Youth Center),audience,HivAids
Supportive Services (The Attic Youth Center),category,SexEducation
Supportive Services (The Attic Youth Center),category,Tutoring
Supportive Services (The Attic Youth Center),category,HealthEducation
Supportive Services (The Attic Youth Center),category,Meals
Supportive Services (The Attic Youth Center),category,SupportGroups
Supportive Services (The Attic Youth Center),category,SupportGroups
Supportive Services (The Attic Youth Center),category,SexEducation
Supportive Services (The Attic Youth Center),category,FoodPantry
Supportive Services (The Attic Youth Center),audience,InfectiousDisease
Supportive Services (The Attic Youth Center),category,SkillsAndTraining
Supportive Services (The Attic Youth Center),category,SkillsAndTraining
Supportive Services (The Attic Youth Center),category,CaseManagement
Supportive Services (The Attic Youth Center),category,HealthEducation
Supportive Services (The Attic Youth Center),category,CaseManagement
Supportive Services (The Attic Youth Center),category,MoreEducation
Supportive Services (The Attic Youth Center),category,ComputerOrInternetAccess
Supportive Services (The Attic Youth Center),category,FoodPantry
Supportive Services (The Attic Youth Center),audience,Individuals
Supportive Services (The Attic Youth Center),category,MoreEducation
Supportive Services (The Attic Youth Center),language,English
Supportive Services (The Attic Youth Center),category,Meals
Supportive Services (The Attic Youth Center),service type,Food
Supportive Services (The Attic Youth Center),postalCode,"""19102"""
Supportive Services (The Attic Youth Center),url,"""https://www.facebook.com/pages/The-Attic-Youth-Center/101066143279182"""
Supportive Services (The Attic Youth Center),url,"""None"""
Supportive Services (The Attic Youth Center),identifier,"""Supportive Services (The Attic Youth Center)_6051122713985024"""
Supportive Services (The Attic Youth Center),name,""""""
Supportive Services (The Attic Youth Center),name,"""Supportive Services (The Attic Youth Center)"""
Supportive Services (The Attic Youth Center),hasMap,XMLSchema#anyUri
Supportive Services (The Attic Youth Center),areaServed,"""This program covers residents of the following counties: Montgomery County, PA and Philadelphia County, PA."""
Supportive Services (The Attic Youth Center),provider,Supportive Services (The Attic Youth Center)
Supportive Services (The Attic Youth Center),address,"""255 South 16th Street, Philadelphia, PA 19102"""
Supportive Services (The Attic Youth Center),longitude,XMLSchema#decimal
Supportive Services (The Attic Youth Center),availableChannel,AB-Supportive Services (The Attic Youth Center)
Supportive Services (The Attic Youth Center),availableChannel,P-Supportive Services (The Attic Youth Center)
Supportive Services (The Attic Youth Center),containedInPlace,19102
Supportive Services (The Attic Youth Center),description,Supportive Services (The Attic Youth Center)
Supportive Services (The Attic Youth Center),telephone,"""tel:+1-215-545-4331"""
Supportive Services (The Attic Youth Center),text,"""The Attic Youth Center offers Supportive Services to assist LGBTQ youth in building the skills necessary to succeed in school, their jobs or careers, and the community.This program provides:- Meals- Food pantry- Safer sex supplies- One-on-one support- Support groups- Tutoring- Case management- Internship opportunities- Computer and wifi access"""
Supportive Services (The Attic Youth Center),xmlschema11-2#time,"""Thursday from 11:00 to 19:00"""
Supportive Services (The Attic Youth Center),xmlschema11-2#time,"""Sunday Closed"
Supportive Services (The Attic Youth Center),xmlschema11-2#time,"""Tuesday from 11:00 to 19:00"""
Supportive Services (The Attic Youth Center),xmlschema11-2#time,"""Monday from 10:00 to 18:00"""
Supportive Services (The Attic Youth Center),xmlschema11-2#time,"""Saturday Closed"
Supportive Services (The Attic Youth Center),xmlschema11-2#time,"""Friday from 11:00 to 19:00"""
Supportive Services (The Attic Youth Center),xmlschema11-2#time,"""Wednesday from 11:00 to 19:00"""
Supportive Services (The Attic Youth Center),conditionsOfAccess,"""This program helps people who are 14 to 23 years old."""
Food Ministry (Faith Assembly Of God),latitude,40.0129458
Food Ministry (Faith Assembly Of God),category,FoodPantry
Food Ministry (Faith Assembly Of God),audience,AllAges
Food Ministry (Faith Assembly Of God),audience,Individuals
Food Ministry (Faith Assembly Of God),audience,Families
Food Ministry (Faith Assembly Of God),availability,Available
Food Ministry (Faith Assembly Of God),audience,AnyoneInNeed
Food Ministry (Faith Assembly Of God),category,FoodPantry
Food Ministry (Faith Assembly Of God),cost,Free
Food Ministry (Faith Assembly Of God),language,English
Food Ministry (Faith Assembly Of God),service type,Food
Food Ministry (Faith Assembly Of God),postalCode,"""19124"""
Food Ministry (Faith Assembly Of God),url,"""None"""
Food Ministry (Faith Assembly Of God),identifier,"""Food Ministry (Faith Assembly Of God)_5684138886299648"""
Food Ministry (Faith Assembly Of God),name,"""Food Ministry (Faith Assembly Of God)"""
Food Ministry (Faith Assembly Of God),name,""""""
Food Ministry (Faith Assembly Of God),hasMap,XMLSchema#anyUri
Food Ministry (Faith Assembly Of God),areaServed,"""This program covers residents of the following cities: Philadelphia, PA."""
Food Ministry (Faith Assembly Of God),provider,Food Ministry (Faith Assembly Of God)
Food Ministry (Faith Assembly Of God),address,"""1926 Margaret Street, Philadelphia, PA 19124"""
Food Ministry (Faith Assembly Of God),longitude,XMLSchema#decimal
Food Ministry (Faith Assembly Of God),availableChannel,AB-Food Ministry (Faith Assembly Of God)
Food Ministry (Faith Assembly Of God),availableChannel,P-Food Ministry (Faith Assembly Of God)
Food Ministry (Faith Assembly Of God),containedInPlace,19124
Food Ministry (Faith Assembly Of God),description,Food Ministry (Faith Assembly Of God)
Food Ministry (Faith Assembly Of God),telephone,"""tel:+1-712-432-3900"""
Food Ministry (Faith Assembly Of God),text,"""The Faith Assembly Of God - Food Ministry provides quality food items to households experiencing food insecurity. This program supplies critical nutrition to hungry individuals and families.This program provides:- Food to meet basic nutritional needs"""
Food Ministry (Faith Assembly Of God),xmlschema11-2#time,"""Friday from 11:00 to 16:00"""
Food Ministry (Faith Assembly Of God),xmlschema11-2#time,"""Thursday from 11:00 to 16:00"""
Food Ministry (Faith Assembly Of God),xmlschema11-2#time,"""Wednesday from 11:00 to 16:00"""
Food Ministry (Faith Assembly Of God),xmlschema11-2#time,"""Saturday Closed"
Food Ministry (Faith Assembly Of God),xmlschema11-2#time,"""Tuesday from 11:00 to 16:00"""
Food Ministry (Faith Assembly Of God),xmlschema11-2#time,"""Sunday Closed"
Food Ministry (Faith Assembly Of God),xmlschema11-2#time,"""Monday from 11:00 to 16:00"""
Food Ministry (Faith Assembly Of God),conditionsOfAccess,"""Anyone in need can access this program."""
Grab and Go Meals (Old Pine Community Center),latitude,39.9430393
Grab and Go Meals (Old Pine Community Center),latitude,39.9430397
Grab and Go Meals (Old Pine Community Center),audience,AnyoneInNeed
Grab and Go Meals (Old Pine Community Center),audience,AllAges
Grab and Go Meals (Old Pine Community Center),cost,Free
Grab and Go Meals (Old Pine Community Center),category,EmergencyFood
Grab and Go Meals (Old Pine Community Center),category,FoodPantry
Grab and Go Meals (Old Pine Community Center),availability,Available
Grab and Go Meals (Old Pine Community Center),language,English
Grab and Go Meals (Old Pine Community Center),category,EmergencyFood
Grab and Go Meals (Old Pine Community Center),audience,Individuals
Grab and Go Meals (Old Pine Community Center),category,FoodPantry
Grab and Go Meals (Old Pine Community Center),audience,Families
Grab and Go Meals (Old Pine Community Center),service type,Food
Grab and Go Meals (Old Pine Community Center),postalCode,"""19146"""
Grab and Go Meals (Old Pine Community Center),postalCode,"""19147"""
Grab and Go Meals (Old Pine Community Center),url,"""https://www.facebook.com/OldPineCommunityCenter/"""
Grab and Go Meals (Old Pine Community Center),url,"""None"""
Grab and Go Meals (Old Pine Community Center),identifier,"""Grab and Go Meals (Old Pine Community Center)_5481658659373056"""
Grab and Go Meals (Old Pine Community Center),name,"""Grab and Go Meals (Old Pine Community Center)"""
Grab and Go Meals (Old Pine Community Center),name,""""""
Grab and Go Meals (Old Pine Community Center),hasMap,XMLSchema#anyUri
Grab and Go Meals (Old Pine Community Center),areaServed,"""This program covers residents of the following cities: Philadelphia, PA."""
Grab and Go Meals (Old Pine Community Center),provider,Grab and Go Meals (Old Pine Community Center)
Grab and Go Meals (Old Pine Community Center),address,"""401 Lombard Street, Philadelphia, PA 19147"""
Grab and Go Meals (Old Pine Community Center),longitude,XMLSchema#decimal
Grab and Go Meals (Old Pine Community Center),longitude,XMLSchema#decimal
Grab and Go Meals (Old Pine Community Center),availableChannel,AB-Grab and Go Meals (Old Pine Community Center)
Grab and Go Meals (Old Pine Community Center),availableChannel,P-Grab and Go Meals (Old Pine Community Center)
Grab and Go Meals (Old Pine Community Center),containedInPlace,19146
Grab and Go Meals (Old Pine Community Center),containedInPlace,19147
Grab and Go Meals (Old Pine Community Center),description,Grab and Go Meals (Old Pine Community Center)
Grab and Go Meals (Old Pine Community Center),telephone,"""tel:+1-215-627-2493"""
Grab and Go Meals (Old Pine Community Center),text,"""The Old Pine Community Center provides Grab and Go Meals to those who need them. They supply critical nutrition to hungry individuals.This program provides:- Meals to meet basic nutritional needs"""
Grab and Go Meals (Old Pine Community Center),xmlschema11-2#time,"""Monday Closed"
Grab and Go Meals (Old Pine Community Center),xmlschema11-2#time,"""Monday from 08:00 to 17:00"""
Grab and Go Meals (Old Pine Community Center),xmlschema11-2#time,"""Saturday Closed"
Grab and Go Meals (Old Pine Community Center),xmlschema11-2#time,"""Tuesday from 08:00 to 17:00"""
Grab and Go Meals (Old Pine Community Center),xmlschema11-2#time,"""Wednesday Closed"
Grab and Go Meals (Old Pine Community Center),xmlschema11-2#time,"""Friday from 08:00 to 17:00"""
Grab and Go Meals (Old Pine Community Center),xmlschema11-2#time,"""Saturday from 10:00 to 12:00"""
Grab and Go Meals (Old Pine Community Center),xmlschema11-2#time,"""Thursday Closed"
Grab and Go Meals (Old Pine Community Center),xmlschema11-2#time,"""Sunday Closed"
Grab and Go Meals (Old Pine Community Center),xmlschema11-2#time,"""Wednesday from 08:00 to 17:00"""
Grab and Go Meals (Old Pine Community Center),xmlschema11-2#time,"""Tuesday Closed"
Grab and Go Meals (Old Pine Community Center),xmlschema11-2#time,"""Friday Closed"
Grab and Go Meals (Old Pine Community Center),xmlschema11-2#time,"""Sunday from 10:00 to 12:00"""
Grab and Go Meals (Old Pine Community Center),xmlschema11-2#time,"""Thursday from 08:00 to 17:00"""
Grab and Go Meals (Old Pine Community Center),conditionsOfAccess,"""Anyone can access this service."""
Whole Foods Distribution (St. Peter's Evangelical Lutheran Church),latitude,40.0676098
Whole Foods Distribution (St. Peter's Evangelical Lutheran Church),audience,AnyoneInNeed
Whole Foods Distribution (St. Peter's Evangelical Lutheran Church),category,FoodPantry
Whole Foods Distribution (St. Peter's Evangelical Lutheran Church),category,FoodPantry
Whole Foods Distribution (St. Peter's Evangelical Lutheran Church),audience,Families
Whole Foods Distribution (St. Peter's Evangelical Lutheran Church),language,English
Whole Foods Distribution (St. Peter's Evangelical Lutheran Church),audience,AllAges
Whole Foods Distribution (St. Peter's Evangelical Lutheran Church),availability,Available
Whole Foods Distribution (St. Peter's Evangelical Lutheran Church),cost,Free
Whole Foods Distribution (St. Peter's Evangelical Lutheran Church),audience,Individuals
Whole Foods Distribution (St. Peter's Evangelical Lutheran Church),service type,Food
Whole Foods Distribution (St. Peter's Evangelical Lutheran Church),postalCode,"""19138"""
Whole Foods Distribution (St. Peter's Evangelical Lutheran Church),url,"""None"""
Whole Foods Distribution (St. Peter's Evangelical Lutheran Church),url,"""https://www.facebook.com/StPeterswol/"""
Whole Foods Distribution (St. Peter's Evangelical Lutheran Church),identifier,"""Whole Foods Distribution (St. Peter's Evangelical Lutheran Church)_4649723083096064"""
Whole Foods Distribution (St. Peter's Evangelical Lutheran Church),name,"""Whole Foods Distribution (St. Peter's Evangelical Lutheran Church)"""
Whole Foods Distribution (St. Peter's Evangelical Lutheran Church),name,""""""
Whole Foods Distribution (St. Peter's Evangelical Lutheran Church),hasMap,XMLSchema#anyUri
Whole Foods Distribution (St. Peter's Evangelical Lutheran Church),areaServed,"""This program covers residents of the following counties: Philadelphia County, PA."""
Whole Foods Distribution (St. Peter's Evangelical Lutheran Church),provider,Whole Foods Distribution (St. Peter's Evangelical Lutheran Church)
Whole Foods Distribution (St. Peter's Evangelical Lutheran Church),address,"""2167 74th Avenue, Philadelphia, PA 19138"""
Whole Foods Distribution (St. Peter's Evangelical Lutheran Church),longitude,XMLSchema#decimal
Whole Foods Distribution (St. Peter's Evangelical Lutheran Church),availableChannel,AB-Whole Foods Distribution (St. Peter's Evangelical Lutheran Church)
Whole Foods Distribution (St. Peter's Evangelical Lutheran Church),availableChannel,P-Whole Foods Distribution (St. Peter's Evangelical Lutheran Church)
Whole Foods Distribution (St. Peter's Evangelical Lutheran Church),containedInPlace,19138
Whole Foods Distribution (St. Peter's Evangelical Lutheran Church),description,Whole Foods Distribution (St. Peter's Evangelical Lutheran Church)
Whole Foods Distribution (St. Peter's Evangelical Lutheran Church),telephone,"""tel:+1-215-424-5122"""
Whole Foods Distribution (St. Peter's Evangelical Lutheran Church),text,"""St. Peter's offers a twice monthly fresh food distribution to anyone who is in need in the community. Services provided:- Fresh food to meet basic nutritional needs The only information required is a name, number of people in the household, and a phone number."""
Whole Foods Distribution (St. Peter's Evangelical Lutheran Church),xmlschema11-2#time,"""Thursday Closed"
Whole Foods Distribution (St. Peter's Evangelical Lutheran Church),xmlschema11-2#time,"""Tuesday Closed"
Whole Foods Distribution (St. Peter's Evangelical Lutheran Church),xmlschema11-2#time,"""Saturday Closed"
Whole Foods Distribution (St. Peter's Evangelical Lutheran Church),xmlschema11-2#time,"""Sunday Closed"
Whole Foods Distribution (St. Peter's Evangelical Lutheran Church),xmlschema11-2#time,"""Monday Closed"
Whole Foods Distribution (St. Peter's Evangelical Lutheran Church),xmlschema11-2#time,"""Friday Closed"
Whole Foods Distribution (St. Peter's Evangelical Lutheran Church),xmlschema11-2#time,"""Wednesday from 10:30 to 12:00"""
Whole Foods Distribution (St. Peter's Evangelical Lutheran Church),conditionsOfAccess,"""Anyone can access this program."""
"Food Drive Give Away (Institute for the Development of African-American Youth, Inc. (IDAAY))",latitude,39.9880215
"Food Drive Give Away (Institute for the Development of African-American Youth, Inc. (IDAAY))",audience,Individuals
"Food Drive Give Away (Institute for the Development of African-American Youth, Inc. (IDAAY))",category,HelpPayForTransit
"Food Drive Give Away (Institute for the Development of African-American Youth, Inc. (IDAAY))",cost,Free
"Food Drive Give Away (Institute for the Development of African-American Youth, Inc. (IDAAY))",audience,AllAges
"Food Drive Give Away (Institute for the Development of African-American Youth, Inc. (IDAAY))",language,English
"Food Drive Give Away (Institute for the Development of African-American Youth, Inc. (IDAAY))",audience,Families
"Food Drive Give Away (Institute for the Development of African-American Youth, Inc. (IDAAY))",audience,AnyoneInNeed
"Food Drive Give Away (Institute for the Development of African-American Youth, Inc. (IDAAY))",category,Transportation
"Food Drive Give Away (Institute for the Development of African-American Youth, Inc. (IDAAY))",category,FoodPantry
"Food Drive Give Away (Institute for the Development of African-American Youth, Inc. (IDAAY))",availability,Available
"Food Drive Give Away (Institute for the Development of African-American Youth, Inc. (IDAAY))",service type,Food
"Food Drive Give Away (Institute for the Development of African-American Youth, Inc. (IDAAY))",postalCode,"""19132"""
"Food Drive Give Away (Institute for the Development of African-American Youth, Inc. (IDAAY))",url,"""https://www.facebook.com/idaayinc"""
"Food Drive Give Away (Institute for the Development of African-American Youth, Inc. (IDAAY))",url,"""https://www.twitter.com/@idaayinc"""
"Food Drive Give Away (Institute for the Development of African-American Youth, Inc. (IDAAY))",identifier,"""Food Drive Give Away (Institute for the Development of African-American Youth, Inc. (IDAAY))_5641437706321920"""
"Food Drive Give Away (Institute for the Development of African-American Youth, Inc. (IDAAY))",name,""""""
"Food Drive Give Away (Institute for the Development of African-American Youth, Inc. (IDAAY))",name,"""Food Drive Give Away (Institute for the Development of African-American Youth, Inc. (IDAAY))"""
"Food Drive Give Away (Institute for the Development of African-American Youth, Inc. (IDAAY))",hasMap,XMLSchema#anyUri
"Food Drive Give Away (Institute for the Development of African-American Youth, Inc. (IDAAY))",areaServed,"""This program covers residents of the following cities: Philadelphia, PA."""
"Food Drive Give Away (Institute for the Development of African-American Youth, Inc. (IDAAY))",provider,"Food Drive Give Away (Institute for the Development of African-American Youth, Inc. (IDAAY))"
"Food Drive Give Away (Institute for the Development of African-American Youth, Inc. (IDAAY))",address,"""2305 North Broad Street, Philadelphia, PA 19132"""
"Food Drive Give Away (Institute for the Development of African-American Youth, Inc. (IDAAY))",longitude,XMLSchema#decimal
"Food Drive Give Away (Institute for the Development of African-American Youth, Inc. (IDAAY))",availableChannel,"AB-Food Drive Give Away (Institute for the Development of African-American Youth, Inc. (IDAAY))"
"Food Drive Give Away (Institute for the Development of African-American Youth, Inc. (IDAAY))",availableChannel,"P-Food Drive Give Away (Institute for the Development of African-American Youth, Inc. (IDAAY))"
"Food Drive Give Away (Institute for the Development of African-American Youth, Inc. (IDAAY))",containedInPlace,19132
"Food Drive Give Away (Institute for the Development of African-American Youth, Inc. (IDAAY))",description,"Food Drive Give Away (Institute for the Development of African-American Youth, Inc. (IDAAY))"
"Food Drive Give Away (Institute for the Development of African-American Youth, Inc. (IDAAY))",telephone,"""tel:+1-215-235-9110"""
"Food Drive Give Away (Institute for the Development of African-American Youth, Inc. (IDAAY))",text,"""Institute for the Development of African-American Youth, Inc. (IDAAY) provides a Food Drive Give Away for individuals experiencing food insecurity who are living in Philadelphia, PAThis program provides:- Food to meet nutritional needsFood is distributed on a first come, first serve basis."""
"Food Drive Give Away (Institute for the Development of African-American Youth, Inc. (IDAAY))",xmlschema11-2#time,"""Saturday from 10:00 to 12:00"""
"Food Drive Give Away (Institute for the Development of African-American Youth, Inc. (IDAAY))",xmlschema11-2#time,"""Tuesday Closed"
"Food Drive Give Away (Institute for the Development of African-American Youth, Inc. (IDAAY))",xmlschema11-2#time,"""Sunday Closed"
"Food Drive Give Away (Institute for the Development of African-American Youth, Inc. (IDAAY))",xmlschema11-2#time,"""Monday Closed"
"Food Drive Give Away (Institute for the Development of African-American Youth, Inc. (IDAAY))",xmlschema11-2#time,"""Thursday Closed"
"Food Drive Give Away (Institute for the Development of African-American Youth, Inc. (IDAAY))",xmlschema11-2#time,"""Friday Closed"
"Food Drive Give Away (Institute for the Development of African-American Youth, Inc. (IDAAY))",xmlschema11-2#time,"""Wednesday Closed"
"Food Drive Give Away (Institute for the Development of African-American Youth, Inc. (IDAAY))",conditionsOfAccess,"""Must live in Philadelphia."""
Food Cupboard (Saint Vincent de Paul Church),latitude,40.0383304
Food Cupboard (Saint Vincent de Paul Church),availability,Available
Food Cupboard (Saint Vincent de Paul Church),audience,AnyoneInNeed
Food Cupboard (Saint Vincent de Paul Church),category,FoodPantry
Food Cupboard (Saint Vincent de Paul Church),language,English
Food Cupboard (Saint Vincent de Paul Church),category,FoodPantry
Food Cupboard (Saint Vincent de Paul Church),audience,AllAges
Food Cupboard (Saint Vincent de Paul Church),cost,Free
Food Cupboard (Saint Vincent de Paul Church),service type,Food
Food Cupboard (Saint Vincent de Paul Church),postalCode,"""19144"""
Food Cupboard (Saint Vincent de Paul Church),url,"""https://www.facebook.com/StVincentDePaulCatholicCommunity/"""
Food Cupboard (Saint Vincent de Paul Church),url,"""None"""
Food Cupboard (Saint Vincent de Paul Church),identifier,"""Food Cupboard (Saint Vincent de Paul Church)_5957549088833536"""
Food Cupboard (Saint Vincent de Paul Church),name,""""""
Food Cupboard (Saint Vincent de Paul Church),name,"""Food Cupboard (Saint Vincent de Paul Church)"""
Food Cupboard (Saint Vincent de Paul Church),hasMap,XMLSchema#anyUri
Food Cupboard (Saint Vincent de Paul Church),areaServed,"""This program covers residents of the following postal codes: 19119, 19138, 19144 and 19150."""
Food Cupboard (Saint Vincent de Paul Church),provider,Food Cupboard (Saint Vincent de Paul Church)
Food Cupboard (Saint Vincent de Paul Church),address,"""109 East Price Street, Philadelphia, PA 19144"""
Food Cupboard (Saint Vincent de Paul Church),longitude,XMLSchema#decimal
Food Cupboard (Saint Vincent de Paul Church),availableChannel,AB-Food Cupboard (Saint Vincent de Paul Church)
Food Cupboard (Saint Vincent de Paul Church),availableChannel,P-Food Cupboard (Saint Vincent de Paul Church)
Food Cupboard (Saint Vincent de Paul Church),containedInPlace,19144
Food Cupboard (Saint Vincent de Paul Church),description,Food Cupboard (Saint Vincent de Paul Church)
Food Cupboard (Saint Vincent de Paul Church),telephone,"""tel:+1-215-438-2925"""
Food Cupboard (Saint Vincent de Paul Church),text,"""The food pantry serves everyone from low income families, single parents, senior citizens, unemployed individuals, disabled veterans, working poor, and anyone else in need of our assistance. This program provides: - Food to meet basic nutritional needs"""
Food Cupboard (Saint Vincent de Paul Church),xmlschema11-2#time,"""Thursday from 09:00 to 17:00"""
Food Cupboard (Saint Vincent de Paul Church),xmlschema11-2#time,"""Wednesday from 09:00 to 17:00"""
Food Cupboard (Saint Vincent de Paul Church),xmlschema11-2#time,"""Tuesday from 09:00 to 17:00"""
Food Cupboard (Saint Vincent de Paul Church),xmlschema11-2#time,"""Saturday from 09:00 to 17:00"""
Food Cupboard (Saint Vincent de Paul Church),xmlschema11-2#time,"""Friday from 09:00 to 17:00"""
Food Cupboard (Saint Vincent de Paul Church),xmlschema11-2#time,"""Monday from 09:00 to 17:00"""
Food Cupboard (Saint Vincent de Paul Church),xmlschema11-2#time,"""Sunday from 09:00 to 17:00"""
Food Cupboard (Saint Vincent de Paul Church),conditionsOfAccess,"""Serves residents of 19119, 19138, 19144, and 19150."""
Jane Addams Place (Lutheran Settlement House),latitude,39.9935476
Jane Addams Place (Lutheran Settlement House),latitude,39.9935454
Jane Addams Place (Lutheran Settlement House),category,HelpFindHousing
Jane Addams Place (Lutheran Settlement House),audience,Homeless
Jane Addams Place (Lutheran Settlement House),audience,Female
Jane Addams Place (Lutheran Settlement House),category,Recreation
Jane Addams Place (Lutheran Settlement House),category,TemporaryShelter
Jane Addams Place (Lutheran Settlement House),category,CaseManagement
Jane Addams Place (Lutheran Settlement House),cost,Free
Jane Addams Place (Lutheran Settlement House),language,English
Jane Addams Place (Lutheran Settlement House),audience,WithChildren
Jane Addams Place (Lutheran Settlement House),category,ParentingEducation
Jane Addams Place (Lutheran Settlement House),audience,AllAges
Jane Addams Place (Lutheran Settlement House),category,MedicalCare
Jane Addams Place (Lutheran Settlement House),audience,Mothers
Jane Addams Place (Lutheran Settlement House),category,NavigatingTheSystem
Jane Addams Place (Lutheran Settlement House),category,MentalHealthCare
Jane Addams Place (Lutheran Settlement House),availability,Full
Jane Addams Place (Lutheran Settlement House),category,HealthEducation
Jane Addams Place (Lutheran Settlement House),audience,Families
Jane Addams Place (Lutheran Settlement House),service type,Food
Jane Addams Place (Lutheran Settlement House),service type,Shelter
Jane Addams Place (Lutheran Settlement House),postalCode,"""19133"""
Jane Addams Place (Lutheran Settlement House),postalCode,"""19104"""
Jane Addams Place (Lutheran Settlement House),url,"""https://www.facebook.com/pages/Lutheran-Settlement-House/152800584747421"""
Jane Addams Place (Lutheran Settlement House),url,"""https://www.twitter.com/@LSH1902"""
Jane Addams Place (Lutheran Settlement House),identifier,"""Jane Addams Place (Lutheran Settlement House)_5730442313465856"""
Jane Addams Place (Lutheran Settlement House),name,"""Jane Addams Place (Lutheran Settlement House)"""
Jane Addams Place (Lutheran Settlement House),name,""""""
Jane Addams Place (Lutheran Settlement House),hasMap,XMLSchema#anyUri
Jane Addams Place (Lutheran Settlement House),areaServed,"""This program covers residents of the following counties: Philadelphia County, PA."""
Jane Addams Place (Lutheran Settlement House),provider,Jane Addams Place (Lutheran Settlement House)
Jane Addams Place (Lutheran Settlement House),address,"""1007 West Lehigh Avenue,  Philadelphia, PA 19104"""
Jane Addams Place (Lutheran Settlement House),address,"""1007 West Lehigh Avenue, Philadelphia, PA 19104"""
Jane Addams Place (Lutheran Settlement House),longitude,XMLSchema#decimal
Jane Addams Place (Lutheran Settlement House),longitude,XMLSchema#decimal
Jane Addams Place (Lutheran Settlement House),availableChannel,AB-Jane Addams Place (Lutheran Settlement House)
Jane Addams Place (Lutheran Settlement House),availableChannel,P-Jane Addams Place (Lutheran Settlement House)
Jane Addams Place (Lutheran Settlement House),containedInPlace,19133
Jane Addams Place (Lutheran Settlement House),containedInPlace,19104
Jane Addams Place (Lutheran Settlement House),description,Jane Addams Place (Lutheran Settlement House)
Jane Addams Place (Lutheran Settlement House),telephone,"""tel:+1-215-387-2587"""
Jane Addams Place (Lutheran Settlement House),text,"""Jane Addams Place clients are admitted through Centralized Homeless Intake Services operated by the Office of Supportive Housing at the Appletree Family Center at 1430 Cherry Street, 215-686-7150. You must go through central intake for an initial assessment of your housing needs before placement. If you are currently experiencing homelessness, please visit the intake center."""
Jane Addams Place (Lutheran Settlement House),xmlschema11-2#time,"""Sunday from 00:00 to 23:59"""
Jane Addams Place (Lutheran Settlement House),xmlschema11-2#time,"""Monday from 08:00 to 17:00"""
Jane Addams Place (Lutheran Settlement House),xmlschema11-2#time,"""Friday from 00:00 to 23:59"""
Jane Addams Place (Lutheran Settlement House),xmlschema11-2#time,"""Wednesday from 00:00 to 23:59"""
Jane Addams Place (Lutheran Settlement House),xmlschema11-2#time,"""Tuesday from 00:00 to 23:59"""
Jane Addams Place (Lutheran Settlement House),xmlschema11-2#time,"""Saturday from 00:00 to 23:59"""
Jane Addams Place (Lutheran Settlement House),xmlschema11-2#time,"""Thursday from 08:00 to 17:00"""
Jane Addams Place (Lutheran Settlement House),xmlschema11-2#time,"""Sunday Closed"
Jane Addams Place (Lutheran Settlement House),xmlschema11-2#time,"""Wednesday from 08:00 to 17:00"""
Jane Addams Place (Lutheran Settlement House),xmlschema11-2#time,"""Saturday Closed"
Jane Addams Place (Lutheran Settlement House),xmlschema11-2#time,"""Friday from 08:00 to 17:00"""
Jane Addams Place (Lutheran Settlement House),xmlschema11-2#time,"""Thursday from 00:00 to 23:59"""
Jane Addams Place (Lutheran Settlement House),xmlschema11-2#time,"""Tuesday from 08:00 to 17:00"""
Jane Addams Place (Lutheran Settlement House),xmlschema11-2#time,"""Monday from 00:00 to 23:59"""
Jane Addams Place (Lutheran Settlement House),conditionsOfAccess,"""Centralized Homeless Intake assessment of eligibility required."""
Food and Clothing Pantry (Calvary Baptist Church),latitude,39.9710263
Food and Clothing Pantry (Calvary Baptist Church),category,FoodPantry
Food and Clothing Pantry (Calvary Baptist Church),category,Clothing
Food and Clothing Pantry (Calvary Baptist Church),audience,AllAges
Food and Clothing Pantry (Calvary Baptist Church),category,Clothing
Food and Clothing Pantry (Calvary Baptist Church),cost,Free
Food and Clothing Pantry (Calvary Baptist Church),availability,Available
Food and Clothing Pantry (Calvary Baptist Church),audience,AnyoneInNeed
Food and Clothing Pantry (Calvary Baptist Church),category,FoodPantry
Food and Clothing Pantry (Calvary Baptist Church),language,English
Food and Clothing Pantry (Calvary Baptist Church),service type,Food
Food and Clothing Pantry (Calvary Baptist Church),postalCode,"""19151"""
Food and Clothing Pantry (Calvary Baptist Church),url,"""https://www.facebook.com/CalvaryPhilly/"""
Food and Clothing Pantry (Calvary Baptist Church),url,"""https://www.twitter.com/@CalvaryPhilly"""
Food and Clothing Pantry (Calvary Baptist Church),identifier,"""Food and Clothing Pantry (Calvary Baptist Church)_5527695317532672"""
Food and Clothing Pantry (Calvary Baptist Church),name,"""Food and Clothing Pantry (Calvary Baptist Church)"""
Food and Clothing Pantry (Calvary Baptist Church),name,""""""
Food and Clothing Pantry (Calvary Baptist Church),hasMap,XMLSchema#anyUri
Food and Clothing Pantry (Calvary Baptist Church),areaServed,"""This program covers residents of the following cities: Philadelphia, PA."""
Food and Clothing Pantry (Calvary Baptist Church),provider,Food and Clothing Pantry (Calvary Baptist Church)
Food and Clothing Pantry (Calvary Baptist Church),address,"""6122 Haverford Avenue, Philadelphia, PA 19151"""
Food and Clothing Pantry (Calvary Baptist Church),longitude,XMLSchema#decimal
Food and Clothing Pantry (Calvary Baptist Church),availableChannel,AB-Food and Clothing Pantry (Calvary Baptist Church)
Food and Clothing Pantry (Calvary Baptist Church),availableChannel,P-Food and Clothing Pantry (Calvary Baptist Church)
Food and Clothing Pantry (Calvary Baptist Church),containedInPlace,19151
Food and Clothing Pantry (Calvary Baptist Church),description,Food and Clothing Pantry (Calvary Baptist Church)
Food and Clothing Pantry (Calvary Baptist Church),telephone,"""tel:+1-215-747-9979"""
Food and Clothing Pantry (Calvary Baptist Church),text,"""The food and clothing pantry serves everyone from low income families, single parents, senior citizens, unemployed individuals, disabled veterans, working poor, and anyone else that comes to the pantry.This program provides:- Food to meet basic nutritional needs- ClothingFood and clothing are distributed on Mondays and Wednesdays from 10am - 12pm."""
Food and Clothing Pantry (Calvary Baptist Church),xmlschema11-2#time,"""Saturday Closed"
Food and Clothing Pantry (Calvary Baptist Church),xmlschema11-2#time,"""Thursday Closed"
Food and Clothing Pantry (Calvary Baptist Church),xmlschema11-2#time,"""Sunday Closed"
Food and Clothing Pantry (Calvary Baptist Church),xmlschema11-2#time,"""Friday Closed"
Food and Clothing Pantry (Calvary Baptist Church),xmlschema11-2#time,"""Tuesday Closed"
Food and Clothing Pantry (Calvary Baptist Church),xmlschema11-2#time,"""Monday from 10:00 to 12:00"""
Food and Clothing Pantry (Calvary Baptist Church),xmlschema11-2#time,"""Wednesday from 10:00 to 12:00"""
Food and Clothing Pantry (Calvary Baptist Church),conditionsOfAccess,"""Anyone can access this program."""
My Brother's House (Bethesda Project),latitude,39.9435134
My Brother's House (Bethesda Project),latitude,39.9435352
My Brother's House (Bethesda Project),audience,AllAges
My Brother's House (Bethesda Project),audience,Male
My Brother's House (Bethesda Project),category,TemporaryShelter
My Brother's House (Bethesda Project),category,SafeHousing
My Brother's House (Bethesda Project),cost,Free
My Brother's House (Bethesda Project),language,English
My Brother's House (Bethesda Project),category,MentalHealthCare
My Brother's House (Bethesda Project),category,NavigatingTheSystem
My Brother's House (Bethesda Project),audience,NearHomeless
My Brother's House (Bethesda Project),category,CaseManagement
My Brother's House (Bethesda Project),audience,Homeless
My Brother's House (Bethesda Project),category,SubstanceAbuseCounseling
My Brother's House (Bethesda Project),availability,Available
My Brother's House (Bethesda Project),category,Meals
My Brother's House (Bethesda Project),audience,AllMentalHealth
My Brother's House (Bethesda Project),service type,Mental Health
My Brother's House (Bethesda Project),service type,Shelter
My Brother's House (Bethesda Project),service type,Food
My Brother's House (Bethesda Project),postalCode,"""19146"""
My Brother's House (Bethesda Project),url,"""https://www.twitter.com/@Bethesda_Proj"""
My Brother's House (Bethesda Project),url,"""https://www.facebook.com/BethesdaProject/"""
My Brother's House (Bethesda Project),identifier,"""My Brother's House (Bethesda Project)_5138871176658944"""
My Brother's House (Bethesda Project),name,""""""
My Brother's House (Bethesda Project),name,"""My Brother's House (Bethesda Project)"""
My Brother's House (Bethesda Project),hasMap,XMLSchema#anyUri
My Brother's House (Bethesda Project),areaServed,"""This program covers residents of the following counties: Philadelphia County, PA."""
My Brother's House (Bethesda Project),provider,My Brother's House (Bethesda Project)
My Brother's House (Bethesda Project),address,"""1630 South Street, Philadelphia, PA 19146"""
My Brother's House (Bethesda Project),address,"""609 South 15th Street, Philadelphia, PA 19146"""
My Brother's House (Bethesda Project),longitude,XMLSchema#decimal
My Brother's House (Bethesda Project),longitude,XMLSchema#decimal
My Brother's House (Bethesda Project),longitude,XMLSchema#decimal
My Brother's House (Bethesda Project),availableChannel,AB-My Brother's House (Bethesda Project)
My Brother's House (Bethesda Project),availableChannel,P-My Brother's House (Bethesda Project)
My Brother's House (Bethesda Project),containedInPlace,19146
My Brother's House (Bethesda Project),description,My Brother's House (Bethesda Project)
My Brother's House (Bethesda Project),telephone,"""tel:+1-215-985-1600"""
My Brother's House (Bethesda Project),text,"""My Brother's House program offers a safe heaven that provides pre-recovery housing and an array of supportive services to 20 vulnerable men with chronic mental illness and substance abuse problem. This program provides:- Temporary shelterIn addition to a safe place to stay, resident are provided with:- Meals- Social services"""
My Brother's House (Bethesda Project),xmlschema11-2#time,"""Monday from 00:00 to 23:59"""
My Brother's House (Bethesda Project),xmlschema11-2#time,"""Wednesday from 00:00 to 23:59"""
My Brother's House (Bethesda Project),xmlschema11-2#time,"""Thursday from 08:00 to 17:00"""
My Brother's House (Bethesda Project),xmlschema11-2#time,"""Sunday Closed"
My Brother's House (Bethesda Project),xmlschema11-2#time,"""Saturday from 00:00 to 23:59"""
My Brother's House (Bethesda Project),xmlschema11-2#time,"""Wednesday from 08:00 to 17:00"""
My Brother's House (Bethesda Project),xmlschema11-2#time,"""Tuesday from 00:00 to 23:59"""
My Brother's House (Bethesda Project),xmlschema11-2#time,"""Tuesday from 08:00 to 17:00"""
My Brother's House (Bethesda Project),xmlschema11-2#time,"""Friday from 00:00 to 23:59"""
My Brother's House (Bethesda Project),xmlschema11-2#time,"""Saturday Closed"
My Brother's House (Bethesda Project),xmlschema11-2#time,"""Friday from 08:00 to 17:00"""
My Brother's House (Bethesda Project),xmlschema11-2#time,"""Monday from 08:00 to 17:00"""
My Brother's House (Bethesda Project),xmlschema11-2#time,"""Sunday from 00:00 to 23:59"""
My Brother's House (Bethesda Project),xmlschema11-2#time,"""Thursday from 00:00 to 23:59"""
My Brother's House (Bethesda Project),conditionsOfAccess,"""This program serves homeless men."""
Mitzvah Food Program (Jewish Federation of Greater Philadelphia),latitude,40.1018023
Mitzvah Food Program (Jewish Federation of Greater Philadelphia),audience,AllAges
Mitzvah Food Program (Jewish Federation of Greater Philadelphia),audience,WithChildren
Mitzvah Food Program (Jewish Federation of Greater Philadelphia),category,FoodPantry
Mitzvah Food Program (Jewish Federation of Greater Philadelphia),cost,Free
Mitzvah Food Program (Jewish Federation of Greater Philadelphia),audience,Families
Mitzvah Food Program (Jewish Federation of Greater Philadelphia),availability,Available
Mitzvah Food Program (Jewish Federation of Greater Philadelphia),audience,Individuals
Mitzvah Food Program (Jewish Federation of Greater Philadelphia),language,English
Mitzvah Food Program (Jewish Federation of Greater Philadelphia),audience,AnyoneInNeed
Mitzvah Food Program (Jewish Federation of Greater Philadelphia),category,FoodPantry
Mitzvah Food Program (Jewish Federation of Greater Philadelphia),service type,Food
Mitzvah Food Program (Jewish Federation of Greater Philadelphia),postalCode,"""19116"""
Mitzvah Food Program (Jewish Federation of Greater Philadelphia),url,"""https://www.twitter.com/@JFedinPhilly"""
Mitzvah Food Program (Jewish Federation of Greater Philadelphia),url,"""https://www.facebook.com/jewishphilly"""
Mitzvah Food Program (Jewish Federation of Greater Philadelphia),identifier,"""Mitzvah Food Program (Jewish Federation of Greater Philadelphia)_4950645635284992"""
Mitzvah Food Program (Jewish Federation of Greater Philadelphia),name,""""""
Mitzvah Food Program (Jewish Federation of Greater Philadelphia),name,"""Mitzvah Food Program (Jewish Federation of Greater Philadelphia)"""
Mitzvah Food Program (Jewish Federation of Greater Philadelphia),hasMap,XMLSchema#anyUri
Mitzvah Food Program (Jewish Federation of Greater Philadelphia),areaServed,"""This program covers residents of the following counties: Berks County, PA, Chester County, PA, Delaware County, PA, Montgomery County, PA and Philadelphia County, PA."""
Mitzvah Food Program (Jewish Federation of Greater Philadelphia),provider,Mitzvah Food Program (Jewish Federation of Greater Philadelphia)
Mitzvah Food Program (Jewish Federation of Greater Philadelphia),address,"""10100 Jamison Avenue, Philadelphia, PA 19116"""
Mitzvah Food Program (Jewish Federation of Greater Philadelphia),longitude,XMLSchema#decimal
Mitzvah Food Program (Jewish Federation of Greater Philadelphia),availableChannel,AB-Mitzvah Food Program (Jewish Federation of Greater Philadelphia)
Mitzvah Food Program (Jewish Federation of Greater Philadelphia),availableChannel,P-Mitzvah Food Program (Jewish Federation of Greater Philadelphia)
Mitzvah Food Program (Jewish Federation of Greater Philadelphia),containedInPlace,19116
Mitzvah Food Program (Jewish Federation of Greater Philadelphia),description,Mitzvah Food Program (Jewish Federation of Greater Philadelphia)
Mitzvah Food Program (Jewish Federation of Greater Philadelphia),telephone,"""tel:+1-215-832-0620"""
Mitzvah Food Program (Jewish Federation of Greater Philadelphia),text,"""The Mitzvah Food Program addresses hunger and malnutrition by providing nutritious food and basic staples in a caring and dignified manner to individuals and families in need. Visitors choose the foods they like from the inventory, rather than receiving a one-size-fits-all package. There are five pantry locations throughout Greater Philadelphia that distribute non-perishable food packages and produce.This program provides:- Nutritious foodClients may visit twice per month.Please check the office notes for your closest locations regarding hours and availability."""
Mitzvah Food Program (Jewish Federation of Greater Philadelphia),xmlschema11-2#time,"""Friday from 07:00 to 12:30"""
Mitzvah Food Program (Jewish Federation of Greater Philadelphia),xmlschema11-2#time,"""Wednesday from 07:00 to 12:30"""
Mitzvah Food Program (Jewish Federation of Greater Philadelphia),xmlschema11-2#time,"""Monday Closed"
Mitzvah Food Program (Jewish Federation of Greater Philadelphia),xmlschema11-2#time,"""Sunday Closed"
Mitzvah Food Program (Jewish Federation of Greater Philadelphia),xmlschema11-2#time,"""Thursday from 07:00 to 12:30"""
Mitzvah Food Program (Jewish Federation of Greater Philadelphia),xmlschema11-2#time,"""Saturday Closed"
Mitzvah Food Program (Jewish Federation of Greater Philadelphia),xmlschema11-2#time,"""Tuesday from 10:00 to 15:00"""
Mitzvah Food Program (Jewish Federation of Greater Philadelphia),conditionsOfAccess,"""Anyone can access this program."""
Food Pantry (Project HOME),latitude,39.9831843
Food Pantry (Project HOME),audience,WithChildren
Food Pantry (Project HOME),audience,Families
Food Pantry (Project HOME),category,FoodPantry
Food Pantry (Project HOME),availability,Available
Food Pantry (Project HOME),cost,Free
Food Pantry (Project HOME),audience,AnyoneInNeed
Food Pantry (Project HOME),audience,Individuals
Food Pantry (Project HOME),language,English
Food Pantry (Project HOME),category,FoodPantry
Food Pantry (Project HOME),audience,AllAges
Food Pantry (Project HOME),service type,Food
Food Pantry (Project HOME),postalCode,"""19121"""
Food Pantry (Project HOME),url,"""None"""
Food Pantry (Project HOME),identifier,"""Food Pantry (Project HOME)_5485996744114176"""
Food Pantry (Project HOME),name,"""Food Pantry (Project HOME)"""
Food Pantry (Project HOME),name,""""""
Food Pantry (Project HOME),hasMap,XMLSchema#anyUri
Food Pantry (Project HOME),areaServed,"""This program covers residents of the following counties: Philadelphia County, PA."""
Food Pantry (Project HOME),provider,Food Pantry (Project HOME)
Food Pantry (Project HOME),address,"""1845 North 23rd Street, Philadelphia, PA 19121"""
Food Pantry (Project HOME),longitude,XMLSchema#decimal
Food Pantry (Project HOME),availableChannel,AB-Food Pantry (Project HOME)
Food Pantry (Project HOME),availableChannel,P-Food Pantry (Project HOME)
Food Pantry (Project HOME),containedInPlace,19121
Food Pantry (Project HOME),description,Food Pantry (Project HOME)
Food Pantry (Project HOME),telephone,"""tel:+1-215-235-3110"""
Food Pantry (Project HOME),text,"""Project HOME helps alleviate hunger in our community in an environment of respect, care and hospitality.This program provides:- Foods to meet basic nutritional needsPlease call for more information."""
Food Pantry (Project HOME),xmlschema11-2#time,"""Friday Closed"
Food Pantry (Project HOME),xmlschema11-2#time,"""Thursday from 10:30 to 12:30"""
Food Pantry (Project HOME),xmlschema11-2#time,"""Monday from 10:30 to 12:30"""
Food Pantry (Project HOME),xmlschema11-2#time,"""Tuesday Closed"
Food Pantry (Project HOME),xmlschema11-2#time,"""Wednesday from 10:30 to 12:30"""
Food Pantry (Project HOME),xmlschema11-2#time,"""Saturday Closed"
Food Pantry (Project HOME),xmlschema11-2#time,"""Sunday Closed"
Food Pantry (Project HOME),conditionsOfAccess,"""Anyone can access this program."""
Food Cabinet (Lutheran Church of the Holy Communion),latitude,39.952106
Food Cabinet (Lutheran Church of the Holy Communion),audience,Families
Food Cabinet (Lutheran Church of the Holy Communion),cost,Free
Food Cabinet (Lutheran Church of the Holy Communion),availability,Available
Food Cabinet (Lutheran Church of the Holy Communion),language,English
Food Cabinet (Lutheran Church of the Holy Communion),audience,AllAges
Food Cabinet (Lutheran Church of the Holy Communion),category,FoodPantry
Food Cabinet (Lutheran Church of the Holy Communion),category,FoodPantry
Food Cabinet (Lutheran Church of the Holy Communion),audience,Individuals
Food Cabinet (Lutheran Church of the Holy Communion),audience,AnyoneInNeed
Food Cabinet (Lutheran Church of the Holy Communion),service type,Food
Food Cabinet (Lutheran Church of the Holy Communion),postalCode,"""19103"""
Food Cabinet (Lutheran Church of the Holy Communion),url,"""https://www.facebook.com/LCHCintheCity/"""
Food Cabinet (Lutheran Church of the Holy Communion),url,"""https://www.twitter.com/@LCHCintheCity"""
Food Cabinet (Lutheran Church of the Holy Communion),identifier,"""Food Cabinet (Lutheran Church of the Holy Communion)_6332350651432960"""
Food Cabinet (Lutheran Church of the Holy Communion),name,""""""
Food Cabinet (Lutheran Church of the Holy Communion),name,"""Food Cabinet (Lutheran Church of the Holy Communion)"""
Food Cabinet (Lutheran Church of the Holy Communion),hasMap,XMLSchema#anyUri
Food Cabinet (Lutheran Church of the Holy Communion),areaServed,"""This program covers residents of the following cities: Philadelphia, PA."""
Food Cabinet (Lutheran Church of the Holy Communion),provider,Food Cabinet (Lutheran Church of the Holy Communion)
Food Cabinet (Lutheran Church of the Holy Communion),address,"""2110 Chestnut Street, Philadelphia, PA 19103"""
Food Cabinet (Lutheran Church of the Holy Communion),longitude,XMLSchema#decimal
Food Cabinet (Lutheran Church of the Holy Communion),availableChannel,AB-Food Cabinet (Lutheran Church of the Holy Communion)
Food Cabinet (Lutheran Church of the Holy Communion),availableChannel,P-Food Cabinet (Lutheran Church of the Holy Communion)
Food Cabinet (Lutheran Church of the Holy Communion),containedInPlace,19103
Food Cabinet (Lutheran Church of the Holy Communion),description,Food Cabinet (Lutheran Church of the Holy Communion)
Food Cabinet (Lutheran Church of the Holy Communion),telephone,"""tel:+1-215-567-3668"""
Food Cabinet (Lutheran Church of the Holy Communion),text,"""The Food Cabinet provides quality food items to households experiencing food insecurity. This program supplies critical nutrition to hungry individuals and families. This program provides:- Food to meet nutritional needsThis program is offered on the second Wednesday of the month."""
Food Cabinet (Lutheran Church of the Holy Communion),xmlschema11-2#time,"""Thursday Closed"
Food Cabinet (Lutheran Church of the Holy Communion),xmlschema11-2#time,"""Monday Closed"
Food Cabinet (Lutheran Church of the Holy Communion),xmlschema11-2#time,"""Sunday Closed"
Food Cabinet (Lutheran Church of the Holy Communion),xmlschema11-2#time,"""Friday Closed"
Food Cabinet (Lutheran Church of the Holy Communion),xmlschema11-2#time,"""Wednesday from 11:00 to 13:00"""
Food Cabinet (Lutheran Church of the Holy Communion),xmlschema11-2#time,"""Tuesday Closed"
Food Cabinet (Lutheran Church of the Holy Communion),xmlschema11-2#time,"""Saturday Closed"
Food Cabinet (Lutheran Church of the Holy Communion),conditionsOfAccess,"""Anyone can access this program."""
Feeding Ministry (Willow Grove Seventh-day Adventist Church),latitude,40.0116705
Feeding Ministry (Willow Grove Seventh-day Adventist Church),category,FoodPantry
Feeding Ministry (Willow Grove Seventh-day Adventist Church),audience,AllAges
Feeding Ministry (Willow Grove Seventh-day Adventist Church),audience,Individuals
Feeding Ministry (Willow Grove Seventh-day Adventist Church),language,English
Feeding Ministry (Willow Grove Seventh-day Adventist Church),audience,AnyoneInNeed
Feeding Ministry (Willow Grove Seventh-day Adventist Church),category,FoodPantry
Feeding Ministry (Willow Grove Seventh-day Adventist Church),cost,Free
Feeding Ministry (Willow Grove Seventh-day Adventist Church),audience,Families
Feeding Ministry (Willow Grove Seventh-day Adventist Church),availability,Available
Feeding Ministry (Willow Grove Seventh-day Adventist Church),service type,Food
Feeding Ministry (Willow Grove Seventh-day Adventist Church),postalCode,"""19124"""
Feeding Ministry (Willow Grove Seventh-day Adventist Church),url,"""None"""
Feeding Ministry (Willow Grove Seventh-day Adventist Church),identifier,"""Feeding Ministry (Willow Grove Seventh-day Adventist Church)_5178565305827328"""
Feeding Ministry (Willow Grove Seventh-day Adventist Church),name,""""""
Feeding Ministry (Willow Grove Seventh-day Adventist Church),name,"""Feeding Ministry (Willow Grove Seventh-day Adventist Church)"""
Feeding Ministry (Willow Grove Seventh-day Adventist Church),hasMap,XMLSchema#anyUri
Feeding Ministry (Willow Grove Seventh-day Adventist Church),areaServed,"""This program covers residents of the following counties: Montgomery County, PA and Philadelphia County, PA."""
Feeding Ministry (Willow Grove Seventh-day Adventist Church),provider,Feeding Ministry (Willow Grove Seventh-day Adventist Church)
Feeding Ministry (Willow Grove Seventh-day Adventist Church),address,"""4355 Paul Street, Philadelphia, PA 19124"""
Feeding Ministry (Willow Grove Seventh-day Adventist Church),longitude,XMLSchema#decimal
Feeding Ministry (Willow Grove Seventh-day Adventist Church),availableChannel,AB-Feeding Ministry (Willow Grove Seventh-day Adventist Church)
Feeding Ministry (Willow Grove Seventh-day Adventist Church),availableChannel,P-Feeding Ministry (Willow Grove Seventh-day Adventist Church)
Feeding Ministry (Willow Grove Seventh-day Adventist Church),containedInPlace,19124
Feeding Ministry (Willow Grove Seventh-day Adventist Church),description,Feeding Ministry (Willow Grove Seventh-day Adventist Church)
Feeding Ministry (Willow Grove Seventh-day Adventist Church),telephone,"""tel:+1-215-657-8364"""
Feeding Ministry (Willow Grove Seventh-day Adventist Church),text,"""Willow Grove Seventh-day Adventist Church engages in outreach each month by feeding those less fortunate out of our sister churchâ€™s site. Services include:- Food to meet basic nutritional needs"""
Feeding Ministry (Willow Grove Seventh-day Adventist Church),xmlschema11-2#time,"""Saturday Closed"
Feeding Ministry (Willow Grove Seventh-day Adventist Church),xmlschema11-2#time,"""Sunday Closed"
Feeding Ministry (Willow Grove Seventh-day Adventist Church),xmlschema11-2#time,"""Monday from 09:00 to 14:00"""
Feeding Ministry (Willow Grove Seventh-day Adventist Church),xmlschema11-2#time,"""Friday Closed"
Feeding Ministry (Willow Grove Seventh-day Adventist Church),xmlschema11-2#time,"""Wednesday from 09:00 to 14:00"""
Feeding Ministry (Willow Grove Seventh-day Adventist Church),xmlschema11-2#time,"""Thursday Closed"
Feeding Ministry (Willow Grove Seventh-day Adventist Church),xmlschema11-2#time,"""Tuesday from 09:00 to 14:00"""
Feeding Ministry (Willow Grove Seventh-day Adventist Church),conditionsOfAccess,"""Anyone can access this program."""
Helping Hands For The Hungry (Saint Cyprian Church),latitude,39.9539798
Helping Hands For The Hungry (Saint Cyprian Church),audience,AnyoneInNeed
Helping Hands For The Hungry (Saint Cyprian Church),language,English
Helping Hands For The Hungry (Saint Cyprian Church),category,SpiritualSupport
Helping Hands For The Hungry (Saint Cyprian Church),cost,Free
Helping Hands For The Hungry (Saint Cyprian Church),audience,AllAges
Helping Hands For The Hungry (Saint Cyprian Church),availability,Available
Helping Hands For The Hungry (Saint Cyprian Church),category,Clothing
Helping Hands For The Hungry (Saint Cyprian Church),category,FoodPantry
Helping Hands For The Hungry (Saint Cyprian Church),category,FoodPantry
Helping Hands For The Hungry (Saint Cyprian Church),audience,Individuals
Helping Hands For The Hungry (Saint Cyprian Church),category,Clothing
Helping Hands For The Hungry (Saint Cyprian Church),category,SpiritualSupport
Helping Hands For The Hungry (Saint Cyprian Church),audience,Families
Helping Hands For The Hungry (Saint Cyprian Church),category,Meals
Helping Hands For The Hungry (Saint Cyprian Church),category,Meals
Helping Hands For The Hungry (Saint Cyprian Church),service type,Food
Helping Hands For The Hungry (Saint Cyprian Church),postalCode,"""19143"""
Helping Hands For The Hungry (Saint Cyprian Church),url,"""https://www.twitter.com/@StCyprianPhilly"""
Helping Hands For The Hungry (Saint Cyprian Church),url,"""https://www.facebook.com/StCyprianPhilly/"""
Helping Hands For The Hungry (Saint Cyprian Church),identifier,"""Helping Hands For The Hungry (Saint Cyprian Church)_5375543808360448"""
Helping Hands For The Hungry (Saint Cyprian Church),name,""""""
Helping Hands For The Hungry (Saint Cyprian Church),name,"""Helping Hands For The Hungry (Saint Cyprian Church)"""
Helping Hands For The Hungry (Saint Cyprian Church),hasMap,XMLSchema#anyUri
Helping Hands For The Hungry (Saint Cyprian Church),areaServed,"""This program covers residents of the following counties: Philadelphia County, PA."""
Helping Hands For The Hungry (Saint Cyprian Church),provider,Helping Hands For The Hungry (Saint Cyprian Church)
Helping Hands For The Hungry (Saint Cyprian Church),address,"""525 Cobbs Creek Parkway, Philadelphia, PA 19143"""
Helping Hands For The Hungry (Saint Cyprian Church),longitude,XMLSchema#decimal
Helping Hands For The Hungry (Saint Cyprian Church),availableChannel,AB-Helping Hands For The Hungry (Saint Cyprian Church)
Helping Hands For The Hungry (Saint Cyprian Church),availableChannel,P-Helping Hands For The Hungry (Saint Cyprian Church)
Helping Hands For The Hungry (Saint Cyprian Church),containedInPlace,19143
Helping Hands For The Hungry (Saint Cyprian Church),description,Helping Hands For The Hungry (Saint Cyprian Church)
Helping Hands For The Hungry (Saint Cyprian Church),telephone,"""tel:+1-215-747-3250"""
Helping Hands For The Hungry (Saint Cyprian Church),text,"""Helping Hands for the Hungry is a ministry that serves the needy on the last Saturday of each month. Our volunteers provide a delicious hot meal, food bags, clothing, but most importantly prayer and Godâ€™s Word.This program provides:- Meals- Food pantry- Clothing"""
Helping Hands For The Hungry (Saint Cyprian Church),xmlschema11-2#time,"""Friday Closed"
Helping Hands For The Hungry (Saint Cyprian Church),xmlschema11-2#time,"""Tuesday Closed"
Helping Hands For The Hungry (Saint Cyprian Church),xmlschema11-2#time,"""Saturday Closed"
Helping Hands For The Hungry (Saint Cyprian Church),xmlschema11-2#time,"""Thursday Closed"
Helping Hands For The Hungry (Saint Cyprian Church),xmlschema11-2#time,"""Monday from 09:30 to 11:15"""
Helping Hands For The Hungry (Saint Cyprian Church),xmlschema11-2#time,"""Wednesday from 09:30 to 11:15"""
Helping Hands For The Hungry (Saint Cyprian Church),xmlschema11-2#time,"""Sunday Closed"
Helping Hands For The Hungry (Saint Cyprian Church),conditionsOfAccess,"""Anyone can access this program."""
Free Produce Markets No.2 (Children's Hospital of Philadelphia),latitude,39.9595846
Free Produce Markets No.2 (Children's Hospital of Philadelphia),audience,AllAges
Free Produce Markets No.2 (Children's Hospital of Philadelphia),category,FoodPantry
Free Produce Markets No.2 (Children's Hospital of Philadelphia),category,FoodPantry
Free Produce Markets No.2 (Children's Hospital of Philadelphia),availability,Available
Free Produce Markets No.2 (Children's Hospital of Philadelphia),audience,Individuals
Free Produce Markets No.2 (Children's Hospital of Philadelphia),language,English
Free Produce Markets No.2 (Children's Hospital of Philadelphia),cost,Free
Free Produce Markets No.2 (Children's Hospital of Philadelphia),audience,Families
Free Produce Markets No.2 (Children's Hospital of Philadelphia),service type,Food
Free Produce Markets No.2 (Children's Hospital of Philadelphia),postalCode,"""19139"""
Free Produce Markets No.2 (Children's Hospital of Philadelphia),url,"""None"""
Free Produce Markets No.2 (Children's Hospital of Philadelphia),identifier,"""Free Produce Markets No.2 (Children's Hospital of Philadelphia)_6006436119248896"""
Free Produce Markets No.2 (Children's Hospital of Philadelphia),name,""""""
Free Produce Markets No.2 (Children's Hospital of Philadelphia),name,"""Free Produce Markets No.2 (Children's Hospital of Philadelphia)"""
Free Produce Markets No.2 (Children's Hospital of Philadelphia),hasMap,XMLSchema#anyUri
Free Produce Markets No.2 (Children's Hospital of Philadelphia),areaServed,"""This program covers residents of the following cities: Philadelphia, PA."""
Free Produce Markets No.2 (Children's Hospital of Philadelphia),provider,Free Produce Markets No.2 (Children's Hospital of Philadelphia)
Free Produce Markets No.2 (Children's Hospital of Philadelphia),address,"""4865 Market Street, Philadelphia, PA 19139"""
Free Produce Markets No.2 (Children's Hospital of Philadelphia),longitude,XMLSchema#decimal
Free Produce Markets No.2 (Children's Hospital of Philadelphia),availableChannel,AB-Free Produce Markets No.2 (Children's Hospital of Philadelphia)
Free Produce Markets No.2 (Children's Hospital of Philadelphia),availableChannel,P-Free Produce Markets No.2 (Children's Hospital of Philadelphia)
Free Produce Markets No.2 (Children's Hospital of Philadelphia),containedInPlace,19139
Free Produce Markets No.2 (Children's Hospital of Philadelphia),description,Free Produce Markets No.2 (Children's Hospital of Philadelphia)
Free Produce Markets No.2 (Children's Hospital of Philadelphia),telephone,"""tel:+1-None"""
Free Produce Markets No.2 (Children's Hospital of Philadelphia),text,"""CHOP's free produce markets provides quality food items to households experiencing food insecurity. This program supplies critical nutrition to hungry individuals and families.This program provides:- Food to meet basic nutritional needsPlease bring your own bag when you visit. The market will be cancelled if it rains."""
Free Produce Markets No.2 (Children's Hospital of Philadelphia),xmlschema11-2#time,"""Thursday from 09:30 to 10:30"""
Free Produce Markets No.2 (Children's Hospital of Philadelphia),xmlschema11-2#time,"""Tuesday Closed"
Free Produce Markets No.2 (Children's Hospital of Philadelphia),xmlschema11-2#time,"""Friday Closed"
Free Produce Markets No.2 (Children's Hospital of Philadelphia),xmlschema11-2#time,"""Sunday Closed"
Free Produce Markets No.2 (Children's Hospital of Philadelphia),xmlschema11-2#time,"""Monday Closed"
Free Produce Markets No.2 (Children's Hospital of Philadelphia),xmlschema11-2#time,"""Wednesday Closed"
Free Produce Markets No.2 (Children's Hospital of Philadelphia),xmlschema11-2#time,"""Saturday Closed"
Free Produce Markets No.2 (Children's Hospital of Philadelphia),conditionsOfAccess,"""Anyone can access this program."""
Food Pantry (St. Paul Metropolitan A.M.E. Church),latitude,39.8977253
Food Pantry (St. Paul Metropolitan A.M.E. Church),audience,Individuals
Food Pantry (St. Paul Metropolitan A.M.E. Church),cost,Free
Food Pantry (St. Paul Metropolitan A.M.E. Church),audience,AnyoneInNeed
Food Pantry (St. Paul Metropolitan A.M.E. Church),audience,Families
Food Pantry (St. Paul Metropolitan A.M.E. Church),category,FoodPantry
Food Pantry (St. Paul Metropolitan A.M.E. Church),language,English
Food Pantry (St. Paul Metropolitan A.M.E. Church),category,FoodPantry
Food Pantry (St. Paul Metropolitan A.M.E. Church),audience,AllAges
Food Pantry (St. Paul Metropolitan A.M.E. Church),availability,Available
Food Pantry (St. Paul Metropolitan A.M.E. Church),service type,Food
Food Pantry (St. Paul Metropolitan A.M.E. Church),postalCode,"""19153"""
Food Pantry (St. Paul Metropolitan A.M.E. Church),url,"""None"""
Food Pantry (St. Paul Metropolitan A.M.E. Church),identifier,"""Food Pantry (St. Paul Metropolitan A.M.E. Church)_5184746006904832"""
Food Pantry (St. Paul Metropolitan A.M.E. Church),name,""""""
Food Pantry (St. Paul Metropolitan A.M.E. Church),name,"""Food Pantry (St. Paul Metropolitan A.M.E. Church)"""
Food Pantry (St. Paul Metropolitan A.M.E. Church),hasMap,XMLSchema#anyUri
Food Pantry (St. Paul Metropolitan A.M.E. Church),areaServed,"""This program covers residents of the following cities: Philadelphia, PA."""
Food Pantry (St. Paul Metropolitan A.M.E. Church),provider,Food Pantry (St. Paul Metropolitan A.M.E. Church)
Food Pantry (St. Paul Metropolitan A.M.E. Church),address,"""8398 Lindbergh Boulevard, Philadelphia, PA 19153"""
Food Pantry (St. Paul Metropolitan A.M.E. Church),longitude,XMLSchema#decimal
Food Pantry (St. Paul Metropolitan A.M.E. Church),availableChannel,AB-Food Pantry (St. Paul Metropolitan A.M.E. Church)
Food Pantry (St. Paul Metropolitan A.M.E. Church),availableChannel,P-Food Pantry (St. Paul Metropolitan A.M.E. Church)
Food Pantry (St. Paul Metropolitan A.M.E. Church),containedInPlace,19153
Food Pantry (St. Paul Metropolitan A.M.E. Church),description,Food Pantry (St. Paul Metropolitan A.M.E. Church)
Food Pantry (St. Paul Metropolitan A.M.E. Church),telephone,"""tel:+1-215-365-3330"""
Food Pantry (St. Paul Metropolitan A.M.E. Church),text,"""St. Paul Metropolitan A.M.E. Church provides a food pantry for members of their community. The food pantry serves close to 100 families each Thursday.This program provides:- Food to meet basic nutritional needs"""
Food Pantry (St. Paul Metropolitan A.M.E. Church),xmlschema11-2#time,"""Monday Closed"
Food Pantry (St. Paul Metropolitan A.M.E. Church),xmlschema11-2#time,"""Sunday Closed"
Food Pantry (St. Paul Metropolitan A.M.E. Church),xmlschema11-2#time,"""Tuesday Closed"
Food Pantry (St. Paul Metropolitan A.M.E. Church),xmlschema11-2#time,"""Friday Closed"
Food Pantry (St. Paul Metropolitan A.M.E. Church),xmlschema11-2#time,"""Thursday from 08:00 to 17:00"""
Food Pantry (St. Paul Metropolitan A.M.E. Church),xmlschema11-2#time,"""Wednesday Closed"
Food Pantry (St. Paul Metropolitan A.M.E. Church),xmlschema11-2#time,"""Saturday Closed"
Food Pantry (St. Paul Metropolitan A.M.E. Church),conditionsOfAccess,"""Anyone can access this program."""
Food Pantry (Lutheran Settlement House),latitude,39.9714613
Food Pantry (Lutheran Settlement House),language,Spanish
Food Pantry (Lutheran Settlement House),availability,Available
Food Pantry (Lutheran Settlement House),category,FoodPantry
Food Pantry (Lutheran Settlement House),audience,Families
Food Pantry (Lutheran Settlement House),audience,AnyoneInNeed
Food Pantry (Lutheran Settlement House),language,InterpretationServicesAvailable
Food Pantry (Lutheran Settlement House),audience,AllAges
Food Pantry (Lutheran Settlement House),cost,Free
Food Pantry (Lutheran Settlement House),category,FoodPantry
Food Pantry (Lutheran Settlement House),language,English
Food Pantry (Lutheran Settlement House),audience,Individuals
Food Pantry (Lutheran Settlement House),service type,Food
Food Pantry (Lutheran Settlement House),postalCode,"""19125"""
Food Pantry (Lutheran Settlement House),url,"""https://www.twitter.com/@LSHphilly"""
Food Pantry (Lutheran Settlement House),url,"""https://www.facebook.com/LutheranSettlementHouse"""
Food Pantry (Lutheran Settlement House),identifier,"""Food Pantry (Lutheran Settlement House)_5347200206372864"""
Food Pantry (Lutheran Settlement House),name,""""""
Food Pantry (Lutheran Settlement House),name,"""Food Pantry (Lutheran Settlement House)"""
Food Pantry (Lutheran Settlement House),hasMap,XMLSchema#anyUri
Food Pantry (Lutheran Settlement House),areaServed,"""This program covers residents of the following cities: Philadelphia, PA."""
Food Pantry (Lutheran Settlement House),provider,Food Pantry (Lutheran Settlement House)
Food Pantry (Lutheran Settlement House),address,"""1340 Frankford Avenue, Philadelphia, PA 19125"""
Food Pantry (Lutheran Settlement House),longitude,XMLSchema#decimal
Food Pantry (Lutheran Settlement House),availableChannel,AB-Food Pantry (Lutheran Settlement House)
Food Pantry (Lutheran Settlement House),availableChannel,P-Food Pantry (Lutheran Settlement House)
Food Pantry (Lutheran Settlement House),containedInPlace,19125
Food Pantry (Lutheran Settlement House),description,Food Pantry (Lutheran Settlement House)
Food Pantry (Lutheran Settlement House),telephone,"""tel:+1-215-426-8610"""
Food Pantry (Lutheran Settlement House),text,"""""""The Lutheran Settlement House helps alleviate hunger in the community by providing a food pantry. This food pantry supplies healthy food options to anyoneThis program provides:- Food to meet basic nutritional needsAll ages are welcome and no referrals, income information, or residential information are required. Participants may get food once a week. Participants should sign in at the front desk and bring their own bag."""""""
Food Pantry (Lutheran Settlement House),xmlschema11-2#time,"""Tuesday from 09:00 to 15:00"""
Food Pantry (Lutheran Settlement House),xmlschema11-2#time,"""Monday from 09:00 to 15:00"""
Food Pantry (Lutheran Settlement House),xmlschema11-2#time,"""Saturday Closed"
Food Pantry (Lutheran Settlement House),xmlschema11-2#time,"""Friday from 09:00 to 15:00"""
Food Pantry (Lutheran Settlement House),xmlschema11-2#time,"""Wednesday from 09:00 to 15:00"""
Food Pantry (Lutheran Settlement House),xmlschema11-2#time,"""Thursday from 09:00 to 15:00"""
Food Pantry (Lutheran Settlement House),xmlschema11-2#time,"""Sunday Closed"
Food Pantry (Lutheran Settlement House),conditionsOfAccess,"""Anyone can access this program."""
Border Shelter Network and Call Center (Church World Service Inc),latitude,40.0383433
Border Shelter Network and Call Center (Church World Service Inc),category,SupportNetwork
Border Shelter Network and Call Center (Church World Service Inc),language,Arabic
Border Shelter Network and Call Center (Church World Service Inc),language,Haitian
Border Shelter Network and Call Center (Church World Service Inc),language,Punjabi
Border Shelter Network and Call Center (Church World Service Inc),category,Meals
Border Shelter Network and Call Center (Church World Service Inc),category,NavigatingTheSystem
Border Shelter Network and Call Center (Church World Service Inc),audience,Individuals
Border Shelter Network and Call Center (Church World Service Inc),availability,Available
Border Shelter Network and Call Center (Church World Service Inc),category,TemporaryShelter
Border Shelter Network and Call Center (Church World Service Inc),language,Turkish
Border Shelter Network and Call Center (Church World Service Inc),category,TemporaryShelter
Border Shelter Network and Call Center (Church World Service Inc),language,Russian
Border Shelter Network and Call Center (Church World Service Inc),audience,AllAges
Border Shelter Network and Call Center (Church World Service Inc),category,SupportNetwork
Border Shelter Network and Call Center (Church World Service Inc),language,Gujarati
Border Shelter Network and Call Center (Church World Service Inc),language,English
Border Shelter Network and Call Center (Church World Service Inc),audience,LimitedEnglish
Border Shelter Network and Call Center (Church World Service Inc),category,PersonalHygiene
Border Shelter Network and Call Center (Church World Service Inc),audience,Families
Border Shelter Network and Call Center (Church World Service Inc),cost,Free
Border Shelter Network and Call Center (Church World Service Inc),language,Hindi
Border Shelter Network and Call Center (Church World Service Inc),audience,AnyoneInNeed
Border Shelter Network and Call Center (Church World Service Inc),language,Armenian
Border Shelter Network and Call Center (Church World Service Inc),language,Ukrainian
Border Shelter Network and Call Center (Church World Service Inc),category,Meals
Border Shelter Network and Call Center (Church World Service Inc),audience,Refugees
Border Shelter Network and Call Center (Church World Service Inc),category,Clothing
Border Shelter Network and Call Center (Church World Service Inc),category,Clothing
Border Shelter Network and Call Center (Church World Service Inc),language,Spanish
Border Shelter Network and Call Center (Church World Service Inc),language,French
Border Shelter Network and Call Center (Church World Service Inc),category,PersonalHygiene
Border Shelter Network and Call Center (Church World Service Inc),audience,Undocumented
Border Shelter Network and Call Center (Church World Service Inc),language,Portuguese
Border Shelter Network and Call Center (Church World Service Inc),category,NavigatingTheSystem
Border Shelter Network and Call Center (Church World Service Inc),service type,Food
Border Shelter Network and Call Center (Church World Service Inc),postalCode,"""17602"""
Border Shelter Network and Call Center (Church World Service Inc),url,"""https://twitter.com/CWS_global"""
Border Shelter Network and Call Center (Church World Service Inc),url,"""https://www.facebook.com/churchworldservice"""
Border Shelter Network and Call Center (Church World Service Inc),identifier,"""Border Shelter Network and Call Center (Church World Service Inc)_4967372504694784"""
Border Shelter Network and Call Center (Church World Service Inc),name,"""Border Shelter Network and Call Center (Church World Service Inc)"""
Border Shelter Network and Call Center (Church World Service Inc),name,""""""
Border Shelter Network and Call Center (Church World Service Inc),hasMap,XMLSchema#anyUri
Border Shelter Network and Call Center (Church World Service Inc),areaServed,"""This program covers residents of the following states: CA, FL, GA, IL, IN, KY, MI, NE, NH, NY, OH, OR, PA, TX and VA."""
Border Shelter Network and Call Center (Church World Service Inc),provider,Border Shelter Network and Call Center (Church World Service Inc)
Border Shelter Network and Call Center (Church World Service Inc),address,"""308 East King Street, Lancaster, PA 17602"""
Border Shelter Network and Call Center (Church World Service Inc),longitude,XMLSchema#decimal
Border Shelter Network and Call Center (Church World Service Inc),availableChannel,AB-Border Shelter Network and Call Center (Church World Service Inc)
Border Shelter Network and Call Center (Church World Service Inc),availableChannel,P-Border Shelter Network and Call Center (Church World Service Inc)
Border Shelter Network and Call Center (Church World Service Inc),containedInPlace,17602
Border Shelter Network and Call Center (Church World Service Inc),description,Border Shelter Network and Call Center (Church World Service Inc)
Border Shelter Network and Call Center (Church World Service Inc),telephone,"""tel:+1-717-381-2890"""
Border Shelter Network and Call Center (Church World Service Inc),text,"""Church World Service Inc offers a network of respite shelters to assist those awaiting a court date with the US government after going through US custody. This program provides:- Short-term shelter- Meals- Clothing- Hygiene products- Access to telephones to call loved ones- Connection to resettlement offices, member congregations, sanctuary churches and other service providers that can assist with housing, legal services, support services and resource sharingCWS has refugee and immigration offices spread across different states. Many of these offices are managed through partnerships with local organizations, while some are directly overseen by CWS and as such set the standard for resettlement in local communities."""
Border Shelter Network and Call Center (Church World Service Inc),xmlschema11-2#time,"""Tuesday from 08:00 to 17:00"""
Border Shelter Network and Call Center (Church World Service Inc),xmlschema11-2#time,"""Friday from 08:00 to 17:00"""
Border Shelter Network and Call Center (Church World Service Inc),xmlschema11-2#time,"""Monday from 08:00 to 17:00"""
Border Shelter Network and Call Center (Church World Service Inc),xmlschema11-2#time,"""Saturday Closed"
Border Shelter Network and Call Center (Church World Service Inc),xmlschema11-2#time,"""Wednesday from 08:00 to 17:00"""
Border Shelter Network and Call Center (Church World Service Inc),xmlschema11-2#time,"""Sunday Closed"
Border Shelter Network and Call Center (Church World Service Inc),xmlschema11-2#time,"""Thursday from 08:00 to 17:00"""
Border Shelter Network and Call Center (Church World Service Inc),conditionsOfAccess,"""This program is available to anyone seeking refuge that was recently released from U.S. custody"""
Food Pantry (Annie's Kitchen Food Cupboard),latitude,40.0463325
Food Pantry (Annie's Kitchen Food Cupboard),audience,Families
Food Pantry (Annie's Kitchen Food Cupboard),category,FoodPantry
Food Pantry (Annie's Kitchen Food Cupboard),category,FoodPantry
Food Pantry (Annie's Kitchen Food Cupboard),audience,Individuals
Food Pantry (Annie's Kitchen Food Cupboard),cost,Free
Food Pantry (Annie's Kitchen Food Cupboard),language,English
Food Pantry (Annie's Kitchen Food Cupboard),audience,AllAges
Food Pantry (Annie's Kitchen Food Cupboard),availability,Available
Food Pantry (Annie's Kitchen Food Cupboard),service type,Food
Food Pantry (Annie's Kitchen Food Cupboard),postalCode,"""19141"""
Food Pantry (Annie's Kitchen Food Cupboard),url,"""None"""
Food Pantry (Annie's Kitchen Food Cupboard),identifier,"""Food Pantry (Annie's Kitchen Food Cupboard)_6598323073581056"""
Food Pantry (Annie's Kitchen Food Cupboard),name,""""""
Food Pantry (Annie's Kitchen Food Cupboard),name,"""Food Pantry (Annie's Kitchen Food Cupboard)"""
Food Pantry (Annie's Kitchen Food Cupboard),hasMap,XMLSchema#anyUri
Food Pantry (Annie's Kitchen Food Cupboard),areaServed,"""This program covers residents of the following cities: Philadelphia, PA."""
Food Pantry (Annie's Kitchen Food Cupboard),provider,Food Pantry (Annie's Kitchen Food Cupboard)
Food Pantry (Annie's Kitchen Food Cupboard),address,"""1980 Church Lane, Philadelphia, PA 19141"""
Food Pantry (Annie's Kitchen Food Cupboard),longitude,XMLSchema#decimal
Food Pantry (Annie's Kitchen Food Cupboard),availableChannel,AB-Food Pantry (Annie's Kitchen Food Cupboard)
Food Pantry (Annie's Kitchen Food Cupboard),availableChannel,P-Food Pantry (Annie's Kitchen Food Cupboard)
Food Pantry (Annie's Kitchen Food Cupboard),containedInPlace,19141
Food Pantry (Annie's Kitchen Food Cupboard),description,Food Pantry (Annie's Kitchen Food Cupboard)
Food Pantry (Annie's Kitchen Food Cupboard),telephone,"""tel:+1-215-848-0916"""
Food Pantry (Annie's Kitchen Food Cupboard),text,"""Annie's Kitchen Food Cupboard provides quality food items to households experiencing food insecurity. This program supplies critical nutrition to hungry individuals and families. This program provides:- Food to meet basic nutritional needsPlease call to arrange food pick up, the team is not in the building daily, but can come to give you food if arranged."""
Food Pantry (Annie's Kitchen Food Cupboard),xmlschema11-2#time,"""Thursday from 08:00 to 17:00"""
Food Pantry (Annie's Kitchen Food Cupboard),xmlschema11-2#time,"""Saturday Closed"
Food Pantry (Annie's Kitchen Food Cupboard),xmlschema11-2#time,"""Sunday Closed"
Food Pantry (Annie's Kitchen Food Cupboard),xmlschema11-2#time,"""Monday from 08:00 to 17:00"""
Food Pantry (Annie's Kitchen Food Cupboard),xmlschema11-2#time,"""Friday from 08:00 to 17:00"""
Food Pantry (Annie's Kitchen Food Cupboard),xmlschema11-2#time,"""Tuesday from 08:00 to 17:00"""
Food Pantry (Annie's Kitchen Food Cupboard),xmlschema11-2#time,"""Wednesday from 08:00 to 17:00"""
Food Pantry (Annie's Kitchen Food Cupboard),conditionsOfAccess,"""Anyone can access this program."""
Food Cupboard (Germantown Avenue Crisis Ministry),latitude,40.0353389
Food Cupboard (Germantown Avenue Crisis Ministry),audience,AnyoneInNeed
Food Cupboard (Germantown Avenue Crisis Ministry),audience,LowIncome
Food Cupboard (Germantown Avenue Crisis Ministry),audience,Individuals
Food Cupboard (Germantown Avenue Crisis Ministry),availability,Available
Food Cupboard (Germantown Avenue Crisis Ministry),audience,InCrisis
Food Cupboard (Germantown Avenue Crisis Ministry),category,FoodPantry
Food Cupboard (Germantown Avenue Crisis Ministry),audience,AllAges
Food Cupboard (Germantown Avenue Crisis Ministry),cost,Free
Food Cupboard (Germantown Avenue Crisis Ministry),category,PersonalCareItems
Food Cupboard (Germantown Avenue Crisis Ministry),language,English
Food Cupboard (Germantown Avenue Crisis Ministry),service type,Food
Food Cupboard (Germantown Avenue Crisis Ministry),postalCode,"""19144"""
Food Cupboard (Germantown Avenue Crisis Ministry),url,"""None"""
Food Cupboard (Germantown Avenue Crisis Ministry),identifier,"""Food Cupboard (Germantown Avenue Crisis Ministry)_5535605282832384"""
Food Cupboard (Germantown Avenue Crisis Ministry),name,"""Food Cupboard (Germantown Avenue Crisis Ministry)"""
Food Cupboard (Germantown Avenue Crisis Ministry),name,""""""
Food Cupboard (Germantown Avenue Crisis Ministry),hasMap,XMLSchema#anyUri
Food Cupboard (Germantown Avenue Crisis Ministry),areaServed,"""This program covers residents of the following postal codes: 19126, 19138, 19144, 19150, 19118 and 19119."""
Food Cupboard (Germantown Avenue Crisis Ministry),provider,Food Cupboard (Germantown Avenue Crisis Ministry)
Food Cupboard (Germantown Avenue Crisis Ministry),address,"""35 West Chelten Avenue, Philadelphia, PA 19144"""
Food Cupboard (Germantown Avenue Crisis Ministry),longitude,XMLSchema#decimal
Food Cupboard (Germantown Avenue Crisis Ministry),availableChannel,AB-Food Cupboard (Germantown Avenue Crisis Ministry)
Food Cupboard (Germantown Avenue Crisis Ministry),availableChannel,P-Food Cupboard (Germantown Avenue Crisis Ministry)
Food Cupboard (Germantown Avenue Crisis Ministry),containedInPlace,19144
Food Cupboard (Germantown Avenue Crisis Ministry),description,Food Cupboard (Germantown Avenue Crisis Ministry)
Food Cupboard (Germantown Avenue Crisis Ministry),telephone,"""tel:+1-215-843-2340"""
Food Cupboard (Germantown Avenue Crisis Ministry),text,"""Each week we supply 50 - 60 households with packages that include fresh and non-perishable foods. Using prescribed products and quantities, you are invited into the cupboard to choose the items you need. Packages supply food for 3 days and may be received once within a 30- day period.  This program provides:- Food to meet basic nutritional needsWhen available, personal hygiene items, baby products, and household cleaning supplies are provided for you."""
Food Cupboard (Germantown Avenue Crisis Ministry),xmlschema11-2#time,"""Tuesday Closed"
Food Cupboard (Germantown Avenue Crisis Ministry),xmlschema11-2#time,"""Saturday Closed"
Food Cupboard (Germantown Avenue Crisis Ministry),xmlschema11-2#time,"""Wednesday Closed"
Food Cupboard (Germantown Avenue Crisis Ministry),xmlschema11-2#time,"""Friday Closed"
Food Cupboard (Germantown Avenue Crisis Ministry),xmlschema11-2#time,"""Thursday from 10:00 to 12:00"""
Food Cupboard (Germantown Avenue Crisis Ministry),xmlschema11-2#time,"""Monday Closed"
Food Cupboard (Germantown Avenue Crisis Ministry),xmlschema11-2#time,"""Sunday Closed"
Food Cupboard (Germantown Avenue Crisis Ministry),conditionsOfAccess,"""Must reside in coverage area to receive assistance."""
Food Pantry (Holy Innocents Parish),latitude,40.0110273
Food Pantry (Holy Innocents Parish),audience,LowIncome
Food Pantry (Holy Innocents Parish),category,FoodPantry
Food Pantry (Holy Innocents Parish),audience,AllAges
Food Pantry (Holy Innocents Parish),category,FoodPantry
Food Pantry (Holy Innocents Parish),audience,Individuals
Food Pantry (Holy Innocents Parish),availability,Available
Food Pantry (Holy Innocents Parish),language,English
Food Pantry (Holy Innocents Parish),audience,Families
Food Pantry (Holy Innocents Parish),cost,Free
Food Pantry (Holy Innocents Parish),audience,AnyoneInNeed
Food Pantry (Holy Innocents Parish),service type,Food
Food Pantry (Holy Innocents Parish),postalCode,"""19124"""
Food Pantry (Holy Innocents Parish),url,"""https://www.twitter.com/https://www.youtube.com/channel/UCYquAEBK6ACcg2kPwL7XR1g"""
Food Pantry (Holy Innocents Parish),url,"""https://www.facebook.com/HolyInnocentsParish"""
Food Pantry (Holy Innocents Parish),identifier,"""Food Pantry (Holy Innocents Parish)_5191362260238336"""
Food Pantry (Holy Innocents Parish),name,"""Food Pantry (Holy Innocents Parish)"""
Food Pantry (Holy Innocents Parish),name,""""""
Food Pantry (Holy Innocents Parish),hasMap,XMLSchema#anyUri
Food Pantry (Holy Innocents Parish),areaServed,"""This program covers residents of the following cities: Philadelphia, PA."""
Food Pantry (Holy Innocents Parish),provider,Food Pantry (Holy Innocents Parish)
Food Pantry (Holy Innocents Parish),address,"""1337 East Hunting Park Avenue, Philadelphia, PA 19124"""
Food Pantry (Holy Innocents Parish),longitude,XMLSchema#decimal
Food Pantry (Holy Innocents Parish),availableChannel,AB-Food Pantry (Holy Innocents Parish)
Food Pantry (Holy Innocents Parish),availableChannel,P-Food Pantry (Holy Innocents Parish)
Food Pantry (Holy Innocents Parish),containedInPlace,19124
Food Pantry (Holy Innocents Parish),description,Food Pantry (Holy Innocents Parish)
Food Pantry (Holy Innocents Parish),telephone,"""tel:+1-215-743-2600"""
Food Pantry (Holy Innocents Parish),text,"""Our food pantry serves everyone from low income families, single parents, senior citizens, unemployed individuals, disabled veterans, working poor, and anyone else in need of our assistance.This program provides:- Food to meet basic nutritional needs"""
Food Pantry (Holy Innocents Parish),xmlschema11-2#time,"""Tuesday Closed"
Food Pantry (Holy Innocents Parish),xmlschema11-2#time,"""Friday from 10:00 to 14:00"""
Food Pantry (Holy Innocents Parish),xmlschema11-2#time,"""Saturday Closed"
Food Pantry (Holy Innocents Parish),xmlschema11-2#time,"""Monday Closed"
Food Pantry (Holy Innocents Parish),xmlschema11-2#time,"""Wednesday Closed"
Food Pantry (Holy Innocents Parish),xmlschema11-2#time,"""Thursday from 10:00 to 14:00"""
Food Pantry (Holy Innocents Parish),xmlschema11-2#time,"""Sunday Closed"
Food Pantry (Holy Innocents Parish),conditionsOfAccess,"""Anyone can access this program."""
Food Cupboard (Refuge Evangelical Baptist Church),latitude,40.0546799
Food Cupboard (Refuge Evangelical Baptist Church),cost,Free
Food Cupboard (Refuge Evangelical Baptist Church),language,English
Food Cupboard (Refuge Evangelical Baptist Church),audience,Individuals
Food Cupboard (Refuge Evangelical Baptist Church),category,FoodPantry
Food Cupboard (Refuge Evangelical Baptist Church),audience,Families
Food Cupboard (Refuge Evangelical Baptist Church),availability,Available
Food Cupboard (Refuge Evangelical Baptist Church),audience,AnyoneInNeed
Food Cupboard (Refuge Evangelical Baptist Church),category,FoodPantry
Food Cupboard (Refuge Evangelical Baptist Church),audience,AllAges
Food Cupboard (Refuge Evangelical Baptist Church),service type,Food
Food Cupboard (Refuge Evangelical Baptist Church),postalCode,"""19126"""
Food Cupboard (Refuge Evangelical Baptist Church),url,"""None"""
Food Cupboard (Refuge Evangelical Baptist Church),url,"""https://www.facebook.com/pg/www.rebc.org/about/?ref=page_internal"""
Food Cupboard (Refuge Evangelical Baptist Church),identifier,"""Food Cupboard (Refuge Evangelical Baptist Church)_4860746388471808"""
Food Cupboard (Refuge Evangelical Baptist Church),name,""""""
Food Cupboard (Refuge Evangelical Baptist Church),name,"""Food Cupboard (Refuge Evangelical Baptist Church)"""
Food Cupboard (Refuge Evangelical Baptist Church),hasMap,XMLSchema#anyUri
Food Cupboard (Refuge Evangelical Baptist Church),areaServed,"""This program covers residents of the following cities: Philadelphia, PA."""
Food Cupboard (Refuge Evangelical Baptist Church),provider,Food Cupboard (Refuge Evangelical Baptist Church)
Food Cupboard (Refuge Evangelical Baptist Church),address,"""1100 Oak Lane, Philadelphia, PA 19126"""
Food Cupboard (Refuge Evangelical Baptist Church),longitude,XMLSchema#decimal
Food Cupboard (Refuge Evangelical Baptist Church),availableChannel,AB-Food Cupboard (Refuge Evangelical Baptist Church)
Food Cupboard (Refuge Evangelical Baptist Church),availableChannel,P-Food Cupboard (Refuge Evangelical Baptist Church)
Food Cupboard (Refuge Evangelical Baptist Church),containedInPlace,19126
Food Cupboard (Refuge Evangelical Baptist Church),description,Food Cupboard (Refuge Evangelical Baptist Church)
Food Cupboard (Refuge Evangelical Baptist Church),telephone,"""tel:+1-215-224-2024"""
Food Cupboard (Refuge Evangelical Baptist Church),text,"""REBC's Food Cupboard provides a food pantry to help alleviate hunger in the community.This program provides:- Food to meet nutritional needs"""
Food Cupboard (Refuge Evangelical Baptist Church),xmlschema11-2#time,"""Saturday Closed"
Food Cupboard (Refuge Evangelical Baptist Church),xmlschema11-2#time,"""Thursday Closed"
Food Cupboard (Refuge Evangelical Baptist Church),xmlschema11-2#time,"""Wednesday Closed"
Food Cupboard (Refuge Evangelical Baptist Church),xmlschema11-2#time,"""Friday Closed"
Food Cupboard (Refuge Evangelical Baptist Church),xmlschema11-2#time,"""Sunday Closed"
Food Cupboard (Refuge Evangelical Baptist Church),xmlschema11-2#time,"""Monday Closed"
Food Cupboard (Refuge Evangelical Baptist Church),xmlschema11-2#time,"""Tuesday from 10:00 to 13:00"""
Food Cupboard (Refuge Evangelical Baptist Church),conditionsOfAccess,"""Anyone can access this program."""
Food Cupboard (Neighbor to Neighbor Community Development Corporation Inc),latitude,39.8999092
Food Cupboard (Neighbor to Neighbor Community Development Corporation Inc),audience,Families
Food Cupboard (Neighbor to Neighbor Community Development Corporation Inc),audience,AllAges
Food Cupboard (Neighbor to Neighbor Community Development Corporation Inc),audience,LowIncome
Food Cupboard (Neighbor to Neighbor Community Development Corporation Inc),category,FoodPantry
Food Cupboard (Neighbor to Neighbor Community Development Corporation Inc),availability,Available
Food Cupboard (Neighbor to Neighbor Community Development Corporation Inc),category,EmergencyFood
Food Cupboard (Neighbor to Neighbor Community Development Corporation Inc),category,FoodPantry
Food Cupboard (Neighbor to Neighbor Community Development Corporation Inc),cost,Free
Food Cupboard (Neighbor to Neighbor Community Development Corporation Inc),category,EmergencyFood
Food Cupboard (Neighbor to Neighbor Community Development Corporation Inc),language,English
Food Cupboard (Neighbor to Neighbor Community Development Corporation Inc),audience,Individuals
Food Cupboard (Neighbor to Neighbor Community Development Corporation Inc),service type,Food
Food Cupboard (Neighbor to Neighbor Community Development Corporation Inc),postalCode,"""19079"""
Food Cupboard (Neighbor to Neighbor Community Development Corporation Inc),url,"""None"""
Food Cupboard (Neighbor to Neighbor Community Development Corporation Inc),url,"""https://www.facebook.com/pages/category/Community-Organization/Neighbor-2-Neighbor-Darby-Twp-Sharon-Hill-1925119057550479/"""
Food Cupboard (Neighbor to Neighbor Community Development Corporation Inc),identifier,"""Food Cupboard (Neighbor to Neighbor Community Development Corporation Inc)_5147295688687616"""
Food Cupboard (Neighbor to Neighbor Community Development Corporation Inc),name,""""""
Food Cupboard (Neighbor to Neighbor Community Development Corporation Inc),name,"""Food Cupboard (Neighbor to Neighbor Community Development Corporation Inc)"""
Food Cupboard (Neighbor to Neighbor Community Development Corporation Inc),hasMap,XMLSchema#anyUri
Food Cupboard (Neighbor to Neighbor Community Development Corporation Inc),areaServed,"""This program covers residents of the following counties: Delaware County, PA."""
Food Cupboard (Neighbor to Neighbor Community Development Corporation Inc),provider,Food Cupboard (Neighbor to Neighbor Community Development Corporation Inc)
Food Cupboard (Neighbor to Neighbor Community Development Corporation Inc),address,"""814 Clifton Avenue, Sharon Hill, PA 19079"""
Food Cupboard (Neighbor to Neighbor Community Development Corporation Inc),longitude,XMLSchema#decimal
Food Cupboard (Neighbor to Neighbor Community Development Corporation Inc),availableChannel,AB-Food Cupboard (Neighbor to Neighbor Community Development Corporation Inc)
Food Cupboard (Neighbor to Neighbor Community Development Corporation Inc),availableChannel,P-Food Cupboard (Neighbor to Neighbor Community Development Corporation Inc)
Food Cupboard (Neighbor to Neighbor Community Development Corporation Inc),containedInPlace,19079
Food Cupboard (Neighbor to Neighbor Community Development Corporation Inc),description,Food Cupboard (Neighbor to Neighbor Community Development Corporation Inc)
Food Cupboard (Neighbor to Neighbor Community Development Corporation Inc),telephone,"""tel:+1-610-461-8140"""
Food Cupboard (Neighbor to Neighbor Community Development Corporation Inc),text,"""Neighbor to Neighbor's Food Cupboard, a food program, for Delaware County residents, delivers urgently needed food to low-income community residents. Each food package provides breakfast, lunch and dinner.This program provides:- Fresh vegetables & fruits- Dairy items- Eggs- Canned goods- Baked goods & pastries- Cereal- Poultry, fish, & meatWhen available, infant foods dietary supplements are distributed.Eligible households receive food packages one Thursday per month. Food packages may also be distributed on an emergency or one-time basis for any community household in need.In response to the COVID-19 pandemic, Neighbor to Neighbor Community Development Corporation, Inc. is no longer permitting non-essential staff inside of our building. When you arrive to utilize the food pantry. Please remain outside and a staff member will come to you."""
Food Cupboard (Neighbor to Neighbor Community Development Corporation Inc),xmlschema11-2#time,"""Saturday Closed"
Food Cupboard (Neighbor to Neighbor Community Development Corporation Inc),xmlschema11-2#time,"""Tuesday from 08:00 to 17:00"""
Food Cupboard (Neighbor to Neighbor Community Development Corporation Inc),xmlschema11-2#time,"""Monday Closed"
Food Cupboard (Neighbor to Neighbor Community Development Corporation Inc),xmlschema11-2#time,"""Friday from 08:00 to 17:00"""
Food Cupboard (Neighbor to Neighbor Community Development Corporation Inc),xmlschema11-2#time,"""Thursday from 08:00 to 17:00"""
Food Cupboard (Neighbor to Neighbor Community Development Corporation Inc),xmlschema11-2#time,"""Wednesday from 08:00 to 17:00"""
Food Cupboard (Neighbor to Neighbor Community Development Corporation Inc),conditionsOfAccess,"""This program serves Delaware County residents."""
Human Services (African Family Health Organization),latitude,39.9454475
Human Services (African Family Health Organization),audience,Families
Human Services (African Family Health Organization),category,MentalHealthCare
Human Services (African Family Health Organization),language,English
Human Services (African Family Health Organization),category,TemporaryShelter
Human Services (African Family Health Organization),audience,Immigrants
Human Services (African Family Health Organization),category,NavigatingTheSystem
Human Services (African Family Health Organization),language,Kinyarwanda
Human Services (African Family Health Organization),language,Yoruba
Human Services (African Family Health Organization),category,CaseManagement
Human Services (African Family Health Organization),category,MentalHealthCare
Human Services (African Family Health Organization),audience,Individuals
Human Services (African Family Health Organization),availability,Available
Human Services (African Family Health Organization),category,TemporaryShelter
Human Services (African Family Health Organization),language,French
Human Services (African Family Health Organization),category,NavigatingTheSystem
Human Services (African Family Health Organization),language,Arabic
Human Services (African Family Health Organization),audience,Refugees
Human Services (African Family Health Organization),cost,Free
Human Services (African Family Health Organization),category,CaseManagement
Human Services (African Family Health Organization),category,FoodPantry
Human Services (African Family Health Organization),category,FoodPantry
Human Services (African Family Health Organization),audience,AllAges
Human Services (African Family Health Organization),language,Swahili
Human Services (African Family Health Organization),service type,Mental Health
Human Services (African Family Health Organization),service type,Food
Human Services (African Family Health Organization),postalCode,"""19143"""
Human Services (African Family Health Organization),url,"""https://www.facebook.com/The-Salvation-Army-Nampa-Idaho-208522825852957/"""
Human Services (African Family Health Organization),url,"""https://www.twitter.com/@AFAHO"""
Human Services (African Family Health Organization),identifier,"""Human Services (African Family Health Organization)_5355967947210752"""
Human Services (African Family Health Organization),name,""""""
Human Services (African Family Health Organization),name,"""Human Services (African Family Health Organization)"""
Human Services (African Family Health Organization),hasMap,XMLSchema#anyUri
Human Services (African Family Health Organization),areaServed,"""This program covers residents of the following cities: Philadelphia, PA."""
Human Services (African Family Health Organization),provider,Human Services (African Family Health Organization)
Human Services (African Family Health Organization),address,"""2420 South 45th Street, Philadelphia, PA 19143"""
Human Services (African Family Health Organization),longitude,XMLSchema#decimal
Human Services (African Family Health Organization),longitude,XMLSchema#decimal
Human Services (African Family Health Organization),availableChannel,AB-Human Services (African Family Health Organization)
Human Services (African Family Health Organization),availableChannel,P-Human Services (African Family Health Organization)
Human Services (African Family Health Organization),containedInPlace,19143
Human Services (African Family Health Organization),description,Human Services (African Family Health Organization)
Human Services (African Family Health Organization),telephone,"""tel:+1-215-546-1232"""
Human Services (African Family Health Organization),text,"""Multi-lingual and bi-cultural case managers assist clients in mitigating the myriad of barriers they face in accessing critical health and social services which play a vital role in their successful integration, improved health, and ability to be self-sufficient. This program provides:- Behavioral health - Domestic violence awareness and support- Housing assistance and monthly food assistance- Elders' programming- Individual case management- Family case management"""
Human Services (African Family Health Organization),text,"""AFAHO’s multi-lingual and bi-cultural case managers assist clients in mitigating the myriad of barriers they face in accessing critical health and social services which play a vital role in their successful integration, improved health, and ability to be self-sufficient. This program provides:- Behavioral health - Domestic violence awareness and support- Housing assistance and monthly food assistance- Elders' programming- Individual case management- Family case management"""
Human Services (African Family Health Organization),xmlschema11-2#time,"""Friday from 08:00 to 17:00"""
Human Services (African Family Health Organization),xmlschema11-2#time,"""Thursday from 08:00 to 17:00"""
Human Services (African Family Health Organization),xmlschema11-2#time,"""Sunday Closed"
Human Services (African Family Health Organization),xmlschema11-2#time,"""Wednesday from 08:00 to 17:00"""
Human Services (African Family Health Organization),xmlschema11-2#time,"""Tuesday from 08:00 to 17:00"""
Human Services (African Family Health Organization),xmlschema11-2#time,"""Saturday Closed"
Human Services (African Family Health Organization),xmlschema11-2#time,"""Monday from 08:00 to 17:00"""
Human Services (African Family Health Organization),conditionsOfAccess,"""This program serves African and Caribbean immigrants/refugees."""
Siloam Food Pantry (Siloam Wellness),latitude,39.9679663
Siloam Food Pantry (Siloam Wellness),availability,Available
Siloam Food Pantry (Siloam Wellness),audience,Individuals
Siloam Food Pantry (Siloam Wellness),category,FoodPantry
Siloam Food Pantry (Siloam Wellness),audience,AnyoneInNeed
Siloam Food Pantry (Siloam Wellness),audience,Families
Siloam Food Pantry (Siloam Wellness),language,English
Siloam Food Pantry (Siloam Wellness),audience,HivAids
Siloam Food Pantry (Siloam Wellness),cost,Free
Siloam Food Pantry (Siloam Wellness),audience,AllAges
Siloam Food Pantry (Siloam Wellness),category,FoodPantry
Siloam Food Pantry (Siloam Wellness),service type,Food
Siloam Food Pantry (Siloam Wellness),postalCode,"""19123"""
Siloam Food Pantry (Siloam Wellness),url,"""https://www.facebook.com/SiloamWellness/"""
Siloam Food Pantry (Siloam Wellness),url,"""https://www.twitter.com/@siloam_wellness"""
Siloam Food Pantry (Siloam Wellness),identifier,"""Siloam Food Pantry (Siloam Wellness)_5951539990626304"""
Siloam Food Pantry (Siloam Wellness),name,""""""
Siloam Food Pantry (Siloam Wellness),name,"""Siloam Food Pantry (Siloam Wellness)"""
Siloam Food Pantry (Siloam Wellness),hasMap,XMLSchema#anyUri
Siloam Food Pantry (Siloam Wellness),areaServed,"""This program covers residents of the following cities: Philadelphia, PA."""
Siloam Food Pantry (Siloam Wellness),provider,Siloam Food Pantry (Siloam Wellness)
Siloam Food Pantry (Siloam Wellness),address,"""850 North 11th Street, Philadelphia, PA 19123"""
Siloam Food Pantry (Siloam Wellness),longitude,XMLSchema#decimal
Siloam Food Pantry (Siloam Wellness),availableChannel,AB-Siloam Food Pantry (Siloam Wellness)
Siloam Food Pantry (Siloam Wellness),availableChannel,P-Siloam Food Pantry (Siloam Wellness)
Siloam Food Pantry (Siloam Wellness),containedInPlace,19123
Siloam Food Pantry (Siloam Wellness),description,Siloam Food Pantry (Siloam Wellness)
Siloam Food Pantry (Siloam Wellness),telephone,"""tel:+1-215-765-6633"""
Siloam Food Pantry (Siloam Wellness),text,"""""""The Siloam Choice Food Pantry offers a selection of nutritional food to give individuals living with HIV/AIDS the  dignity and respect that comes with the ability to choose their mealsThis program provides:- Food to meet basic nutritional needs"""""""
Siloam Food Pantry (Siloam Wellness),xmlschema11-2#time,"""Saturday Closed"
Siloam Food Pantry (Siloam Wellness),xmlschema11-2#time,"""Friday from 08:00 to 17:00"""
Siloam Food Pantry (Siloam Wellness),xmlschema11-2#time,"""Monday from 08:00 to 17:00"""
Siloam Food Pantry (Siloam Wellness),xmlschema11-2#time,"""Thursday from 08:00 to 17:00"""
Siloam Food Pantry (Siloam Wellness),xmlschema11-2#time,"""Sunday Closed"
Siloam Food Pantry (Siloam Wellness),xmlschema11-2#time,"""Tuesday from 08:00 to 17:00"""
Siloam Food Pantry (Siloam Wellness),xmlschema11-2#time,"""Wednesday from 08:00 to 17:00"""
Siloam Food Pantry (Siloam Wellness),conditionsOfAccess,"""All individuals 18 years of age and over."""
Food Pantry (Women Walking in Victory Service Center),latitude,39.9933572
Food Pantry (Women Walking in Victory Service Center),category,FoodPantry
Food Pantry (Women Walking in Victory Service Center),audience,Families
Food Pantry (Women Walking in Victory Service Center),availability,Available
Food Pantry (Women Walking in Victory Service Center),audience,Individuals
Food Pantry (Women Walking in Victory Service Center),cost,Free
Food Pantry (Women Walking in Victory Service Center),audience,AllAges
Food Pantry (Women Walking in Victory Service Center),category,FoodPantry
Food Pantry (Women Walking in Victory Service Center),audience,AnyoneInNeed
Food Pantry (Women Walking in Victory Service Center),language,English
Food Pantry (Women Walking in Victory Service Center),service type,Food
Food Pantry (Women Walking in Victory Service Center),postalCode,"""19132"""
Food Pantry (Women Walking in Victory Service Center),url,"""None"""
Food Pantry (Women Walking in Victory Service Center),identifier,"""Food Pantry (Women Walking in Victory Service Center)_6298939728723968"""
Food Pantry (Women Walking in Victory Service Center),name,""""""
Food Pantry (Women Walking in Victory Service Center),name,"""Food Pantry (Women Walking in Victory Service Center)"""
Food Pantry (Women Walking in Victory Service Center),hasMap,XMLSchema#anyUri
Food Pantry (Women Walking in Victory Service Center),areaServed,"""This program covers residents of the following cities: Philadelphia, PA."""
Food Pantry (Women Walking in Victory Service Center),provider,Food Pantry (Women Walking in Victory Service Center)
Food Pantry (Women Walking in Victory Service Center),address,"""2441 North 29th Street, Philadelphia, PA 19132"""
Food Pantry (Women Walking in Victory Service Center),longitude,XMLSchema#decimal
Food Pantry (Women Walking in Victory Service Center),availableChannel,AB-Food Pantry (Women Walking in Victory Service Center)
Food Pantry (Women Walking in Victory Service Center),availableChannel,P-Food Pantry (Women Walking in Victory Service Center)
Food Pantry (Women Walking in Victory Service Center),containedInPlace,19132
Food Pantry (Women Walking in Victory Service Center),description,Food Pantry (Women Walking in Victory Service Center)
Food Pantry (Women Walking in Victory Service Center),telephone,"""tel:+1-215-908-5286"""
Food Pantry (Women Walking in Victory Service Center),text,"""The food pantry provides quality food items to households experiencing food insecurity. This program supplies critical nutrition to hungry individuals and families. This program provides:- Food to meet basic nutritional needs"""
Food Pantry (Women Walking in Victory Service Center),xmlschema11-2#time,"""Sunday Closed"
Food Pantry (Women Walking in Victory Service Center),xmlschema11-2#time,"""Monday Closed"
Food Pantry (Women Walking in Victory Service Center),xmlschema11-2#time,"""Tuesday from 09:00 to 11:00"""
Food Pantry (Women Walking in Victory Service Center),xmlschema11-2#time,"""Saturday Closed"
Food Pantry (Women Walking in Victory Service Center),xmlschema11-2#time,"""Thursday Closed"
Food Pantry (Women Walking in Victory Service Center),xmlschema11-2#time,"""Wednesday Closed"
Food Pantry (Women Walking in Victory Service Center),xmlschema11-2#time,"""Friday Closed"
Food Pantry (Women Walking in Victory Service Center),conditionsOfAccess,"""Anyone can access this program."""
Food Pantry (Bless Philadelphia),latitude,40.0201525
Food Pantry (Bless Philadelphia),category,FoodPantry
Food Pantry (Bless Philadelphia),availability,Available
Food Pantry (Bless Philadelphia),category,FoodPantry
Food Pantry (Bless Philadelphia),audience,Individuals
Food Pantry (Bless Philadelphia),cost,Free
Food Pantry (Bless Philadelphia),audience,Families
Food Pantry (Bless Philadelphia),language,English
Food Pantry (Bless Philadelphia),audience,AllAges
Food Pantry (Bless Philadelphia),audience,AnyoneInNeed
Food Pantry (Bless Philadelphia),service type,Food
Food Pantry (Bless Philadelphia),postalCode,"""19135"""
Food Pantry (Bless Philadelphia),url,"""None"""
Food Pantry (Bless Philadelphia),url,"""https://www.facebook.com/blessphiladelphia/"""
Food Pantry (Bless Philadelphia),identifier,"""Food Pantry (Bless Philadelphia)_5300839758692352"""
Food Pantry (Bless Philadelphia),name,"""Food Pantry (Bless Philadelphia)"""
Food Pantry (Bless Philadelphia),name,""""""
Food Pantry (Bless Philadelphia),hasMap,XMLSchema#anyUri
Food Pantry (Bless Philadelphia),areaServed,"""This program covers residents of the following cities: Philadelphia, PA."""
Food Pantry (Bless Philadelphia),provider,Food Pantry (Bless Philadelphia)
Food Pantry (Bless Philadelphia),address,"""4610 Devereaux Street, Philadelphia, PA 19135"""
Food Pantry (Bless Philadelphia),longitude,XMLSchema#decimal
Food Pantry (Bless Philadelphia),availableChannel,AB-Food Pantry (Bless Philadelphia)
Food Pantry (Bless Philadelphia),availableChannel,P-Food Pantry (Bless Philadelphia)
Food Pantry (Bless Philadelphia),containedInPlace,19135
Food Pantry (Bless Philadelphia),description,Food Pantry (Bless Philadelphia)
Food Pantry (Bless Philadelphia),telephone,"""tel:+1-None"""
Food Pantry (Bless Philadelphia),text,"""Bless Philadelphia promotes the Peace, Prosperity, Health and Safety of Philadelphians through compassionate community engagement. The food pantry serves residents of Philadelphia who complete a TEFAP self-declaration of need form (available on site) once per calendar year.  No ID is requiredThis program provides:- Food to meet basic nutritional needs"""
Food Pantry (Bless Philadelphia),xmlschema11-2#time,"""Wednesday from 12:00 to 17:00"""
Food Pantry (Bless Philadelphia),xmlschema11-2#time,"""Monday Closed"
Food Pantry (Bless Philadelphia),xmlschema11-2#time,"""Saturday Closed"
Food Pantry (Bless Philadelphia),xmlschema11-2#time,"""Sunday from 13:00 to 13:30"""
Food Pantry (Bless Philadelphia),xmlschema11-2#time,"""Tuesday Closed"
Food Pantry (Bless Philadelphia),xmlschema11-2#time,"""Thursday Closed"
Food Pantry (Bless Philadelphia),xmlschema11-2#time,"""Friday from 09:00 to 14:00"""
Food Pantry (Bless Philadelphia),conditionsOfAccess,"""Anyone in need can access this program."""
Food Pantry (The House of the Good Shepard Food Pantry),latitude,39.981957
Food Pantry (The House of the Good Shepard Food Pantry),audience,AnyoneInNeed
Food Pantry (The House of the Good Shepard Food Pantry),category,FoodPantry
Food Pantry (The House of the Good Shepard Food Pantry),category,FoodPantry
Food Pantry (The House of the Good Shepard Food Pantry),audience,Individuals
Food Pantry (The House of the Good Shepard Food Pantry),audience,AllAges
Food Pantry (The House of the Good Shepard Food Pantry),availability,Available
Food Pantry (The House of the Good Shepard Food Pantry),language,English
Food Pantry (The House of the Good Shepard Food Pantry),audience,Families
Food Pantry (The House of the Good Shepard Food Pantry),cost,Free
Food Pantry (The House of the Good Shepard Food Pantry),service type,Food
Food Pantry (The House of the Good Shepard Food Pantry),postalCode,"""19121"""
Food Pantry (The House of the Good Shepard Food Pantry),url,"""https://www.facebook.com/thehouseofthegoodshepherd/"""
Food Pantry (The House of the Good Shepard Food Pantry),identifier,"""Food Pantry (The House of the Good Shepard Food Pantry)_6020830977589248"""
Food Pantry (The House of the Good Shepard Food Pantry),name,"""Food Pantry (The House of the Good Shepard Food Pantry)"""
Food Pantry (The House of the Good Shepard Food Pantry),name,""""""
Food Pantry (The House of the Good Shepard Food Pantry),hasMap,XMLSchema#anyUri
Food Pantry (The House of the Good Shepard Food Pantry),areaServed,"""This program covers residents of the following cities: Philadelphia, PA."""
Food Pantry (The House of the Good Shepard Food Pantry),provider,Food Pantry (The House of the Good Shepard Food Pantry)
Food Pantry (The House of the Good Shepard Food Pantry),address,"""1716 North 27th Street, Philadelphia, PA 19121"""
Food Pantry (The House of the Good Shepard Food Pantry),longitude,XMLSchema#decimal
Food Pantry (The House of the Good Shepard Food Pantry),availableChannel,AB-Food Pantry (The House of the Good Shepard Food Pantry)
Food Pantry (The House of the Good Shepard Food Pantry),availableChannel,P-Food Pantry (The House of the Good Shepard Food Pantry)
Food Pantry (The House of the Good Shepard Food Pantry),containedInPlace,19121
Food Pantry (The House of the Good Shepard Food Pantry),description,Food Pantry (The House of the Good Shepard Food Pantry)
Food Pantry (The House of the Good Shepard Food Pantry),telephone,"""tel:+1-267-236-0937"""
Food Pantry (The House of the Good Shepard Food Pantry),text,"""The House of the Good Shepard Food Pantry offers food once a month to households in need. This program provides:- Food boxPlease visit our location for services or call us for more information."""
Food Pantry (The House of the Good Shepard Food Pantry),xmlschema11-2#time,"""Thursday Closed"
Food Pantry (The House of the Good Shepard Food Pantry),xmlschema11-2#time,"""Tuesday Closed"
Food Pantry (The House of the Good Shepard Food Pantry),xmlschema11-2#time,"""Sunday Closed"
Food Pantry (The House of the Good Shepard Food Pantry),xmlschema11-2#time,"""Wednesday Closed"
Food Pantry (The House of the Good Shepard Food Pantry),xmlschema11-2#time,"""Monday Closed"
Food Pantry (The House of the Good Shepard Food Pantry),xmlschema11-2#time,"""Friday Closed"
Food Pantry (The House of the Good Shepard Food Pantry),xmlschema11-2#time,"""Saturday from 10:00 to 12:00"""
Food Pantry (The House of the Good Shepard Food Pantry),conditionsOfAccess,"""Anyone can access this program."""
Food Pantry (Victory Outreach North Philly),latitude,40.028763
Food Pantry (Victory Outreach North Philly),availability,Available
Food Pantry (Victory Outreach North Philly),language,English
Food Pantry (Victory Outreach North Philly),cost,Free
Food Pantry (Victory Outreach North Philly),audience,Families
Food Pantry (Victory Outreach North Philly),audience,Individuals
Food Pantry (Victory Outreach North Philly),category,FoodPantry
Food Pantry (Victory Outreach North Philly),category,FoodPantry
Food Pantry (Victory Outreach North Philly),audience,AnyoneInNeed
Food Pantry (Victory Outreach North Philly),audience,AllAges
Food Pantry (Victory Outreach North Philly),service type,Food
Food Pantry (Victory Outreach North Philly),postalCode,"""19135"""
Food Pantry (Victory Outreach North Philly),url,"""None"""
Food Pantry (Victory Outreach North Philly),url,"""https://www.facebook.com/vonorthphilly/"""
Food Pantry (Victory Outreach North Philly),identifier,"""Food Pantry (Victory Outreach North Philly)_6251195793145856"""
Food Pantry (Victory Outreach North Philly),name,""""""
Food Pantry (Victory Outreach North Philly),name,"""Food Pantry (Victory Outreach North Philly)"""
Food Pantry (Victory Outreach North Philly),hasMap,XMLSchema#anyUri
Food Pantry (Victory Outreach North Philly),areaServed,"""This program covers residents of the following cities: Philadelphia, PA."""
Food Pantry (Victory Outreach North Philly),provider,Food Pantry (Victory Outreach North Philly)
Food Pantry (Victory Outreach North Philly),address,"""4500 Tyson Avenue, Philadelphia, PA 19135"""
Food Pantry (Victory Outreach North Philly),longitude,XMLSchema#decimal
Food Pantry (Victory Outreach North Philly),availableChannel,AB-Food Pantry (Victory Outreach North Philly)
Food Pantry (Victory Outreach North Philly),availableChannel,P-Food Pantry (Victory Outreach North Philly)
Food Pantry (Victory Outreach North Philly),containedInPlace,19135
Food Pantry (Victory Outreach North Philly),description,Food Pantry (Victory Outreach North Philly)
Food Pantry (Victory Outreach North Philly),telephone,"""tel:+1-267-344-9665"""
Food Pantry (Victory Outreach North Philly),telephone,"""tel:+1-215-600-6102"""
Food Pantry (Victory Outreach North Philly),text,"""Victory Outreach operates a Food Pantry to help meet the nutritional needs of individuals and families in Philadelphia.This program provides:- Food to meet basic nutritional needsPlease call to verify hours before attending."""
Food Pantry (Victory Outreach North Philly),xmlschema11-2#time,"""Wednesday from 09:00 to 12:00"""
Food Pantry (Victory Outreach North Philly),xmlschema11-2#time,"""Saturday Closed"
Food Pantry (Victory Outreach North Philly),xmlschema11-2#time,"""Friday Closed"
Food Pantry (Victory Outreach North Philly),xmlschema11-2#time,"""Monday Closed"
Food Pantry (Victory Outreach North Philly),xmlschema11-2#time,"""Thursday Closed"
Food Pantry (Victory Outreach North Philly),xmlschema11-2#time,"""Sunday Closed"
Food Pantry (Victory Outreach North Philly),xmlschema11-2#time,"""Tuesday Closed"
Food Pantry (Victory Outreach North Philly),conditionsOfAccess,"""Anyone can access this program."""
Nutrition Lunch and Learn (Frazier Family Coalition for Stroke Education and Prevention),latitude,39.9928236
Nutrition Lunch and Learn (Frazier Family Coalition for Stroke Education and Prevention),category,NutritionEducation
Nutrition Lunch and Learn (Frazier Family Coalition for Stroke Education and Prevention),category,FoodPantry
Nutrition Lunch and Learn (Frazier Family Coalition for Stroke Education and Prevention),audience,AnyoneInNeed
Nutrition Lunch and Learn (Frazier Family Coalition for Stroke Education and Prevention),availability,Available
Nutrition Lunch and Learn (Frazier Family Coalition for Stroke Education and Prevention),category,NutritionEducation
Nutrition Lunch and Learn (Frazier Family Coalition for Stroke Education and Prevention),audience,Families
Nutrition Lunch and Learn (Frazier Family Coalition for Stroke Education and Prevention),audience,Individuals
Nutrition Lunch and Learn (Frazier Family Coalition for Stroke Education and Prevention),audience,AllAges
Nutrition Lunch and Learn (Frazier Family Coalition for Stroke Education and Prevention),language,English
Nutrition Lunch and Learn (Frazier Family Coalition for Stroke Education and Prevention),cost,Free
Nutrition Lunch and Learn (Frazier Family Coalition for Stroke Education and Prevention),category,FoodPantry
Nutrition Lunch and Learn (Frazier Family Coalition for Stroke Education and Prevention),service type,Food
Nutrition Lunch and Learn (Frazier Family Coalition for Stroke Education and Prevention),postalCode,"""19132"""
Nutrition Lunch and Learn (Frazier Family Coalition for Stroke Education and Prevention),url,"""None"""
Nutrition Lunch and Learn (Frazier Family Coalition for Stroke Education and Prevention),identifier,"""Nutrition Lunch and Learn (Frazier Family Coalition for Stroke Education and Prevention)_6061022550556672"""
Nutrition Lunch and Learn (Frazier Family Coalition for Stroke Education and Prevention),name,""""""
Nutrition Lunch and Learn (Frazier Family Coalition for Stroke Education and Prevention),name,"""Nutrition Lunch and Learn (Frazier Family Coalition for Stroke Education and Prevention)"""
Nutrition Lunch and Learn (Frazier Family Coalition for Stroke Education and Prevention),hasMap,XMLSchema#anyUri
Nutrition Lunch and Learn (Frazier Family Coalition for Stroke Education and Prevention),areaServed,"""This program covers residents of the following counties: Philadelphia County, PA."""
Nutrition Lunch and Learn (Frazier Family Coalition for Stroke Education and Prevention),provider,Nutrition Lunch and Learn (Frazier Family Coalition for Stroke Education and Prevention)
Nutrition Lunch and Learn (Frazier Family Coalition for Stroke Education and Prevention),address,"""1300 West Lehigh Avenue, Philadelphia, PA 19132"""
Nutrition Lunch and Learn (Frazier Family Coalition for Stroke Education and Prevention),longitude,XMLSchema#decimal
Nutrition Lunch and Learn (Frazier Family Coalition for Stroke Education and Prevention),availableChannel,AB-Nutrition Lunch and Learn (Frazier Family Coalition for Stroke Education and Prevention)
Nutrition Lunch and Learn (Frazier Family Coalition for Stroke Education and Prevention),availableChannel,P-Nutrition Lunch and Learn (Frazier Family Coalition for Stroke Education and Prevention)
Nutrition Lunch and Learn (Frazier Family Coalition for Stroke Education and Prevention),containedInPlace,19132
Nutrition Lunch and Learn (Frazier Family Coalition for Stroke Education and Prevention),description,Nutrition Lunch and Learn (Frazier Family Coalition for Stroke Education and Prevention)
Nutrition Lunch and Learn (Frazier Family Coalition for Stroke Education and Prevention),telephone,"""tel:+1-215-890-1567"""
Nutrition Lunch and Learn (Frazier Family Coalition for Stroke Education and Prevention),text,"""The Frazier Family Coalition for Stroke Education and Prevention provides healthy nutrition topics and food demonstrations. Participants are also able to take home a free box of fresh produce.This program provides:- Nutrition education- Fresh produce"""
Nutrition Lunch and Learn (Frazier Family Coalition for Stroke Education and Prevention),xmlschema11-2#time,"""Monday Closed"
Nutrition Lunch and Learn (Frazier Family Coalition for Stroke Education and Prevention),xmlschema11-2#time,"""Friday Closed"
Nutrition Lunch and Learn (Frazier Family Coalition for Stroke Education and Prevention),xmlschema11-2#time,"""Sunday Closed"
Nutrition Lunch and Learn (Frazier Family Coalition for Stroke Education and Prevention),xmlschema11-2#time,"""Tuesday Closed"
Nutrition Lunch and Learn (Frazier Family Coalition for Stroke Education and Prevention),xmlschema11-2#time,"""Wednesday Closed"
Nutrition Lunch and Learn (Frazier Family Coalition for Stroke Education and Prevention),xmlschema11-2#time,"""Thursday from 12:00 to 13:00"""
Nutrition Lunch and Learn (Frazier Family Coalition for Stroke Education and Prevention),xmlschema11-2#time,"""Saturday Closed"
Nutrition Lunch and Learn (Frazier Family Coalition for Stroke Education and Prevention),conditionsOfAccess,"""Anyone in need can access this program."""
Food Pantry (Star of Hope Baptist Church),latitude,40.0271939
Food Pantry (Star of Hope Baptist Church),audience,AllAges
Food Pantry (Star of Hope Baptist Church),availability,Available
Food Pantry (Star of Hope Baptist Church),audience,Families
Food Pantry (Star of Hope Baptist Church),audience,Individuals
Food Pantry (Star of Hope Baptist Church),category,FoodPantry
Food Pantry (Star of Hope Baptist Church),category,FoodPantry
Food Pantry (Star of Hope Baptist Church),cost,Free
Food Pantry (Star of Hope Baptist Church),audience,AnyoneInNeed
Food Pantry (Star of Hope Baptist Church),language,English
Food Pantry (Star of Hope Baptist Church),service type,Food
Food Pantry (Star of Hope Baptist Church),postalCode,"""19135"""
Food Pantry (Star of Hope Baptist Church),url,"""None"""
Food Pantry (Star of Hope Baptist Church),url,"""https://www.facebook.com/Star-of-Hope-Baptist-Church-147516732074440/"""
Food Pantry (Star of Hope Baptist Church),identifier,"""Food Pantry (Star of Hope Baptist Church)_5924269727678464"""
Food Pantry (Star of Hope Baptist Church),name,""""""
Food Pantry (Star of Hope Baptist Church),name,"""Food Pantry (Star of Hope Baptist Church)"""
Food Pantry (Star of Hope Baptist Church),hasMap,XMLSchema#anyUri
Food Pantry (Star of Hope Baptist Church),areaServed,"""This program covers residents of the following cities: Philadelphia, PA."""
Food Pantry (Star of Hope Baptist Church),provider,Food Pantry (Star of Hope Baptist Church)
Food Pantry (Star of Hope Baptist Church),address,"""7212 Keystone Street, Philadelphia, PA 19135"""
Food Pantry (Star of Hope Baptist Church),longitude,XMLSchema#decimal
Food Pantry (Star of Hope Baptist Church),availableChannel,AB-Food Pantry (Star of Hope Baptist Church)
Food Pantry (Star of Hope Baptist Church),availableChannel,P-Food Pantry (Star of Hope Baptist Church)
Food Pantry (Star of Hope Baptist Church),containedInPlace,19135
Food Pantry (Star of Hope Baptist Church),description,Food Pantry (Star of Hope Baptist Church)
Food Pantry (Star of Hope Baptist Church),telephone,"""tel:+1-215-332-8320"""
Food Pantry (Star of Hope Baptist Church),text,"""Star of Hope Baptist Church offers a food pantry which serves everyone from low income families, single parents, senior citizens, unemployed individuals, disabled veterans, working poor, and anyone else in need of assistance.This program provides: - Food to meet basic nutritional needs"""
Food Pantry (Star of Hope Baptist Church),xmlschema11-2#time,"""Tuesday from 11:00 to 13:00"""
Food Pantry (Star of Hope Baptist Church),xmlschema11-2#time,"""Thursday Closed"
Food Pantry (Star of Hope Baptist Church),xmlschema11-2#time,"""Friday Closed"
Food Pantry (Star of Hope Baptist Church),xmlschema11-2#time,"""Saturday Closed"
Food Pantry (Star of Hope Baptist Church),xmlschema11-2#time,"""Wednesday Closed"
Food Pantry (Star of Hope Baptist Church),xmlschema11-2#time,"""Sunday Closed"
Food Pantry (Star of Hope Baptist Church),xmlschema11-2#time,"""Monday Closed"
Food Pantry (Star of Hope Baptist Church),conditionsOfAccess,"""Anyone can access this program."""
Food Distribution (Kitchen Of Love),latitude,40.0813989
Food Distribution (Kitchen Of Love),audience,Families
Food Distribution (Kitchen Of Love),availability,Waitlist
Food Distribution (Kitchen Of Love),cost,Free
Food Distribution (Kitchen Of Love),audience,AllAges
Food Distribution (Kitchen Of Love),audience,Undocumented
Food Distribution (Kitchen Of Love),audience,Individuals
Food Distribution (Kitchen Of Love),category,FoodPantry
Food Distribution (Kitchen Of Love),category,FoodPantry
Food Distribution (Kitchen Of Love),language,English
Food Distribution (Kitchen Of Love),service type,Food
Food Distribution (Kitchen Of Love),postalCode,"""19150"""
Food Distribution (Kitchen Of Love),url,"""None"""
Food Distribution (Kitchen Of Love),identifier,"""Food Distribution (Kitchen Of Love)_5067420438626304"""
Food Distribution (Kitchen Of Love),name,"""Food Distribution (Kitchen Of Love)"""
Food Distribution (Kitchen Of Love),name,""""""
Food Distribution (Kitchen Of Love),hasMap,XMLSchema#anyUri
Food Distribution (Kitchen Of Love),areaServed,"""This program covers residents of the following counties: Philadelphia County, PA."""
Food Distribution (Kitchen Of Love),provider,Food Distribution (Kitchen Of Love)
Food Distribution (Kitchen Of Love),address,"""8500 Pickering Avenue, Philadelphia, PA 19150"""
Food Distribution (Kitchen Of Love),longitude,XMLSchema#decimal
Food Distribution (Kitchen Of Love),availableChannel,AB-Food Distribution (Kitchen Of Love)
Food Distribution (Kitchen Of Love),availableChannel,P-Food Distribution (Kitchen Of Love)
Food Distribution (Kitchen Of Love),containedInPlace,19150
Food Distribution (Kitchen Of Love),description,Food Distribution (Kitchen Of Love)
Food Distribution (Kitchen Of Love),telephone,"""tel:+1-215-868-4092"""
Food Distribution (Kitchen Of Love),text,"""Kitchen of Love provides Food Distribution to Philadelphia residents in need. Every Thursday canned foods and meat are distributed and every Friday fresh fruits and vegetables are distributed.This program provides:- Food pantryCurrently, they have a waiting list of more than 100 residents, but as they begin to expand, they will begin to pull more residents from the waiting list."""
Food Distribution (Kitchen Of Love),xmlschema11-2#time,"""Sunday Closed"
Food Distribution (Kitchen Of Love),xmlschema11-2#time,"""Thursday from 09:00 to 11:00"""
Food Distribution (Kitchen Of Love),xmlschema11-2#time,"""Wednesday from 09:00 to 11:00"""
Food Distribution (Kitchen Of Love),xmlschema11-2#time,"""Tuesday Closed"
Food Distribution (Kitchen Of Love),xmlschema11-2#time,"""Saturday Closed"
Food Distribution (Kitchen Of Love),xmlschema11-2#time,"""Friday from 09:00 to 11:00"""
Food Distribution (Kitchen Of Love),xmlschema11-2#time,"""Monday Closed"
Food Distribution (Kitchen Of Love),conditionsOfAccess,"""Must reside in Philadelphia, PA."""
Senior Box Program (The Share Food Program),latitude,40.0061156
Senior Box Program (The Share Food Program),category,FoodDelivery
Senior Box Program (The Share Food Program),language,Spanish
Senior Box Program (The Share Food Program),category,FoodPantry
Senior Box Program (The Share Food Program),audience,LimitedMobility
Senior Box Program (The Share Food Program),availability,Waitlist
Senior Box Program (The Share Food Program),audience,Seniors
Senior Box Program (The Share Food Program),language,English
Senior Box Program (The Share Food Program),cost,Free
Senior Box Program (The Share Food Program),category,FoodDelivery
Senior Box Program (The Share Food Program),audience,LowIncome
Senior Box Program (The Share Food Program),category,FoodPantry
Senior Box Program (The Share Food Program),audience,AllDisabilities
Senior Box Program (The Share Food Program),service type,Food
Senior Box Program (The Share Food Program),postalCode,"""19129"""
Senior Box Program (The Share Food Program),url,"""https://www.facebook.com/SHAREFood/"""
Senior Box Program (The Share Food Program),url,"""https://www.twitter.com/@sharefoodphilly"""
Senior Box Program (The Share Food Program),identifier,"""Senior Box Program (The Share Food Program)_6572776299298816"""
Senior Box Program (The Share Food Program),name,"""Senior Box Program (The Share Food Program)"""
Senior Box Program (The Share Food Program),name,""""""
Senior Box Program (The Share Food Program),hasMap,XMLSchema#anyUri
Senior Box Program (The Share Food Program),areaServed,"""This program covers residents of the following counties: Chester County, PA, Montgomery County, PA and Philadelphia County, PA."""
Senior Box Program (The Share Food Program),provider,Senior Box Program (The Share Food Program)
Senior Box Program (The Share Food Program),address,"""2901 W Hunting Park Ave, Philadelphia, PA 19129"""
Senior Box Program (The Share Food Program),longitude,XMLSchema#decimal
Senior Box Program (The Share Food Program),availableChannel,AB-Senior Box Program (The Share Food Program)
Senior Box Program (The Share Food Program),availableChannel,P-Senior Box Program (The Share Food Program)
Senior Box Program (The Share Food Program),containedInPlace,19129
Senior Box Program (The Share Food Program),description,Senior Box Program (The Share Food Program)
Senior Box Program (The Share Food Program),telephone,"""tel:+1-215-223-2220"""
Senior Box Program (The Share Food Program),text,"""The Share Food Program's Senior Box Program (CSFP) provides food to qualifying seniors. Food boxes can be picked up at a distribution site or delivered to home-bound individuals in need.This program provides:- Food to meet basic nutritional needs.This program operates on a waitlist, please fill out the form on their website."""
Senior Box Program (The Share Food Program),xmlschema11-2#time,"""Sunday Closed"
Senior Box Program (The Share Food Program),xmlschema11-2#time,"""Thursday from 06:00 to 18:00"""
Senior Box Program (The Share Food Program),xmlschema11-2#time,"""Tuesday from 06:00 to 18:00"""
Senior Box Program (The Share Food Program),xmlschema11-2#time,"""Friday from 06:00 to 18:00"""
Senior Box Program (The Share Food Program),xmlschema11-2#time,"""Saturday from 08:30 to 16:30"""
Senior Box Program (The Share Food Program),xmlschema11-2#time,"""Monday from 08:30 to 16:30"""
Senior Box Program (The Share Food Program),xmlschema11-2#time,"""Wednesday from 06:00 to 18:00"""
Senior Box Program (The Share Food Program),conditionsOfAccess,"""This program helps people with income at or below 130% of federal poverty guidelines.', 'This program helps people who are older than 59 years old."""
Food Bank (Greater Philadelphia Asian Social Service Center),latitude,40.0269311
Food Bank (Greater Philadelphia Asian Social Service Center),cost,Free
Food Bank (Greater Philadelphia Asian Social Service Center),audience,Families
Food Bank (Greater Philadelphia Asian Social Service Center),audience,Adults18
Food Bank (Greater Philadelphia Asian Social Service Center),availability,Available
Food Bank (Greater Philadelphia Asian Social Service Center),audience,LowIncome
Food Bank (Greater Philadelphia Asian Social Service Center),category,FoodPantry
Food Bank (Greater Philadelphia Asian Social Service Center),category,FoodPantry
Food Bank (Greater Philadelphia Asian Social Service Center),language,English
Food Bank (Greater Philadelphia Asian Social Service Center),audience,Individuals
Food Bank (Greater Philadelphia Asian Social Service Center),service type,Food
Food Bank (Greater Philadelphia Asian Social Service Center),postalCode,"""19120"""
Food Bank (Greater Philadelphia Asian Social Service Center),url,"""None"""
Food Bank (Greater Philadelphia Asian Social Service Center),identifier,"""Food Bank (Greater Philadelphia Asian Social Service Center)_4793681864032256"""
Food Bank (Greater Philadelphia Asian Social Service Center),name,""""""
Food Bank (Greater Philadelphia Asian Social Service Center),name,"""Food Bank (Greater Philadelphia Asian Social Service Center)"""
Food Bank (Greater Philadelphia Asian Social Service Center),hasMap,XMLSchema#anyUri
Food Bank (Greater Philadelphia Asian Social Service Center),areaServed,"""This program covers residents of the following cities: Philadelphia, PA."""
Food Bank (Greater Philadelphia Asian Social Service Center),provider,Food Bank (Greater Philadelphia Asian Social Service Center)
Food Bank (Greater Philadelphia Asian Social Service Center),address,"""4943 North 5th Street, Philadelphia, PA 19120"""
Food Bank (Greater Philadelphia Asian Social Service Center),longitude,XMLSchema#decimal
Food Bank (Greater Philadelphia Asian Social Service Center),availableChannel,AB-Food Bank (Greater Philadelphia Asian Social Service Center)
Food Bank (Greater Philadelphia Asian Social Service Center),availableChannel,P-Food Bank (Greater Philadelphia Asian Social Service Center)
Food Bank (Greater Philadelphia Asian Social Service Center),containedInPlace,19120
Food Bank (Greater Philadelphia Asian Social Service Center),description,Food Bank (Greater Philadelphia Asian Social Service Center)
Food Bank (Greater Philadelphia Asian Social Service Center),telephone,"""tel:+1-215-456-1662"""
Food Bank (Greater Philadelphia Asian Social Service Center),text,"""Greater Philadelphia Asian Social Service Center (GPASS) offers a food pantry site that distributes free food to residents in the Olney/Logan area and its neighboring communities.  Recipients must apply and meet eligibility requirements to receive food from the Food Program and Senior Food Box.  We do not discriminate against anyone because of sex, age, religion, ethnic or racial background, nationality, and/or physical appearance.  GPASS has the right to deny services without discrimination to an individual.This program provides:- Food to meet nutritional needsRecipients must apply and meet eligibility requirements to receive food from the Food Program. GPASS does not discriminate against anyone because of sex, age, religion, ethnic or racial background, nationality, and/or physical appearance.  GPASS has the right to deny services without discrimination to an individual.Supplies are limited, which determines the availability of these services. Clients are permitted to visit the Food Bank once per month."""
Food Bank (Greater Philadelphia Asian Social Service Center),xmlschema11-2#time,"""Wednesday Closed"
Food Bank (Greater Philadelphia Asian Social Service Center),xmlschema11-2#time,"""Monday Closed"
Food Bank (Greater Philadelphia Asian Social Service Center),xmlschema11-2#time,"""Friday Closed"
Food Bank (Greater Philadelphia Asian Social Service Center),xmlschema11-2#time,"""Tuesday from 13:30 to 15:30"""
Food Bank (Greater Philadelphia Asian Social Service Center),xmlschema11-2#time,"""Saturday Closed"
Food Bank (Greater Philadelphia Asian Social Service Center),xmlschema11-2#time,"""Sunday Closed"
Food Bank (Greater Philadelphia Asian Social Service Center),xmlschema11-2#time,"""Thursday Closed"
Food Bank (Greater Philadelphia Asian Social Service Center),conditionsOfAccess,"""Must meet Federal Income Guidelines.', 'This program helps people who are older than 17 years old.', 'Must bring TWO BAGS to carry goods at Food Bank. If two bags are not brought, participant may not receive food."""
"Food Distribution (North10, Philadelphia)",latitude,40.0116671
"Food Distribution (North10, Philadelphia)",language,Spanish
"Food Distribution (North10, Philadelphia)",language,English
"Food Distribution (North10, Philadelphia)",category,FoodPantry
"Food Distribution (North10, Philadelphia)",audience,Individuals
"Food Distribution (North10, Philadelphia)",audience,AnyoneInNeed
"Food Distribution (North10, Philadelphia)",audience,Families
"Food Distribution (North10, Philadelphia)",cost,Free
"Food Distribution (North10, Philadelphia)",category,FoodPantry
"Food Distribution (North10, Philadelphia)",audience,AllAges
"Food Distribution (North10, Philadelphia)",availability,Available
"Food Distribution (North10, Philadelphia)",service type,Food
"Food Distribution (North10, Philadelphia)",postalCode,"""19140"""
"Food Distribution (North10, Philadelphia)",url,"""https://www.facebook.com/lenfest.ctr/"""
"Food Distribution (North10, Philadelphia)",url,"""None"""
"Food Distribution (North10, Philadelphia)",identifier,"""Food Distribution (North10, Philadelphia)_5743477776973824"""
"Food Distribution (North10, Philadelphia)",name,""""""
"Food Distribution (North10, Philadelphia)",name,"""Food Distribution (North10, Philadelphia)"""
"Food Distribution (North10, Philadelphia)",hasMap,XMLSchema#anyUri
"Food Distribution (North10, Philadelphia)",areaServed,"""This program covers residents of the following cities: Philadelphia, PA."""
"Food Distribution (North10, Philadelphia)",provider,"Food Distribution (North10, Philadelphia)"
"Food Distribution (North10, Philadelphia)",address,"""3890 North 10th Street, Philadelphia, PA 19140"""
"Food Distribution (North10, Philadelphia)",longitude,XMLSchema#decimal
"Food Distribution (North10, Philadelphia)",availableChannel,"AB-Food Distribution (North10, Philadelphia)"
"Food Distribution (North10, Philadelphia)",availableChannel,"P-Food Distribution (North10, Philadelphia)"
"Food Distribution (North10, Philadelphia)",containedInPlace,19140
"Food Distribution (North10, Philadelphia)",description,"Food Distribution (North10, Philadelphia)"
"Food Distribution (North10, Philadelphia)",telephone,"""tel:+1-267-908-9000"""
"Food Distribution (North10, Philadelphia)",text,"""North10, Philadelphia's Community Market provides a food pantry consisting of quality food items to households experiencing food insecurity. This program supplies critical nutrition to hungry individuals and families. This program provides:- Food to meet nutritional needsPlease call before visiting since registration may be required at times."""
"Food Distribution (North10, Philadelphia)",xmlschema11-2#time,"""Tuesday from 10:00 to 14:00"""
"Food Distribution (North10, Philadelphia)",xmlschema11-2#time,"""Thursday from 13:00 to 15:00"""
"Food Distribution (North10, Philadelphia)",xmlschema11-2#time,"""Wednesday Closed"
"Food Distribution (North10, Philadelphia)",xmlschema11-2#time,"""Saturday Closed"
"Food Distribution (North10, Philadelphia)",xmlschema11-2#time,"""Monday Closed"
"Food Distribution (North10, Philadelphia)",xmlschema11-2#time,"""Sunday Closed"
"Food Distribution (North10, Philadelphia)",xmlschema11-2#time,"""Friday Closed"
"Food Distribution (North10, Philadelphia)",xmlschema11-2#time,"""Thursday from 10:00 to 14:00"""
"Food Distribution (North10, Philadelphia)",xmlschema11-2#time,"""Tuesday from 13:00 to 15:00"""
"Food Distribution (North10, Philadelphia)",conditionsOfAccess,"""Anyone can access this program."""
Food Bank (Eastwick United Methodist Church),latitude,39.8981827
Food Bank (Eastwick United Methodist Church),audience,AnyoneInNeed
Food Bank (Eastwick United Methodist Church),audience,AllAges
Food Bank (Eastwick United Methodist Church),availability,Available
Food Bank (Eastwick United Methodist Church),cost,Free
Food Bank (Eastwick United Methodist Church),language,English
Food Bank (Eastwick United Methodist Church),category,FoodPantry
Food Bank (Eastwick United Methodist Church),category,Clothing
Food Bank (Eastwick United Methodist Church),service type,Food
Food Bank (Eastwick United Methodist Church),postalCode,"""19153"""
Food Bank (Eastwick United Methodist Church),url,"""None"""
Food Bank (Eastwick United Methodist Church),identifier,"""Food Bank (Eastwick United Methodist Church)_5883670159425536"""
Food Bank (Eastwick United Methodist Church),name,""""""
Food Bank (Eastwick United Methodist Church),name,"""Food Bank (Eastwick United Methodist Church)"""
Food Bank (Eastwick United Methodist Church),hasMap,XMLSchema#anyUri
Food Bank (Eastwick United Methodist Church),areaServed,"""This program covers residents of the following cities: Philadelphia, PA."""
Food Bank (Eastwick United Methodist Church),provider,Food Bank (Eastwick United Methodist Church)
Food Bank (Eastwick United Methodist Church),address,"""8325 Lindbergh Boulevard, Philadelphia, PA 19153"""
Food Bank (Eastwick United Methodist Church),longitude,XMLSchema#decimal
Food Bank (Eastwick United Methodist Church),availableChannel,AB-Food Bank (Eastwick United Methodist Church)
Food Bank (Eastwick United Methodist Church),availableChannel,P-Food Bank (Eastwick United Methodist Church)
Food Bank (Eastwick United Methodist Church),containedInPlace,19153
Food Bank (Eastwick United Methodist Church),description,Food Bank (Eastwick United Methodist Church)
Food Bank (Eastwick United Methodist Church),telephone,"""tel:+1-215-365-6352"""
Food Bank (Eastwick United Methodist Church),text,"""Our food bank is a three-day per week ministry serving Southwest Philadelphia and some parts of Delaware County with food and clothing distribution. It has an added component of Bible Study for those who wish to participate and serves as an evangelistic outreach witness for the church.Services provided:- Food to meet basic nutritional needs- Clothing distribution"""
Food Bank (Eastwick United Methodist Church),xmlschema11-2#time,"""Saturday Closed"
Food Bank (Eastwick United Methodist Church),xmlschema11-2#time,"""Friday Closed"
Food Bank (Eastwick United Methodist Church),xmlschema11-2#time,"""Tuesday from 10:00 to 13:00"""
Food Bank (Eastwick United Methodist Church),xmlschema11-2#time,"""Monday from 10:00 to 13:00"""
Food Bank (Eastwick United Methodist Church),xmlschema11-2#time,"""Thursday Closed"
Food Bank (Eastwick United Methodist Church),xmlschema11-2#time,"""Sunday Closed"
Food Bank (Eastwick United Methodist Church),xmlschema11-2#time,"""Wednesday from 10:00 to 13:00"""
Food Bank (Eastwick United Methodist Church),conditionsOfAccess,"""Anyone can access this program."""
Food Pantry (St. Barbara's Roman Catholic Church),latitude,39.9878915
Food Pantry (St. Barbara's Roman Catholic Church),category,FoodPantry
Food Pantry (St. Barbara's Roman Catholic Church),audience,AllAges
Food Pantry (St. Barbara's Roman Catholic Church),category,FoodPantry
Food Pantry (St. Barbara's Roman Catholic Church),language,English
Food Pantry (St. Barbara's Roman Catholic Church),audience,AnyoneInNeed
Food Pantry (St. Barbara's Roman Catholic Church),cost,Free
Food Pantry (St. Barbara's Roman Catholic Church),audience,Families
Food Pantry (St. Barbara's Roman Catholic Church),availability,Available
Food Pantry (St. Barbara's Roman Catholic Church),audience,Individuals
Food Pantry (St. Barbara's Roman Catholic Church),service type,Food
Food Pantry (St. Barbara's Roman Catholic Church),postalCode,"""19131"""
Food Pantry (St. Barbara's Roman Catholic Church),url,"""https://www.twitter.com/@SaintBarbPhilly"""
Food Pantry (St. Barbara's Roman Catholic Church),url,"""https://www.facebook.com/profile.php?id=100083359778002"""
Food Pantry (St. Barbara's Roman Catholic Church),identifier,"""Food Pantry (St. Barbara's Roman Catholic Church)_4851628329664512"""
Food Pantry (St. Barbara's Roman Catholic Church),name,"""Food Pantry (St. Barbara's Roman Catholic Church)"""
Food Pantry (St. Barbara's Roman Catholic Church),name,""""""
Food Pantry (St. Barbara's Roman Catholic Church),hasMap,XMLSchema#anyUri
Food Pantry (St. Barbara's Roman Catholic Church),areaServed,"""This program covers residents of the following counties: Philadelphia County, PA."""
Food Pantry (St. Barbara's Roman Catholic Church),provider,Food Pantry (St. Barbara's Roman Catholic Church)
Food Pantry (St. Barbara's Roman Catholic Church),address,"""5359 Lebanon Avenue, Philadelphia, PA 19131"""
Food Pantry (St. Barbara's Roman Catholic Church),longitude,XMLSchema#decimal
Food Pantry (St. Barbara's Roman Catholic Church),availableChannel,AB-Food Pantry (St. Barbara's Roman Catholic Church)
Food Pantry (St. Barbara's Roman Catholic Church),availableChannel,P-Food Pantry (St. Barbara's Roman Catholic Church)
Food Pantry (St. Barbara's Roman Catholic Church),containedInPlace,19131
Food Pantry (St. Barbara's Roman Catholic Church),description,Food Pantry (St. Barbara's Roman Catholic Church)
Food Pantry (St. Barbara's Roman Catholic Church),telephone,"""tel:+1-215-473-1044"""
Food Pantry (St. Barbara's Roman Catholic Church),text,"""The food pantry provides quality food items to households experiencing food insecurity. This program supplies critical nutrition to hungry individuals and families. This program provides:- Food to meet basic nutritional needs"""
Food Pantry (St. Barbara's Roman Catholic Church),xmlschema11-2#time,"""Thursday from 08:30 to 16:30"""
Food Pantry (St. Barbara's Roman Catholic Church),xmlschema11-2#time,"""Friday from 08:30 to 16:30"""
Food Pantry (St. Barbara's Roman Catholic Church),xmlschema11-2#time,"""Thursday Closed"
Food Pantry (St. Barbara's Roman Catholic Church),xmlschema11-2#time,"""Saturday Closed"
Food Pantry (St. Barbara's Roman Catholic Church),xmlschema11-2#time,"""Tuesday from 08:30 to 16:30"""
Food Pantry (St. Barbara's Roman Catholic Church),xmlschema11-2#time,"""Tuesday from 11:00 to 12:30"""
Food Pantry (St. Barbara's Roman Catholic Church),xmlschema11-2#time,"""Friday Closed"
Food Pantry (St. Barbara's Roman Catholic Church),xmlschema11-2#time,"""Sunday Closed"
Food Pantry (St. Barbara's Roman Catholic Church),xmlschema11-2#time,"""Monday Closed"
Food Pantry (St. Barbara's Roman Catholic Church),xmlschema11-2#time,"""Wednesday from 08:30 to 16:30"""
Food Pantry (St. Barbara's Roman Catholic Church),xmlschema11-2#time,"""Wednesday Closed"
Food Pantry (St. Barbara's Roman Catholic Church),xmlschema11-2#time,"""Monday from 08:30 to 16:30"""
Food Pantry (St. Barbara's Roman Catholic Church),conditionsOfAccess,"""Anyone can access this program."""
Farm to Families (St. Christopher's Foundation for Children),latitude,39.9595901
Farm to Families (St. Christopher's Foundation for Children),latitude,39.9679663
Farm to Families (St. Christopher's Foundation for Children),audience,Individuals
Farm to Families (St. Christopher's Foundation for Children),category,NutritionEducation
Farm to Families (St. Christopher's Foundation for Children),audience,AnyoneInNeed
Farm to Families (St. Christopher's Foundation for Children),availability,Available
Farm to Families (St. Christopher's Foundation for Children),language,English
Farm to Families (St. Christopher's Foundation for Children),audience,AllAges
Farm to Families (St. Christopher's Foundation for Children),audience,BenefitRecipients
Farm to Families (St. Christopher's Foundation for Children),cost,ReducedCost
Farm to Families (St. Christopher's Foundation for Children),audience,LowIncome
Farm to Families (St. Christopher's Foundation for Children),category,FoodPantry
Farm to Families (St. Christopher's Foundation for Children),audience,Families
Farm to Families (St. Christopher's Foundation for Children),service type,Food
Farm to Families (St. Christopher's Foundation for Children),postalCode,"""19139"""
Farm to Families (St. Christopher's Foundation for Children),postalCode,"""19123"""
Farm to Families (St. Christopher's Foundation for Children),url,"""https://www.twitter.com/@FarmtoFamilies"""
Farm to Families (St. Christopher's Foundation for Children),url,"""https://www.facebook.com/FarmtoFamilies/"""
Farm to Families (St. Christopher's Foundation for Children),identifier,"""Farm to Families (St. Christopher's Foundation for Children)_5397808157032448"""
Farm to Families (St. Christopher's Foundation for Children),name,"""Farm to Families (St. Christopher's Foundation for Children)"""
Farm to Families (St. Christopher's Foundation for Children),name,""""""
Farm to Families (St. Christopher's Foundation for Children),hasMap,XMLSchema#anyUri
Farm to Families (St. Christopher's Foundation for Children),hasMap,XMLSchema#anyUri
Farm to Families (St. Christopher's Foundation for Children),areaServed,"""This program covers residents of the following cities: Philadelphia, PA."""
Farm to Families (St. Christopher's Foundation for Children),provider,Farm to Families (St. Christopher's Foundation for Children)
Farm to Families (St. Christopher's Foundation for Children),address,"""4865 Market Street, Philadelphia, PA 19139"""
Farm to Families (St. Christopher's Foundation for Children),address,"""850 North 11th Street, Philadelphia, PA 19123"""
Farm to Families (St. Christopher's Foundation for Children),longitude,XMLSchema#decimal
Farm to Families (St. Christopher's Foundation for Children),longitude,XMLSchema#decimal
Farm to Families (St. Christopher's Foundation for Children),availableChannel,AB-Farm to Families (St. Christopher's Foundation for Children)
Farm to Families (St. Christopher's Foundation for Children),availableChannel,P-Farm to Families (St. Christopher's Foundation for Children)
Farm to Families (St. Christopher's Foundation for Children),containedInPlace,19139
Farm to Families (St. Christopher's Foundation for Children),containedInPlace,19123
Farm to Families (St. Christopher's Foundation for Children),description,Farm to Families (St. Christopher's Foundation for Children)
Farm to Families (St. Christopher's Foundation for Children),telephone,"""tel:+1-484-734-0189"""
Farm to Families (St. Christopher's Foundation for Children),telephone,"""tel:+1-215-769-1100"""
Farm to Families (St. Christopher's Foundation for Children),text,"""Each week, Farm to Families supplies North Philadelphia families with boxes of wholesome fresh produce or fruit at a reduced cost. Boxes are packed with delicious seasonal fruits and vegetables, often valued at double the price. Additional fresh items including local eggs, meat, and seafood are also offered at affordable prices.This program provides:- Food to meet basic nutritional needsFarm to Families also provides food and nutrition education, including food budgeting and shopping tips, basic food preparation and cooking skills, and demonstrations and taste tests, aligned with the weekly boxes.Orders are taken one week in advance. SNAP benefits are all accepted for payment. Farm to Families is open to all with no income restrictions."""
Farm to Families (St. Christopher's Foundation for Children),xmlschema11-2#time,"""Friday from 09:50 to 18:50"""
Farm to Families (St. Christopher's Foundation for Children),xmlschema11-2#time,"""Thursday from 11:00 to 15:00"""
Farm to Families (St. Christopher's Foundation for Children),xmlschema11-2#time,"""Sunday Closed"
Farm to Families (St. Christopher's Foundation for Children),xmlschema11-2#time,"""Wednesday Closed"
Farm to Families (St. Christopher's Foundation for Children),xmlschema11-2#time,"""Tuesday from 09:50 to 18:50"""
Farm to Families (St. Christopher's Foundation for Children),xmlschema11-2#time,"""Tuesday Closed"
Farm to Families (St. Christopher's Foundation for Children),xmlschema11-2#time,"""Wednesday from 09:50 to 18:50"""
Farm to Families (St. Christopher's Foundation for Children),xmlschema11-2#time,"""Monday Closed"
Farm to Families (St. Christopher's Foundation for Children),xmlschema11-2#time,"""Monday from 09:50 to 18:50"""
Farm to Families (St. Christopher's Foundation for Children),xmlschema11-2#time,"""Saturday Closed"
Farm to Families (St. Christopher's Foundation for Children),xmlschema11-2#time,"""Friday Closed"
Farm to Families (St. Christopher's Foundation for Children),xmlschema11-2#time,"""Thursday from 09:50 to 18:50"""
Farm to Families (St. Christopher's Foundation for Children),conditionsOfAccess,"""Must be eligible for SNAP benefits."""
Mobile Food Pantry (Poor People's Economic Human Rights Campaign),latitude,40.0018587
Mobile Food Pantry (Poor People's Economic Human Rights Campaign),audience,LowIncome
Mobile Food Pantry (Poor People's Economic Human Rights Campaign),category,FoodPantry
Mobile Food Pantry (Poor People's Economic Human Rights Campaign),language,English
Mobile Food Pantry (Poor People's Economic Human Rights Campaign),category,FoodPantry
Mobile Food Pantry (Poor People's Economic Human Rights Campaign),availability,Available
Mobile Food Pantry (Poor People's Economic Human Rights Campaign),audience,Covid19
Mobile Food Pantry (Poor People's Economic Human Rights Campaign),audience,AllAges
Mobile Food Pantry (Poor People's Economic Human Rights Campaign),audience,AnyoneInNeed
Mobile Food Pantry (Poor People's Economic Human Rights Campaign),cost,Free
Mobile Food Pantry (Poor People's Economic Human Rights Campaign),service type,Food
Mobile Food Pantry (Poor People's Economic Human Rights Campaign),postalCode,"""19132"""
Mobile Food Pantry (Poor People's Economic Human Rights Campaign),url,"""https://www.twitter.com/@PPEHRCorg"""
Mobile Food Pantry (Poor People's Economic Human Rights Campaign),url,"""https://www.facebook.com/groups/1093846127618163/"""
Mobile Food Pantry (Poor People's Economic Human Rights Campaign),identifier,"""Mobile Food Pantry (Poor People's Economic Human Rights Campaign)_6560445123788800"""
Mobile Food Pantry (Poor People's Economic Human Rights Campaign),name,"""Mobile Food Pantry (Poor People's Economic Human Rights Campaign)"""
Mobile Food Pantry (Poor People's Economic Human Rights Campaign),name,""""""
Mobile Food Pantry (Poor People's Economic Human Rights Campaign),hasMap,XMLSchema#anyUri
Mobile Food Pantry (Poor People's Economic Human Rights Campaign),areaServed,"""This program covers residents of the following cities: Philadelphia, PA."""
Mobile Food Pantry (Poor People's Economic Human Rights Campaign),provider,Mobile Food Pantry (Poor People's Economic Human Rights Campaign)
Mobile Food Pantry (Poor People's Economic Human Rights Campaign),address,"""1505 W Allegheny Ave, Philadelphia, PA 19132"""
Mobile Food Pantry (Poor People's Economic Human Rights Campaign),longitude,XMLSchema#decimal
Mobile Food Pantry (Poor People's Economic Human Rights Campaign),availableChannel,AB-Mobile Food Pantry (Poor People's Economic Human Rights Campaign)
Mobile Food Pantry (Poor People's Economic Human Rights Campaign),availableChannel,P-Mobile Food Pantry (Poor People's Economic Human Rights Campaign)
Mobile Food Pantry (Poor People's Economic Human Rights Campaign),containedInPlace,19132
Mobile Food Pantry (Poor People's Economic Human Rights Campaign),description,Mobile Food Pantry (Poor People's Economic Human Rights Campaign)
Mobile Food Pantry (Poor People's Economic Human Rights Campaign),telephone,"""tel:+1-215-869-4753"""
Mobile Food Pantry (Poor People's Economic Human Rights Campaign),text,"""Poor People's Economic Human Rights Campaign strives to alleviate hunger in food insecure communities by providing food assistance to individuals and families in need, This program provides:- Food to meet basic nutritional needs"""
Mobile Food Pantry (Poor People's Economic Human Rights Campaign),xmlschema11-2#time,"""Sunday Closed"
Mobile Food Pantry (Poor People's Economic Human Rights Campaign),xmlschema11-2#time,"""Tuesday from 08:00 to 17:00"""
Mobile Food Pantry (Poor People's Economic Human Rights Campaign),xmlschema11-2#time,"""Friday from 08:00 to 17:00"""
Mobile Food Pantry (Poor People's Economic Human Rights Campaign),xmlschema11-2#time,"""Saturday Closed"
Mobile Food Pantry (Poor People's Economic Human Rights Campaign),xmlschema11-2#time,"""Thursday from 08:00 to 17:00"""
Mobile Food Pantry (Poor People's Economic Human Rights Campaign),xmlschema11-2#time,"""Wednesday from 08:00 to 17:00"""
Mobile Food Pantry (Poor People's Economic Human Rights Campaign),xmlschema11-2#time,"""Monday from 08:00 to 17:00"""
Mobile Food Pantry (Poor People's Economic Human Rights Campaign),conditionsOfAccess,"""Anyone can access this program."""
Food Pantry (Church Of New Hope And Faith),latitude,39.9650238
Food Pantry (Church Of New Hope And Faith),availability,TemporarilyClosed
Food Pantry (Church Of New Hope And Faith),cost,Free
Food Pantry (Church Of New Hope And Faith),audience,Individuals
Food Pantry (Church Of New Hope And Faith),language,English
Food Pantry (Church Of New Hope And Faith),category,FoodPantry
Food Pantry (Church Of New Hope And Faith),category,FoodPantry
Food Pantry (Church Of New Hope And Faith),audience,AllAges
Food Pantry (Church Of New Hope And Faith),audience,Families
Food Pantry (Church Of New Hope And Faith),service type,Food
Food Pantry (Church Of New Hope And Faith),postalCode,"""19104"""
Food Pantry (Church Of New Hope And Faith),url,"""None"""
Food Pantry (Church Of New Hope And Faith),url,"""https://www.facebook.com/churchofnewhopeandfaith"""
Food Pantry (Church Of New Hope And Faith),identifier,"""Food Pantry (Church Of New Hope And Faith)_5393961702391808"""
Food Pantry (Church Of New Hope And Faith),name,"""Food Pantry (Church Of New Hope And Faith)"""
Food Pantry (Church Of New Hope And Faith),name,""""""
Food Pantry (Church Of New Hope And Faith),hasMap,XMLSchema#anyUri
Food Pantry (Church Of New Hope And Faith),areaServed,"""This program covers residents of the following postal codes: 19104."""
Food Pantry (Church Of New Hope And Faith),provider,Food Pantry (Church Of New Hope And Faith)
Food Pantry (Church Of New Hope And Faith),address,"""661 North 39th Street, Philadelphia, PA 19104"""
Food Pantry (Church Of New Hope And Faith),longitude,XMLSchema#decimal
Food Pantry (Church Of New Hope And Faith),availableChannel,AB-Food Pantry (Church Of New Hope And Faith)
Food Pantry (Church Of New Hope And Faith),availableChannel,P-Food Pantry (Church Of New Hope And Faith)
Food Pantry (Church Of New Hope And Faith),containedInPlace,19104
Food Pantry (Church Of New Hope And Faith),description,Food Pantry (Church Of New Hope And Faith)
Food Pantry (Church Of New Hope And Faith),telephone,"""tel:+1-215-222-7672"""
Food Pantry (Church Of New Hope And Faith),text,"""The Food Pantry serves everyone from low income families, single parents, senior citizens, unemployed individuals, disabled veterans, working poor, and anyone else in need of our assistance.This program provides:- Food to meet basic nutritional needsYou must have a referral and make an appointment to access the food pantry. Please contact WhyHunger at 800-548-6479 for the referral."""
Food Pantry (Church Of New Hope And Faith),xmlschema11-2#time,"""Saturday Closed"
Food Pantry (Church Of New Hope And Faith),xmlschema11-2#time,"""Wednesday from 09:30 to 15:30"""
Food Pantry (Church Of New Hope And Faith),xmlschema11-2#time,"""Tuesday Closed"
Food Pantry (Church Of New Hope And Faith),xmlschema11-2#time,"""Sunday Closed"
Food Pantry (Church Of New Hope And Faith),xmlschema11-2#time,"""Friday from 09:30 to 15:30"""
Food Pantry (Church Of New Hope And Faith),xmlschema11-2#time,"""Thursday Closed"
Food Pantry (Church Of New Hope And Faith),xmlschema11-2#time,"""Monday from 09:30 to 15:30"""
Food Pantry (Church Of New Hope And Faith),conditionsOfAccess,"""Must reside in 19104 zip code."""
Emergency Disaster Services (Salvation Army Eastern Pennsylvania and Delaware),latitude,39.9672863
Emergency Disaster Services (Salvation Army Eastern Pennsylvania and Delaware),language,English
Emergency Disaster Services (Salvation Army Eastern Pennsylvania and Delaware),audience,NaturalDisasterSurvivors
Emergency Disaster Services (Salvation Army Eastern Pennsylvania and Delaware),category,DisasterResponse
Emergency Disaster Services (Salvation Army Eastern Pennsylvania and Delaware),category,Clothing
Emergency Disaster Services (Salvation Army Eastern Pennsylvania and Delaware),audience,Emergency
Emergency Disaster Services (Salvation Army Eastern Pennsylvania and Delaware),category,TemporaryShelter
Emergency Disaster Services (Salvation Army Eastern Pennsylvania and Delaware),category,DisasterResponse
Emergency Disaster Services (Salvation Army Eastern Pennsylvania and Delaware),audience,AllAges
Emergency Disaster Services (Salvation Army Eastern Pennsylvania and Delaware),category,SpiritualSupport
Emergency Disaster Services (Salvation Army Eastern Pennsylvania and Delaware),cost,Free
Emergency Disaster Services (Salvation Army Eastern Pennsylvania and Delaware),category,EmergencyFood
Emergency Disaster Services (Salvation Army Eastern Pennsylvania and Delaware),category,Clothing
Emergency Disaster Services (Salvation Army Eastern Pennsylvania and Delaware),availability,Available
Emergency Disaster Services (Salvation Army Eastern Pennsylvania and Delaware),category,EmergencyFood
Emergency Disaster Services (Salvation Army Eastern Pennsylvania and Delaware),category,SpiritualSupport
Emergency Disaster Services (Salvation Army Eastern Pennsylvania and Delaware),category,TemporaryShelter
Emergency Disaster Services (Salvation Army Eastern Pennsylvania and Delaware),service type,Food
Emergency Disaster Services (Salvation Army Eastern Pennsylvania and Delaware),postalCode,"""19123"""
Emergency Disaster Services (Salvation Army Eastern Pennsylvania and Delaware),url,"""https://www.twitter.com/@SalArmyEDS"""
Emergency Disaster Services (Salvation Army Eastern Pennsylvania and Delaware),url,"""https://www.facebook.com/SalArmyEDS"""
Emergency Disaster Services (Salvation Army Eastern Pennsylvania and Delaware),identifier,"""Emergency Disaster Services (Salvation Army Eastern Pennsylvania and Delaware)_5161629360586752"""
Emergency Disaster Services (Salvation Army Eastern Pennsylvania and Delaware),name,""""""
Emergency Disaster Services (Salvation Army Eastern Pennsylvania and Delaware),name,"""Emergency Disaster Services (Salvation Army Eastern Pennsylvania and Delaware)"""
Emergency Disaster Services (Salvation Army Eastern Pennsylvania and Delaware),hasMap,XMLSchema#anyUri
Emergency Disaster Services (Salvation Army Eastern Pennsylvania and Delaware),areaServed,"""This program covers residents of the following counties: Adams County, PA, Berks County, PA, Bradford County, PA, Bucks County, PA, Carbon County, PA, Centre County, PA, Chester County, PA, Clinton County, PA, Columbia County, PA, Cumberland County, PA, Dauphin County, PA, Delaware County, PA, Franklin County, PA, Juniata County, PA, Lackawanna County, PA, Lancaster County, PA, Lebanon County, PA, Lehigh County, PA, Luzerne County, PA, Lycoming County, PA, Mifflin County, PA, Monroe County, PA, Montgomery County, PA, Montour County, PA, Northampton County, PA, Northumberland County, PA, Perry County, PA, Philadelphia County, PA, Pike County, PA, Potter County, PA, Schuylkill County, PA, Snyder County, PA, Sullivan County, PA, Susquehanna County, PA, Tioga County, PA, Union County, PA, Wayne County, PA, Wyoming County, PA and York County, PA."""
Emergency Disaster Services (Salvation Army Eastern Pennsylvania and Delaware),provider,Emergency Disaster Services (Salvation Army Eastern Pennsylvania and Delaware)
Emergency Disaster Services (Salvation Army Eastern Pennsylvania and Delaware),address,"""701 North Broad Street, Philadelphia, PA 19123"""
Emergency Disaster Services (Salvation Army Eastern Pennsylvania and Delaware),longitude,XMLSchema#decimal
Emergency Disaster Services (Salvation Army Eastern Pennsylvania and Delaware),availableChannel,AB-Emergency Disaster Services (Salvation Army Eastern Pennsylvania and Delaware)
Emergency Disaster Services (Salvation Army Eastern Pennsylvania and Delaware),availableChannel,P-Emergency Disaster Services (Salvation Army Eastern Pennsylvania and Delaware)
Emergency Disaster Services (Salvation Army Eastern Pennsylvania and Delaware),containedInPlace,19123
Emergency Disaster Services (Salvation Army Eastern Pennsylvania and Delaware),description,Emergency Disaster Services (Salvation Army Eastern Pennsylvania and Delaware)
Emergency Disaster Services (Salvation Army Eastern Pennsylvania and Delaware),telephone,"""tel:+1-215-825-4631"""
Emergency Disaster Services (Salvation Army Eastern Pennsylvania and Delaware),text,"""When disaster strikes, The Salvation Army is oftenAMong the first on the scene. In disaster relief operation, The Salvation Army's first aim is to meet the basic needs of those affected _ both survivors and first responders.This program provides:- Food- Disaster shelter- Financial assistance- Spiritual care- Emotional carePlease call this provider for more information."""
Emergency Disaster Services (Salvation Army Eastern Pennsylvania and Delaware),xmlschema11-2#time,"""Wednesday from 08:00 to 17:00"""
Emergency Disaster Services (Salvation Army Eastern Pennsylvania and Delaware),xmlschema11-2#time,"""Monday from 08:00 to 17:00"""
Emergency Disaster Services (Salvation Army Eastern Pennsylvania and Delaware),xmlschema11-2#time,"""Sunday Closed"
Emergency Disaster Services (Salvation Army Eastern Pennsylvania and Delaware),xmlschema11-2#time,"""Saturday Closed"
Emergency Disaster Services (Salvation Army Eastern Pennsylvania and Delaware),xmlschema11-2#time,"""Thursday from 08:00 to 17:00"""
Emergency Disaster Services (Salvation Army Eastern Pennsylvania and Delaware),xmlschema11-2#time,"""Friday from 08:00 to 17:00"""
Emergency Disaster Services (Salvation Army Eastern Pennsylvania and Delaware),xmlschema11-2#time,"""Tuesday from 08:00 to 17:00"""
Emergency Disaster Services (Salvation Army Eastern Pennsylvania and Delaware),conditionsOfAccess,"""Follow the Next Steps to find out if this program has eligibility criteria."""
Food Pantry (Parkside Association of Philadelphia),latitude,39.9796583
Food Pantry (Parkside Association of Philadelphia),language,English
Food Pantry (Parkside Association of Philadelphia),cost,Free
Food Pantry (Parkside Association of Philadelphia),availability,Available
Food Pantry (Parkside Association of Philadelphia),audience,AnyoneInNeed
Food Pantry (Parkside Association of Philadelphia),audience,Individuals
Food Pantry (Parkside Association of Philadelphia),audience,Families
Food Pantry (Parkside Association of Philadelphia),category,FoodPantry
Food Pantry (Parkside Association of Philadelphia),audience,AllAges
Food Pantry (Parkside Association of Philadelphia),category,FoodPantry
Food Pantry (Parkside Association of Philadelphia),service type,Food
Food Pantry (Parkside Association of Philadelphia),postalCode,"""19131"""
Food Pantry (Parkside Association of Philadelphia),url,"""None"""
Food Pantry (Parkside Association of Philadelphia),identifier,"""Food Pantry (Parkside Association of Philadelphia)_6699696089858048"""
Food Pantry (Parkside Association of Philadelphia),name,"""Food Pantry (Parkside Association of Philadelphia)"""
Food Pantry (Parkside Association of Philadelphia),name,""""""
Food Pantry (Parkside Association of Philadelphia),hasMap,XMLSchema#anyUri
Food Pantry (Parkside Association of Philadelphia),areaServed,"""This program covers residents of the following cities: Philadelphia, PA."""
Food Pantry (Parkside Association of Philadelphia),provider,Food Pantry (Parkside Association of Philadelphia)
Food Pantry (Parkside Association of Philadelphia),address,"""5070 Parkside Avenue, Philadelphia, PA 19131"""
Food Pantry (Parkside Association of Philadelphia),longitude,XMLSchema#decimal
Food Pantry (Parkside Association of Philadelphia),availableChannel,AB-Food Pantry (Parkside Association of Philadelphia)
Food Pantry (Parkside Association of Philadelphia),availableChannel,P-Food Pantry (Parkside Association of Philadelphia)
Food Pantry (Parkside Association of Philadelphia),containedInPlace,19131
Food Pantry (Parkside Association of Philadelphia),description,Food Pantry (Parkside Association of Philadelphia)
Food Pantry (Parkside Association of Philadelphia),telephone,"""tel:+1-215-877-1198"""
Food Pantry (Parkside Association of Philadelphia),text,"""Parkside Association of Philadelphia hosts a food pantry within their office for anyone in need throughout the community to visit. This program provides:- Food to meet basic nutritional needs"""
Food Pantry (Parkside Association of Philadelphia),xmlschema11-2#time,"""Friday from 08:30 to 13:00"""
Food Pantry (Parkside Association of Philadelphia),xmlschema11-2#time,"""Monday from 08:30 to 16:00"""
Food Pantry (Parkside Association of Philadelphia),xmlschema11-2#time,"""Saturday Closed"
Food Pantry (Parkside Association of Philadelphia),xmlschema11-2#time,"""Sunday Closed"
Food Pantry (Parkside Association of Philadelphia),xmlschema11-2#time,"""Tuesday from 08:30 to 16:00"""
Food Pantry (Parkside Association of Philadelphia),xmlschema11-2#time,"""Wednesday from 08:30 to 16:00"""
Food Pantry (Parkside Association of Philadelphia),xmlschema11-2#time,"""Thursday from 08:30 to 16:00"""
Food Pantry (Parkside Association of Philadelphia),conditionsOfAccess,"""Anyone in need can access this program."""
Food Pantry (Philadelphia Episcopal Cathedral),latitude,39.9524775
Food Pantry (Philadelphia Episcopal Cathedral),category,FoodPantry
Food Pantry (Philadelphia Episcopal Cathedral),audience,Undocumented
Food Pantry (Philadelphia Episcopal Cathedral),audience,AnyoneInNeed
Food Pantry (Philadelphia Episcopal Cathedral),category,FoodPantry
Food Pantry (Philadelphia Episcopal Cathedral),audience,Individuals
Food Pantry (Philadelphia Episcopal Cathedral),cost,Free
Food Pantry (Philadelphia Episcopal Cathedral),availability,Available
Food Pantry (Philadelphia Episcopal Cathedral),audience,AllAges
Food Pantry (Philadelphia Episcopal Cathedral),audience,Families
Food Pantry (Philadelphia Episcopal Cathedral),language,English
Food Pantry (Philadelphia Episcopal Cathedral),service type,Food
Food Pantry (Philadelphia Episcopal Cathedral),postalCode,"""19104"""
Food Pantry (Philadelphia Episcopal Cathedral),url,"""None"""
Food Pantry (Philadelphia Episcopal Cathedral),url,"""https://www.facebook.com/philadelphiaepiscopalcathedral/"""
Food Pantry (Philadelphia Episcopal Cathedral),identifier,"""Food Pantry (Philadelphia Episcopal Cathedral)_6313144792907776"""
Food Pantry (Philadelphia Episcopal Cathedral),name,"""Food Pantry (Philadelphia Episcopal Cathedral)"""
Food Pantry (Philadelphia Episcopal Cathedral),name,""""""
Food Pantry (Philadelphia Episcopal Cathedral),hasMap,XMLSchema#anyUri
Food Pantry (Philadelphia Episcopal Cathedral),areaServed,"""This program covers residents of the following counties: Philadelphia County, PA."""
Food Pantry (Philadelphia Episcopal Cathedral),provider,Food Pantry (Philadelphia Episcopal Cathedral)
Food Pantry (Philadelphia Episcopal Cathedral),address,"""19 South 38th Street, Philadelphia, PA 19104"""
Food Pantry (Philadelphia Episcopal Cathedral),longitude,XMLSchema#decimal
Food Pantry (Philadelphia Episcopal Cathedral),availableChannel,AB-Food Pantry (Philadelphia Episcopal Cathedral)
Food Pantry (Philadelphia Episcopal Cathedral),availableChannel,P-Food Pantry (Philadelphia Episcopal Cathedral)
Food Pantry (Philadelphia Episcopal Cathedral),containedInPlace,19104
Food Pantry (Philadelphia Episcopal Cathedral),description,Food Pantry (Philadelphia Episcopal Cathedral)
Food Pantry (Philadelphia Episcopal Cathedral),telephone,"""tel:+1-215-386-0234"""
Food Pantry (Philadelphia Episcopal Cathedral),text,"""""""The food pantry provides quality food items to households experiencing food insecurity. This program supplies critical nutrition to hungry individuals and familiesThis program provides:- Food to meet basic nutritional needs"""""""
Food Pantry (Philadelphia Episcopal Cathedral),xmlschema11-2#time,"""Sunday Closed"
Food Pantry (Philadelphia Episcopal Cathedral),xmlschema11-2#time,"""Monday from 09:30 to 11:00"""
Food Pantry (Philadelphia Episcopal Cathedral),xmlschema11-2#time,"""Thursday Closed"
Food Pantry (Philadelphia Episcopal Cathedral),xmlschema11-2#time,"""Friday Closed"
Food Pantry (Philadelphia Episcopal Cathedral),xmlschema11-2#time,"""Saturday Closed"
Food Pantry (Philadelphia Episcopal Cathedral),xmlschema11-2#time,"""Tuesday Closed"
Food Pantry (Philadelphia Episcopal Cathedral),xmlschema11-2#time,"""Wednesday Closed"
Food Pantry (Philadelphia Episcopal Cathedral),conditionsOfAccess,"""Anyone can access this program."""
St. Mark's Food Cupboard (Saint Mark's Church),latitude,39.9489257
St. Mark's Food Cupboard (Saint Mark's Church),audience,AnyoneInNeed
St. Mark's Food Cupboard (Saint Mark's Church),category,PersonalCareItems
St. Mark's Food Cupboard (Saint Mark's Church),category,NavigatingTheSystem
St. Mark's Food Cupboard (Saint Mark's Church),cost,Free
St. Mark's Food Cupboard (Saint Mark's Church),audience,AllAges
St. Mark's Food Cupboard (Saint Mark's Church),language,English
St. Mark's Food Cupboard (Saint Mark's Church),category,FoodPantry
St. Mark's Food Cupboard (Saint Mark's Church),availability,Available
St. Mark's Food Cupboard (Saint Mark's Church),service type,Food
St. Mark's Food Cupboard (Saint Mark's Church),postalCode,"""19103"""
St. Mark's Food Cupboard (Saint Mark's Church),url,"""https://www.twitter.com/@saintmarksphila"""
St. Mark's Food Cupboard (Saint Mark's Church),url,"""https://www.facebook.com/saintmarkschurch"""
St. Mark's Food Cupboard (Saint Mark's Church),identifier,"""St. Mark's Food Cupboard (Saint Mark's Church)_6094953357770752"""
St. Mark's Food Cupboard (Saint Mark's Church),name,""""""
St. Mark's Food Cupboard (Saint Mark's Church),name,"""St. Mark's Food Cupboard (Saint Mark's Church)"""
St. Mark's Food Cupboard (Saint Mark's Church),hasMap,XMLSchema#anyUri
St. Mark's Food Cupboard (Saint Mark's Church),areaServed,"""This program covers residents of the following cities: Philadelphia, PA."""
St. Mark's Food Cupboard (Saint Mark's Church),provider,St. Mark's Food Cupboard (Saint Mark's Church)
St. Mark's Food Cupboard (Saint Mark's Church),address,"""1625 Locust Street, Philadelphia, PA 19103"""
St. Mark's Food Cupboard (Saint Mark's Church),longitude,XMLSchema#decimal
St. Mark's Food Cupboard (Saint Mark's Church),availableChannel,AB-St. Mark's Food Cupboard (Saint Mark's Church)
St. Mark's Food Cupboard (Saint Mark's Church),availableChannel,P-St. Mark's Food Cupboard (Saint Mark's Church)
St. Mark's Food Cupboard (Saint Mark's Church),containedInPlace,19103
St. Mark's Food Cupboard (Saint Mark's Church),description,St. Mark's Food Cupboard (Saint Mark's Church)
St. Mark's Food Cupboard (Saint Mark's Church),telephone,"""tel:+1-215-735-1416"""
St. Mark's Food Cupboard (Saint Mark's Church),text,"""""""The Food Cupboard provides various services to families and individuals in the communityThis program provides:- Supplemental food assistance, largely shelf-stable items- Household and personal care itemsOther services include:- Referrals to various other social service agencies, as neededThe Food Cupboard operates from Tuesday to Friday from 9:30 a.m. to 11:00 a.mThe Food Cupboard is closed Thanksgiving Day and the Friday afterwards, as well as the week between Christmas and New Year's, and the last full week of July."""""""
St. Mark's Food Cupboard (Saint Mark's Church),xmlschema11-2#time,"""Saturday Closed"
St. Mark's Food Cupboard (Saint Mark's Church),xmlschema11-2#time,"""Sunday Closed"
St. Mark's Food Cupboard (Saint Mark's Church),xmlschema11-2#time,"""Monday Closed"
St. Mark's Food Cupboard (Saint Mark's Church),xmlschema11-2#time,"""Friday from 09:30 to 11:00"""
St. Mark's Food Cupboard (Saint Mark's Church),xmlschema11-2#time,"""Wednesday from 09:30 to 11:00"""
St. Mark's Food Cupboard (Saint Mark's Church),xmlschema11-2#time,"""Tuesday from 09:30 to 11:00"""
St. Mark's Food Cupboard (Saint Mark's Church),xmlschema11-2#time,"""Thursday from 09:30 to 11:00"""
St. Mark's Food Cupboard (Saint Mark's Church),conditionsOfAccess,"""This program helps people with income at or below 185% of federal poverty guidelines.', 'This program only serves residents of the state of Pennsylvania.,"""
Homeless Shelter (Stenton Family Manor),latitude,40.0559837
Homeless Shelter (Stenton Family Manor),latitude,40.0563961
Homeless Shelter (Stenton Family Manor),availability,Available
Homeless Shelter (Stenton Family Manor),category,TemporaryShelter
Homeless Shelter (Stenton Family Manor),language,English
Homeless Shelter (Stenton Family Manor),cost,Free
Homeless Shelter (Stenton Family Manor),audience,AllAges
Homeless Shelter (Stenton Family Manor),language,Haitian
Homeless Shelter (Stenton Family Manor),audience,Homeless
Homeless Shelter (Stenton Family Manor),category,Meals
Homeless Shelter (Stenton Family Manor),category,PersonalHygiene
Homeless Shelter (Stenton Family Manor),service type,Food
Homeless Shelter (Stenton Family Manor),service type,Shelter
Homeless Shelter (Stenton Family Manor),postalCode,"""19138"""
Homeless Shelter (Stenton Family Manor),postalCode,"""19119"""
Homeless Shelter (Stenton Family Manor),url,"""https://www.facebook.com/StentonFamilyManor"""
Homeless Shelter (Stenton Family Manor),url,"""None"""
Homeless Shelter (Stenton Family Manor),identifier,"""Homeless Shelter (Stenton Family Manor)_5186727883833344"""
Homeless Shelter (Stenton Family Manor),name,"""Homeless Shelter (Stenton Family Manor)"""
Homeless Shelter (Stenton Family Manor),name,""""""
Homeless Shelter (Stenton Family Manor),hasMap,XMLSchema#anyUri
Homeless Shelter (Stenton Family Manor),areaServed,"""This program covers residents of the following counties: Philadelphia County, PA."""
Homeless Shelter (Stenton Family Manor),provider,Homeless Shelter (Stenton Family Manor)
Homeless Shelter (Stenton Family Manor),address,"""1300 East Tulpehocken Street,  Philadelphia,  PA  19138"""
Homeless Shelter (Stenton Family Manor),address,"""1300 East Tulpehocken Street, Philadelphia, PA 19138"""
Homeless Shelter (Stenton Family Manor),longitude,XMLSchema#decimal
Homeless Shelter (Stenton Family Manor),longitude,XMLSchema#decimal
Homeless Shelter (Stenton Family Manor),availableChannel,AB-Homeless Shelter (Stenton Family Manor)
Homeless Shelter (Stenton Family Manor),availableChannel,P-Homeless Shelter (Stenton Family Manor)
Homeless Shelter (Stenton Family Manor),containedInPlace,19138
Homeless Shelter (Stenton Family Manor),containedInPlace,19119
Homeless Shelter (Stenton Family Manor),description,Homeless Shelter (Stenton Family Manor)
Homeless Shelter (Stenton Family Manor),telephone,"""tel:+1-215-685-2800"""
Homeless Shelter (Stenton Family Manor),text,"""Stenton Family Manor offers a homeless shelter to those in need of a place to stay.This program provides:- Temporary shelter Intake process is done at the Apple Tree Family Center."""
Homeless Shelter (Stenton Family Manor),xmlschema11-2#time,"""Sunday Closed"
Homeless Shelter (Stenton Family Manor),xmlschema11-2#time,"""Friday from 09:00 to 17:00"""
Homeless Shelter (Stenton Family Manor),xmlschema11-2#time,"""Thursday from 09:00 to 17:00"""
Homeless Shelter (Stenton Family Manor),xmlschema11-2#time,"""Wednesday from 09:00 to 17:00"""
Homeless Shelter (Stenton Family Manor),xmlschema11-2#time,"""Tuesday from 09:00 to 17:00"""
Homeless Shelter (Stenton Family Manor),xmlschema11-2#time,"""Monday from 09:00 to 17:00"""
Homeless Shelter (Stenton Family Manor),xmlschema11-2#time,"""Saturday Closed"
Homeless Shelter (Stenton Family Manor),conditionsOfAccess,"""For homeless individuals residing in the Philadelphia, PA area."""
Food Pantry (Rock Ministries of Philadelphia),latitude,39.9907975
Food Pantry (Rock Ministries of Philadelphia),audience,Families
Food Pantry (Rock Ministries of Philadelphia),audience,AnyoneInNeed
Food Pantry (Rock Ministries of Philadelphia),audience,AlcoholDependency
Food Pantry (Rock Ministries of Philadelphia),category,Clothing
Food Pantry (Rock Ministries of Philadelphia),category,NavigatingTheSystem
Food Pantry (Rock Ministries of Philadelphia),audience,Homeless
Food Pantry (Rock Ministries of Philadelphia),cost,Free
Food Pantry (Rock Ministries of Philadelphia),availability,Available
Food Pantry (Rock Ministries of Philadelphia),category,SpiritualSupport
Food Pantry (Rock Ministries of Philadelphia),category,FoodPantry
Food Pantry (Rock Ministries of Philadelphia),category,HelpFindHousing
Food Pantry (Rock Ministries of Philadelphia),audience,Individuals
Food Pantry (Rock Ministries of Philadelphia),language,English
Food Pantry (Rock Ministries of Philadelphia),category,EmergencyFood
Food Pantry (Rock Ministries of Philadelphia),category,AddictionAndRecovery
Food Pantry (Rock Ministries of Philadelphia),audience,AllAges
Food Pantry (Rock Ministries of Philadelphia),audience,SubstanceDependency
Food Pantry (Rock Ministries of Philadelphia),service type,Food
Food Pantry (Rock Ministries of Philadelphia),postalCode,"""19134"""
Food Pantry (Rock Ministries of Philadelphia),postalCode,"""19124"""
Food Pantry (Rock Ministries of Philadelphia),url,"""None"""
Food Pantry (Rock Ministries of Philadelphia),url,"""https://www.facebook.com/therockministry"""
Food Pantry (Rock Ministries of Philadelphia),identifier,"""Food Pantry (Rock Ministries of Philadelphia)_5640139036164096"""
Food Pantry (Rock Ministries of Philadelphia),name,""""""
Food Pantry (Rock Ministries of Philadelphia),name,"""Food Pantry (Rock Ministries of Philadelphia)"""
Food Pantry (Rock Ministries of Philadelphia),hasMap,XMLSchema#anyUri
Food Pantry (Rock Ministries of Philadelphia),areaServed,"""This program covers residents of the following cities: Philadelphia, PA."""
Food Pantry (Rock Ministries of Philadelphia),provider,Food Pantry (Rock Ministries of Philadelphia)
Food Pantry (Rock Ministries of Philadelphia),address,"""2755 Kensington Avenue, Philadelphia, PA 19134"""
Food Pantry (Rock Ministries of Philadelphia),longitude,XMLSchema#decimal
Food Pantry (Rock Ministries of Philadelphia),longitude,XMLSchema#decimal
Food Pantry (Rock Ministries of Philadelphia),availableChannel,AB-Food Pantry (Rock Ministries of Philadelphia)
Food Pantry (Rock Ministries of Philadelphia),availableChannel,P-Food Pantry (Rock Ministries of Philadelphia)
Food Pantry (Rock Ministries of Philadelphia),containedInPlace,19134
Food Pantry (Rock Ministries of Philadelphia),containedInPlace,19124
Food Pantry (Rock Ministries of Philadelphia),description,Food Pantry (Rock Ministries of Philadelphia)
Food Pantry (Rock Ministries of Philadelphia),telephone,"""tel:+1-215-739-3927"""
Food Pantry (Rock Ministries of Philadelphia),text,"""Rock Ministries of Philadelphia offers their food pantry and community outreach services to supply food, clothing, and resources to all people in need.This program provides:- Food distribution- Clothing- Help finding treatment options, such as detox- Help finding shelter- Faith based supportAnyone in need of emergency food or clothing can call to request assistance. Those in need of non-emergency food or clothing can visit the church after service on Sunday to sign up. After signing up, individuals can pick up the items on the following Wednesday."""
Food Pantry (Rock Ministries of Philadelphia),xmlschema11-2#time,"""Tuesday Closed"
Food Pantry (Rock Ministries of Philadelphia),xmlschema11-2#time,"""Monday from 08:00 to 17:00"""
Food Pantry (Rock Ministries of Philadelphia),xmlschema11-2#time,"""Thursday Closed"
Food Pantry (Rock Ministries of Philadelphia),xmlschema11-2#time,"""Monday Closed"
Food Pantry (Rock Ministries of Philadelphia),xmlschema11-2#time,"""Friday Closed"
Food Pantry (Rock Ministries of Philadelphia),xmlschema11-2#time,"""Thursday from 08:00 to 17:00"""
Food Pantry (Rock Ministries of Philadelphia),xmlschema11-2#time,"""Friday from 08:00 to 17:00"""
Food Pantry (Rock Ministries of Philadelphia),xmlschema11-2#time,"""Sunday Closed"
Food Pantry (Rock Ministries of Philadelphia),xmlschema11-2#time,"""Sunday from 11:00 to 13:00"""
Food Pantry (Rock Ministries of Philadelphia),xmlschema11-2#time,"""Saturday Closed"
Food Pantry (Rock Ministries of Philadelphia),xmlschema11-2#time,"""Tuesday from 08:00 to 17:00"""
Food Pantry (Rock Ministries of Philadelphia),xmlschema11-2#time,"""Wednesday from 08:00 to 17:00"""
Food Pantry (Rock Ministries of Philadelphia),conditionsOfAccess,"""Anyone can access this program."""
Youth Services (Covenant House Pennsylvania),latitude,40.0356453
Youth Services (Covenant House Pennsylvania),latitude,40.0356379
Youth Services (Covenant House Pennsylvania),audience,InCrisis
Youth Services (Covenant House Pennsylvania),audience,HumanTraffickingSurvivors
Youth Services (Covenant House Pennsylvania),language,English
Youth Services (Covenant House Pennsylvania),category,Counseling
Youth Services (Covenant House Pennsylvania),category,SpiritualSupport
Youth Services (Covenant House Pennsylvania),availability,Available
Youth Services (Covenant House Pennsylvania),audience,Children
Youth Services (Covenant House Pennsylvania),audience,Teens
Youth Services (Covenant House Pennsylvania),category,OneOnOneSupport
Youth Services (Covenant House Pennsylvania),category,AdvocacyAndLegalAid
Youth Services (Covenant House Pennsylvania),audience,Homeless
Youth Services (Covenant House Pennsylvania),audience,Runaways
Youth Services (Covenant House Pennsylvania),category,NavigatingTheSystem
Youth Services (Covenant House Pennsylvania),category,ShortTermHousing
Youth Services (Covenant House Pennsylvania),category,CaseManagement
Youth Services (Covenant House Pennsylvania),category,ResidentialHousing
Youth Services (Covenant House Pennsylvania),category,MedicalCare
Youth Services (Covenant House Pennsylvania),category,Meals
Youth Services (Covenant House Pennsylvania),audience,Lgbtqia
Youth Services (Covenant House Pennsylvania),category,TemporaryShelter
Youth Services (Covenant House Pennsylvania),audience,YoungAdults
Youth Services (Covenant House Pennsylvania),category,FinancialEducation
Youth Services (Covenant House Pennsylvania),cost,Free
Youth Services (Covenant House Pennsylvania),service type,Food
Youth Services (Covenant House Pennsylvania),service type,Shelter
Youth Services (Covenant House Pennsylvania),postalCode,"""19144"""
Youth Services (Covenant House Pennsylvania),url,"""https://www.twitter.com/@CovenantHousePA"""
Youth Services (Covenant House Pennsylvania),url,"""https://www.facebook.com/CovenantHousePA"""
Youth Services (Covenant House Pennsylvania),identifier,"""Youth Services (Covenant House Pennsylvania)_4909220273061888"""
Youth Services (Covenant House Pennsylvania),name,"""Youth Services (Covenant House Pennsylvania)"""
Youth Services (Covenant House Pennsylvania),name,""""""
Youth Services (Covenant House Pennsylvania),hasMap,XMLSchema#anyUri
Youth Services (Covenant House Pennsylvania),areaServed,"""This program covers residents of the following counties: Philadelphia County, PA."""
Youth Services (Covenant House Pennsylvania),provider,Youth Services (Covenant House Pennsylvania)
Youth Services (Covenant House Pennsylvania),address,"""31 East Armat St. , Philadelphia, PA 19144"""
Youth Services (Covenant House Pennsylvania),address,"""31 East Armat St., Philadelphia, PA 19144"""
Youth Services (Covenant House Pennsylvania),longitude,XMLSchema#decimal
Youth Services (Covenant House Pennsylvania),longitude,XMLSchema#decimal
Youth Services (Covenant House Pennsylvania),availableChannel,AB-Youth Services (Covenant House Pennsylvania)
Youth Services (Covenant House Pennsylvania),availableChannel,P-Youth Services (Covenant House Pennsylvania)
Youth Services (Covenant House Pennsylvania),containedInPlace,19144
Youth Services (Covenant House Pennsylvania),description,Youth Services (Covenant House Pennsylvania)
Youth Services (Covenant House Pennsylvania),telephone,"""tel:+1-888-829-1249"""
Youth Services (Covenant House Pennsylvania),text,"""Covenant House Pennsylvania offers shelter and supportive services to young people experiencing homelessness. They aim to help homeless young people become healthy, happy, responsible, productive, and ultimately independent adults.This program provides:- A safe, secure environment- Immediate and transitional housing- Rapid rehousing- Meals and food- Case Management- Spiritual Support- Counseling- Physical health, mental health, and drug and alcohol services- Saving and budgeting- Continuing education- Support for LGBTQ individuals- Job readinessThe Crisis Center is open 24 hours per day, seven days per week. There are no shelter fees, however, those staying at the shelter must deposit 75% of their income during their stay. All money is returned upon leaving the shelter. Covenant House is a drug and weapon-free program."""
Youth Services (Covenant House Pennsylvania),xmlschema11-2#time,"""Thursday from 00:00 to 23:59"""
Youth Services (Covenant House Pennsylvania),xmlschema11-2#time,"""Saturday from 00:00 to 23:59"""
Youth Services (Covenant House Pennsylvania),xmlschema11-2#time,"""Tuesday from 00:00 to 23:59"""
Youth Services (Covenant House Pennsylvania),xmlschema11-2#time,"""Wednesday from 00:00 to 23:59"""
Youth Services (Covenant House Pennsylvania),xmlschema11-2#time,"""Friday from 00:00 to 23:59"""
Youth Services (Covenant House Pennsylvania),xmlschema11-2#time,"""Monday from 00:00 to 23:59"""
Youth Services (Covenant House Pennsylvania),xmlschema11-2#time,"""Sunday from 00:00 to 23:59"""
Youth Services (Covenant House Pennsylvania),conditionsOfAccess,"""This program helps people who are younger than 21 years old"""
Community Support Services (Better Living Center),latitude,39.8383841
Community Support Services (Better Living Center),category,HelpFindWork
Community Support Services (Better Living Center),category,UnderstandMentalHealth
Community Support Services (Better Living Center),category,DayCamp
Community Support Services (Better Living Center),audience,LowIncome
Community Support Services (Better Living Center),category,ComputerOrInternetAccess
Community Support Services (Better Living Center),category,EmergencyFood
Community Support Services (Better Living Center),category,DayCamp
Community Support Services (Better Living Center),category,NavigatingTheSystem
Community Support Services (Better Living Center),category,ComputerOrInternetAccess
Community Support Services (Better Living Center),audience,AnyoneInNeed
Community Support Services (Better Living Center),category,EmergencyFood
Community Support Services (Better Living Center),category,HelpFindWork
Community Support Services (Better Living Center),category,HealthEducation
Community Support Services (Better Living Center),audience,Individuals
Community Support Services (Better Living Center),availability,Available
Community Support Services (Better Living Center),audience,Families
Community Support Services (Better Living Center),category,SkillsAndTraining
Community Support Services (Better Living Center),audience,AllAges
Community Support Services (Better Living Center),category,NavigatingTheSystem
Community Support Services (Better Living Center),cost,Free
Community Support Services (Better Living Center),category,SkillsAndTraining
Community Support Services (Better Living Center),category,AfterSchoolCare
Community Support Services (Better Living Center),category,AfterSchoolCare
Community Support Services (Better Living Center),category,HealthEducation
Community Support Services (Better Living Center),category,UnderstandMentalHealth
Community Support Services (Better Living Center),audience,CriminalJusticeHistory
Community Support Services (Better Living Center),category,CommunitySupportServices
Community Support Services (Better Living Center),language,English
Community Support Services (Better Living Center),category,CommunitySupportServices
Community Support Services (Better Living Center),service type,Food
Community Support Services (Better Living Center),postalCode,"""19013"""
Community Support Services (Better Living Center),url,"""None"""
Community Support Services (Better Living Center),identifier,"""Community Support Services (Better Living Center)_5385341432496128"""
Community Support Services (Better Living Center),name,""""""
Community Support Services (Better Living Center),name,"""Community Support Services (Better Living Center)"""
Community Support Services (Better Living Center),hasMap,XMLSchema#anyUri
Community Support Services (Better Living Center),areaServed,"""This program covers residents of the following counties: Chester County, PA and Delaware County, PA."""
Community Support Services (Better Living Center),provider,Community Support Services (Better Living Center)
Community Support Services (Better Living Center),address,"""1917 W 6th St, Chester, PA 19013"""
Community Support Services (Better Living Center),longitude,XMLSchema#decimal
Community Support Services (Better Living Center),availableChannel,AB-Community Support Services (Better Living Center)
Community Support Services (Better Living Center),availableChannel,P-Community Support Services (Better Living Center)
Community Support Services (Better Living Center),containedInPlace,19013
Community Support Services (Better Living Center),description,Community Support Services (Better Living Center)
Community Support Services (Better Living Center),telephone,"""tel:+1-610-497-1082"""
Community Support Services (Better Living Center),text,"""The Better Living Center is dedicated to providing resources and information to empower the residents of Chester and Delaware County to improve their lives.This program provides:- An Emergency Food Pantry- Free Computer and Internet Access- After-School Programs- YMCA Summer Camp in partnership with the Rocky Run YMCA- Job Training, Career Development and Employment Searches- Healthy Lifestyle, Healthcare and Mental Health Information"""
Community Support Services (Better Living Center),xmlschema11-2#time,"""Tuesday from 08:00 to 17:00"""
Community Support Services (Better Living Center),xmlschema11-2#time,"""Monday from 08:00 to 17:00"""
Community Support Services (Better Living Center),xmlschema11-2#time,"""Wednesday from 08:00 to 17:00"""
Community Support Services (Better Living Center),xmlschema11-2#time,"""Sunday Closed"
Community Support Services (Better Living Center),xmlschema11-2#time,"""Thursday from 08:00 to 17:00"""
Community Support Services (Better Living Center),xmlschema11-2#time,"""Friday from 08:00 to 17:00"""
Community Support Services (Better Living Center),xmlschema11-2#time,"""Saturday Closed"
Community Support Services (Better Living Center),conditionsOfAccess,"""Follow the Next Steps to find out if this program has eligibility criteria."""
Food Distribution (Kingdom Life Christian Center),latitude,40.0277668
Food Distribution (Kingdom Life Christian Center),availability,Available
Food Distribution (Kingdom Life Christian Center),audience,AllAges
Food Distribution (Kingdom Life Christian Center),cost,Free
Food Distribution (Kingdom Life Christian Center),audience,AnyoneInNeed
Food Distribution (Kingdom Life Christian Center),category,EmergencyFood
Food Distribution (Kingdom Life Christian Center),language,English
Food Distribution (Kingdom Life Christian Center),category,FoodPantry
Food Distribution (Kingdom Life Christian Center),category,FoodPantry
Food Distribution (Kingdom Life Christian Center),audience,Individuals
Food Distribution (Kingdom Life Christian Center),audience,Families
Food Distribution (Kingdom Life Christian Center),category,EmergencyFood
Food Distribution (Kingdom Life Christian Center),service type,Food
Food Distribution (Kingdom Life Christian Center),postalCode,"""19149"""
Food Distribution (Kingdom Life Christian Center),url,"""https://www.facebook.com/Kingdom-Life-Christian-Center-NE-148467495247846/"""
Food Distribution (Kingdom Life Christian Center),url,"""None"""
Food Distribution (Kingdom Life Christian Center),identifier,"""Food Distribution (Kingdom Life Christian Center)_6213025361821696"""
Food Distribution (Kingdom Life Christian Center),name,"""Food Distribution (Kingdom Life Christian Center)"""
Food Distribution (Kingdom Life Christian Center),name,""""""
Food Distribution (Kingdom Life Christian Center),hasMap,XMLSchema#anyUri
Food Distribution (Kingdom Life Christian Center),areaServed,"""This program covers residents of the following cities: Philadelphia, PA."""
Food Distribution (Kingdom Life Christian Center),provider,Food Distribution (Kingdom Life Christian Center)
Food Distribution (Kingdom Life Christian Center),address,"""6325 Frankford Avenue, Philadelphia, PA 19135"""
Food Distribution (Kingdom Life Christian Center),longitude,XMLSchema#decimal
Food Distribution (Kingdom Life Christian Center),availableChannel,AB-Food Distribution (Kingdom Life Christian Center)
Food Distribution (Kingdom Life Christian Center),availableChannel,P-Food Distribution (Kingdom Life Christian Center)
Food Distribution (Kingdom Life Christian Center),containedInPlace,19149
Food Distribution (Kingdom Life Christian Center),description,Food Distribution (Kingdom Life Christian Center)
Food Distribution (Kingdom Life Christian Center),telephone,"""tel:+1-267-343-5183"""
Food Distribution (Kingdom Life Christian Center),text,"""Kingdom Life Christian Center provides food assistance to anyone in the community. We also provide diapers and formula, available while supplies last.This program provides:- Food to meet basic nutritional requirements Check website to see when the food distribution is offered as the times and dates are subject to change."""
Food Distribution (Kingdom Life Christian Center),xmlschema11-2#time,"""Sunday Closed"
Food Distribution (Kingdom Life Christian Center),xmlschema11-2#time,"""Thursday from 08:00 to 17:00"""
Food Distribution (Kingdom Life Christian Center),xmlschema11-2#time,"""Saturday Closed"
Food Distribution (Kingdom Life Christian Center),xmlschema11-2#time,"""Friday from 08:00 to 17:00"""
Food Distribution (Kingdom Life Christian Center),xmlschema11-2#time,"""Wednesday from 08:00 to 17:00"""
Food Distribution (Kingdom Life Christian Center),xmlschema11-2#time,"""Monday from 08:00 to 17:00"""
Food Distribution (Kingdom Life Christian Center),xmlschema11-2#time,"""Tuesday from 08:00 to 17:00"""
Food Distribution (Kingdom Life Christian Center),conditionsOfAccess,"""Anyone can access this program."""
Food Cupboard (Berean Presbyterian Church),latitude,39.9848773
Food Cupboard (Berean Presbyterian Church),category,Clothing
Food Cupboard (Berean Presbyterian Church),language,English
Food Cupboard (Berean Presbyterian Church),category,BasicLiteracy
Food Cupboard (Berean Presbyterian Church),cost,Free
Food Cupboard (Berean Presbyterian Church),audience,AllAges
Food Cupboard (Berean Presbyterian Church),availability,Available
Food Cupboard (Berean Presbyterian Church),category,FoodPantry
Food Cupboard (Berean Presbyterian Church),category,Counseling
Food Cupboard (Berean Presbyterian Church),audience,AnyoneInNeed
Food Cupboard (Berean Presbyterian Church),service type,Food
Food Cupboard (Berean Presbyterian Church),postalCode,"""19122"""
Food Cupboard (Berean Presbyterian Church),url,"""None"""
Food Cupboard (Berean Presbyterian Church),identifier,"""Food Cupboard (Berean Presbyterian Church)_5849502340612096"""
Food Cupboard (Berean Presbyterian Church),name,""""""
Food Cupboard (Berean Presbyterian Church),name,"""Food Cupboard (Berean Presbyterian Church)"""
Food Cupboard (Berean Presbyterian Church),hasMap,XMLSchema#anyUri
Food Cupboard (Berean Presbyterian Church),areaServed,"""This program covers residents of the following cities: Philadelphia, PA."""
Food Cupboard (Berean Presbyterian Church),provider,Food Cupboard (Berean Presbyterian Church)
Food Cupboard (Berean Presbyterian Church),address,"""2101 North Broad Street, Philadelphia, PA 19122"""
Food Cupboard (Berean Presbyterian Church),longitude,XMLSchema#decimal
Food Cupboard (Berean Presbyterian Church),availableChannel,AB-Food Cupboard (Berean Presbyterian Church)
Food Cupboard (Berean Presbyterian Church),availableChannel,P-Food Cupboard (Berean Presbyterian Church)
Food Cupboard (Berean Presbyterian Church),containedInPlace,19122
Food Cupboard (Berean Presbyterian Church),description,Food Cupboard (Berean Presbyterian Church)
Food Cupboard (Berean Presbyterian Church),telephone,"""tel:+1-605-472-5636"""
Food Cupboard (Berean Presbyterian Church),text,"""The food pantry provides quality food items to households experiencing food insecurity. This program supplies critical nutrition to hungry individuals and families. This program provides:- Food to meet basic nutritional needs"""
Food Cupboard (Berean Presbyterian Church),xmlschema11-2#time,"""Saturday Closed"
Food Cupboard (Berean Presbyterian Church),xmlschema11-2#time,"""Thursday Closed"
Food Cupboard (Berean Presbyterian Church),xmlschema11-2#time,"""Wednesday from 11:00 to 13:00"""
Food Cupboard (Berean Presbyterian Church),xmlschema11-2#time,"""Sunday Closed"
Food Cupboard (Berean Presbyterian Church),xmlschema11-2#time,"""Tuesday Closed"
Food Cupboard (Berean Presbyterian Church),xmlschema11-2#time,"""Friday from 11:00 to 13:00"""
Food Cupboard (Berean Presbyterian Church),xmlschema11-2#time,"""Monday Closed"
Food Cupboard (Berean Presbyterian Church),conditionsOfAccess,"""Anyone can access this program."""
Food Pantry (Saint Ignatius of Loyola),latitude,39.9639321
Food Pantry (Saint Ignatius of Loyola),cost,Free
Food Pantry (Saint Ignatius of Loyola),availability,Available
Food Pantry (Saint Ignatius of Loyola),audience,AnyoneInNeed
Food Pantry (Saint Ignatius of Loyola),category,FoodPantry
Food Pantry (Saint Ignatius of Loyola),audience,Families
Food Pantry (Saint Ignatius of Loyola),audience,LowIncome
Food Pantry (Saint Ignatius of Loyola),language,English
Food Pantry (Saint Ignatius of Loyola),audience,AllAges
Food Pantry (Saint Ignatius of Loyola),audience,Individuals
Food Pantry (Saint Ignatius of Loyola),category,FoodPantry
Food Pantry (Saint Ignatius of Loyola),service type,Food
Food Pantry (Saint Ignatius of Loyola),postalCode,"""19104"""
Food Pantry (Saint Ignatius of Loyola),url,"""None"""
Food Pantry (Saint Ignatius of Loyola),url,"""https://www.facebook.com/SaintIgnatiusWestPhilly"""
Food Pantry (Saint Ignatius of Loyola),identifier,"""Food Pantry (Saint Ignatius of Loyola)_4869860969676800"""
Food Pantry (Saint Ignatius of Loyola),name,""""""
Food Pantry (Saint Ignatius of Loyola),name,"""Food Pantry (Saint Ignatius of Loyola)"""
Food Pantry (Saint Ignatius of Loyola),hasMap,XMLSchema#anyUri
Food Pantry (Saint Ignatius of Loyola),areaServed,"""This program covers residents of the following postal codes: 19104."""
Food Pantry (Saint Ignatius of Loyola),provider,Food Pantry (Saint Ignatius of Loyola)
Food Pantry (Saint Ignatius of Loyola),address,"""636 North 43rd Street, Philadelphia, PA 19104"""
Food Pantry (Saint Ignatius of Loyola),longitude,XMLSchema#decimal
Food Pantry (Saint Ignatius of Loyola),availableChannel,AB-Food Pantry (Saint Ignatius of Loyola)
Food Pantry (Saint Ignatius of Loyola),availableChannel,P-Food Pantry (Saint Ignatius of Loyola)
Food Pantry (Saint Ignatius of Loyola),containedInPlace,19104
Food Pantry (Saint Ignatius of Loyola),description,Food Pantry (Saint Ignatius of Loyola)
Food Pantry (Saint Ignatius of Loyola),telephone,"""tel:+1-215-386-5065"""
Food Pantry (Saint Ignatius of Loyola),text,"""St Ignatius of Loyola addresses the needs of low-income individuals and households that lack a reliable access to affordable, nutritious food and may experience hunger on a regular basis.This program provides:- Nutritious foods Individuals are able to apply for services at the location, and receive a bag of groceries once a month. You may sign up for an additional Senior Box for those who are 55 and up on the 3rd Tuesday of the month. Please call to confirm hours of operation."""
Food Pantry (Saint Ignatius of Loyola),xmlschema11-2#time,"""Friday Closed"
Food Pantry (Saint Ignatius of Loyola),xmlschema11-2#time,"""Wednesday Closed"
Food Pantry (Saint Ignatius of Loyola),xmlschema11-2#time,"""Sunday Closed"
Food Pantry (Saint Ignatius of Loyola),xmlschema11-2#time,"""Tuesday from 10:00 to 12:00"""
Food Pantry (Saint Ignatius of Loyola),xmlschema11-2#time,"""Monday Closed"
Food Pantry (Saint Ignatius of Loyola),xmlschema11-2#time,"""Thursday Closed"
Food Pantry (Saint Ignatius of Loyola),xmlschema11-2#time,"""Saturday Closed"
Food Pantry (Saint Ignatius of Loyola),conditionsOfAccess,"""Must live in 19104 zip code to receive services"""
Green Light Pantry (Drueding Center),latitude,39.9726314
Green Light Pantry (Drueding Center),category,HealthEducation
Green Light Pantry (Drueding Center),category,HealthEducation
Green Light Pantry (Drueding Center),category,FoodPantry
Green Light Pantry (Drueding Center),audience,AnyoneInNeed
Green Light Pantry (Drueding Center),category,NutritionEducation
Green Light Pantry (Drueding Center),cost,Free
Green Light Pantry (Drueding Center),category,NutritionEducation
Green Light Pantry (Drueding Center),audience,Families
Green Light Pantry (Drueding Center),category,FoodPantry
Green Light Pantry (Drueding Center),language,English
Green Light Pantry (Drueding Center),availability,Waitlist
Green Light Pantry (Drueding Center),audience,Individuals
Green Light Pantry (Drueding Center),audience,AllAges
Green Light Pantry (Drueding Center),service type,Food
Green Light Pantry (Drueding Center),postalCode,"""19122"""
Green Light Pantry (Drueding Center),url,"""https://www.facebook.com/druedingcenter/"""
Green Light Pantry (Drueding Center),identifier,"""Green Light Pantry (Drueding Center)_5440222347657216"""
Green Light Pantry (Drueding Center),name,"""Green Light Pantry (Drueding Center)"""
Green Light Pantry (Drueding Center),name,""""""
Green Light Pantry (Drueding Center),hasMap,XMLSchema#anyUri
Green Light Pantry (Drueding Center),areaServed,"""This program covers residents of the following counties: Philadelphia County, PA."""
Green Light Pantry (Drueding Center),provider,Green Light Pantry (Drueding Center)
Green Light Pantry (Drueding Center),address,"""413 Master Street, Philadelphia, PA 19122"""
Green Light Pantry (Drueding Center),longitude,XMLSchema#decimal
Green Light Pantry (Drueding Center),availableChannel,AB-Green Light Pantry (Drueding Center)
Green Light Pantry (Drueding Center),availableChannel,P-Green Light Pantry (Drueding Center)
Green Light Pantry (Drueding Center),containedInPlace,19122
Green Light Pantry (Drueding Center),description,Green Light Pantry (Drueding Center)
Green Light Pantry (Drueding Center),telephone,"""tel:+1-215-787-3294"""
Green Light Pantry (Drueding Center),text,"""Green Light Pantry provides nutritious and wholesome food to Drueding Center families, graduates, staff and the local community. The pantry operates a \""choice-model\"" program that allows clients to â€śshopâ€ť for fresh produce, whole grain pasta and cereals, dairy, and lean proteins.This program provides:- Food to meet basic nutritional needs- Nutrition educationPlease call ahead to ask about food availability and to be added to the waitlist.The Green Light Pantry also offers cooking and nutrition classes. Since the start of the pandemic, they've had to adapt their programs to keep everyone safe by distributing pre-packaged food bags and offering virtual cooking classes."""
Green Light Pantry (Drueding Center),xmlschema11-2#time,"""Tuesday from 09:00 to 12:00"""
Green Light Pantry (Drueding Center),xmlschema11-2#time,"""Wednesday Closed"
Green Light Pantry (Drueding Center),xmlschema11-2#time,"""Friday Closed"
Green Light Pantry (Drueding Center),xmlschema11-2#time,"""Thursday from 15:00 to 17:00"""
Green Light Pantry (Drueding Center),xmlschema11-2#time,"""Sunday Closed"
Green Light Pantry (Drueding Center),xmlschema11-2#time,"""Monday Closed"
Green Light Pantry (Drueding Center),xmlschema11-2#time,"""Saturday Closed"
Green Light Pantry (Drueding Center),conditionsOfAccess,"""Anyone can access this program."""
Food Pantry (Somerton Interfaith Food Bank),latitude,40.122485
Food Pantry (Somerton Interfaith Food Bank),language,English
Food Pantry (Somerton Interfaith Food Bank),audience,AnyoneInNeed
Food Pantry (Somerton Interfaith Food Bank),audience,AllAges
Food Pantry (Somerton Interfaith Food Bank),category,FoodPantry
Food Pantry (Somerton Interfaith Food Bank),category,FoodPantry
Food Pantry (Somerton Interfaith Food Bank),availability,Available
Food Pantry (Somerton Interfaith Food Bank),cost,Free
Food Pantry (Somerton Interfaith Food Bank),service type,Food
Food Pantry (Somerton Interfaith Food Bank),postalCode,"""19116"""
Food Pantry (Somerton Interfaith Food Bank),url,"""None"""
Food Pantry (Somerton Interfaith Food Bank),identifier,"""Food Pantry (Somerton Interfaith Food Bank)_6641549530365952"""
Food Pantry (Somerton Interfaith Food Bank),name,"""Food Pantry (Somerton Interfaith Food Bank)"""
Food Pantry (Somerton Interfaith Food Bank),name,""""""
Food Pantry (Somerton Interfaith Food Bank),hasMap,XMLSchema#anyUri
Food Pantry (Somerton Interfaith Food Bank),areaServed,"""This program covers residents of the following postal codes: 19006, 19020, 19053, 19114, 19115, 19116, 19136, 19152 and 19154."""
Food Pantry (Somerton Interfaith Food Bank),provider,Food Pantry (Somerton Interfaith Food Bank)
Food Pantry (Somerton Interfaith Food Bank),address,"""510 Somerton Avenue, Philadelphia, PA 19116"""
Food Pantry (Somerton Interfaith Food Bank),longitude,XMLSchema#decimal
Food Pantry (Somerton Interfaith Food Bank),availableChannel,AB-Food Pantry (Somerton Interfaith Food Bank)
Food Pantry (Somerton Interfaith Food Bank),availableChannel,P-Food Pantry (Somerton Interfaith Food Bank)
Food Pantry (Somerton Interfaith Food Bank),containedInPlace,19116
Food Pantry (Somerton Interfaith Food Bank),description,Food Pantry (Somerton Interfaith Food Bank)
Food Pantry (Somerton Interfaith Food Bank),telephone,"""tel:+1-215-673-1117"""
Food Pantry (Somerton Interfaith Food Bank),text,"""The Somerton Interfaith Food Pantry provides assistance to families and individuals who have limited or no income, who simply have fallen on hard times or recently unemployed and need assistance to make ends meet.This program provides:  - Food to meet basic nutritional needs"""
Food Pantry (Somerton Interfaith Food Bank),xmlschema11-2#time,"""Sunday Closed"
Food Pantry (Somerton Interfaith Food Bank),xmlschema11-2#time,"""Thursday Closed"
Food Pantry (Somerton Interfaith Food Bank),xmlschema11-2#time,"""Tuesday Closed"
Food Pantry (Somerton Interfaith Food Bank),xmlschema11-2#time,"""Wednesday from 09:30 to 12:00"""
Food Pantry (Somerton Interfaith Food Bank),xmlschema11-2#time,"""Friday Closed"
Food Pantry (Somerton Interfaith Food Bank),xmlschema11-2#time,"""Monday from 09:30 to 12:00"""
Food Pantry (Somerton Interfaith Food Bank),xmlschema11-2#time,"""Saturday Closed"
Food Pantry (Somerton Interfaith Food Bank),conditionsOfAccess,"""We serve anyone in need."""
Food Distribution (Circle of Hope),latitude,40.0415456
Food Distribution (Circle of Hope),latitude,39.9227241
Food Distribution (Circle of Hope),cost,Free
Food Distribution (Circle of Hope),language,English
Food Distribution (Circle of Hope),availability,Full
Food Distribution (Circle of Hope),audience,AllAges
Food Distribution (Circle of Hope),category,FoodPantry
Food Distribution (Circle of Hope),category,FoodPantry
Food Distribution (Circle of Hope),audience,AnyoneInNeed
Food Distribution (Circle of Hope),service type,Food
Food Distribution (Circle of Hope),postalCode,"""19145"""
Food Distribution (Circle of Hope),postalCode,"""19144"""
Food Distribution (Circle of Hope),url,"""https://www.facebook.com/CircleofHopePhillyRegion/"""
Food Distribution (Circle of Hope),url,"""https://www.twitter.com/@CircleofHopeNet"""
Food Distribution (Circle of Hope),identifier,"""Food Distribution (Circle of Hope)_6326304658030592"""
Food Distribution (Circle of Hope),name,""""""
Food Distribution (Circle of Hope),name,"""Food Distribution (Circle of Hope)"""
Food Distribution (Circle of Hope),hasMap,XMLSchema#anyUri
Food Distribution (Circle of Hope),hasMap,XMLSchema#anyUri
Food Distribution (Circle of Hope),areaServed,"""This program covers residents of the following counties: Camden County, NJ and Philadelphia County, PA."""
Food Distribution (Circle of Hope),provider,Food Distribution (Circle of Hope)
Food Distribution (Circle of Hope),address,"""29 West Tulpehocken Street, Philadelphia, PA 19144"""
Food Distribution (Circle of Hope),address,"""2212 South Broad Street, Philadelphia, PA 19145"""
Food Distribution (Circle of Hope),longitude,XMLSchema#decimal
Food Distribution (Circle of Hope),longitude,XMLSchema#decimal
Food Distribution (Circle of Hope),availableChannel,AB-Food Distribution (Circle of Hope)
Food Distribution (Circle of Hope),availableChannel,P-Food Distribution (Circle of Hope)
Food Distribution (Circle of Hope),containedInPlace,19145
Food Distribution (Circle of Hope),containedInPlace,19144
Food Distribution (Circle of Hope),description,Food Distribution (Circle of Hope)
Food Distribution (Circle of Hope),telephone,"""tel:+1-856-320-8230"""
Food Distribution (Circle of Hope),text,"""Circle of Hope offers food distribution through mutual aid, based on what is currently available.This program provides: - Food distributionPlease note that while those in need can generally call to be added to the waitlist, the list is past capacity and Circle of Hope is not currently accepting new requests for food."""
Food Distribution (Circle of Hope),xmlschema11-2#time,"""Friday from 08:00 to 17:00"""
Food Distribution (Circle of Hope),xmlschema11-2#time,"""Wednesday from 08:00 to 17:00"""
Food Distribution (Circle of Hope),xmlschema11-2#time,"""Sunday Closed"
Food Distribution (Circle of Hope),xmlschema11-2#time,"""Tuesday from 08:00 to 17:00"""
Food Distribution (Circle of Hope),xmlschema11-2#time,"""Thursday from 08:00 to 17:00"""
Food Distribution (Circle of Hope),xmlschema11-2#time,"""Saturday Closed"
Food Distribution (Circle of Hope),xmlschema11-2#time,"""Monday from 08:00 to 17:00"""
Food Distribution (Circle of Hope),conditionsOfAccess,"""Those program serves those in Philadelphia and South Jersey."""
Food Bag Distribution (Bethel Presbyterian Church),latitude,39.99029
Food Bag Distribution (Bethel Presbyterian Church),category,Clothing
Food Bag Distribution (Bethel Presbyterian Church),category,Clothing
Food Bag Distribution (Bethel Presbyterian Church),audience,Individuals
Food Bag Distribution (Bethel Presbyterian Church),availability,Available
Food Bag Distribution (Bethel Presbyterian Church),language,English
Food Bag Distribution (Bethel Presbyterian Church),cost,Free
Food Bag Distribution (Bethel Presbyterian Church),audience,AnyoneInNeed
Food Bag Distribution (Bethel Presbyterian Church),audience,Families
Food Bag Distribution (Bethel Presbyterian Church),audience,AllAges
Food Bag Distribution (Bethel Presbyterian Church),category,FoodPantry
Food Bag Distribution (Bethel Presbyterian Church),category,Meals
Food Bag Distribution (Bethel Presbyterian Church),category,FoodPantry
Food Bag Distribution (Bethel Presbyterian Church),category,Meals
Food Bag Distribution (Bethel Presbyterian Church),service type,Food
Food Bag Distribution (Bethel Presbyterian Church),postalCode,"""19132"""
Food Bag Distribution (Bethel Presbyterian Church),url,"""https://www.facebook.com/Bethelscommunitymission"""
Food Bag Distribution (Bethel Presbyterian Church),url,"""None"""
Food Bag Distribution (Bethel Presbyterian Church),identifier,"""Food Bag Distribution (Bethel Presbyterian Church)_5084256156778496"""
Food Bag Distribution (Bethel Presbyterian Church),name,""""""
Food Bag Distribution (Bethel Presbyterian Church),name,"""Food Bag Distribution (Bethel Presbyterian Church)"""
Food Bag Distribution (Bethel Presbyterian Church),hasMap,XMLSchema#anyUri
Food Bag Distribution (Bethel Presbyterian Church),areaServed,"""This program covers residents of the following counties: Philadelphia County, PA."""
Food Bag Distribution (Bethel Presbyterian Church),provider,Food Bag Distribution (Bethel Presbyterian Church)
Food Bag Distribution (Bethel Presbyterian Church),address,"""1900 West York Street, Philadelphia, PA 19132"""
Food Bag Distribution (Bethel Presbyterian Church),longitude,XMLSchema#decimal
Food Bag Distribution (Bethel Presbyterian Church),availableChannel,AB-Food Bag Distribution (Bethel Presbyterian Church)
Food Bag Distribution (Bethel Presbyterian Church),availableChannel,P-Food Bag Distribution (Bethel Presbyterian Church)
Food Bag Distribution (Bethel Presbyterian Church),containedInPlace,19132
Food Bag Distribution (Bethel Presbyterian Church),description,Food Bag Distribution (Bethel Presbyterian Church)
Food Bag Distribution (Bethel Presbyterian Church),telephone,"""tel:+1-215-228-0328"""
Food Bag Distribution (Bethel Presbyterian Church),text,"""Bethel Presbyterian Church offers a weekly Food Bag Distribution to support people in the community who are in need of food, clothing and other resources.Services include:- Food to meet basic nutritional needs- ClothingFood bags will be distributed on Thursdays from 12 - 2pm."""
Food Bag Distribution (Bethel Presbyterian Church),xmlschema11-2#time,"""Tuesday Closed"
Food Bag Distribution (Bethel Presbyterian Church),xmlschema11-2#time,"""Sunday Closed"
Food Bag Distribution (Bethel Presbyterian Church),xmlschema11-2#time,"""Saturday Closed"
Food Bag Distribution (Bethel Presbyterian Church),xmlschema11-2#time,"""Thursday from 12:00 to 14:00"""
Food Bag Distribution (Bethel Presbyterian Church),xmlschema11-2#time,"""Friday Closed"
Food Bag Distribution (Bethel Presbyterian Church),xmlschema11-2#time,"""Wednesday Closed"
Food Bag Distribution (Bethel Presbyterian Church),xmlschema11-2#time,"""Monday Closed"
Food Bag Distribution (Bethel Presbyterian Church),conditionsOfAccess,"""Anyone can access this program."""
Free Food for the People (The West Philly Bunny Hop),latitude,39.9420674
Free Food for the People (The West Philly Bunny Hop),language,English
Free Food for the People (The West Philly Bunny Hop),category,EmergencyFood
Free Food for the People (The West Philly Bunny Hop),category,FoodPantry
Free Food for the People (The West Philly Bunny Hop),audience,Families
Free Food for the People (The West Philly Bunny Hop),category,EmergencyFood
Free Food for the People (The West Philly Bunny Hop),category,FoodPantry
Free Food for the People (The West Philly Bunny Hop),audience,AllAges
Free Food for the People (The West Philly Bunny Hop),cost,Free
Free Food for the People (The West Philly Bunny Hop),availability,Available
Free Food for the People (The West Philly Bunny Hop),audience,Individuals
Free Food for the People (The West Philly Bunny Hop),audience,AnyoneInNeed
Free Food for the People (The West Philly Bunny Hop),service type,Food
Free Food for the People (The West Philly Bunny Hop),postalCode,"""19050"""
Free Food for the People (The West Philly Bunny Hop),url,"""None"""
Free Food for the People (The West Philly Bunny Hop),url,"""https://www.facebook.com/bunnyhopphl/"""
Free Food for the People (The West Philly Bunny Hop),identifier,"""Free Food for the People (The West Philly Bunny Hop)_6566876511207424"""
Free Food for the People (The West Philly Bunny Hop),name,""""""
Free Food for the People (The West Philly Bunny Hop),name,"""Free Food for the People (The West Philly Bunny Hop)"""
Free Food for the People (The West Philly Bunny Hop),hasMap,XMLSchema#anyUri
Free Food for the People (The West Philly Bunny Hop),areaServed,"""This program covers residents of the following cities: Philadelphia, PA."""
Free Food for the People (The West Philly Bunny Hop),provider,Free Food for the People (The West Philly Bunny Hop)
Free Food for the People (The West Philly Bunny Hop),address,"""6250 Baltimore Avenue West Philadelphia Philadelphia Lower Merion Township, PA 19050"""
Free Food for the People (The West Philly Bunny Hop),longitude,XMLSchema#decimal
Free Food for the People (The West Philly Bunny Hop),availableChannel,AB-Free Food for the People (The West Philly Bunny Hop)
Free Food for the People (The West Philly Bunny Hop),availableChannel,P-Free Food for the People (The West Philly Bunny Hop)
Free Food for the People (The West Philly Bunny Hop),containedInPlace,19050
Free Food for the People (The West Philly Bunny Hop),description,Free Food for the People (The West Philly Bunny Hop)
Free Food for the People (The West Philly Bunny Hop),telephone,"""tel:+1-484-238-0437"""
Free Food for the People (The West Philly Bunny Hop),text,"""The West Philly Bunny Hop distributes food to anyone in need at walk-up sites in Philadelphia. This program provides:- Food to meet basic nutritional needs Walk-up sites are first come, first serve."""
Free Food for the People (The West Philly Bunny Hop),xmlschema11-2#time,"""Tuesday from 08:00 to 17:00"""
Free Food for the People (The West Philly Bunny Hop),xmlschema11-2#time,"""Monday from 08:00 to 17:00"""
Free Food for the People (The West Philly Bunny Hop),xmlschema11-2#time,"""Thursday from 08:00 to 17:00"""
Free Food for the People (The West Philly Bunny Hop),xmlschema11-2#time,"""Sunday Closed"
Free Food for the People (The West Philly Bunny Hop),xmlschema11-2#time,"""Saturday Closed"
Free Food for the People (The West Philly Bunny Hop),xmlschema11-2#time,"""Friday from 08:00 to 17:00"""
Free Food for the People (The West Philly Bunny Hop),xmlschema11-2#time,"""Wednesday from 08:00 to 17:00"""
Free Food for the People (The West Philly Bunny Hop),conditionsOfAccess,"""Anyone can access this program."""
Food Pantry (Turning Points for Children),latitude,39.9215039
Food Pantry (Turning Points for Children),audience,AllAges
Food Pantry (Turning Points for Children),audience,Families
Food Pantry (Turning Points for Children),language,English
Food Pantry (Turning Points for Children),cost,Free
Food Pantry (Turning Points for Children),audience,Individuals
Food Pantry (Turning Points for Children),category,FoodPantry
Food Pantry (Turning Points for Children),category,FoodPantry
Food Pantry (Turning Points for Children),availability,Available
Food Pantry (Turning Points for Children),audience,AnyoneInNeed
Food Pantry (Turning Points for Children),service type,Food
Food Pantry (Turning Points for Children),postalCode,"""19142"""
Food Pantry (Turning Points for Children),url,"""https://www.facebook.com/TurningPointsforChildren"""
Food Pantry (Turning Points for Children),url,"""https://www.twitter.com/@TP4C"""
Food Pantry (Turning Points for Children),identifier,"""Food Pantry (Turning Points for Children)_6317383527694336"""
Food Pantry (Turning Points for Children),name,""""""
Food Pantry (Turning Points for Children),name,"""Food Pantry (Turning Points for Children)"""
Food Pantry (Turning Points for Children),hasMap,XMLSchema#anyUri
Food Pantry (Turning Points for Children),areaServed,"""This program covers residents of the following counties: Philadelphia County, PA."""
Food Pantry (Turning Points for Children),provider,Food Pantry (Turning Points for Children)
Food Pantry (Turning Points for Children),address,"""6601 Elmwood Avenue, Philadelphia, PA 19142"""
Food Pantry (Turning Points for Children),longitude,XMLSchema#decimal
Food Pantry (Turning Points for Children),availableChannel,AB-Food Pantry (Turning Points for Children)
Food Pantry (Turning Points for Children),availableChannel,P-Food Pantry (Turning Points for Children)
Food Pantry (Turning Points for Children),containedInPlace,19142
Food Pantry (Turning Points for Children),description,Food Pantry (Turning Points for Children)
Food Pantry (Turning Points for Children),telephone,"""tel:+1-833-926-2331"""
Food Pantry (Turning Points for Children),text,"""Food and Wellness Network (FAWN) food pantry serves children, adults or senior citizens with limited or no income, who simply have fallen on hard times or recently unemployed and need assistance to make ends meet. Services provided to our community include:- Food to meet basic nutritional needs"""
Food Pantry (Turning Points for Children),xmlschema11-2#time,"""Thursday Closed"
Food Pantry (Turning Points for Children),xmlschema11-2#time,"""Saturday Closed"
Food Pantry (Turning Points for Children),xmlschema11-2#time,"""Friday from 10:00 to 14:00"""
Food Pantry (Turning Points for Children),xmlschema11-2#time,"""Tuesday Closed"
Food Pantry (Turning Points for Children),xmlschema11-2#time,"""Wednesday Closed"
Food Pantry (Turning Points for Children),xmlschema11-2#time,"""Monday Closed"
Food Pantry (Turning Points for Children),xmlschema11-2#time,"""Sunday Closed"
Food Pantry (Turning Points for Children),conditionsOfAccess,"""Anyone can access this program."""
Food for Hope Pantry (Memorial Presbyterian Church of Fox Chase),latitude,40.0748272
Food for Hope Pantry (Memorial Presbyterian Church of Fox Chase),availability,Available
Food for Hope Pantry (Memorial Presbyterian Church of Fox Chase),language,English
Food for Hope Pantry (Memorial Presbyterian Church of Fox Chase),audience,AllAges
Food for Hope Pantry (Memorial Presbyterian Church of Fox Chase),audience,AnyoneInNeed
Food for Hope Pantry (Memorial Presbyterian Church of Fox Chase),category,FoodPantry
Food for Hope Pantry (Memorial Presbyterian Church of Fox Chase),cost,Free
Food for Hope Pantry (Memorial Presbyterian Church of Fox Chase),category,FoodPantry
Food for Hope Pantry (Memorial Presbyterian Church of Fox Chase),audience,Individuals
Food for Hope Pantry (Memorial Presbyterian Church of Fox Chase),audience,Families
Food for Hope Pantry (Memorial Presbyterian Church of Fox Chase),service type,Food
Food for Hope Pantry (Memorial Presbyterian Church of Fox Chase),postalCode,"""19111"""
Food for Hope Pantry (Memorial Presbyterian Church of Fox Chase),url,"""https://www.facebook.com/FoxChaseChurch/"""
Food for Hope Pantry (Memorial Presbyterian Church of Fox Chase),identifier,"""Food for Hope Pantry (Memorial Presbyterian Church of Fox Chase)_5650726659162112"""
Food for Hope Pantry (Memorial Presbyterian Church of Fox Chase),name,""""""
Food for Hope Pantry (Memorial Presbyterian Church of Fox Chase),name,"""Food for Hope Pantry (Memorial Presbyterian Church of Fox Chase)"""
Food for Hope Pantry (Memorial Presbyterian Church of Fox Chase),hasMap,XMLSchema#anyUri
Food for Hope Pantry (Memorial Presbyterian Church of Fox Chase),areaServed,"""This program covers residents of the following cities: Philadelphia, PA."""
Food for Hope Pantry (Memorial Presbyterian Church of Fox Chase),provider,Food for Hope Pantry (Memorial Presbyterian Church of Fox Chase)
Food for Hope Pantry (Memorial Presbyterian Church of Fox Chase),address,"""7902 Oxford Avenue, Philadelphia, PA 19111"""
Food for Hope Pantry (Memorial Presbyterian Church of Fox Chase),longitude,XMLSchema#decimal
Food for Hope Pantry (Memorial Presbyterian Church of Fox Chase),availableChannel,AB-Food for Hope Pantry (Memorial Presbyterian Church of Fox Chase)
Food for Hope Pantry (Memorial Presbyterian Church of Fox Chase),availableChannel,P-Food for Hope Pantry (Memorial Presbyterian Church of Fox Chase)
Food for Hope Pantry (Memorial Presbyterian Church of Fox Chase),containedInPlace,19111
Food for Hope Pantry (Memorial Presbyterian Church of Fox Chase),description,Food for Hope Pantry (Memorial Presbyterian Church of Fox Chase)
Food for Hope Pantry (Memorial Presbyterian Church of Fox Chase),telephone,"""tel:+1-215-745-2844"""
Food for Hope Pantry (Memorial Presbyterian Church of Fox Chase),text,"""The food pantry provides quality food items to households experiencing food insecurity for individuals and families in Fox Chase and surrounding neighborhoods. This program supplies critical nutrition to hungry individuals and families. This program provides:- Food to meet basic nutritional needsThis program operates on the Second and Fourth Saturdays of each month."""
Food for Hope Pantry (Memorial Presbyterian Church of Fox Chase),xmlschema11-2#time,"""Thursday Closed"
Food for Hope Pantry (Memorial Presbyterian Church of Fox Chase),xmlschema11-2#time,"""Friday Closed"
Food for Hope Pantry (Memorial Presbyterian Church of Fox Chase),xmlschema11-2#time,"""Sunday Closed"
Food for Hope Pantry (Memorial Presbyterian Church of Fox Chase),xmlschema11-2#time,"""Tuesday Closed"
Food for Hope Pantry (Memorial Presbyterian Church of Fox Chase),xmlschema11-2#time,"""Saturday from 09:00 to 12:00"""
Food for Hope Pantry (Memorial Presbyterian Church of Fox Chase),xmlschema11-2#time,"""Wednesday Closed"
Food for Hope Pantry (Memorial Presbyterian Church of Fox Chase),xmlschema11-2#time,"""Monday Closed"
Food for Hope Pantry (Memorial Presbyterian Church of Fox Chase),conditionsOfAccess,"""This program serves individuals and families in Fox Chase and surrounding neighborhoods."""
Food Pantry (Wayland Temple Baptist Church),latitude,39.9807486
Food Pantry (Wayland Temple Baptist Church),audience,Families
Food Pantry (Wayland Temple Baptist Church),audience,AllAges
Food Pantry (Wayland Temple Baptist Church),category,FoodPantry
Food Pantry (Wayland Temple Baptist Church),cost,Free
Food Pantry (Wayland Temple Baptist Church),language,English
Food Pantry (Wayland Temple Baptist Church),category,FoodPantry
Food Pantry (Wayland Temple Baptist Church),availability,Available
Food Pantry (Wayland Temple Baptist Church),audience,Individuals
Food Pantry (Wayland Temple Baptist Church),service type,Food
Food Pantry (Wayland Temple Baptist Church),postalCode,"""19121"""
Food Pantry (Wayland Temple Baptist Church),url,"""None"""
Food Pantry (Wayland Temple Baptist Church),identifier,"""Food Pantry (Wayland Temple Baptist Church)_6384397462011904"""
Food Pantry (Wayland Temple Baptist Church),name,"""Food Pantry (Wayland Temple Baptist Church)"""
Food Pantry (Wayland Temple Baptist Church),name,""""""
Food Pantry (Wayland Temple Baptist Church),hasMap,XMLSchema#anyUri
Food Pantry (Wayland Temple Baptist Church),areaServed,"""This program covers residents of the following cities: Philadelphia, PA."""
Food Pantry (Wayland Temple Baptist Church),provider,Food Pantry (Wayland Temple Baptist Church)
Food Pantry (Wayland Temple Baptist Church),address,"""2500 Cecil B. Moore Avenue, Philadelphia, PA 19121"""
Food Pantry (Wayland Temple Baptist Church),longitude,XMLSchema#decimal
Food Pantry (Wayland Temple Baptist Church),availableChannel,AB-Food Pantry (Wayland Temple Baptist Church)
Food Pantry (Wayland Temple Baptist Church),availableChannel,P-Food Pantry (Wayland Temple Baptist Church)
Food Pantry (Wayland Temple Baptist Church),containedInPlace,19121
Food Pantry (Wayland Temple Baptist Church),description,Food Pantry (Wayland Temple Baptist Church)
Food Pantry (Wayland Temple Baptist Church),telephone,"""tel:+1-215-769-0243"""
Food Pantry (Wayland Temple Baptist Church),text,"""Wayland Temple Baptist Church provides supplemental groceries to individuals and families in need of assistance in the community.This program provides:- Food to meet basic nutritional needsFood is distributed on the 1st and 3rd Saturday of the month from 8:30 a.m. - 1:00 p.m. Please reach out by phone for more information on eligibility and distribution."""
Food Pantry (Wayland Temple Baptist Church),xmlschema11-2#time,"""Wednesday Closed"
Food Pantry (Wayland Temple Baptist Church),xmlschema11-2#time,"""Friday Closed"
Food Pantry (Wayland Temple Baptist Church),xmlschema11-2#time,"""Monday Closed"
Food Pantry (Wayland Temple Baptist Church),xmlschema11-2#time,"""Sunday Closed"
Food Pantry (Wayland Temple Baptist Church),xmlschema11-2#time,"""Saturday from 08:30 to 13:00"""
Food Pantry (Wayland Temple Baptist Church),xmlschema11-2#time,"""Thursday Closed"
Food Pantry (Wayland Temple Baptist Church),xmlschema11-2#time,"""Tuesday Closed"
Food Pantry (Wayland Temple Baptist Church),conditionsOfAccess,"""Anyone can access this program."""
Food Pantry (Salvation Army Philadelphia Roxborough Corps),latitude,40.040964
Food Pantry (Salvation Army Philadelphia Roxborough Corps),audience,Families
Food Pantry (Salvation Army Philadelphia Roxborough Corps),availability,Available
Food Pantry (Salvation Army Philadelphia Roxborough Corps),category,FoodPantry
Food Pantry (Salvation Army Philadelphia Roxborough Corps),category,FoodPantry
Food Pantry (Salvation Army Philadelphia Roxborough Corps),language,English
Food Pantry (Salvation Army Philadelphia Roxborough Corps),audience,AllAges
Food Pantry (Salvation Army Philadelphia Roxborough Corps),audience,Individuals
Food Pantry (Salvation Army Philadelphia Roxborough Corps),audience,AnyoneInNeed
Food Pantry (Salvation Army Philadelphia Roxborough Corps),cost,Free
Food Pantry (Salvation Army Philadelphia Roxborough Corps),service type,Food
Food Pantry (Salvation Army Philadelphia Roxborough Corps),postalCode,"""19128"""
Food Pantry (Salvation Army Philadelphia Roxborough Corps),url,"""https://www.facebook.com/TheSalvationArmyRoxboroughCitadelCorps"""
Food Pantry (Salvation Army Philadelphia Roxborough Corps),url,"""None"""
Food Pantry (Salvation Army Philadelphia Roxborough Corps),identifier,"""Food Pantry (Salvation Army Philadelphia Roxborough Corps)_5804129660960768"""
Food Pantry (Salvation Army Philadelphia Roxborough Corps),name,""""""
Food Pantry (Salvation Army Philadelphia Roxborough Corps),name,"""Food Pantry (Salvation Army Philadelphia Roxborough Corps)"""
Food Pantry (Salvation Army Philadelphia Roxborough Corps),hasMap,XMLSchema#anyUri
Food Pantry (Salvation Army Philadelphia Roxborough Corps),areaServed,"""This program covers residents of the following cities: Philadelphia, PA."""
Food Pantry (Salvation Army Philadelphia Roxborough Corps),provider,Food Pantry (Salvation Army Philadelphia Roxborough Corps)
Food Pantry (Salvation Army Philadelphia Roxborough Corps),address,"""6730 Ridge Avenue, Philadelphia, PA 19128"""
Food Pantry (Salvation Army Philadelphia Roxborough Corps),longitude,XMLSchema#decimal
Food Pantry (Salvation Army Philadelphia Roxborough Corps),availableChannel,AB-Food Pantry (Salvation Army Philadelphia Roxborough Corps)
Food Pantry (Salvation Army Philadelphia Roxborough Corps),availableChannel,P-Food Pantry (Salvation Army Philadelphia Roxborough Corps)
Food Pantry (Salvation Army Philadelphia Roxborough Corps),containedInPlace,19128
Food Pantry (Salvation Army Philadelphia Roxborough Corps),description,Food Pantry (Salvation Army Philadelphia Roxborough Corps)
Food Pantry (Salvation Army Philadelphia Roxborough Corps),telephone,"""tel:+1-215-483-4120"""
Food Pantry (Salvation Army Philadelphia Roxborough Corps),text,"""The Salvation Army Philadelphia Roxborough Corps provides quality food items to households experiencing food insecurity. This program supplies critical nutrition to hungry individuals and families. This program provides:- Food to meet basic nutritional needsPlease call to schedule an appointment for a food pick-up."""
Food Pantry (Salvation Army Philadelphia Roxborough Corps),xmlschema11-2#time,"""Friday Closed"
Food Pantry (Salvation Army Philadelphia Roxborough Corps),xmlschema11-2#time,"""Tuesday from 09:00 to 14:00"""
Food Pantry (Salvation Army Philadelphia Roxborough Corps),xmlschema11-2#time,"""Wednesday from 09:00 to 14:00"""
Food Pantry (Salvation Army Philadelphia Roxborough Corps),xmlschema11-2#time,"""Sunday from 09:00 to 12:30"",""Monday from 09:00 to 14:00"""
Food Pantry (Salvation Army Philadelphia Roxborough Corps),xmlschema11-2#time,"""Saturday Closed"
Food Pantry (Salvation Army Philadelphia Roxborough Corps),xmlschema11-2#time,"""Thursday from 09:00 to 14:00"""
Food Pantry (Salvation Army Philadelphia Roxborough Corps),conditionsOfAccess,"""Anyone can access this program."""
Food Cupboard (Second Antioch Baptist Church),latitude,39.9707166
Food Cupboard (Second Antioch Baptist Church),audience,AnyoneInNeed
Food Cupboard (Second Antioch Baptist Church),cost,Free
Food Cupboard (Second Antioch Baptist Church),audience,AllAges
Food Cupboard (Second Antioch Baptist Church),category,FoodPantry
Food Cupboard (Second Antioch Baptist Church),language,English
Food Cupboard (Second Antioch Baptist Church),availability,Available
Food Cupboard (Second Antioch Baptist Church),category,FoodPantry
Food Cupboard (Second Antioch Baptist Church),audience,Families
Food Cupboard (Second Antioch Baptist Church),audience,Individuals
Food Cupboard (Second Antioch Baptist Church),service type,Food
Food Cupboard (Second Antioch Baptist Church),postalCode,"""19104"""
Food Cupboard (Second Antioch Baptist Church),url,"""https://www.facebook.com/secondantioch/"""
Food Cupboard (Second Antioch Baptist Church),identifier,"""Food Cupboard (Second Antioch Baptist Church)_5647600033464320"""
Food Cupboard (Second Antioch Baptist Church),name,""""""
Food Cupboard (Second Antioch Baptist Church),name,"""Food Cupboard (Second Antioch Baptist Church)"""
Food Cupboard (Second Antioch Baptist Church),hasMap,XMLSchema#anyUri
Food Cupboard (Second Antioch Baptist Church),areaServed,"""This program covers residents of the following cities: Philadelphia, PA."""
Food Cupboard (Second Antioch Baptist Church),provider,Food Cupboard (Second Antioch Baptist Church)
Food Cupboard (Second Antioch Baptist Church),address,"""912 North 41st Street, Philadelphia, PA 19104"""
Food Cupboard (Second Antioch Baptist Church),longitude,XMLSchema#decimal
Food Cupboard (Second Antioch Baptist Church),availableChannel,AB-Food Cupboard (Second Antioch Baptist Church)
Food Cupboard (Second Antioch Baptist Church),availableChannel,P-Food Cupboard (Second Antioch Baptist Church)
Food Cupboard (Second Antioch Baptist Church),containedInPlace,19104
Food Cupboard (Second Antioch Baptist Church),description,Food Cupboard (Second Antioch Baptist Church)
Food Cupboard (Second Antioch Baptist Church),telephone,"""tel:+1-215-387-6774"""
Food Cupboard (Second Antioch Baptist Church),text,"""The Second Antioch Baptist Church's Food Cupboard helps alleviate hunger in the community. This program provides:- Food to meet basic nutritional needsThe pantry is available weekly on Wednesdays 12 p.m. - 2 p.m. and Saturdays 9 a.m. - 11 a.m. Organic foods are available Mondays 11 a.m. - 12 p.m."""
Food Cupboard (Second Antioch Baptist Church),xmlschema11-2#time,"""Thursday Closed"
Food Cupboard (Second Antioch Baptist Church),xmlschema11-2#time,"""Wednesday from 12:00 to 14:00"""
Food Cupboard (Second Antioch Baptist Church),xmlschema11-2#time,"""Monday from 11:30 to 12:00"""
Food Cupboard (Second Antioch Baptist Church),xmlschema11-2#time,"""Sunday Closed"
Food Cupboard (Second Antioch Baptist Church),xmlschema11-2#time,"""Saturday from 06:00 to 08:00"""
Food Cupboard (Second Antioch Baptist Church),xmlschema11-2#time,"""Friday Closed"
Food Cupboard (Second Antioch Baptist Church),xmlschema11-2#time,"""Tuesday Closed"
Food Cupboard (Second Antioch Baptist Church),conditionsOfAccess,"""Anyone in need can access this program."""
2 Fish 5 Loaves (Upper Room Baptist Church),latitude,40.064768
2 Fish 5 Loaves (Upper Room Baptist Church),cost,Free
2 Fish 5 Loaves (Upper Room Baptist Church),language,English
2 Fish 5 Loaves (Upper Room Baptist Church),category,FoodPantry
2 Fish 5 Loaves (Upper Room Baptist Church),availability,Available
2 Fish 5 Loaves (Upper Room Baptist Church),audience,AnyoneInNeed
2 Fish 5 Loaves (Upper Room Baptist Church),category,FoodPantry
2 Fish 5 Loaves (Upper Room Baptist Church),audience,AllAges
2 Fish 5 Loaves (Upper Room Baptist Church),service type,Food
2 Fish 5 Loaves (Upper Room Baptist Church),postalCode,"""19138"""
2 Fish 5 Loaves (Upper Room Baptist Church),url,"""https://www.facebook.com/groups/2460515280695286/"""
2 Fish 5 Loaves (Upper Room Baptist Church),url,"""None"""
2 Fish 5 Loaves (Upper Room Baptist Church),identifier,"""2 Fish 5 Loaves (Upper Room Baptist Church)_6666371970760704"""
2 Fish 5 Loaves (Upper Room Baptist Church),name,""""""
2 Fish 5 Loaves (Upper Room Baptist Church),name,"""2 Fish 5 Loaves (Upper Room Baptist Church)"""
2 Fish 5 Loaves (Upper Room Baptist Church),hasMap,XMLSchema#anyUri
2 Fish 5 Loaves (Upper Room Baptist Church),areaServed,"""This program covers residents of the following cities: Philadelphia, PA."""
2 Fish 5 Loaves (Upper Room Baptist Church),provider,2 Fish 5 Loaves (Upper Room Baptist Church)
2 Fish 5 Loaves (Upper Room Baptist Church),address,"""7236 Ogontz Avenue, Philadelphia, PA 19138"""
2 Fish 5 Loaves (Upper Room Baptist Church),longitude,XMLSchema#decimal
2 Fish 5 Loaves (Upper Room Baptist Church),availableChannel,AB-2 Fish 5 Loaves (Upper Room Baptist Church)
2 Fish 5 Loaves (Upper Room Baptist Church),availableChannel,P-2 Fish 5 Loaves (Upper Room Baptist Church)
2 Fish 5 Loaves (Upper Room Baptist Church),containedInPlace,19138
2 Fish 5 Loaves (Upper Room Baptist Church),description,2 Fish 5 Loaves (Upper Room Baptist Church)
2 Fish 5 Loaves (Upper Room Baptist Church),telephone,"""tel:+1-267-593-4989"""
2 Fish 5 Loaves (Upper Room Baptist Church),text,"""The Room hosts a free food pantry to serve the members of the community fight hunger. This program provides:- Food to meet basic nutritional needs"""
2 Fish 5 Loaves (Upper Room Baptist Church),xmlschema11-2#time,"""Sunday Closed"
2 Fish 5 Loaves (Upper Room Baptist Church),xmlschema11-2#time,"""Tuesday from 08:30 to 10:30"""
2 Fish 5 Loaves (Upper Room Baptist Church),xmlschema11-2#time,"""Thursday from 10:00 to 12:00"""
2 Fish 5 Loaves (Upper Room Baptist Church),xmlschema11-2#time,"""Monday from 10:00 to 12:00"""
2 Fish 5 Loaves (Upper Room Baptist Church),xmlschema11-2#time,"""Friday from 08:30 to 10:30"""
2 Fish 5 Loaves (Upper Room Baptist Church),xmlschema11-2#time,"""Saturday Closed"
2 Fish 5 Loaves (Upper Room Baptist Church),xmlschema11-2#time,"""Wednesday from 08:30 to 10:30"""
2 Fish 5 Loaves (Upper Room Baptist Church),conditionsOfAccess,"""Anyone can access this program."""
Food Assistance and Relief (Jewish Relief Agency),latitude,40.0913701
Food Assistance and Relief (Jewish Relief Agency),category,BabySupplies
Food Assistance and Relief (Jewish Relief Agency),language,English
Food Assistance and Relief (Jewish Relief Agency),category,PersonalCareItems
Food Assistance and Relief (Jewish Relief Agency),availability,Available
Food Assistance and Relief (Jewish Relief Agency),category,EmergencyFood
Food Assistance and Relief (Jewish Relief Agency),language,Spanish
Food Assistance and Relief (Jewish Relief Agency),audience,Families
Food Assistance and Relief (Jewish Relief Agency),category,EmergencyFood
Food Assistance and Relief (Jewish Relief Agency),category,FoodDelivery
Food Assistance and Relief (Jewish Relief Agency),category,BabySupplies
Food Assistance and Relief (Jewish Relief Agency),audience,LowIncome
Food Assistance and Relief (Jewish Relief Agency),audience,AllDisabilities
Food Assistance and Relief (Jewish Relief Agency),cost,Free
Food Assistance and Relief (Jewish Relief Agency),language,Hebrew
Food Assistance and Relief (Jewish Relief Agency),category,PersonalCareItems
Food Assistance and Relief (Jewish Relief Agency),audience,Individuals
Food Assistance and Relief (Jewish Relief Agency),audience,Emergency
Food Assistance and Relief (Jewish Relief Agency),language,Russian
Food Assistance and Relief (Jewish Relief Agency),audience,AllAges
Food Assistance and Relief (Jewish Relief Agency),category,FoodDelivery
Food Assistance and Relief (Jewish Relief Agency),service type,Food
Food Assistance and Relief (Jewish Relief Agency),postalCode,"""19154"""
Food Assistance and Relief (Jewish Relief Agency),url,"""https://www.twitter.com/@Jewish_Relief"""
Food Assistance and Relief (Jewish Relief Agency),url,"""https://www.facebook.com/JewishReliefAgency/"""
Food Assistance and Relief (Jewish Relief Agency),identifier,"""Food Assistance and Relief (Jewish Relief Agency)_4873770804707328"""
Food Assistance and Relief (Jewish Relief Agency),name,""""""
Food Assistance and Relief (Jewish Relief Agency),name,"""Food Assistance and Relief (Jewish Relief Agency)"""
Food Assistance and Relief (Jewish Relief Agency),hasMap,XMLSchema#anyUri
Food Assistance and Relief (Jewish Relief Agency),areaServed,"""This program covers residents of the following postal codes: 18940, 18954, 18966, 18974, 19001, 19002, 19003, 19004, 19006, 19007, 19008, 19010, 19012, 19016, 19018, 19020, 19026, 19027, 19030, 19038, 19040, 19041, 19044, 19046, 19047, 19050, 19053, 19054, 19056, 19057, 19063, 19064, 19066, 19067, 19072, 19082, 19083, 19085, 19087, 19090, 19096, 19102, 19103, 19104, 19107, 19109, 19111, 19114, 19115, 19116, 19118, 19119, 19120, 19123, 19124, 19125, 19126, 19128, 19129, 19130, 19131, 19135, 19136, 19137, 19138, 19143, 19144, 19146, 19147, 19148, 19149, 19150, 19151, 19152, 19154, 19401, 19403, 19406, 19422, 19428, 19438, 19454, 19460 and 19462."""
Food Assistance and Relief (Jewish Relief Agency),provider,Food Assistance and Relief (Jewish Relief Agency)
Food Assistance and Relief (Jewish Relief Agency),address,"""10980 Dutton Road, Philadelphia, PA 19154"""
Food Assistance and Relief (Jewish Relief Agency),longitude,XMLSchema#decimal
Food Assistance and Relief (Jewish Relief Agency),availableChannel,AB-Food Assistance and Relief (Jewish Relief Agency)
Food Assistance and Relief (Jewish Relief Agency),availableChannel,P-Food Assistance and Relief (Jewish Relief Agency)
Food Assistance and Relief (Jewish Relief Agency),containedInPlace,19154
Food Assistance and Relief (Jewish Relief Agency),description,Food Assistance and Relief (Jewish Relief Agency)
Food Assistance and Relief (Jewish Relief Agency),telephone,"""tel:+1-610-660-0190"""
Food Assistance and Relief (Jewish Relief Agency),text,"""JRA delivers a 15 lbs. box of food monthly via a no-contact drop-off. This program provides:- A monthly supplemental box of kosher pantry staples and fresh produce (from October to April) delivered directly to your door by one of our friendly volunteers. (Knock, Drop, and Go). - A supplemental bag of kid-friendly food items for families with children ages 18 and under. - Donated household items, toiletries, kids' apparel (through a partnership with Cradles to Crayons) diapers and adult incontinence supplies (through a partnership with The Greater Philadelphia Diaper Bank).Some exceptions may apply. For questions, information, or to request services please contact us at (610) 660-0190 or gethelp@jewishrelief.org."""
Food Assistance and Relief (Jewish Relief Agency),xmlschema11-2#time,"""Friday from 08:00 to 17:00"""
Food Assistance and Relief (Jewish Relief Agency),xmlschema11-2#time,"""Wednesday from 08:00 to 17:00"""
Food Assistance and Relief (Jewish Relief Agency),xmlschema11-2#time,"""Saturday Closed"
Food Assistance and Relief (Jewish Relief Agency),xmlschema11-2#time,"""Sunday Closed"
Food Assistance and Relief (Jewish Relief Agency),xmlschema11-2#time,"""Tuesday from 08:00 to 17:00"""
Food Assistance and Relief (Jewish Relief Agency),xmlschema11-2#time,"""Thursday from 08:00 to 17:00"""
Food Assistance and Relief (Jewish Relief Agency),xmlschema11-2#time,"""Monday from 08:00 to 17:00"""
Food Assistance and Relief (Jewish Relief Agency),conditionsOfAccess,"""This program helps people with income at or below 150% of federal poverty guidelines.\\nMust live in one of the zip codes we service."""
Food Pantry (United Methodist Neighborhood Services),latitude,39.9937545
Food Pantry (United Methodist Neighborhood Services),audience,Individuals
Food Pantry (United Methodist Neighborhood Services),category,FoodPantry
Food Pantry (United Methodist Neighborhood Services),category,FoodPantry
Food Pantry (United Methodist Neighborhood Services),audience,AllAges
Food Pantry (United Methodist Neighborhood Services),category,Clothing
Food Pantry (United Methodist Neighborhood Services),availability,Available
Food Pantry (United Methodist Neighborhood Services),audience,Families
Food Pantry (United Methodist Neighborhood Services),category,Clothing
Food Pantry (United Methodist Neighborhood Services),language,English
Food Pantry (United Methodist Neighborhood Services),cost,Free
Food Pantry (United Methodist Neighborhood Services),audience,AnyoneInNeed
Food Pantry (United Methodist Neighborhood Services),service type,Food
Food Pantry (United Methodist Neighborhood Services),postalCode,"""19133"""
Food Pantry (United Methodist Neighborhood Services),url,"""https://x.com/@epaumc"""
Food Pantry (United Methodist Neighborhood Services),url,"""https://www.facebook.com/United-Methodist-Neighborhood-Services-155010847871753/?hc_ref=ARQ4i8R02aQZmDNl6gunqWkKjrel99ecf4-NJMCSh7nW77GyS4M3dY35eSwlS176X_g&fref=nf"""
Food Pantry (United Methodist Neighborhood Services),identifier,"""Food Pantry (United Methodist Neighborhood Services)_4918708705951744"""
Food Pantry (United Methodist Neighborhood Services),name,""""""
Food Pantry (United Methodist Neighborhood Services),name,"""Food Pantry (United Methodist Neighborhood Services)"""
Food Pantry (United Methodist Neighborhood Services),hasMap,XMLSchema#anyUri
Food Pantry (United Methodist Neighborhood Services),areaServed,"""This program covers residents of the following cities: Philadelphia, PA."""
Food Pantry (United Methodist Neighborhood Services),provider,Food Pantry (United Methodist Neighborhood Services)
Food Pantry (United Methodist Neighborhood Services),address,"""1209 West Lehigh Avenue, Philadelphia, PA 19133"""
Food Pantry (United Methodist Neighborhood Services),longitude,XMLSchema#decimal
Food Pantry (United Methodist Neighborhood Services),availableChannel,AB-Food Pantry (United Methodist Neighborhood Services)
Food Pantry (United Methodist Neighborhood Services),availableChannel,P-Food Pantry (United Methodist Neighborhood Services)
Food Pantry (United Methodist Neighborhood Services),containedInPlace,19133
Food Pantry (United Methodist Neighborhood Services),description,Food Pantry (United Methodist Neighborhood Services)
Food Pantry (United Methodist Neighborhood Services),telephone,"""tel:+1-215-236-0304"""
Food Pantry (United Methodist Neighborhood Services),text,"""United Methodist Neighborhood Services's Food Pantry provides quality food items to households experiencing food insecurity. This program supplies critical nutrition to hungry individuals and families. This program provides:- Food to meet basic nutritional needs- Clothing"""
Food Pantry (United Methodist Neighborhood Services),xmlschema11-2#time,"""Saturday Closed"
Food Pantry (United Methodist Neighborhood Services),xmlschema11-2#time,"""Thursday Closed"
Food Pantry (United Methodist Neighborhood Services),xmlschema11-2#time,"""Friday Closed"
Food Pantry (United Methodist Neighborhood Services),xmlschema11-2#time,"""Tuesday Closed"
Food Pantry (United Methodist Neighborhood Services),xmlschema11-2#time,"""Monday from 10:00 to 12:00"""
Food Pantry (United Methodist Neighborhood Services),xmlschema11-2#time,"""Wednesday from 10:00 to 12:00"""
Food Pantry (United Methodist Neighborhood Services),xmlschema11-2#time,"""Sunday Closed"
Food Pantry (United Methodist Neighborhood Services),conditionsOfAccess,"""Anyone can access this program."""
Zion Cares (Zion Baptist Church of Philadelphia),latitude,40.0080438
Zion Cares (Zion Baptist Church of Philadelphia),audience,AllAges
Zion Cares (Zion Baptist Church of Philadelphia),audience,Families
Zion Cares (Zion Baptist Church of Philadelphia),cost,Free
Zion Cares (Zion Baptist Church of Philadelphia),category,MedicalCare
Zion Cares (Zion Baptist Church of Philadelphia),audience,AnyoneInNeed
Zion Cares (Zion Baptist Church of Philadelphia),category,Clothing
Zion Cares (Zion Baptist Church of Philadelphia),category,FoodPantry
Zion Cares (Zion Baptist Church of Philadelphia),category,MedicalCare
Zion Cares (Zion Baptist Church of Philadelphia),category,SpiritualSupport
Zion Cares (Zion Baptist Church of Philadelphia),audience,Individuals
Zion Cares (Zion Baptist Church of Philadelphia),category,FoodPantry
Zion Cares (Zion Baptist Church of Philadelphia),category,Meals
Zion Cares (Zion Baptist Church of Philadelphia),category,Meals
Zion Cares (Zion Baptist Church of Philadelphia),category,SpiritualSupport
Zion Cares (Zion Baptist Church of Philadelphia),language,English
Zion Cares (Zion Baptist Church of Philadelphia),availability,Available
Zion Cares (Zion Baptist Church of Philadelphia),category,Clothing
Zion Cares (Zion Baptist Church of Philadelphia),audience,LowIncome
Zion Cares (Zion Baptist Church of Philadelphia),service type,Food
Zion Cares (Zion Baptist Church of Philadelphia),postalCode,"""19140"""
Zion Cares (Zion Baptist Church of Philadelphia),url,"""https://www.facebook.com/ZionBaptPhilly/"""
Zion Cares (Zion Baptist Church of Philadelphia),url,"""https://www.twitter.com/@ZionBaptPhilly"""
Zion Cares (Zion Baptist Church of Philadelphia),identifier,"""Zion Cares (Zion Baptist Church of Philadelphia)_5031536188194816"""
Zion Cares (Zion Baptist Church of Philadelphia),name,"""Zion Cares (Zion Baptist Church of Philadelphia)"""
Zion Cares (Zion Baptist Church of Philadelphia),name,""""""
Zion Cares (Zion Baptist Church of Philadelphia),hasMap,XMLSchema#anyUri
Zion Cares (Zion Baptist Church of Philadelphia),areaServed,"""This program covers residents of the following counties: Philadelphia County, PA."""
Zion Cares (Zion Baptist Church of Philadelphia),provider,Zion Cares (Zion Baptist Church of Philadelphia)
Zion Cares (Zion Baptist Church of Philadelphia),address,"""3600 North Broad Street, Philadelphia, PA 19140"""
Zion Cares (Zion Baptist Church of Philadelphia),longitude,XMLSchema#decimal
Zion Cares (Zion Baptist Church of Philadelphia),availableChannel,AB-Zion Cares (Zion Baptist Church of Philadelphia)
Zion Cares (Zion Baptist Church of Philadelphia),availableChannel,P-Zion Cares (Zion Baptist Church of Philadelphia)
Zion Cares (Zion Baptist Church of Philadelphia),containedInPlace,19140
Zion Cares (Zion Baptist Church of Philadelphia),description,Zion Cares (Zion Baptist Church of Philadelphia)
Zion Cares (Zion Baptist Church of Philadelphia),telephone,"""tel:+1-215-223-5460"""
Zion Cares (Zion Baptist Church of Philadelphia),text,"""Zion Cares is a community care outreach that provides fresh vegetables, fresh fruit, non-perishables items and clothing to anyone need support on Sundays. In addition, a substantial meal, clothing and health care resources are offered.This program provides:- Food to meet basic nutritional needs- Meals- Clothing- Health care"""
Zion Cares (Zion Baptist Church of Philadelphia),xmlschema11-2#time,"""Tuesday Closed"
Zion Cares (Zion Baptist Church of Philadelphia),xmlschema11-2#time,"""Thursday Closed"
Zion Cares (Zion Baptist Church of Philadelphia),xmlschema11-2#time,"""Saturday Closed"
Zion Cares (Zion Baptist Church of Philadelphia),xmlschema11-2#time,"""Wednesday Closed"
Zion Cares (Zion Baptist Church of Philadelphia),xmlschema11-2#time,"""Monday Closed"
Zion Cares (Zion Baptist Church of Philadelphia),xmlschema11-2#time,"""Friday Closed"
Zion Cares (Zion Baptist Church of Philadelphia),xmlschema11-2#time,"""Sunday from 12:00 to 14:00"""
Zion Cares (Zion Baptist Church of Philadelphia),conditionsOfAccess,"""Anyone can access this program."""
Our Closet in Your Neighborhood (Jewish Family and Children's Service of Greater Philadelphia),latitude,39.9557056
Our Closet in Your Neighborhood (Jewish Family and Children's Service of Greater Philadelphia),latitude,39.9948061
Our Closet in Your Neighborhood (Jewish Family and Children's Service of Greater Philadelphia),audience,Individuals
Our Closet in Your Neighborhood (Jewish Family and Children's Service of Greater Philadelphia),audience,AllAges
Our Closet in Your Neighborhood (Jewish Family and Children's Service of Greater Philadelphia),category,HelpFindHousing
Our Closet in Your Neighborhood (Jewish Family and Children's Service of Greater Philadelphia),category,NavigatingTheSystem
Our Closet in Your Neighborhood (Jewish Family and Children's Service of Greater Philadelphia),availability,Available
Our Closet in Your Neighborhood (Jewish Family and Children's Service of Greater Philadelphia),category,Clothing
Our Closet in Your Neighborhood (Jewish Family and Children's Service of Greater Philadelphia),category,HelpFindHousing
Our Closet in Your Neighborhood (Jewish Family and Children's Service of Greater Philadelphia),category,EmergencyFood
Our Closet in Your Neighborhood (Jewish Family and Children's Service of Greater Philadelphia),category,NavigatingTheSystem
Our Closet in Your Neighborhood (Jewish Family and Children's Service of Greater Philadelphia),audience,Families
Our Closet in Your Neighborhood (Jewish Family and Children's Service of Greater Philadelphia),cost,Free
Our Closet in Your Neighborhood (Jewish Family and Children's Service of Greater Philadelphia),category,FoodPantry
Our Closet in Your Neighborhood (Jewish Family and Children's Service of Greater Philadelphia),audience,AnyoneInNeed
Our Closet in Your Neighborhood (Jewish Family and Children's Service of Greater Philadelphia),language,English
Our Closet in Your Neighborhood (Jewish Family and Children's Service of Greater Philadelphia),category,HousingAdvice
Our Closet in Your Neighborhood (Jewish Family and Children's Service of Greater Philadelphia),category,FoodPantry
Our Closet in Your Neighborhood (Jewish Family and Children's Service of Greater Philadelphia),category,Clothing
Our Closet in Your Neighborhood (Jewish Family and Children's Service of Greater Philadelphia),category,EmergencyFood
Our Closet in Your Neighborhood (Jewish Family and Children's Service of Greater Philadelphia),category,HousingAdvice
Our Closet in Your Neighborhood (Jewish Family and Children's Service of Greater Philadelphia),service type,Food
Our Closet in Your Neighborhood (Jewish Family and Children's Service of Greater Philadelphia),postalCode,"""19104"""
Our Closet in Your Neighborhood (Jewish Family and Children's Service of Greater Philadelphia),postalCode,"""19134"""
Our Closet in Your Neighborhood (Jewish Family and Children's Service of Greater Philadelphia),url,"""https://www.twitter.com/@OurClosetIYN"""
Our Closet in Your Neighborhood (Jewish Family and Children's Service of Greater Philadelphia),url,"""https://www.facebook.com/OurClosetIYN/"""
Our Closet in Your Neighborhood (Jewish Family and Children's Service of Greater Philadelphia),identifier,"""Our Closet in Your Neighborhood (Jewish Family and Children's Service of Greater Philadelphia)_5062487914577920"""
Our Closet in Your Neighborhood (Jewish Family and Children's Service of Greater Philadelphia),name,"""Our Closet in Your Neighborhood (Jewish Family and Children's Service of Greater Philadelphia)"""
Our Closet in Your Neighborhood (Jewish Family and Children's Service of Greater Philadelphia),name,""""""
Our Closet in Your Neighborhood (Jewish Family and Children's Service of Greater Philadelphia),hasMap,XMLSchema#anyUri
Our Closet in Your Neighborhood (Jewish Family and Children's Service of Greater Philadelphia),hasMap,XMLSchema#anyUri
Our Closet in Your Neighborhood (Jewish Family and Children's Service of Greater Philadelphia),areaServed,"""This program covers residents of the following cities: Philadelphia, PA."""
Our Closet in Your Neighborhood (Jewish Family and Children's Service of Greater Philadelphia),provider,Our Closet in Your Neighborhood (Jewish Family and Children's Service of Greater Philadelphia)
Our Closet in Your Neighborhood (Jewish Family and Children's Service of Greater Philadelphia),address,"""19 South 38th Street, Philadelphia, PA 19104"""
Our Closet in Your Neighborhood (Jewish Family and Children's Service of Greater Philadelphia),address,"""601 East Indiana Avenue, Philadelphia, PA 19134"""
Our Closet in Your Neighborhood (Jewish Family and Children's Service of Greater Philadelphia),longitude,XMLSchema#decimal
Our Closet in Your Neighborhood (Jewish Family and Children's Service of Greater Philadelphia),longitude,XMLSchema#decimal
Our Closet in Your Neighborhood (Jewish Family and Children's Service of Greater Philadelphia),availableChannel,AB-Our Closet in Your Neighborhood (Jewish Family and Children's Service of Greater Philadelphia)
Our Closet in Your Neighborhood (Jewish Family and Children's Service of Greater Philadelphia),availableChannel,P-Our Closet in Your Neighborhood (Jewish Family and Children's Service of Greater Philadelphia)
Our Closet in Your Neighborhood (Jewish Family and Children's Service of Greater Philadelphia),containedInPlace,19104
Our Closet in Your Neighborhood (Jewish Family and Children's Service of Greater Philadelphia),containedInPlace,19134
Our Closet in Your Neighborhood (Jewish Family and Children's Service of Greater Philadelphia),description,Our Closet in Your Neighborhood (Jewish Family and Children's Service of Greater Philadelphia)
Our Closet in Your Neighborhood (Jewish Family and Children's Service of Greater Philadelphia),telephone,"""tel:+1-267-256-2179"""
Our Closet in Your Neighborhood (Jewish Family and Children's Service of Greater Philadelphia),text,"""""""Our Closet In Your Neighborhood (OCIYN) is a free mobile program that provides basic necessities of food and clothing, as well as access to services and benefits, to families and individuals in need. The bus visits host sites in under-resourced neighborhoods and central locations with fresh, healthy produce and pantry staples, a mini pop-up clothing shop, and an onsite social workerThis program provides:- Food- Clothing- Navigation servicesVisitors receive fresh, locally-sourced produce and pantry staples and are welcome to shop for 10 free, quality items of clothing, shoes, and accessories per person (with a limit of 25 total per family to allow for all to receive what they need). A JFCS social worker is present at every OCIYN event to connect those in need to additional services and benefits for which they may be eligibleOCIYN also provides customized packages of emergency clothing delivered straight to those in need, as well as food package delivery to homebound clientsTo learn more about these services or upcoming pop-up events, contact 267-256-2179 or [email_protected]."""""""
Our Closet in Your Neighborhood (Jewish Family and Children's Service of Greater Philadelphia),text,"""""""Our Closet In Your Neighborhood (OCIYN) is a free mobile program that provides basic necessities of food and clothing, as well as access to services and benefits, to families and individuals in need. The bus visits host sites in under-resourced neighborhoods and central locations with fresh, healthy produce and pantry staples, a mini pop-up clothing shop, and an onsite social workerThis program provides:- Food- Clothing- Navigation servicesVisitors receive fresh, locally-sourced produce and pantry staples and are welcome to shop for 10 free, quality items of clothing, shoes, and accessories per person (with a limit of 25 total per family to allow for all to receive what they need). A JFCS social worker is present at every OCIYN event to connect those in need to additional services and benefits for which they may be eligibleOCIYN also provides customized packages of emergency clothing delivered straight to those in need, as well as food package delivery to homebound clientsTo learn more about these services or upcoming pop-up events, contact 267-256-2179 or [emailÂ protected]."""""""
Our Closet in Your Neighborhood (Jewish Family and Children's Service of Greater Philadelphia),xmlschema11-2#time,"""Monday from 08:00 to 17:00"""
Our Closet in Your Neighborhood (Jewish Family and Children's Service of Greater Philadelphia),xmlschema11-2#time,"""Saturday Closed"
Our Closet in Your Neighborhood (Jewish Family and Children's Service of Greater Philadelphia),xmlschema11-2#time,"""Wednesday from 09:00 to 17:00"""
Our Closet in Your Neighborhood (Jewish Family and Children's Service of Greater Philadelphia),xmlschema11-2#time,"""Friday from 09:00 to 17:00"""
Our Closet in Your Neighborhood (Jewish Family and Children's Service of Greater Philadelphia),xmlschema11-2#time,"""Friday from 08:00 to 17:00"""
Our Closet in Your Neighborhood (Jewish Family and Children's Service of Greater Philadelphia),xmlschema11-2#time,"""Tuesday from 08:00 to 17:00"""
Our Closet in Your Neighborhood (Jewish Family and Children's Service of Greater Philadelphia),xmlschema11-2#time,"""Wednesday from 08:00 to 17:00"""
Our Closet in Your Neighborhood (Jewish Family and Children's Service of Greater Philadelphia),xmlschema11-2#time,"""Tuesday from 09:00 to 17:00"""
Our Closet in Your Neighborhood (Jewish Family and Children's Service of Greater Philadelphia),xmlschema11-2#time,"""Monday from 09:00 to 17:00"""
Our Closet in Your Neighborhood (Jewish Family and Children's Service of Greater Philadelphia),xmlschema11-2#time,"""Sunday Closed"
Our Closet in Your Neighborhood (Jewish Family and Children's Service of Greater Philadelphia),xmlschema11-2#time,"""Thursday from 08:00 to 17:00"""
Our Closet in Your Neighborhood (Jewish Family and Children's Service of Greater Philadelphia),xmlschema11-2#time,"""Thursday from 09:00 to 17:00"""
Our Closet in Your Neighborhood (Jewish Family and Children's Service of Greater Philadelphia),conditionsOfAccess,"""Anyone can access this program."""
Drive To End Hunger Ministry (Pinn Memorial Baptist Church),latitude,39.9908262
Drive To End Hunger Ministry (Pinn Memorial Baptist Church),availability,Available
Drive To End Hunger Ministry (Pinn Memorial Baptist Church),audience,AnyoneInNeed
Drive To End Hunger Ministry (Pinn Memorial Baptist Church),category,FoodPantry
Drive To End Hunger Ministry (Pinn Memorial Baptist Church),language,English
Drive To End Hunger Ministry (Pinn Memorial Baptist Church),category,FoodPantry
Drive To End Hunger Ministry (Pinn Memorial Baptist Church),audience,AllAges
Drive To End Hunger Ministry (Pinn Memorial Baptist Church),cost,Free
Drive To End Hunger Ministry (Pinn Memorial Baptist Church),service type,Food
Drive To End Hunger Ministry (Pinn Memorial Baptist Church),postalCode,"""19131"""
Drive To End Hunger Ministry (Pinn Memorial Baptist Church),url,"""None"""
Drive To End Hunger Ministry (Pinn Memorial Baptist Church),url,"""https://www.facebook.com/pages/Pinn-Memorial-Baptist-Church/157825504244890"""
Drive To End Hunger Ministry (Pinn Memorial Baptist Church),identifier,"""Drive To End Hunger Ministry (Pinn Memorial Baptist Church)_6400790418423808"""
Drive To End Hunger Ministry (Pinn Memorial Baptist Church),name,"""Drive To End Hunger Ministry (Pinn Memorial Baptist Church)"""
Drive To End Hunger Ministry (Pinn Memorial Baptist Church),name,""""""
Drive To End Hunger Ministry (Pinn Memorial Baptist Church),hasMap,XMLSchema#anyUri
Drive To End Hunger Ministry (Pinn Memorial Baptist Church),areaServed,"""This program covers residents of the following counties: Philadelphia County, PA."""
Drive To End Hunger Ministry (Pinn Memorial Baptist Church),provider,Drive To End Hunger Ministry (Pinn Memorial Baptist Church)
Drive To End Hunger Ministry (Pinn Memorial Baptist Church),address,"""2251 North 54th Street, Philadelphia, PA 19131"""
Drive To End Hunger Ministry (Pinn Memorial Baptist Church),longitude,XMLSchema#decimal
Drive To End Hunger Ministry (Pinn Memorial Baptist Church),availableChannel,AB-Drive To End Hunger Ministry (Pinn Memorial Baptist Church)
Drive To End Hunger Ministry (Pinn Memorial Baptist Church),availableChannel,P-Drive To End Hunger Ministry (Pinn Memorial Baptist Church)
Drive To End Hunger Ministry (Pinn Memorial Baptist Church),containedInPlace,19131
Drive To End Hunger Ministry (Pinn Memorial Baptist Church),description,Drive To End Hunger Ministry (Pinn Memorial Baptist Church)
Drive To End Hunger Ministry (Pinn Memorial Baptist Church),telephone,"""tel:+1-215-878-2742"""
Drive To End Hunger Ministry (Pinn Memorial Baptist Church),text,"""Pinn Memorial Baptist Church helps alleviate hunger in the community in an environment of respect, care and hospitality.This program provides:- Foods to meet basic nutritional needsFood is distributed every Wednesday from 10am - 2pm."""
Drive To End Hunger Ministry (Pinn Memorial Baptist Church),xmlschema11-2#time,"""Tuesday Closed"
Drive To End Hunger Ministry (Pinn Memorial Baptist Church),xmlschema11-2#time,"""Thursday Closed"
Drive To End Hunger Ministry (Pinn Memorial Baptist Church),xmlschema11-2#time,"""Monday Closed"
Drive To End Hunger Ministry (Pinn Memorial Baptist Church),xmlschema11-2#time,"""Wednesday from 10:00 to 12:00"""
Drive To End Hunger Ministry (Pinn Memorial Baptist Church),xmlschema11-2#time,"""Sunday Closed"
Drive To End Hunger Ministry (Pinn Memorial Baptist Church),xmlschema11-2#time,"""Friday Closed"
Drive To End Hunger Ministry (Pinn Memorial Baptist Church),xmlschema11-2#time,"""Saturday Closed"
Drive To End Hunger Ministry (Pinn Memorial Baptist Church),conditionsOfAccess,"""Anyone can access this program."""
Food Cupboard (Cast Your Cares Ministry),latitude,39.987082
Food Cupboard (Cast Your Cares Ministry),category,FoodPantry
Food Cupboard (Cast Your Cares Ministry),category,FoodPantry
Food Cupboard (Cast Your Cares Ministry),audience,AllAges
Food Cupboard (Cast Your Cares Ministry),audience,Individuals
Food Cupboard (Cast Your Cares Ministry),audience,Families
Food Cupboard (Cast Your Cares Ministry),audience,AnyoneInNeed
Food Cupboard (Cast Your Cares Ministry),cost,Free
Food Cupboard (Cast Your Cares Ministry),availability,Available
Food Cupboard (Cast Your Cares Ministry),language,English
Food Cupboard (Cast Your Cares Ministry),service type,Food
Food Cupboard (Cast Your Cares Ministry),postalCode,"""19125"""
Food Cupboard (Cast Your Cares Ministry),url,"""https://www.facebook.com/castyourcares.org/?eid=ARBqPAC4YneTDv0w8HHVBg_EydvfnGW-FW7XBrl4KkBqWWBw1MYk3rIjmLrbE0Y263FffV8Ru-BiGqQO"""
Food Cupboard (Cast Your Cares Ministry),url,"""None"""
Food Cupboard (Cast Your Cares Ministry),identifier,"""Food Cupboard (Cast Your Cares Ministry)_5742059674402816"""
Food Cupboard (Cast Your Cares Ministry),name,"""Food Cupboard (Cast Your Cares Ministry)"""
Food Cupboard (Cast Your Cares Ministry),name,""""""
Food Cupboard (Cast Your Cares Ministry),hasMap,XMLSchema#anyUri
Food Cupboard (Cast Your Cares Ministry),areaServed,"""This program covers residents of the following counties: Philadelphia County, PA."""
Food Cupboard (Cast Your Cares Ministry),provider,Food Cupboard (Cast Your Cares Ministry)
Food Cupboard (Cast Your Cares Ministry),address,"""2438 Kensington Avenue, Philadelphia, PA 19125"""
Food Cupboard (Cast Your Cares Ministry),longitude,XMLSchema#decimal
Food Cupboard (Cast Your Cares Ministry),availableChannel,AB-Food Cupboard (Cast Your Cares Ministry)
Food Cupboard (Cast Your Cares Ministry),availableChannel,P-Food Cupboard (Cast Your Cares Ministry)
Food Cupboard (Cast Your Cares Ministry),containedInPlace,19125
Food Cupboard (Cast Your Cares Ministry),description,Food Cupboard (Cast Your Cares Ministry)
Food Cupboard (Cast Your Cares Ministry),telephone,"""tel:+1-215-634-7445"""
Food Cupboard (Cast Your Cares Ministry),text,"""Cast Your Cares Ministry's Food Cupboard provides groceries for individuals and families in need. People know they can come to Cast Your Cares to receive food and not just a referral.This program provides:- Food to meet basic nutritional needsDue to the COVID-19 pandemic, grocery pickup is by appointment only. Please stop by and sign up to receive an appointment for groceries on Tuesdays between 2-3PM."""
Food Cupboard (Cast Your Cares Ministry),xmlschema11-2#time,"""Saturday Closed"
Food Cupboard (Cast Your Cares Ministry),xmlschema11-2#time,"""Wednesday Closed"
Food Cupboard (Cast Your Cares Ministry),xmlschema11-2#time,"""Monday Closed"
Food Cupboard (Cast Your Cares Ministry),xmlschema11-2#time,"""Sunday Closed"
Food Cupboard (Cast Your Cares Ministry),xmlschema11-2#time,"""Thursday Closed"
Food Cupboard (Cast Your Cares Ministry),xmlschema11-2#time,"""Friday Closed"
Food Cupboard (Cast Your Cares Ministry),xmlschema11-2#time,"""Tuesday from 14:00 to 15:00"""
Food Cupboard (Cast Your Cares Ministry),conditionsOfAccess,"""Anyone can access this program."""
The Table Food Pantry (Roxborough Church),latitude,40.0589874
The Table Food Pantry (Roxborough Church),audience,LowIncome
The Table Food Pantry (Roxborough Church),language,English
The Table Food Pantry (Roxborough Church),category,FoodPantry
The Table Food Pantry (Roxborough Church),audience,AllAges
The Table Food Pantry (Roxborough Church),audience,Individuals
The Table Food Pantry (Roxborough Church),audience,AnyoneInNeed
The Table Food Pantry (Roxborough Church),cost,Free
The Table Food Pantry (Roxborough Church),availability,Available
The Table Food Pantry (Roxborough Church),audience,Families
The Table Food Pantry (Roxborough Church),category,FoodPantry
The Table Food Pantry (Roxborough Church),service type,Food
The Table Food Pantry (Roxborough Church),postalCode,"""19128"""
The Table Food Pantry (Roxborough Church),url,"""https://www.facebook.com/RoxboroughChurch/"""
The Table Food Pantry (Roxborough Church),url,"""None"""
The Table Food Pantry (Roxborough Church),identifier,"""The Table Food Pantry (Roxborough Church)_6305745677844480"""
The Table Food Pantry (Roxborough Church),name,""""""
The Table Food Pantry (Roxborough Church),name,"""The Table Food Pantry (Roxborough Church)"""
The Table Food Pantry (Roxborough Church),hasMap,XMLSchema#anyUri
The Table Food Pantry (Roxborough Church),areaServed,"""This program covers residents of the following counties: Philadelphia County, PA."""
The Table Food Pantry (Roxborough Church),provider,The Table Food Pantry (Roxborough Church)
The Table Food Pantry (Roxborough Church),address,"""8230 Ridge Avenue, Philadelphia, PA 19128"""
The Table Food Pantry (Roxborough Church),longitude,XMLSchema#decimal
The Table Food Pantry (Roxborough Church),availableChannel,AB-The Table Food Pantry (Roxborough Church)
The Table Food Pantry (Roxborough Church),availableChannel,P-The Table Food Pantry (Roxborough Church)
The Table Food Pantry (Roxborough Church),containedInPlace,19128
The Table Food Pantry (Roxborough Church),description,The Table Food Pantry (Roxborough Church)
The Table Food Pantry (Roxborough Church),telephone,"""tel:+1-215-483-2762"""
The Table Food Pantry (Roxborough Church),text,"""The Table provides food assistance to all those in need in the Roxborough Community, with most participants being seniors, at-risk, and low-income families.This program provides: - Food to meet basic nutritional needsThe pantry currently offers an indoor walk-through experience for all guests. Hours are on Thursdays from 10:00 a.m. - 12:00 p.m. On holidays, these hours will be rescheduled."""
The Table Food Pantry (Roxborough Church),xmlschema11-2#time,"""Saturday Closed"
The Table Food Pantry (Roxborough Church),xmlschema11-2#time,"""Friday Closed"
The Table Food Pantry (Roxborough Church),xmlschema11-2#time,"""Tuesday Closed"
The Table Food Pantry (Roxborough Church),xmlschema11-2#time,"""Wednesday Closed"
The Table Food Pantry (Roxborough Church),xmlschema11-2#time,"""Monday Closed"
The Table Food Pantry (Roxborough Church),xmlschema11-2#time,"""Sunday Closed"
The Table Food Pantry (Roxborough Church),xmlschema11-2#time,"""Thursday from 10:00 to 12:00"""
The Table Food Pantry (Roxborough Church),conditionsOfAccess,"""Anyone can access this program."""
Food Pantry (St Michaels Lutheran Church - Kensington),latitude,39.9696301
Food Pantry (St Michaels Lutheran Church - Kensington),language,English
Food Pantry (St Michaels Lutheran Church - Kensington),cost,Free
Food Pantry (St Michaels Lutheran Church - Kensington),category,FoodPantry
Food Pantry (St Michaels Lutheran Church - Kensington),audience,AnyoneInNeed
Food Pantry (St Michaels Lutheran Church - Kensington),availability,Available
Food Pantry (St Michaels Lutheran Church - Kensington),category,FoodPantry
Food Pantry (St Michaels Lutheran Church - Kensington),audience,Individuals
Food Pantry (St Michaels Lutheran Church - Kensington),audience,Families
Food Pantry (St Michaels Lutheran Church - Kensington),audience,AllAges
Food Pantry (St Michaels Lutheran Church - Kensington),service type,Food
Food Pantry (St Michaels Lutheran Church - Kensington),postalCode,"""19151"""
Food Pantry (St Michaels Lutheran Church - Kensington),url,"""None"""
Food Pantry (St Michaels Lutheran Church - Kensington),url,"""https://www.facebook.com/stmichaelskensington/"""
Food Pantry (St Michaels Lutheran Church - Kensington),identifier,"""Food Pantry (St Michaels Lutheran Church - Kensington)_5012206950547456"""
Food Pantry (St Michaels Lutheran Church - Kensington),name,"""Food Pantry (St Michaels Lutheran Church - Kensington)"""
Food Pantry (St Michaels Lutheran Church - Kensington),name,""""""
Food Pantry (St Michaels Lutheran Church - Kensington),hasMap,XMLSchema#anyUri
Food Pantry (St Michaels Lutheran Church - Kensington),areaServed,"""This program covers residents of the following cities: Philadelphia, PA."""
Food Pantry (St Michaels Lutheran Church - Kensington),provider,Food Pantry (St Michaels Lutheran Church - Kensington)
Food Pantry (St Michaels Lutheran Church - Kensington),address,"""2139 E Cumberland St, Philadelphia, PA 19125"""
Food Pantry (St Michaels Lutheran Church - Kensington),longitude,XMLSchema#decimal
Food Pantry (St Michaels Lutheran Church - Kensington),availableChannel,AB-Food Pantry (St Michaels Lutheran Church - Kensington)
Food Pantry (St Michaels Lutheran Church - Kensington),availableChannel,P-Food Pantry (St Michaels Lutheran Church - Kensington)
Food Pantry (St Michaels Lutheran Church - Kensington),containedInPlace,19151
Food Pantry (St Michaels Lutheran Church - Kensington),description,Food Pantry (St Michaels Lutheran Church - Kensington)
Food Pantry (St Michaels Lutheran Church - Kensington),telephone,"""tel:+1-215-423-0792"""
Food Pantry (St Michaels Lutheran Church - Kensington),text,"""St. Michael's Food Pantry Ministry is dedicated to stepping up efforts to address food insecurity.  This program provides:- Food distribution to meet basic nutritional needs.Please call for more details. St. Michael's Food Pantry serves 20-40 families each week."""
Food Pantry (St Michaels Lutheran Church - Kensington),xmlschema11-2#time,"""Friday Closed"
Food Pantry (St Michaels Lutheran Church - Kensington),xmlschema11-2#time,"""Thursday from 11:00 to 12:00"""
Food Pantry (St Michaels Lutheran Church - Kensington),xmlschema11-2#time,"""Wednesday Closed"
Food Pantry (St Michaels Lutheran Church - Kensington),xmlschema11-2#time,"""Tuesday Closed"
Food Pantry (St Michaels Lutheran Church - Kensington),xmlschema11-2#time,"""Sunday Closed"
Food Pantry (St Michaels Lutheran Church - Kensington),xmlschema11-2#time,"""Monday Closed"
Food Pantry (St Michaels Lutheran Church - Kensington),xmlschema11-2#time,"""Saturday Closed"
Food Pantry (St Michaels Lutheran Church - Kensington),conditionsOfAccess,"""Anyone in need can access this program."""
Food Pantry (Berean Presbyterian Care Closet),latitude,39.984874
Food Pantry (Berean Presbyterian Care Closet),language,English
Food Pantry (Berean Presbyterian Care Closet),audience,AllAges
Food Pantry (Berean Presbyterian Care Closet),cost,Free
Food Pantry (Berean Presbyterian Care Closet),category,FoodPantry
Food Pantry (Berean Presbyterian Care Closet),audience,AnyoneInNeed
Food Pantry (Berean Presbyterian Care Closet),availability,Available
Food Pantry (Berean Presbyterian Care Closet),category,FoodPantry
Food Pantry (Berean Presbyterian Care Closet),service type,Food
Food Pantry (Berean Presbyterian Care Closet),postalCode,"""19122"""
Food Pantry (Berean Presbyterian Care Closet),url,"""None"""
Food Pantry (Berean Presbyterian Care Closet),url,"""https://www.facebook.com/pages/Berean-Presbyterian-Church-USA/198344380210753"""
Food Pantry (Berean Presbyterian Care Closet),identifier,"""Food Pantry (Berean Presbyterian Care Closet)_5999092540112896"""
Food Pantry (Berean Presbyterian Care Closet),name,""""""
Food Pantry (Berean Presbyterian Care Closet),name,"""Food Pantry (Berean Presbyterian Care Closet)"""
Food Pantry (Berean Presbyterian Care Closet),hasMap,XMLSchema#anyUri
Food Pantry (Berean Presbyterian Care Closet),areaServed,"""This program covers residents of the following cities: Philadelphia, PA."""
Food Pantry (Berean Presbyterian Care Closet),provider,Food Pantry (Berean Presbyterian Care Closet)
Food Pantry (Berean Presbyterian Care Closet),address,"""2101 North Broad Street, Philadelphia, PA 19122"""
Food Pantry (Berean Presbyterian Care Closet),longitude,XMLSchema#decimal
Food Pantry (Berean Presbyterian Care Closet),availableChannel,AB-Food Pantry (Berean Presbyterian Care Closet)
Food Pantry (Berean Presbyterian Care Closet),availableChannel,P-Food Pantry (Berean Presbyterian Care Closet)
Food Pantry (Berean Presbyterian Care Closet),containedInPlace,19122
Food Pantry (Berean Presbyterian Care Closet),description,Food Pantry (Berean Presbyterian Care Closet)
Food Pantry (Berean Presbyterian Care Closet),telephone,"""tel:+1-215-235-1999"""
Food Pantry (Berean Presbyterian Care Closet),text,"""The Berean Presbyterian Care Closet food pantry serves everyone from low income families, single parents, senior citizens, unemployed individuals, disabled veterans, working poor, and anyone else that comes to the pantry.This program provides:- Food to meet basic nutritional needsFood can be picked up once every two weeks."""
Food Pantry (Berean Presbyterian Care Closet),xmlschema11-2#time,"""Sunday Closed"
Food Pantry (Berean Presbyterian Care Closet),xmlschema11-2#time,"""Monday Closed"
Food Pantry (Berean Presbyterian Care Closet),xmlschema11-2#time,"""Wednesday from 11:00 to 13:00"""
Food Pantry (Berean Presbyterian Care Closet),xmlschema11-2#time,"""Friday from 11:00 to 13:00"""
Food Pantry (Berean Presbyterian Care Closet),xmlschema11-2#time,"""Saturday Closed"
Food Pantry (Berean Presbyterian Care Closet),xmlschema11-2#time,"""Tuesday Closed"
Food Pantry (Berean Presbyterian Care Closet),xmlschema11-2#time,"""Thursday Closed"
Food Pantry (Berean Presbyterian Care Closet),conditionsOfAccess,"""Anyone can access this program."""
Small Things Market (Small Things),latitude,40.0033361
Small Things Market (Small Things),category,FoodPantry
Small Things Market (Small Things),cost,Free
Small Things Market (Small Things),audience,AnyoneInNeed
Small Things Market (Small Things),availability,Available
Small Things Market (Small Things),category,CommunitySupportServices
Small Things Market (Small Things),audience,AllAges
Small Things Market (Small Things),language,English
Small Things Market (Small Things),audience,Individuals
Small Things Market (Small Things),audience,Families
Small Things Market (Small Things),category,CommunitySupportServices
Small Things Market (Small Things),category,PersonalCareItems
Small Things Market (Small Things),category,PersonalCareItems
Small Things Market (Small Things),category,FoodPantry
Small Things Market (Small Things),service type,Food
Small Things Market (Small Things),postalCode,"""19134"""
Small Things Market (Small Things),url,"""None"""
Small Things Market (Small Things),url,"""https://facebook.com/smallthingsphilly"""
Small Things Market (Small Things),identifier,"""Small Things Market (Small Things)_6499735280943104"""
Small Things Market (Small Things),name,""""""
Small Things Market (Small Things),name,"""Small Things Market (Small Things)"""
Small Things Market (Small Things),hasMap,XMLSchema#anyUri
Small Things Market (Small Things),areaServed,"""This program covers residents of the following counties: Philadelphia County, PA."""
Small Things Market (Small Things),provider,Small Things Market (Small Things)
Small Things Market (Small Things),address,"""3510 A Street, Philadelphia, PA 19134"""
Small Things Market (Small Things),longitude,XMLSchema#decimal
Small Things Market (Small Things),availableChannel,AB-Small Things Market (Small Things)
Small Things Market (Small Things),availableChannel,P-Small Things Market (Small Things)
Small Things Market (Small Things),containedInPlace,19134
Small Things Market (Small Things),description,Small Things Market (Small Things)
Small Things Market (Small Things),telephone,"""tel:+1-267-702-0314"""
Small Things Market (Small Things),text,"""Small Things Market is a full-choice model \""free grocery store\"" and community resource hub offering a varied selection of food and personal items at no cost, as well as connections to resources and services for their guests. This program provides:- Food- Personal care items- Community resources"""
Small Things Market (Small Things),xmlschema11-2#time,"""Sunday Closed"
Small Things Market (Small Things),xmlschema11-2#time,"""Saturday from 10:00 to 13:00"""
Small Things Market (Small Things),xmlschema11-2#time,"""Thursday Closed"
Small Things Market (Small Things),xmlschema11-2#time,"""Tuesday Closed"
Small Things Market (Small Things),xmlschema11-2#time,"""Friday from 09:00 to 12:00"""
Small Things Market (Small Things),xmlschema11-2#time,"""Monday Closed"
Small Things Market (Small Things),xmlschema11-2#time,"""Wednesday from 11:00 to 15:00"""
Small Things Market (Small Things),conditionsOfAccess,"""Anyone can access this program."""
Food Pantry (The Salvation Army of Greater Philadelphia),latitude,39.9677192
Food Pantry (The Salvation Army of Greater Philadelphia),availability,Available
Food Pantry (The Salvation Army of Greater Philadelphia),language,English
Food Pantry (The Salvation Army of Greater Philadelphia),audience,Individuals
Food Pantry (The Salvation Army of Greater Philadelphia),audience,Families
Food Pantry (The Salvation Army of Greater Philadelphia),category,EmergencyFood
Food Pantry (The Salvation Army of Greater Philadelphia),cost,Free
Food Pantry (The Salvation Army of Greater Philadelphia),audience,AllAges
Food Pantry (The Salvation Army of Greater Philadelphia),category,EmergencyFood
Food Pantry (The Salvation Army of Greater Philadelphia),service type,Food
Food Pantry (The Salvation Army of Greater Philadelphia),postalCode,"""19123"""
Food Pantry (The Salvation Army of Greater Philadelphia),url,"""https://www.twitter.com/@SalArmyPhilly"""
Food Pantry (The Salvation Army of Greater Philadelphia),url,"""https://www.facebook.com/SalvationArmyPhiladelphia"""
Food Pantry (The Salvation Army of Greater Philadelphia),identifier,"""Food Pantry (The Salvation Army of Greater Philadelphia)_5312579722018816"""
Food Pantry (The Salvation Army of Greater Philadelphia),name,""""""
Food Pantry (The Salvation Army of Greater Philadelphia),name,"""Food Pantry (The Salvation Army of Greater Philadelphia)"""
Food Pantry (The Salvation Army of Greater Philadelphia),hasMap,XMLSchema#anyUri
Food Pantry (The Salvation Army of Greater Philadelphia),areaServed,"""This program covers residents of the following cities: Philadelphia, PA."""
Food Pantry (The Salvation Army of Greater Philadelphia),provider,Food Pantry (The Salvation Army of Greater Philadelphia)
Food Pantry (The Salvation Army of Greater Philadelphia),address,"""1340 Brown Street, Philadelphia, PA 19123"""
Food Pantry (The Salvation Army of Greater Philadelphia),longitude,XMLSchema#decimal
Food Pantry (The Salvation Army of Greater Philadelphia),availableChannel,AB-Food Pantry (The Salvation Army of Greater Philadelphia)
Food Pantry (The Salvation Army of Greater Philadelphia),availableChannel,P-Food Pantry (The Salvation Army of Greater Philadelphia)
Food Pantry (The Salvation Army of Greater Philadelphia),containedInPlace,19123
Food Pantry (The Salvation Army of Greater Philadelphia),description,Food Pantry (The Salvation Army of Greater Philadelphia)
Food Pantry (The Salvation Army of Greater Philadelphia),telephone,"""tel:+1-570-421-3050"""
Food Pantry (The Salvation Army of Greater Philadelphia),text,"""The Salvation Army provides food supplies to individuals and families in need of assistance. This program provides:- Food to meet basic nutritional needs You must be registered for the food pantry 2 weeks prior."""
Food Pantry (The Salvation Army of Greater Philadelphia),xmlschema11-2#time,"""Tuesday from 07:00 to 16:00"""
Food Pantry (The Salvation Army of Greater Philadelphia),xmlschema11-2#time,"""Friday Closed"
Food Pantry (The Salvation Army of Greater Philadelphia),xmlschema11-2#time,"""Saturday Closed"
Food Pantry (The Salvation Army of Greater Philadelphia),xmlschema11-2#time,"""Sunday Closed"
Food Pantry (The Salvation Army of Greater Philadelphia),xmlschema11-2#time,"""Monday from 07:00 to 16:00"""
Food Pantry (The Salvation Army of Greater Philadelphia),xmlschema11-2#time,"""Thursday from 07:00 to 16:00"""
Food Pantry (The Salvation Army of Greater Philadelphia),xmlschema11-2#time,"""Wednesday from 07:00 to 16:00"""
Food Pantry (The Salvation Army of Greater Philadelphia),conditionsOfAccess,"""Must live within our service area."""
Food Pantry (Episcopal Community Services),latitude,39.9696013
Food Pantry (Episcopal Community Services),availability,Available
Food Pantry (Episcopal Community Services),audience,AnyoneInNeed
Food Pantry (Episcopal Community Services),audience,AllAges
Food Pantry (Episcopal Community Services),audience,Individuals
Food Pantry (Episcopal Community Services),language,English
Food Pantry (Episcopal Community Services),cost,Free
Food Pantry (Episcopal Community Services),category,EmergencyFood
Food Pantry (Episcopal Community Services),category,FoodPantry
Food Pantry (Episcopal Community Services),category,EmergencyFood
Food Pantry (Episcopal Community Services),audience,Families
Food Pantry (Episcopal Community Services),category,FoodPantry
Food Pantry (Episcopal Community Services),service type,Food
Food Pantry (Episcopal Community Services),postalCode,"""19151"""
Food Pantry (Episcopal Community Services),url,"""https://www.twitter.com/@ECSPhilly"""
Food Pantry (Episcopal Community Services),url,"""https://www.facebook.com/ECSPhilly/"""
Food Pantry (Episcopal Community Services),identifier,"""Food Pantry (Episcopal Community Services)_5643194546257920"""
Food Pantry (Episcopal Community Services),name,"""Food Pantry (Episcopal Community Services)"""
Food Pantry (Episcopal Community Services),name,""""""
Food Pantry (Episcopal Community Services),hasMap,XMLSchema#anyUri
Food Pantry (Episcopal Community Services),areaServed,"""This program covers residents of the following cities: Philadelphia, PA."""
Food Pantry (Episcopal Community Services),provider,Food Pantry (Episcopal Community Services)
Food Pantry (Episcopal Community Services),address,"""6006 West Girard Avenue, Philadelphia, PA 19151"""
Food Pantry (Episcopal Community Services),longitude,XMLSchema#decimal
Food Pantry (Episcopal Community Services),availableChannel,AB-Food Pantry (Episcopal Community Services)
Food Pantry (Episcopal Community Services),availableChannel,P-Food Pantry (Episcopal Community Services)
Food Pantry (Episcopal Community Services),containedInPlace,19151
Food Pantry (Episcopal Community Services),description,Food Pantry (Episcopal Community Services)
Food Pantry (Episcopal Community Services),telephone,"""tel:+1-215-528-5400"""
Food Pantry (Episcopal Community Services),text,"""Episcopal Community Services (ECS) offers a open choice food pantry to families and individuals who simply have fallen on hard times or recently unemployed and need assistance to make ends meet. Families receive bags of dry, canned, and jarred goods.This program provides:- Food to meet basic nutritional needsBecause supplies are limited, families can utilize the cupboard only once per month."""
Food Pantry (Episcopal Community Services),xmlschema11-2#time,"""Wednesday from 08:00 to 17:00"""
Food Pantry (Episcopal Community Services),xmlschema11-2#time,"""Wednesday from 10:00 to 11:30"""
Food Pantry (Episcopal Community Services),xmlschema11-2#time,"""Saturday Closed"
Food Pantry (Episcopal Community Services),xmlschema11-2#time,"""Friday Closed"
Food Pantry (Episcopal Community Services),xmlschema11-2#time,"""Tuesday from 10:00 to 11:30"""
Food Pantry (Episcopal Community Services),xmlschema11-2#time,"""Thursday from 10:00 to 11:30"""
Food Pantry (Episcopal Community Services),xmlschema11-2#time,"""Tuesday from 08:00 to 17:00"""
Food Pantry (Episcopal Community Services),xmlschema11-2#time,"""Monday from 08:00 to 17:00"""
Food Pantry (Episcopal Community Services),xmlschema11-2#time,"""Sunday Closed"
Food Pantry (Episcopal Community Services),xmlschema11-2#time,"""Thursday from 08:00 to 17:00"""
Food Pantry (Episcopal Community Services),xmlschema11-2#time,"""Monday Closed"
Food Pantry (Episcopal Community Services),xmlschema11-2#time,"""Friday from 08:00 to 17:00"""
Food Pantry (Episcopal Community Services),conditionsOfAccess,"""Must reside in the Carroll Park West Philadelphia neighborhood."""
Vivian's Cupboard Food Bank (Mazzoni Center),latitude,39.9426271
Vivian's Cupboard Food Bank (Mazzoni Center),availability,Available
Vivian's Cupboard Food Bank (Mazzoni Center),category,FoodPantry
Vivian's Cupboard Food Bank (Mazzoni Center),audience,AllAges
Vivian's Cupboard Food Bank (Mazzoni Center),audience,Families
Vivian's Cupboard Food Bank (Mazzoni Center),cost,Free
Vivian's Cupboard Food Bank (Mazzoni Center),category,FoodPantry
Vivian's Cupboard Food Bank (Mazzoni Center),audience,Dependents
Vivian's Cupboard Food Bank (Mazzoni Center),language,English
Vivian's Cupboard Food Bank (Mazzoni Center),audience,HivAids
Vivian's Cupboard Food Bank (Mazzoni Center),audience,Individuals
Vivian's Cupboard Food Bank (Mazzoni Center),service type,Food
Vivian's Cupboard Food Bank (Mazzoni Center),postalCode,"""19147"""
Vivian's Cupboard Food Bank (Mazzoni Center),url,"""https://www.twitter.com/@MazzoniCenter"""
Vivian's Cupboard Food Bank (Mazzoni Center),url,"""https://www.facebook.com/MazzoniCenter"""
Vivian's Cupboard Food Bank (Mazzoni Center),identifier,"""Vivian's Cupboard Food Bank (Mazzoni Center)_5915050476830720"""
Vivian's Cupboard Food Bank (Mazzoni Center),name,""""""
Vivian's Cupboard Food Bank (Mazzoni Center),name,"""Vivian's Cupboard Food Bank (Mazzoni Center)"""
Vivian's Cupboard Food Bank (Mazzoni Center),hasMap,XMLSchema#anyUri
Vivian's Cupboard Food Bank (Mazzoni Center),areaServed,"""This program covers residents of the following cities: Philadelphia, PA."""
Vivian's Cupboard Food Bank (Mazzoni Center),provider,Vivian's Cupboard Food Bank (Mazzoni Center)
Vivian's Cupboard Food Bank (Mazzoni Center),address,"""1348 Bainbridge Street, Philadelphia, PA 19147"""
Vivian's Cupboard Food Bank (Mazzoni Center),longitude,XMLSchema#decimal
Vivian's Cupboard Food Bank (Mazzoni Center),availableChannel,AB-Vivian's Cupboard Food Bank (Mazzoni Center)
Vivian's Cupboard Food Bank (Mazzoni Center),availableChannel,P-Vivian's Cupboard Food Bank (Mazzoni Center)
Vivian's Cupboard Food Bank (Mazzoni Center),containedInPlace,19147
Vivian's Cupboard Food Bank (Mazzoni Center),description,Vivian's Cupboard Food Bank (Mazzoni Center)
Vivian's Cupboard Food Bank (Mazzoni Center),telephone,"""tel:+1-215-563-0652"""
Vivian's Cupboard Food Bank (Mazzoni Center),text,"""The Mazzoni Center provides the Vivianâ€™s Cupboard Food Bank for low-income, HIV-positive Philadelphians who are facing food insecurity. The food bank aims to help clients and patients maintain optimal health and improve the efficacy of treatment regimens by providing them with a consistent, nutritious supply of food. This program provides:- Nutritious food The food bank allows clients to select packaged food items in a pantry-style setting. Clients are provided with additional resources such as information on other local/neighborhood food cupboards and information on accessing SNAP (food stamps).Referred individuals may access the food bank two times per month and receive the equivalent of four meals for each member of their household at each visit. Due to the COVID-19 pandemic, the Mazzoni Center has suspended the requirement that individuals need to be referred by a case manager or medical provider and have opened the food bank up to anyone in the community struggling with food insecurity."""
Vivian's Cupboard Food Bank (Mazzoni Center),xmlschema11-2#time,"""Sunday Closed"
Vivian's Cupboard Food Bank (Mazzoni Center),xmlschema11-2#time,"""Thursday from 09:30 to 16:30"""
Vivian's Cupboard Food Bank (Mazzoni Center),xmlschema11-2#time,"""Wednesday from 09:30 to 16:30"""
Vivian's Cupboard Food Bank (Mazzoni Center),xmlschema11-2#time,"""Friday from 09:30 to 16:30"""
Vivian's Cupboard Food Bank (Mazzoni Center),xmlschema11-2#time,"""Saturday Closed"
Vivian's Cupboard Food Bank (Mazzoni Center),xmlschema11-2#time,"""Monday from 09:30 to 16:30"""
Vivian's Cupboard Food Bank (Mazzoni Center),xmlschema11-2#time,"""Tuesday from 12:00 to 12:00"""
Vivian's Cupboard Food Bank (Mazzoni Center),conditionsOfAccess,"""Must meet income requirements.', 'This program serves HIV-positive individuals and their dependent members of their household.', 'Must be Ryan White certified.', 'Must have referral from HIV case manager or medical provider.', 'Must live in Philadelphia, Delaware, Chester or Bucks counties in PA."""
Community Support Services (Community Center at Visitation),latitude,39.9897526
Community Support Services (Community Center at Visitation),language,Spanish
Community Support Services (Community Center at Visitation),category,FoodPantry
Community Support Services (Community Center at Visitation),category,NavigatingTheSystem
Community Support Services (Community Center at Visitation),category,NavigatingTheSystem
Community Support Services (Community Center at Visitation),category,Clothing
Community Support Services (Community Center at Visitation),audience,AllAges
Community Support Services (Community Center at Visitation),category,Clothing
Community Support Services (Community Center at Visitation),category,MoreEducation
Community Support Services (Community Center at Visitation),language,English
Community Support Services (Community Center at Visitation),cost,Free
Community Support Services (Community Center at Visitation),category,FoodPantry
Community Support Services (Community Center at Visitation),category,CheckupAndTest
Community Support Services (Community Center at Visitation),category,Recreation
Community Support Services (Community Center at Visitation),category,SkillsAndTraining
Community Support Services (Community Center at Visitation),audience,Immigrants
Community Support Services (Community Center at Visitation),availability,Available
Community Support Services (Community Center at Visitation),category,MoreEducation
Community Support Services (Community Center at Visitation),category,Recreation
Community Support Services (Community Center at Visitation),category,SkillsAndTraining
Community Support Services (Community Center at Visitation),category,CheckupAndTest
Community Support Services (Community Center at Visitation),service type,Food
Community Support Services (Community Center at Visitation),postalCode,"""19125"""
Community Support Services (Community Center at Visitation),url,"""None"""
Community Support Services (Community Center at Visitation),identifier,"""Community Support Services (Community Center at Visitation)_5153333664808960"""
Community Support Services (Community Center at Visitation),name,""""""
Community Support Services (Community Center at Visitation),name,"""Community Support Services (Community Center at Visitation)"""
Community Support Services (Community Center at Visitation),hasMap,XMLSchema#anyUri
Community Support Services (Community Center at Visitation),areaServed,"""This program covers residents of the following counties: Philadelphia County, PA."""
Community Support Services (Community Center at Visitation),provider,Community Support Services (Community Center at Visitation)
Community Support Services (Community Center at Visitation),address,"""2646 Kensington Avenue, Philadelphia, PA 19125"""
Community Support Services (Community Center at Visitation),longitude,XMLSchema#decimal
Community Support Services (Community Center at Visitation),availableChannel,AB-Community Support Services (Community Center at Visitation)
Community Support Services (Community Center at Visitation),availableChannel,P-Community Support Services (Community Center at Visitation)
Community Support Services (Community Center at Visitation),containedInPlace,19125
Community Support Services (Community Center at Visitation),description,Community Support Services (Community Center at Visitation)
Community Support Services (Community Center at Visitation),telephone,"""tel:+1-215-426-9422"""
Community Support Services (Community Center at Visitation),text,"""The Community Center at Visitation is committed to providing a safe place for community outreach, continuous education, and recreationAMong the diverse cultural communities of Kensington and its surrounding neighborhoods. Serving as a 'Beacon of Hope', the Center embraces and celebrates this community with particular regard for nurturing the potential of its youth, senior, and immigrant populations.This program provides:- Adult Education Offerings- Food Pantry- Wellness Program- Community Clothing Closet- Athletics & Healthy Living- Thea Bowman Women's Service CenterPlease call the program for more information about program availability."""
Community Support Services (Community Center at Visitation),xmlschema11-2#time,"""Wednesday from 08:30 to 17:00"""
Community Support Services (Community Center at Visitation),xmlschema11-2#time,"""Friday from 08:30 to 17:00"""
Community Support Services (Community Center at Visitation),xmlschema11-2#time,"""Tuesday from 08:30 to 17:00"""
Community Support Services (Community Center at Visitation),xmlschema11-2#time,"""Thursday from 08:30 to 17:00"""
Community Support Services (Community Center at Visitation),xmlschema11-2#time,"""Saturday Closed"
Community Support Services (Community Center at Visitation),xmlschema11-2#time,"""Monday from 08:30 to 17:00"""
Community Support Services (Community Center at Visitation),xmlschema11-2#time,"""Sunday Closed"
Community Support Services (Community Center at Visitation),conditionsOfAccess,"""This program helps people of any age."""
Let's Eat Program (Philabundance),latitude,40.0372116
Let's Eat Program (Philabundance),category,NutritionEducation
Let's Eat Program (Philabundance),category,FoodPantry
Let's Eat Program (Philabundance),cost,Free
Let's Eat Program (Philabundance),category,FoodPantry
Let's Eat Program (Philabundance),audience,Teens
Let's Eat Program (Philabundance),audience,Families
Let's Eat Program (Philabundance),language,Spanish
Let's Eat Program (Philabundance),language,English
Let's Eat Program (Philabundance),category,Meals
Let's Eat Program (Philabundance),category,NutritionEducation
Let's Eat Program (Philabundance),category,Meals
Let's Eat Program (Philabundance),audience,Children
Let's Eat Program (Philabundance),availability,TemporarilyClosed
Let's Eat Program (Philabundance),service type,Food
Let's Eat Program (Philabundance),postalCode,"""19149"""
Let's Eat Program (Philabundance),url,"""https://facebook.com/Philabundance"""
Let's Eat Program (Philabundance),url,"""https://www.twitter.com/@Philabundance"""
Let's Eat Program (Philabundance),identifier,"""Let's Eat Program (Philabundance)_5769898052681728"""
Let's Eat Program (Philabundance),name,"""Let's Eat Program (Philabundance)"""
Let's Eat Program (Philabundance),name,""""""
Let's Eat Program (Philabundance),hasMap,XMLSchema#anyUri
Let's Eat Program (Philabundance),areaServed,"""This program covers residents of the following counties: Philadelphia County, PA, Bucks County, PA, Chester County, PA, Delaware County, PA, Montgomery County, PA, Burlington County, NJ, Camden County, NJ, Gloucester County, NJ and Salem County, NJ."""
Let's Eat Program (Philabundance),provider,Let's Eat Program (Philabundance)
Let's Eat Program (Philabundance),address,"""3101 Tyson Avenue, Philadelphia, PA 19149"""
Let's Eat Program (Philabundance),longitude,XMLSchema#decimal
Let's Eat Program (Philabundance),availableChannel,AB-Let's Eat Program (Philabundance)
Let's Eat Program (Philabundance),availableChannel,P-Let's Eat Program (Philabundance)
Let's Eat Program (Philabundance),containedInPlace,19149
Let's Eat Program (Philabundance),description,Let's Eat Program (Philabundance)
Let's Eat Program (Philabundance),telephone,"""tel:+1-215-339-0900"""
Let's Eat Program (Philabundance),text,"""The Let's Eat Program provides access to fresh, healthy meals that families can prepare. This summer program supplies high-quality ingredients and recipes created by local and acclaimed chefs as well as two unique meals that each serve four people.This program provides:- Meals to meet basic nutritional needs- High-quality ingredients and recipes This program is offered June 13th to August 6th, 2022.Service dates and times will vary by distribution location. Meal kits will be distributed on a first come first serve basis. Meal-kits will be distributed twice per week at most locations."""
Let's Eat Program (Philabundance),xmlschema11-2#time,"""Monday Closed"
Let's Eat Program (Philabundance),xmlschema11-2#time,"""Tuesday Closed"
Let's Eat Program (Philabundance),xmlschema11-2#time,"""Sunday Closed"
Let's Eat Program (Philabundance),xmlschema11-2#time,"""Wednesday Closed"
Let's Eat Program (Philabundance),xmlschema11-2#time,"""Saturday Closed"
Let's Eat Program (Philabundance),xmlschema11-2#time,"""Friday from 10:00 to 12:00"""
Let's Eat Program (Philabundance),xmlschema11-2#time,"""Thursday Closed"
Let's Eat Program (Philabundance),conditionsOfAccess,"""This program serves children and their families."""
Food Pantry (Freedom Christian Bible Fellowship),latitude,39.9806481
Food Pantry (Freedom Christian Bible Fellowship),language,English
Food Pantry (Freedom Christian Bible Fellowship),category,FoodPantry
Food Pantry (Freedom Christian Bible Fellowship),audience,Individuals
Food Pantry (Freedom Christian Bible Fellowship),audience,AllAges
Food Pantry (Freedom Christian Bible Fellowship),audience,AnyoneInNeed
Food Pantry (Freedom Christian Bible Fellowship),availability,Available
Food Pantry (Freedom Christian Bible Fellowship),cost,Free
Food Pantry (Freedom Christian Bible Fellowship),category,FoodPantry
Food Pantry (Freedom Christian Bible Fellowship),audience,Families
Food Pantry (Freedom Christian Bible Fellowship),service type,Food
Food Pantry (Freedom Christian Bible Fellowship),postalCode,"""19151"""
Food Pantry (Freedom Christian Bible Fellowship),url,"""None"""
Food Pantry (Freedom Christian Bible Fellowship),url,"""https://www.facebook.com/FCBFChurch?ref=br_tf"""
Food Pantry (Freedom Christian Bible Fellowship),identifier,"""Food Pantry (Freedom Christian Bible Fellowship)_4728001526759424"""
Food Pantry (Freedom Christian Bible Fellowship),name,"""Food Pantry (Freedom Christian Bible Fellowship)"""
Food Pantry (Freedom Christian Bible Fellowship),name,""""""
Food Pantry (Freedom Christian Bible Fellowship),hasMap,XMLSchema#anyUri
Food Pantry (Freedom Christian Bible Fellowship),areaServed,"""This program covers residents of the following counties: Philadelphia County, PA."""
Food Pantry (Freedom Christian Bible Fellowship),provider,Food Pantry (Freedom Christian Bible Fellowship)
Food Pantry (Freedom Christian Bible Fellowship),address,"""6100 West Columbia Avenue, Philadelphia, PA 19151"""
Food Pantry (Freedom Christian Bible Fellowship),longitude,XMLSchema#decimal
Food Pantry (Freedom Christian Bible Fellowship),availableChannel,AB-Food Pantry (Freedom Christian Bible Fellowship)
Food Pantry (Freedom Christian Bible Fellowship),availableChannel,P-Food Pantry (Freedom Christian Bible Fellowship)
Food Pantry (Freedom Christian Bible Fellowship),containedInPlace,19151
Food Pantry (Freedom Christian Bible Fellowship),description,Food Pantry (Freedom Christian Bible Fellowship)
Food Pantry (Freedom Christian Bible Fellowship),telephone,"""tel:+1-215-477-0800"""
Food Pantry (Freedom Christian Bible Fellowship),text,"""The food pantry provides quality food items to households experiencing food insecurity. This program supplies critical nutrition to hungry individuals and families. This program provides:- Food to meet basic nutritional needs"""
Food Pantry (Freedom Christian Bible Fellowship),xmlschema11-2#time,"""Sunday Closed"
Food Pantry (Freedom Christian Bible Fellowship),xmlschema11-2#time,"""Monday Closed"
Food Pantry (Freedom Christian Bible Fellowship),xmlschema11-2#time,"""Tuesday from 11:00 to 13:00"""
Food Pantry (Freedom Christian Bible Fellowship),xmlschema11-2#time,"""Friday Closed"
Food Pantry (Freedom Christian Bible Fellowship),xmlschema11-2#time,"""Saturday Closed"
Food Pantry (Freedom Christian Bible Fellowship),xmlschema11-2#time,"""Wednesday Closed"
Food Pantry (Freedom Christian Bible Fellowship),xmlschema11-2#time,"""Thursday Closed"
Food Pantry (Freedom Christian Bible Fellowship),conditionsOfAccess,"""Anyone can access this program."""
Addiction Medicine And Health Advocates (Addiction Medicine and Health Advocates Inc),latitude,39.9513162
Addiction Medicine And Health Advocates (Addiction Medicine and Health Advocates Inc),category,Detox
Addiction Medicine And Health Advocates (Addiction Medicine and Health Advocates Inc),category,AddictionAndRecovery
Addiction Medicine And Health Advocates (Addiction Medicine and Health Advocates Inc),category,FamilyCounseling
Addiction Medicine And Health Advocates (Addiction Medicine and Health Advocates Inc),category,UnderstandMentalHealth
Addiction Medicine And Health Advocates (Addiction Medicine and Health Advocates Inc),category,SubstanceAbuseCounseling
Addiction Medicine And Health Advocates (Addiction Medicine and Health Advocates Inc),language,English
Addiction Medicine And Health Advocates (Addiction Medicine and Health Advocates Inc),category,OneOnOneSupport
Addiction Medicine And Health Advocates (Addiction Medicine and Health Advocates Inc),category,DrugTesting
Addiction Medicine And Health Advocates (Addiction Medicine and Health Advocates Inc),availability,Available
Addiction Medicine And Health Advocates (Addiction Medicine and Health Advocates Inc),category,NavigatingTheSystem
Addiction Medicine And Health Advocates (Addiction Medicine and Health Advocates Inc),cost,ReducedCost
Addiction Medicine And Health Advocates (Addiction Medicine and Health Advocates Inc),audience,YoungAdults
Addiction Medicine And Health Advocates (Addiction Medicine and Health Advocates Inc),category,OutpatientTreatment
Addiction Medicine And Health Advocates (Addiction Medicine and Health Advocates Inc),category,SupportNetwork
Addiction Medicine And Health Advocates (Addiction Medicine and Health Advocates Inc),category,MentalHealthEvaluation
Addiction Medicine And Health Advocates (Addiction Medicine and Health Advocates Inc),category,DrugTesting
Addiction Medicine And Health Advocates (Addiction Medicine and Health Advocates Inc),category,AddictionAndRecovery
Addiction Medicine And Health Advocates (Addiction Medicine and Health Advocates Inc),category,NavigatingTheSystem
Addiction Medicine And Health Advocates (Addiction Medicine and Health Advocates Inc),category,MentalHealthEvaluation
Addiction Medicine And Health Advocates (Addiction Medicine and Health Advocates Inc),category,OutpatientTreatment
Addiction Medicine And Health Advocates (Addiction Medicine and Health Advocates Inc),category,FamilyCounseling
Addiction Medicine And Health Advocates (Addiction Medicine and Health Advocates Inc),category,SupportNetwork
Addiction Medicine And Health Advocates (Addiction Medicine and Health Advocates Inc),category,GroupTherapy
Addiction Medicine And Health Advocates (Addiction Medicine and Health Advocates Inc),category,SubstanceAbuseCounseling
Addiction Medicine And Health Advocates (Addiction Medicine and Health Advocates Inc),audience,Families
Addiction Medicine And Health Advocates (Addiction Medicine and Health Advocates Inc),audience,Seniors
Addiction Medicine And Health Advocates (Addiction Medicine and Health Advocates Inc),category,UnderstandMentalHealth
Addiction Medicine And Health Advocates (Addiction Medicine and Health Advocates Inc),audience,Adults
Addiction Medicine And Health Advocates (Addiction Medicine and Health Advocates Inc),audience,Teens
Addiction Medicine And Health Advocates (Addiction Medicine and Health Advocates Inc),category,OneOnOneSupport
Addiction Medicine And Health Advocates (Addiction Medicine and Health Advocates Inc),category,GroupTherapy
Addiction Medicine And Health Advocates (Addiction Medicine and Health Advocates Inc),audience,SubstanceDependency
Addiction Medicine And Health Advocates (Addiction Medicine and Health Advocates Inc),category,Detox
Addiction Medicine And Health Advocates (Addiction Medicine and Health Advocates Inc),service type,Food
Addiction Medicine And Health Advocates (Addiction Medicine and Health Advocates Inc),postalCode,"""19107"""
Addiction Medicine And Health Advocates (Addiction Medicine and Health Advocates Inc),url,"""None"""
Addiction Medicine And Health Advocates (Addiction Medicine and Health Advocates Inc),identifier,"""Addiction Medicine And Health Advocates (Addiction Medicine and Health Advocates Inc)_5185303560585216"""
Addiction Medicine And Health Advocates (Addiction Medicine and Health Advocates Inc),name,""""""
Addiction Medicine And Health Advocates (Addiction Medicine and Health Advocates Inc),name,"""Addiction Medicine And Health Advocates (Addiction Medicine and Health Advocates Inc)"""
Addiction Medicine And Health Advocates (Addiction Medicine and Health Advocates Inc),hasMap,XMLSchema#anyUri
Addiction Medicine And Health Advocates (Addiction Medicine and Health Advocates Inc),areaServed,"""This program covers residents of the following counties: Philadelphia County, PA."""
Addiction Medicine And Health Advocates (Addiction Medicine and Health Advocates Inc),provider,Addiction Medicine And Health Advocates (Addiction Medicine and Health Advocates Inc)
Addiction Medicine And Health Advocates (Addiction Medicine and Health Advocates Inc),address,"""928 Market St., Philadelphia, PA 19107"""
Addiction Medicine And Health Advocates (Addiction Medicine and Health Advocates Inc),longitude,XMLSchema#decimal
Addiction Medicine And Health Advocates (Addiction Medicine and Health Advocates Inc),availableChannel,AB-Addiction Medicine And Health Advocates (Addiction Medicine and Health Advocates Inc)
Addiction Medicine And Health Advocates (Addiction Medicine and Health Advocates Inc),availableChannel,P-Addiction Medicine And Health Advocates (Addiction Medicine and Health Advocates Inc)
Addiction Medicine And Health Advocates (Addiction Medicine and Health Advocates Inc),containedInPlace,19107
Addiction Medicine And Health Advocates (Addiction Medicine and Health Advocates Inc),description,Addiction Medicine And Health Advocates (Addiction Medicine and Health Advocates Inc)
Addiction Medicine And Health Advocates (Addiction Medicine and Health Advocates Inc),telephone,"""tel:+1-215-923-4202"""
Addiction Medicine And Health Advocates (Addiction Medicine and Health Advocates Inc),text,"""Addiction Medicine and Health Advocates, Inc. (AMHA) provides evidence-based substance abuse treatment, which is continuously responsive to the needs of the patients and their families.AMHA is an outpatient facility consisting of two levels of care: Outpatient and Intensive Outpatient. Methadone Maintenance is provided on both levels of care.Services provided include: Assessment and intake Medication-assisted treatment (methadone maintenance) Individual counseling & psychotherapy Group psychotherapy Psycho education Medical & psychiatric evaluations  Aftercare & follow up services  Referrals (educational, medical, vocational, psychiatric, higher levels of care) Couples & family therapy Drug screening To begin the admissions process, please contact us. You may also come in person between the hours of 9AM and 4PM, Monday through Friday. You will be asked to complete a short screening interview and if initial eligibility criteria is met, you will be scheduled for an assessment.At the time of your assessment, you will need to bring: Current, state-issued photo ID Insurance cardAMHA is a private not-for-profit organization dependent upon patient fees for its continuance. Most of our patients have some form of insurance or medical assistance that pays for medication-assisted treatment services. Individuals who do not have insurance are responsible for payment or they may be eligible for county funding."""
Addiction Medicine And Health Advocates (Addiction Medicine and Health Advocates Inc),xmlschema11-2#time,"""Saturday from 06:00 to 11:45"""
Addiction Medicine And Health Advocates (Addiction Medicine and Health Advocates Inc),xmlschema11-2#time,"""Wednesday from 06:00 to 14:00"""
Addiction Medicine And Health Advocates (Addiction Medicine and Health Advocates Inc),xmlschema11-2#time,"""Monday from 06:00 to 14:00"""
Addiction Medicine And Health Advocates (Addiction Medicine and Health Advocates Inc),xmlschema11-2#time,"""Friday from 06:00 to 14:00"""
Addiction Medicine And Health Advocates (Addiction Medicine and Health Advocates Inc),xmlschema11-2#time,"""Thursday from 06:00 to 14:00"""
Addiction Medicine And Health Advocates (Addiction Medicine and Health Advocates Inc),xmlschema11-2#time,"""Sunday from 06:00 to 11:45"""
Addiction Medicine And Health Advocates (Addiction Medicine and Health Advocates Inc),xmlschema11-2#time,"""Tuesday from 06:00 to 14:00"""
Addiction Medicine And Health Advocates (Addiction Medicine and Health Advocates Inc),conditionsOfAccess,"""Follow the Next Steps to find out if this program has eligibility criteria."""
Community Choice Cupboard (Feast of Justice),latitude,40.0372116
Community Choice Cupboard (Feast of Justice),language,English
Community Choice Cupboard (Feast of Justice),audience,Individuals
Community Choice Cupboard (Feast of Justice),category,EmergencyFood
Community Choice Cupboard (Feast of Justice),audience,AllAges
Community Choice Cupboard (Feast of Justice),audience,AnyoneInNeed
Community Choice Cupboard (Feast of Justice),cost,Free
Community Choice Cupboard (Feast of Justice),category,FoodPantry
Community Choice Cupboard (Feast of Justice),availability,Available
Community Choice Cupboard (Feast of Justice),audience,Families
Community Choice Cupboard (Feast of Justice),service type,Food
Community Choice Cupboard (Feast of Justice),postalCode,"""19149"""
Community Choice Cupboard (Feast of Justice),url,"""None"""
Community Choice Cupboard (Feast of Justice),url,"""https://www.facebook.com/FeastOfJusticePhiladelphia/"""
Community Choice Cupboard (Feast of Justice),identifier,"""Community Choice Cupboard (Feast of Justice)_5684952704221184"""
Community Choice Cupboard (Feast of Justice),name,""""""
Community Choice Cupboard (Feast of Justice),name,"""Community Choice Cupboard (Feast of Justice)"""
Community Choice Cupboard (Feast of Justice),hasMap,XMLSchema#anyUri
Community Choice Cupboard (Feast of Justice),areaServed,"""This program covers residents of the following postal codes: 19111, 19114, 19115, 19116, 19124, 19135, 19136, 19149, 19152 and 19154."""
Community Choice Cupboard (Feast of Justice),provider,Community Choice Cupboard (Feast of Justice)
Community Choice Cupboard (Feast of Justice),address,"""3101 Tyson Avenue, Philadelphia, PA 19149"""
Community Choice Cupboard (Feast of Justice),longitude,XMLSchema#decimal
Community Choice Cupboard (Feast of Justice),availableChannel,AB-Community Choice Cupboard (Feast of Justice)
Community Choice Cupboard (Feast of Justice),availableChannel,P-Community Choice Cupboard (Feast of Justice)
Community Choice Cupboard (Feast of Justice),containedInPlace,19149
Community Choice Cupboard (Feast of Justice),description,Community Choice Cupboard (Feast of Justice)
Community Choice Cupboard (Feast of Justice),telephone,"""tel:+1-215-268-3510"""
Community Choice Cupboard (Feast of Justice),text,"""""""Feast of Justice's Community Food Cupboard provides quality food item two times per month for households experiencing food insecurity. This program supplies critical nutrition to hungry individuals and familiesThis program provides:- Food to meet basic nutritional needsTwo shopping options are provided by the Community Cupboard: Community Choice Cupboard (formally known as inside choice shopping) & our Pantry Express Pick Up. For Our Pantry Express Pick Up, participants receive a package that contains a pre-packed, large set of dry goods (based on household size), and will offer selections of produce, and meat/dairy/bread as available . Please note: guests may use each option one time per monthFeast of Justice serves the following zip codes:1911119114191151911619120191241913519136191491915219154"""""""
Community Choice Cupboard (Feast of Justice),xmlschema11-2#time,"""Thursday from 07:00 to 09:00"""
Community Choice Cupboard (Feast of Justice),xmlschema11-2#time,"""Saturday from 07:00 to 13:00"""
Community Choice Cupboard (Feast of Justice),xmlschema11-2#time,"""Monday Closed"
Community Choice Cupboard (Feast of Justice),xmlschema11-2#time,"""Wednesday from 13:00 to 16:00"""
Community Choice Cupboard (Feast of Justice),xmlschema11-2#time,"""Friday Closed"
Community Choice Cupboard (Feast of Justice),xmlschema11-2#time,"""Tuesday from 06:00 to 09:00"""
Community Choice Cupboard (Feast of Justice),xmlschema11-2#time,"""Sunday Closed"
Community Choice Cupboard (Feast of Justice),conditionsOfAccess,"""In order to register you must show valid ID, proof of residency in these areas: 19111, 19114, 19115, 19116, 19124, 19135, 19136, 19149, 19152, and 19154 for all family members.', 'Anyone can access this program."""
Community Fridges (South Philadelphia Community Fridge),latitude,39.9349391
Community Fridges (South Philadelphia Community Fridge),audience,Undocumented
Community Fridges (South Philadelphia Community Fridge),category,EmergencyFood
Community Fridges (South Philadelphia Community Fridge),category,Meals
Community Fridges (South Philadelphia Community Fridge),audience,AllAges
Community Fridges (South Philadelphia Community Fridge),category,EmergencyFood
Community Fridges (South Philadelphia Community Fridge),audience,AnyoneInNeed
Community Fridges (South Philadelphia Community Fridge),category,FoodPantry
Community Fridges (South Philadelphia Community Fridge),category,FoodPantry
Community Fridges (South Philadelphia Community Fridge),availability,Available
Community Fridges (South Philadelphia Community Fridge),category,Meals
Community Fridges (South Philadelphia Community Fridge),language,English
Community Fridges (South Philadelphia Community Fridge),cost,Free
Community Fridges (South Philadelphia Community Fridge),service type,Food
Community Fridges (South Philadelphia Community Fridge),postalCode,"""19147"""
Community Fridges (South Philadelphia Community Fridge),url,"""https://www.facebook.com/southphlcommunityfridge"""
Community Fridges (South Philadelphia Community Fridge),url,"""https://www.twitter.com/https://twitter.com/SouthPHLFridge"""
Community Fridges (South Philadelphia Community Fridge),identifier,"""Community Fridges (South Philadelphia Community Fridge)_6420814929199104"""
Community Fridges (South Philadelphia Community Fridge),name,"""Community Fridges (South Philadelphia Community Fridge)"""
Community Fridges (South Philadelphia Community Fridge),name,""""""
Community Fridges (South Philadelphia Community Fridge),hasMap,XMLSchema#anyUri
Community Fridges (South Philadelphia Community Fridge),areaServed,"""This program covers residents of the following cities: Philadelphia, PA."""
Community Fridges (South Philadelphia Community Fridge),provider,Community Fridges (South Philadelphia Community Fridge)
Community Fridges (South Philadelphia Community Fridge),address,"""1149 South 9th Street, Philadelphia, PA 19147"""
Community Fridges (South Philadelphia Community Fridge),longitude,XMLSchema#decimal
Community Fridges (South Philadelphia Community Fridge),availableChannel,AB-Community Fridges (South Philadelphia Community Fridge)
Community Fridges (South Philadelphia Community Fridge),availableChannel,P-Community Fridges (South Philadelphia Community Fridge)
Community Fridges (South Philadelphia Community Fridge),containedInPlace,19147
Community Fridges (South Philadelphia Community Fridge),description,Community Fridges (South Philadelphia Community Fridge)
Community Fridges (South Philadelphia Community Fridge),telephone,"""tel:+1-None"""
Community Fridges (South Philadelphia Community Fridge),text,"""South Philadelphia Community Fridge is a volunteer-based organization dedicated to giving all Philadelphians access to fresh and healthy food, combatting food insecurity and inequality in our city through mutual aid. 6 community fridge and pantry locations are stocked with produce, pantry staples, and prepared foods. This program provides: - Food including produce, pantry staples and prepared foods. Please visit the website for the most up to date list of locations. Note some locations are pantries only and do not have refrigerated items. Pantry and fridge stock may vary."""
Community Fridges (South Philadelphia Community Fridge),xmlschema11-2#time,"""Wednesday from 00:00 to 23:59"""
Community Fridges (South Philadelphia Community Fridge),xmlschema11-2#time,"""Sunday from 00:00 to 23:59"""
Community Fridges (South Philadelphia Community Fridge),xmlschema11-2#time,"""Friday from 00:00 to 23:59"""
Community Fridges (South Philadelphia Community Fridge),xmlschema11-2#time,"""Monday from 00:00 to 23:59"""
Community Fridges (South Philadelphia Community Fridge),xmlschema11-2#time,"""Tuesday from 00:00 to 23:59"""
Community Fridges (South Philadelphia Community Fridge),xmlschema11-2#time,"""Thursday from 00:00 to 23:59"""
Community Fridges (South Philadelphia Community Fridge),xmlschema11-2#time,"""Saturday from 00:00 to 23:59"""
Community Fridges (South Philadelphia Community Fridge),conditionsOfAccess,"""Anyone can access this program."""
My SISTAS Resource Hub (Mady's Hands),latitude,39.9851246
My SISTAS Resource Hub (Mady's Hands),language,English
My SISTAS Resource Hub (Mady's Hands),audience,Individuals
My SISTAS Resource Hub (Mady's Hands),audience,Families
My SISTAS Resource Hub (Mady's Hands),category,DailyLifeSkills
My SISTAS Resource Hub (Mady's Hands),category,HelpFindSchool
My SISTAS Resource Hub (Mady's Hands),audience,WithChildren
My SISTAS Resource Hub (Mady's Hands),audience,YoungAdults
My SISTAS Resource Hub (Mady's Hands),cost,Free
My SISTAS Resource Hub (Mady's Hands),audience,Unemployed
My SISTAS Resource Hub (Mady's Hands),category,PersonalCareItems
My SISTAS Resource Hub (Mady's Hands),category,DiapersAndFormula
My SISTAS Resource Hub (Mady's Hands),audience,Teens
My SISTAS Resource Hub (Mady's Hands),availability,Available
My SISTAS Resource Hub (Mady's Hands),audience,AnyoneInNeed
My SISTAS Resource Hub (Mady's Hands),audience,HomeRenters
My SISTAS Resource Hub (Mady's Hands),audience,Adults
My SISTAS Resource Hub (Mady's Hands),category,FoodPantry
My SISTAS Resource Hub (Mady's Hands),category,StdStiTreatmentAndPrevention
My SISTAS Resource Hub (Mady's Hands),audience,Seniors
My SISTAS Resource Hub (Mady's Hands),category,SexualAndReproductiveHealth
My SISTAS Resource Hub (Mady's Hands),category,HelpFindChildcare
My SISTAS Resource Hub (Mady's Hands),service type,Food
My SISTAS Resource Hub (Mady's Hands),postalCode,"""19121"""
My SISTAS Resource Hub (Mady's Hands),url,"""None"""
My SISTAS Resource Hub (Mady's Hands),identifier,"""My SISTAS Resource Hub (Mady's Hands)_5957638318850048"""
My SISTAS Resource Hub (Mady's Hands),name,""""""
My SISTAS Resource Hub (Mady's Hands),name,"""My SISTAS Resource Hub (Mady's Hands)"""
My SISTAS Resource Hub (Mady's Hands),hasMap,XMLSchema#anyUri
My SISTAS Resource Hub (Mady's Hands),areaServed,"""This program covers residents of the following counties: Philadelphia County, PA."""
My SISTAS Resource Hub (Mady's Hands),provider,My SISTAS Resource Hub (Mady's Hands)
My SISTAS Resource Hub (Mady's Hands),address,"""1952 N 24th St, Philadelphia PA, 19121"""
My SISTAS Resource Hub (Mady's Hands),address,"""1952 N 24th St., Philadelphia, PA 19121"""
My SISTAS Resource Hub (Mady's Hands),longitude,XMLSchema#decimal
My SISTAS Resource Hub (Mady's Hands),availableChannel,AB-My SISTAS Resource Hub (Mady's Hands)
My SISTAS Resource Hub (Mady's Hands),availableChannel,P-My SISTAS Resource Hub (Mady's Hands)
My SISTAS Resource Hub (Mady's Hands),containedInPlace,19121
My SISTAS Resource Hub (Mady's Hands),description,My SISTAS Resource Hub (Mady's Hands)
My SISTAS Resource Hub (Mady's Hands),telephone,"""tel:+1-610-579-1401"""
My SISTAS Resource Hub (Mady's Hands),telephone,"""tel:+1-267-825-5628"""
My SISTAS Resource Hub (Mady's Hands),text,"""""""Mady's Hands provides a variety of services to assist individuals and families gain success and stability. This program offers support, direction, and success planning through free one-on one engagementLocated at 1952 N 24th St, Philadelphia PA, 19121Our services will be available for walk-in only, no appointment needed Monday: 1pm-5pmTuesday: 1pm-5pmWednesday: 1pm-5pmThursday: By Appt. OnlyOur services include the following:Food PantryNursery Pantry including Diapers, clothing and other baby itemsHIV Testing Kits (Take Home)Clothing Bank (availability varies-please call to see if we have your size, if not we have a referral for you)See you soon!"""""""
My SISTAS Resource Hub (Mady's Hands),xmlschema11-2#time,"""Wednesday from 13:00 to 17:00"""
My SISTAS Resource Hub (Mady's Hands),xmlschema11-2#time,"""Sunday Closed"
My SISTAS Resource Hub (Mady's Hands),xmlschema11-2#time,"""Monday from 13:00 to 17:00"""
My SISTAS Resource Hub (Mady's Hands),xmlschema11-2#time,"""Friday Closed"
My SISTAS Resource Hub (Mady's Hands),xmlschema11-2#time,"""Saturday Closed"
My SISTAS Resource Hub (Mady's Hands),xmlschema11-2#time,"""Thursday Closed"
My SISTAS Resource Hub (Mady's Hands),xmlschema11-2#time,"""Tuesday from 13:00 to 17:00"""
My SISTAS Resource Hub (Mady's Hands),conditionsOfAccess,"""Anyone can access this program."""
Free Produce Markets No.1 (Children's Hospital of Philadelphia),latitude,39.9291778
Free Produce Markets No.1 (Children's Hospital of Philadelphia),category,FoodPantry
Free Produce Markets No.1 (Children's Hospital of Philadelphia),category,FoodPantry
Free Produce Markets No.1 (Children's Hospital of Philadelphia),audience,Individuals
Free Produce Markets No.1 (Children's Hospital of Philadelphia),audience,Families
Free Produce Markets No.1 (Children's Hospital of Philadelphia),language,English
Free Produce Markets No.1 (Children's Hospital of Philadelphia),availability,Available
Free Produce Markets No.1 (Children's Hospital of Philadelphia),audience,AllAges
Free Produce Markets No.1 (Children's Hospital of Philadelphia),cost,Free
Free Produce Markets No.1 (Children's Hospital of Philadelphia),service type,Food
Free Produce Markets No.1 (Children's Hospital of Philadelphia),postalCode,"""19145"""
Free Produce Markets No.1 (Children's Hospital of Philadelphia),url,"""None"""
Free Produce Markets No.1 (Children's Hospital of Philadelphia),identifier,"""Free Produce Markets No.1 (Children's Hospital of Philadelphia)_6006436119248896"""
Free Produce Markets No.1 (Children's Hospital of Philadelphia),name,"""Free Produce Markets No.1 (Children's Hospital of Philadelphia)"""
Free Produce Markets No.1 (Children's Hospital of Philadelphia),name,""""""
Free Produce Markets No.1 (Children's Hospital of Philadelphia),hasMap,XMLSchema#anyUri
Free Produce Markets No.1 (Children's Hospital of Philadelphia),areaServed,"""This program covers residents of the following cities: Philadelphia, PA."""
Free Produce Markets No.1 (Children's Hospital of Philadelphia),provider,Free Produce Markets No.1 (Children's Hospital of Philadelphia)
Free Produce Markets No.1 (Children's Hospital of Philadelphia),address,"""1701 South 15th Street, Philadelphia, PA 19145"""
Free Produce Markets No.1 (Children's Hospital of Philadelphia),longitude,XMLSchema#decimal
Free Produce Markets No.1 (Children's Hospital of Philadelphia),availableChannel,AB-Free Produce Markets No.1 (Children's Hospital of Philadelphia)
Free Produce Markets No.1 (Children's Hospital of Philadelphia),availableChannel,P-Free Produce Markets No.1 (Children's Hospital of Philadelphia)
Free Produce Markets No.1 (Children's Hospital of Philadelphia),containedInPlace,19145
Free Produce Markets No.1 (Children's Hospital of Philadelphia),description,Free Produce Markets No.1 (Children's Hospital of Philadelphia)
Free Produce Markets No.1 (Children's Hospital of Philadelphia),telephone,"""tel:+1-None"""
Free Produce Markets No.1 (Children's Hospital of Philadelphia),text,"""CHOP's free produce markets provides quality food items to households experiencing food insecurity. This program supplies critical nutrition to hungry individuals and families.This program provides:- Food to meet basic nutritional needsPlease bring your own bag when you visit. The market will be cancelled if it rains."""
Free Produce Markets No.1 (Children's Hospital of Philadelphia),xmlschema11-2#time,"""Tuesday Closed"
Free Produce Markets No.1 (Children's Hospital of Philadelphia),xmlschema11-2#time,"""Wednesday Closed"
Free Produce Markets No.1 (Children's Hospital of Philadelphia),xmlschema11-2#time,"""Monday Closed"
Free Produce Markets No.1 (Children's Hospital of Philadelphia),xmlschema11-2#time,"""Thursday Closed"
Free Produce Markets No.1 (Children's Hospital of Philadelphia),xmlschema11-2#time,"""Sunday Closed"
Free Produce Markets No.1 (Children's Hospital of Philadelphia),xmlschema11-2#time,"""Friday from 12:00 to 13:00"""
Free Produce Markets No.1 (Children's Hospital of Philadelphia),xmlschema11-2#time,"""Saturday Closed"
Free Produce Markets No.1 (Children's Hospital of Philadelphia),conditionsOfAccess,"""Anyone can access this program."""
Food Pantry (East Park Revitalization Alliance),latitude,39.9831003
Food Pantry (East Park Revitalization Alliance),cost,Free
Food Pantry (East Park Revitalization Alliance),availability,Available
Food Pantry (East Park Revitalization Alliance),category,FoodPantry
Food Pantry (East Park Revitalization Alliance),category,FoodPantry
Food Pantry (East Park Revitalization Alliance),audience,AnyoneInNeed
Food Pantry (East Park Revitalization Alliance),category,EmergencyFood
Food Pantry (East Park Revitalization Alliance),language,English
Food Pantry (East Park Revitalization Alliance),category,EmergencyFood
Food Pantry (East Park Revitalization Alliance),audience,AllAges
Food Pantry (East Park Revitalization Alliance),service type,Food
Food Pantry (East Park Revitalization Alliance),postalCode,"""19121"""
Food Pantry (East Park Revitalization Alliance),url,"""None"""
Food Pantry (East Park Revitalization Alliance),identifier,"""Food Pantry (East Park Revitalization Alliance)_5711255900520448"""
Food Pantry (East Park Revitalization Alliance),name,"""Food Pantry (East Park Revitalization Alliance)"""
Food Pantry (East Park Revitalization Alliance),name,""""""
Food Pantry (East Park Revitalization Alliance),hasMap,XMLSchema#anyUri
Food Pantry (East Park Revitalization Alliance),areaServed,"""This program covers residents of the following cities: Philadelphia, PA."""
Food Pantry (East Park Revitalization Alliance),provider,Food Pantry (East Park Revitalization Alliance)
Food Pantry (East Park Revitalization Alliance),address,"""1737 North 31st Street, Philadelphia, PA 19121"""
Food Pantry (East Park Revitalization Alliance),longitude,XMLSchema#decimal
Food Pantry (East Park Revitalization Alliance),availableChannel,AB-Food Pantry (East Park Revitalization Alliance)
Food Pantry (East Park Revitalization Alliance),availableChannel,P-Food Pantry (East Park Revitalization Alliance)
Food Pantry (East Park Revitalization Alliance),containedInPlace,19121
Food Pantry (East Park Revitalization Alliance),description,Food Pantry (East Park Revitalization Alliance)
Food Pantry (East Park Revitalization Alliance),telephone,"""tel:+1-215-235-6001"""
Food Pantry (East Park Revitalization Alliance),text,"""East Park Revitalization Alliance's food cupboard serves everyone from low income families, single parents, senior citizens, unemployed individuals, disabled veterans, working poor, and anyone else in need of assistance. This program supplies critical nutrition to hungry individuals and families. This program provides:- Food to meet basic nutritional needsClients are welcome to come once every week. For example if you come on Monday, you can only return the next Monday or after."""
Food Pantry (East Park Revitalization Alliance),xmlschema11-2#time,"""Thursday from 08:00 to 17:00"""
Food Pantry (East Park Revitalization Alliance),xmlschema11-2#time,"""Sunday Closed"
Food Pantry (East Park Revitalization Alliance),xmlschema11-2#time,"""Saturday Closed"
Food Pantry (East Park Revitalization Alliance),xmlschema11-2#time,"""Tuesday from 08:00 to 17:00"""
Food Pantry (East Park Revitalization Alliance),xmlschema11-2#time,"""Wednesday from 08:00 to 17:00"""
Food Pantry (East Park Revitalization Alliance),xmlschema11-2#time,"""Monday from 08:00 to 17:00"""
Food Pantry (East Park Revitalization Alliance),xmlschema11-2#time,"""Friday from 08:00 to 17:00"""
Food Pantry (East Park Revitalization Alliance),conditionsOfAccess,"""Anyone can access this program."""
Food Pantry (The Salvation Army West Philadelphia Corps Community Center),latitude,39.9610016
Food Pantry (The Salvation Army West Philadelphia Corps Community Center),language,English
Food Pantry (The Salvation Army West Philadelphia Corps Community Center),category,FoodPantry
Food Pantry (The Salvation Army West Philadelphia Corps Community Center),audience,AllAges
Food Pantry (The Salvation Army West Philadelphia Corps Community Center),audience,LowIncome
Food Pantry (The Salvation Army West Philadelphia Corps Community Center),audience,NearHomeless
Food Pantry (The Salvation Army West Philadelphia Corps Community Center),audience,AnyoneInNeed
Food Pantry (The Salvation Army West Philadelphia Corps Community Center),cost,Free
Food Pantry (The Salvation Army West Philadelphia Corps Community Center),audience,Homeless
Food Pantry (The Salvation Army West Philadelphia Corps Community Center),category,FoodPantry
Food Pantry (The Salvation Army West Philadelphia Corps Community Center),availability,Available
Food Pantry (The Salvation Army West Philadelphia Corps Community Center),audience,Families
Food Pantry (The Salvation Army West Philadelphia Corps Community Center),audience,Individuals
Food Pantry (The Salvation Army West Philadelphia Corps Community Center),service type,Food
Food Pantry (The Salvation Army West Philadelphia Corps Community Center),postalCode,"""19139"""
Food Pantry (The Salvation Army West Philadelphia Corps Community Center),url,"""https://www.twitter.com/@SalArmyPhilly"""
Food Pantry (The Salvation Army West Philadelphia Corps Community Center),url,"""https://www.facebook.com/SalArmyPhilly"""
Food Pantry (The Salvation Army West Philadelphia Corps Community Center),identifier,"""Food Pantry (The Salvation Army West Philadelphia Corps Community Center)_5687414567993344"""
Food Pantry (The Salvation Army West Philadelphia Corps Community Center),name,"""Food Pantry (The Salvation Army West Philadelphia Corps Community Center)"""
Food Pantry (The Salvation Army West Philadelphia Corps Community Center),name,""""""
Food Pantry (The Salvation Army West Philadelphia Corps Community Center),hasMap,XMLSchema#anyUri
Food Pantry (The Salvation Army West Philadelphia Corps Community Center),areaServed,"""This program covers residents of the following cities: Philadelphia, PA."""
Food Pantry (The Salvation Army West Philadelphia Corps Community Center),provider,Food Pantry (The Salvation Army West Philadelphia Corps Community Center)
Food Pantry (The Salvation Army West Philadelphia Corps Community Center),address,"""5501 Market Street, Philadelphia, PA 19139"""
Food Pantry (The Salvation Army West Philadelphia Corps Community Center),longitude,XMLSchema#decimal
Food Pantry (The Salvation Army West Philadelphia Corps Community Center),availableChannel,AB-Food Pantry (The Salvation Army West Philadelphia Corps Community Center)
Food Pantry (The Salvation Army West Philadelphia Corps Community Center),availableChannel,P-Food Pantry (The Salvation Army West Philadelphia Corps Community Center)
Food Pantry (The Salvation Army West Philadelphia Corps Community Center),containedInPlace,19139
Food Pantry (The Salvation Army West Philadelphia Corps Community Center),description,Food Pantry (The Salvation Army West Philadelphia Corps Community Center)
Food Pantry (The Salvation Army West Philadelphia Corps Community Center),telephone,"""tel:+1-215-825-4601"""
Food Pantry (The Salvation Army West Philadelphia Corps Community Center),text,"""The Salvation Army West Philadelphia Corps Community Center Food Pantry provides groceries and food for families and individuals in need.This program provides:- Food to meet basic nutritional needsFood is free, but some locations require appointments. Others are on a walk-in first come first served basis. Call your local Salvation Army office or the 2-1-1 help line to determine which food pantry serves your area."""
Food Pantry (The Salvation Army West Philadelphia Corps Community Center),xmlschema11-2#time,"""Wednesday from 09:00 to 14:00"""
Food Pantry (The Salvation Army West Philadelphia Corps Community Center),xmlschema11-2#time,"""Saturday Closed"
Food Pantry (The Salvation Army West Philadelphia Corps Community Center),xmlschema11-2#time,"""Thursday from 09:00 to 14:00"""
Food Pantry (The Salvation Army West Philadelphia Corps Community Center),xmlschema11-2#time,"""Tuesday from 09:00 to 14:00"""
Food Pantry (The Salvation Army West Philadelphia Corps Community Center),xmlschema11-2#time,"""Friday from 09:00 to 14:00"""
Food Pantry (The Salvation Army West Philadelphia Corps Community Center),xmlschema11-2#time,"""Sunday Closed"
Food Pantry (The Salvation Army West Philadelphia Corps Community Center),xmlschema11-2#time,"""Monday from 09:00 to 14:00"""
Food Pantry (The Salvation Army West Philadelphia Corps Community Center),conditionsOfAccess,"""Anyone can access this program."""
Food Pantry (Centre D'Adoration Chretienne),latitude,40.01987
Food Pantry (Centre D'Adoration Chretienne),audience,Individuals
Food Pantry (Centre D'Adoration Chretienne),language,English
Food Pantry (Centre D'Adoration Chretienne),category,FoodPantry
Food Pantry (Centre D'Adoration Chretienne),audience,AnyoneInNeed
Food Pantry (Centre D'Adoration Chretienne),availability,Available
Food Pantry (Centre D'Adoration Chretienne),audience,AllAges
Food Pantry (Centre D'Adoration Chretienne),audience,Families
Food Pantry (Centre D'Adoration Chretienne),cost,Free
Food Pantry (Centre D'Adoration Chretienne),category,FoodPantry
Food Pantry (Centre D'Adoration Chretienne),service type,Food
Food Pantry (Centre D'Adoration Chretienne),postalCode,"""19135"""
Food Pantry (Centre D'Adoration Chretienne),url,"""https://www.facebook.com/CentreDadorationChretienne/"""
Food Pantry (Centre D'Adoration Chretienne),url,"""None"""
Food Pantry (Centre D'Adoration Chretienne),identifier,"""Food Pantry (Centre D'Adoration Chretienne)_5555306549346304"""
Food Pantry (Centre D'Adoration Chretienne),name,"""Food Pantry (Centre D'Adoration Chretienne)"""
Food Pantry (Centre D'Adoration Chretienne),name,""""""
Food Pantry (Centre D'Adoration Chretienne),hasMap,XMLSchema#anyUri
Food Pantry (Centre D'Adoration Chretienne),areaServed,"""This program covers residents of the following cities: Philadelphia, PA."""
Food Pantry (Centre D'Adoration Chretienne),provider,Food Pantry (Centre D'Adoration Chretienne)
Food Pantry (Centre D'Adoration Chretienne),address,"""4520 Benner Street, Philadelphia, PA 19135"""
Food Pantry (Centre D'Adoration Chretienne),longitude,XMLSchema#decimal
Food Pantry (Centre D'Adoration Chretienne),availableChannel,AB-Food Pantry (Centre D'Adoration Chretienne)
Food Pantry (Centre D'Adoration Chretienne),availableChannel,P-Food Pantry (Centre D'Adoration Chretienne)
Food Pantry (Centre D'Adoration Chretienne),containedInPlace,19135
Food Pantry (Centre D'Adoration Chretienne),description,Food Pantry (Centre D'Adoration Chretienne)
Food Pantry (Centre D'Adoration Chretienne),telephone,"""tel:+1-215-548-3788"""
Food Pantry (Centre D'Adoration Chretienne),text,"""Centre D'Adoration Chretienne's food pantry provides quality food items to households experiencing food insecurity. This program supplies critical nutrition to hungry individuals and families. This program provides:- Food to meet basic nutritional needs"""
Food Pantry (Centre D'Adoration Chretienne),xmlschema11-2#time,"""Thursday from 19:30 to 21:00"""
Food Pantry (Centre D'Adoration Chretienne),xmlschema11-2#time,"""Saturday Closed"
Food Pantry (Centre D'Adoration Chretienne),xmlschema11-2#time,"""Monday Closed"
Food Pantry (Centre D'Adoration Chretienne),xmlschema11-2#time,"""Tuesday from 19:30 to 21:00"""
Food Pantry (Centre D'Adoration Chretienne),xmlschema11-2#time,"""Friday Closed"
Food Pantry (Centre D'Adoration Chretienne),xmlschema11-2#time,"""Sunday Closed"
Food Pantry (Centre D'Adoration Chretienne),xmlschema11-2#time,"""Wednesday Closed"
Food Pantry (Centre D'Adoration Chretienne),conditionsOfAccess,"""This program serves anyone in need."""
Food Pantry (Second Baptist Church of Frankford),latitude,40.0136253
Food Pantry (Second Baptist Church of Frankford),category,SpiritualSupport
Food Pantry (Second Baptist Church of Frankford),cost,Free
Food Pantry (Second Baptist Church of Frankford),availability,Available
Food Pantry (Second Baptist Church of Frankford),language,English
Food Pantry (Second Baptist Church of Frankford),category,FoodPantry
Food Pantry (Second Baptist Church of Frankford),audience,Families
Food Pantry (Second Baptist Church of Frankford),audience,Individuals
Food Pantry (Second Baptist Church of Frankford),audience,AllAges
Food Pantry (Second Baptist Church of Frankford),service type,Food
Food Pantry (Second Baptist Church of Frankford),postalCode,"""19124"""
Food Pantry (Second Baptist Church of Frankford),url,"""https://www.facebook.com/mysbcfrankford/"""
Food Pantry (Second Baptist Church of Frankford),url,"""None"""
Food Pantry (Second Baptist Church of Frankford),identifier,"""Food Pantry (Second Baptist Church of Frankford)_5609280872120320"""
Food Pantry (Second Baptist Church of Frankford),name,""""""
Food Pantry (Second Baptist Church of Frankford),name,"""Food Pantry (Second Baptist Church of Frankford)"""
Food Pantry (Second Baptist Church of Frankford),hasMap,XMLSchema#anyUri
Food Pantry (Second Baptist Church of Frankford),areaServed,"""This program covers residents of the following cities: Philadelphia, PA."""
Food Pantry (Second Baptist Church of Frankford),provider,Food Pantry (Second Baptist Church of Frankford)
Food Pantry (Second Baptist Church of Frankford),address,"""1801 Meadow Street, Philadelphia, PA 19124"""
Food Pantry (Second Baptist Church of Frankford),longitude,XMLSchema#decimal
Food Pantry (Second Baptist Church of Frankford),availableChannel,AB-Food Pantry (Second Baptist Church of Frankford)
Food Pantry (Second Baptist Church of Frankford),availableChannel,P-Food Pantry (Second Baptist Church of Frankford)
Food Pantry (Second Baptist Church of Frankford),containedInPlace,19124
Food Pantry (Second Baptist Church of Frankford),description,Food Pantry (Second Baptist Church of Frankford)
Food Pantry (Second Baptist Church of Frankford),telephone,"""tel:+1-215-533-6222"""
Food Pantry (Second Baptist Church of Frankford),text,"""Second Baptist Church of Frankford's food pantry provides quality food items to households experiencing food insecurity. This program supplies critical nutrition to hungry individuals and families. This program provides:- Food to meet basic nutritional needsCall for details on eligibility, hours, and days to get service."""
Food Pantry (Second Baptist Church of Frankford),xmlschema11-2#time,"""Thursday from 10:00 to 14:00"""
Food Pantry (Second Baptist Church of Frankford),xmlschema11-2#time,"""Saturday Closed"
Food Pantry (Second Baptist Church of Frankford),xmlschema11-2#time,"""Tuesday from 10:00 to 14:00"""
Food Pantry (Second Baptist Church of Frankford),xmlschema11-2#time,"""Friday Closed"
Food Pantry (Second Baptist Church of Frankford),xmlschema11-2#time,"""Sunday from 10:45 to 13:45"""
Food Pantry (Second Baptist Church of Frankford),xmlschema11-2#time,"""Monday Closed"
Food Pantry (Second Baptist Church of Frankford),xmlschema11-2#time,"""Wednesday Closed"
Food Pantry (Second Baptist Church of Frankford),conditionsOfAccess,"""Anyone can access this program."""
Food Pantry (Lifeway Baptist Church),latitude,40.0870202
Food Pantry (Lifeway Baptist Church),cost,Free
Food Pantry (Lifeway Baptist Church),category,FoodPantry
Food Pantry (Lifeway Baptist Church),language,Russian
Food Pantry (Lifeway Baptist Church),audience,Families
Food Pantry (Lifeway Baptist Church),audience,Individuals
Food Pantry (Lifeway Baptist Church),audience,AnyoneInNeed
Food Pantry (Lifeway Baptist Church),audience,AllAges
Food Pantry (Lifeway Baptist Church),language,English
Food Pantry (Lifeway Baptist Church),category,FoodPantry
Food Pantry (Lifeway Baptist Church),availability,Available
Food Pantry (Lifeway Baptist Church),service type,Food
Food Pantry (Lifeway Baptist Church),postalCode,"""19115"""
Food Pantry (Lifeway Baptist Church),url,"""None"""
Food Pantry (Lifeway Baptist Church),url,"""https://www.facebook.com/lifewayphila/"""
Food Pantry (Lifeway Baptist Church),identifier,"""Food Pantry (Lifeway Baptist Church)_6282969634045952"""
Food Pantry (Lifeway Baptist Church),name,"""Food Pantry (Lifeway Baptist Church)"""
Food Pantry (Lifeway Baptist Church),name,""""""
Food Pantry (Lifeway Baptist Church),hasMap,XMLSchema#anyUri
Food Pantry (Lifeway Baptist Church),areaServed,"""This program covers residents of the following counties: Philadelphia County, PA."""
Food Pantry (Lifeway Baptist Church),provider,Food Pantry (Lifeway Baptist Church)
Food Pantry (Lifeway Baptist Church),address,"""9554 Bustleton Avenue, Philadelphia, PA 19115"""
Food Pantry (Lifeway Baptist Church),longitude,XMLSchema#decimal
Food Pantry (Lifeway Baptist Church),availableChannel,AB-Food Pantry (Lifeway Baptist Church)
Food Pantry (Lifeway Baptist Church),availableChannel,P-Food Pantry (Lifeway Baptist Church)
Food Pantry (Lifeway Baptist Church),containedInPlace,19115
Food Pantry (Lifeway Baptist Church),description,Food Pantry (Lifeway Baptist Church)
Food Pantry (Lifeway Baptist Church),telephone,"""tel:+1-267-767-6791"""
Food Pantry (Lifeway Baptist Church),text,"""The food pantry provides quality food items to households experiencing food insecurity. This program supplies critical nutrition to hungry individuals and families. This program provides:- Food to meet basic nutritional needs"""
Food Pantry (Lifeway Baptist Church),xmlschema11-2#time,"""Sunday Closed"
Food Pantry (Lifeway Baptist Church),xmlschema11-2#time,"""Saturday Closed"
Food Pantry (Lifeway Baptist Church),xmlschema11-2#time,"""Monday from 08:00 to 17:00"""
Food Pantry (Lifeway Baptist Church),xmlschema11-2#time,"""Wednesday from 08:00 to 17:00"""
Food Pantry (Lifeway Baptist Church),xmlschema11-2#time,"""Tuesday from 08:00 to 17:00"""
Food Pantry (Lifeway Baptist Church),xmlschema11-2#time,"""Friday from 08:00 to 17:00"""
Food Pantry (Lifeway Baptist Church),xmlschema11-2#time,"""Thursday from 08:00 to 17:00"""
Food Pantry (Lifeway Baptist Church),conditionsOfAccess,"""Anyone can access this program."""
Social Services -Basic Needs Assistance (Helping Hands Ministry Inc),latitude,39.9498348
Social Services -Basic Needs Assistance (Helping Hands Ministry Inc),category,EmergencyFood
Social Services -Basic Needs Assistance (Helping Hands Ministry Inc),cost,Free
Social Services -Basic Needs Assistance (Helping Hands Ministry Inc),category,EmergencyFood
Social Services -Basic Needs Assistance (Helping Hands Ministry Inc),category,ToysAndGifts
Social Services -Basic Needs Assistance (Helping Hands Ministry Inc),category,ToysAndGifts
Social Services -Basic Needs Assistance (Helping Hands Ministry Inc),audience,LowIncome
Social Services -Basic Needs Assistance (Helping Hands Ministry Inc),category,PersonalCareItems
Social Services -Basic Needs Assistance (Helping Hands Ministry Inc),audience,Individuals
Social Services -Basic Needs Assistance (Helping Hands Ministry Inc),language,English
Social Services -Basic Needs Assistance (Helping Hands Ministry Inc),audience,Seniors
Social Services -Basic Needs Assistance (Helping Hands Ministry Inc),category,HomeGoods
Social Services -Basic Needs Assistance (Helping Hands Ministry Inc),category,HomeGoods
Social Services -Basic Needs Assistance (Helping Hands Ministry Inc),audience,Families
Social Services -Basic Needs Assistance (Helping Hands Ministry Inc),availability,Available
Social Services -Basic Needs Assistance (Helping Hands Ministry Inc),audience,InCrisis
Social Services -Basic Needs Assistance (Helping Hands Ministry Inc),category,PersonalCareItems
Social Services -Basic Needs Assistance (Helping Hands Ministry Inc),service type,Food
Social Services -Basic Needs Assistance (Helping Hands Ministry Inc),postalCode,"""19143"""
Social Services -Basic Needs Assistance (Helping Hands Ministry Inc),url,"""None"""
Social Services -Basic Needs Assistance (Helping Hands Ministry Inc),identifier,"""Social Services -Basic Needs Assistance (Helping Hands Ministry Inc)_6453846037626880"""
Social Services -Basic Needs Assistance (Helping Hands Ministry Inc),name,""""""
Social Services -Basic Needs Assistance (Helping Hands Ministry Inc),name,"""Social Services -Basic Needs Assistance (Helping Hands Ministry Inc)"""
Social Services -Basic Needs Assistance (Helping Hands Ministry Inc),hasMap,XMLSchema#anyUri
Social Services -Basic Needs Assistance (Helping Hands Ministry Inc),areaServed,"""This program covers residents of the following counties: Philadelphia County, PA."""
Social Services -Basic Needs Assistance (Helping Hands Ministry Inc),provider,Social Services -Basic Needs Assistance (Helping Hands Ministry Inc)
Social Services -Basic Needs Assistance (Helping Hands Ministry Inc),address,"""5926 Webster Street, Philadelphia, PA 19143"""
Social Services -Basic Needs Assistance (Helping Hands Ministry Inc),longitude,XMLSchema#decimal
Social Services -Basic Needs Assistance (Helping Hands Ministry Inc),availableChannel,AB-Social Services -Basic Needs Assistance (Helping Hands Ministry Inc)
Social Services -Basic Needs Assistance (Helping Hands Ministry Inc),availableChannel,P-Social Services -Basic Needs Assistance (Helping Hands Ministry Inc)
Social Services -Basic Needs Assistance (Helping Hands Ministry Inc),containedInPlace,19143
Social Services -Basic Needs Assistance (Helping Hands Ministry Inc),description,Social Services -Basic Needs Assistance (Helping Hands Ministry Inc)
Social Services -Basic Needs Assistance (Helping Hands Ministry Inc),telephone,"""tel:+1-267-595-9000"""
Social Services -Basic Needs Assistance (Helping Hands Ministry Inc),text,"""Helping Hands Ministry, Inc. assists with basic needs for seniors aged sixty or older through their Social Services offering.This program provides:- Personal care items- Non-essential household items- Holiday/birthday gift bags- Emergency foodSeniors in need of these Social Services from Helping Hands Ministry, Inc. can reach out via their online contact form to request assistance."""
Social Services -Basic Needs Assistance (Helping Hands Ministry Inc),xmlschema11-2#time,"""Tuesday from 08:30 to 15:30"""
Social Services -Basic Needs Assistance (Helping Hands Ministry Inc),xmlschema11-2#time,"""Wednesday from 08:30 to 15:30"""
Social Services -Basic Needs Assistance (Helping Hands Ministry Inc),xmlschema11-2#time,"""Monday from 08:30 to 15:30"""
Social Services -Basic Needs Assistance (Helping Hands Ministry Inc),xmlschema11-2#time,"""Sunday Closed"
Social Services -Basic Needs Assistance (Helping Hands Ministry Inc),xmlschema11-2#time,"""Thursday from 08:30 to 15:30"""
Social Services -Basic Needs Assistance (Helping Hands Ministry Inc),xmlschema11-2#time,"""Friday from 08:30 to 15:30"""
Social Services -Basic Needs Assistance (Helping Hands Ministry Inc),xmlschema11-2#time,"""Saturday Closed"
Social Services -Basic Needs Assistance (Helping Hands Ministry Inc),conditionsOfAccess,"""This program helps people who are older than 59 years old."""
Food Pantry (Upper Room Missionary Baptist Church),latitude,40.064768
Food Pantry (Upper Room Missionary Baptist Church),availability,Available
Food Pantry (Upper Room Missionary Baptist Church),category,FoodPantry
Food Pantry (Upper Room Missionary Baptist Church),audience,AnyoneInNeed
Food Pantry (Upper Room Missionary Baptist Church),category,FoodPantry
Food Pantry (Upper Room Missionary Baptist Church),language,English
Food Pantry (Upper Room Missionary Baptist Church),cost,Free
Food Pantry (Upper Room Missionary Baptist Church),audience,AllAges
Food Pantry (Upper Room Missionary Baptist Church),service type,Food
Food Pantry (Upper Room Missionary Baptist Church),postalCode,"""19138"""
Food Pantry (Upper Room Missionary Baptist Church),url,"""None"""
Food Pantry (Upper Room Missionary Baptist Church),url,"""https://www.facebook.com/Upper-Room-Missionary-Baptist-Church-2195510364097911/"""
Food Pantry (Upper Room Missionary Baptist Church),identifier,"""Food Pantry (Upper Room Missionary Baptist Church)_5789625901776896"""
Food Pantry (Upper Room Missionary Baptist Church),name,"""Food Pantry (Upper Room Missionary Baptist Church)"""
Food Pantry (Upper Room Missionary Baptist Church),name,""""""
Food Pantry (Upper Room Missionary Baptist Church),hasMap,XMLSchema#anyUri
Food Pantry (Upper Room Missionary Baptist Church),areaServed,"""This program covers residents of the following cities: Philadelphia, PA."""
Food Pantry (Upper Room Missionary Baptist Church),provider,Food Pantry (Upper Room Missionary Baptist Church)
Food Pantry (Upper Room Missionary Baptist Church),address,"""7236 Ogontz Avenue, Philadelphia, PA 19138"""
Food Pantry (Upper Room Missionary Baptist Church),longitude,XMLSchema#decimal
Food Pantry (Upper Room Missionary Baptist Church),availableChannel,AB-Food Pantry (Upper Room Missionary Baptist Church)
Food Pantry (Upper Room Missionary Baptist Church),availableChannel,P-Food Pantry (Upper Room Missionary Baptist Church)
Food Pantry (Upper Room Missionary Baptist Church),containedInPlace,19138
Food Pantry (Upper Room Missionary Baptist Church),description,Food Pantry (Upper Room Missionary Baptist Church)
Food Pantry (Upper Room Missionary Baptist Church),telephone,"""tel:+1-267-593-4989"""
Food Pantry (Upper Room Missionary Baptist Church),text,"""Upper Room Missionary Baptist Church offers quality food items to households experiencing food insecurity. This program supplies critical nutrition to hungry individuals and families. This program provides:- Food to meet basic nutritional needs"""
Food Pantry (Upper Room Missionary Baptist Church),xmlschema11-2#time,"""Sunday Closed"
Food Pantry (Upper Room Missionary Baptist Church),xmlschema11-2#time,"""Friday from 09:00 to 11:00"""
Food Pantry (Upper Room Missionary Baptist Church),xmlschema11-2#time,"""Saturday Closed"
Food Pantry (Upper Room Missionary Baptist Church),xmlschema11-2#time,"""Monday from 10:00 to 12:00"""
Food Pantry (Upper Room Missionary Baptist Church),xmlschema11-2#time,"""Tuesday from 09:00 to 11:00"""
Food Pantry (Upper Room Missionary Baptist Church),xmlschema11-2#time,"""Thursday from 10:00 to 12:00"""
Food Pantry (Upper Room Missionary Baptist Church),xmlschema11-2#time,"""Wednesday from 08:30 to 10:00"""
Food Pantry (Upper Room Missionary Baptist Church),conditionsOfAccess,"""This program serves anyone in need."""
Resource Fair (The Simple Way),latitude,39.9978678
Resource Fair (The Simple Way),audience,Individuals
Resource Fair (The Simple Way),audience,Families
Resource Fair (The Simple Way),language,Spanish
Resource Fair (The Simple Way),category,NavigatingTheSystem
Resource Fair (The Simple Way),availability,Available
Resource Fair (The Simple Way),audience,AnyoneInNeed
Resource Fair (The Simple Way),audience,LimitedEnglish
Resource Fair (The Simple Way),category,FoodPantry
Resource Fair (The Simple Way),category,FoodPantry
Resource Fair (The Simple Way),cost,Free
Resource Fair (The Simple Way),category,Clothing
Resource Fair (The Simple Way),audience,AllAges
Resource Fair (The Simple Way),language,English
Resource Fair (The Simple Way),category,NavigatingTheSystem
Resource Fair (The Simple Way),category,Clothing
Resource Fair (The Simple Way),service type,Food
Resource Fair (The Simple Way),postalCode,"""19134"""
Resource Fair (The Simple Way),url,"""https://www.twitter.com/@theSimpleWay"""
Resource Fair (The Simple Way),url,"""https://www.facebook.com/theSimpleWay/"""
Resource Fair (The Simple Way),identifier,"""Resource Fair (The Simple Way)_5846171090944000"""
Resource Fair (The Simple Way),name,""""""
Resource Fair (The Simple Way),name,"""Resource Fair (The Simple Way)"""
Resource Fair (The Simple Way),hasMap,XMLSchema#anyUri
Resource Fair (The Simple Way),areaServed,"""This program covers residents of the following counties: Philadelphia County, PA."""
Resource Fair (The Simple Way),provider,Resource Fair (The Simple Way)
Resource Fair (The Simple Way),address,"""3234 Potter Street, Philadelphia, PA 19134"""
Resource Fair (The Simple Way),longitude,XMLSchema#decimal
Resource Fair (The Simple Way),availableChannel,AB-Resource Fair (The Simple Way)
Resource Fair (The Simple Way),availableChannel,P-Resource Fair (The Simple Way)
Resource Fair (The Simple Way),containedInPlace,19134
Resource Fair (The Simple Way),description,Resource Fair (The Simple Way)
Resource Fair (The Simple Way),telephone,"""tel:+1-215-423-3598"""
Resource Fair (The Simple Way),text,"""""""On the third Wednesday of every month from 10AM to 12PM, we host a resource fair in partnership with Esperanza Health Center. Located at 3222 H Street, the resource fair offers food, clothing, and other resources. Appointments are not necessaryIn addition, we have a community refrigerator outside located around the corner from 3234 Potter Street on Westmoreland with fresh food availableIndividuals who are interested in receiving updates on our events can text â€śFOODâ€ť to 866-551-1675 for updates and the latest information about events, timing, and changes, or follow us on Facebook, Instagram, or Twitter."""""""
Resource Fair (The Simple Way),xmlschema11-2#time,"""Tuesday from 12:30 to 14:30"""
Resource Fair (The Simple Way),xmlschema11-2#time,"""Wednesday Closed"
Resource Fair (The Simple Way),xmlschema11-2#time,"""Sunday Closed"
Resource Fair (The Simple Way),xmlschema11-2#time,"""Saturday Closed"
Resource Fair (The Simple Way),xmlschema11-2#time,"""Thursday Closed"
Resource Fair (The Simple Way),xmlschema11-2#time,"""Monday from 12:30 to 14:30"""
Resource Fair (The Simple Way),xmlschema11-2#time,"""Friday from 09:30 to 11:30"""
Resource Fair (The Simple Way),conditionsOfAccess,"""Anyone can access this program."""
Food Pantry (St. Mark's Evangelical Lutheran Church),latitude,40.0502268
Food Pantry (St. Mark's Evangelical Lutheran Church),category,FoodPantry
Food Pantry (St. Mark's Evangelical Lutheran Church),audience,AllAges
Food Pantry (St. Mark's Evangelical Lutheran Church),availability,Available
Food Pantry (St. Mark's Evangelical Lutheran Church),audience,AnyoneInNeed
Food Pantry (St. Mark's Evangelical Lutheran Church),audience,Families
Food Pantry (St. Mark's Evangelical Lutheran Church),language,English
Food Pantry (St. Mark's Evangelical Lutheran Church),audience,Individuals
Food Pantry (St. Mark's Evangelical Lutheran Church),category,FoodPantry
Food Pantry (St. Mark's Evangelical Lutheran Church),cost,Free
Food Pantry (St. Mark's Evangelical Lutheran Church),service type,Food
Food Pantry (St. Mark's Evangelical Lutheran Church),postalCode,"""19141"""
Food Pantry (St. Mark's Evangelical Lutheran Church),url,"""https://www.facebook.com/StMarksPhila/"""
Food Pantry (St. Mark's Evangelical Lutheran Church),identifier,"""Food Pantry (St. Mark's Evangelical Lutheran Church)_5130149218746368"""
Food Pantry (St. Mark's Evangelical Lutheran Church),name,""""""
Food Pantry (St. Mark's Evangelical Lutheran Church),name,"""Food Pantry (St. Mark's Evangelical Lutheran Church)"""
Food Pantry (St. Mark's Evangelical Lutheran Church),hasMap,XMLSchema#anyUri
Food Pantry (St. Mark's Evangelical Lutheran Church),areaServed,"""This program covers residents of the following cities: Philadelphia, PA."""
Food Pantry (St. Mark's Evangelical Lutheran Church),provider,Food Pantry (St. Mark's Evangelical Lutheran Church)
Food Pantry (St. Mark's Evangelical Lutheran Church),address,"""6344 North Broad Street, Philadelphia, PA 19141"""
Food Pantry (St. Mark's Evangelical Lutheran Church),longitude,XMLSchema#decimal
Food Pantry (St. Mark's Evangelical Lutheran Church),availableChannel,AB-Food Pantry (St. Mark's Evangelical Lutheran Church)
Food Pantry (St. Mark's Evangelical Lutheran Church),availableChannel,P-Food Pantry (St. Mark's Evangelical Lutheran Church)
Food Pantry (St. Mark's Evangelical Lutheran Church),containedInPlace,19141
Food Pantry (St. Mark's Evangelical Lutheran Church),description,Food Pantry (St. Mark's Evangelical Lutheran Church)
Food Pantry (St. Mark's Evangelical Lutheran Church),telephone,"""tel:+1-215-224-1145"""
Food Pantry (St. Mark's Evangelical Lutheran Church),text,"""The food pantry provides quality food items to households experiencing food insecurity. This program supplies critical nutrition to hungry individuals and families. This program provides:- Food to meet nutritional needsPlease call the food pantry before visiting to verify hours of availability and any additional information."""
Food Pantry (St. Mark's Evangelical Lutheran Church),xmlschema11-2#time,"""Monday Closed"
Food Pantry (St. Mark's Evangelical Lutheran Church),xmlschema11-2#time,"""Saturday Closed"
Food Pantry (St. Mark's Evangelical Lutheran Church),xmlschema11-2#time,"""Tuesday from 10:00 to 16:00"""
Food Pantry (St. Mark's Evangelical Lutheran Church),xmlschema11-2#time,"""Friday Closed"
Food Pantry (St. Mark's Evangelical Lutheran Church),xmlschema11-2#time,"""Sunday Closed"
Food Pantry (St. Mark's Evangelical Lutheran Church),xmlschema11-2#time,"""Thursday Closed"
Food Pantry (St. Mark's Evangelical Lutheran Church),xmlschema11-2#time,"""Wednesday Closed"
Food Pantry (St. Mark's Evangelical Lutheran Church),conditionsOfAccess,"""Anyone can access this program."""
KITHS Kitchen and Garden (KITHS),latitude,40.0280863
KITHS Kitchen and Garden (KITHS),audience,Immigrants
KITHS Kitchen and Garden (KITHS),category,NavigatingTheSystem
KITHS Kitchen and Garden (KITHS),category,FoodPantry
KITHS Kitchen and Garden (KITHS),category,NutritionEducation
KITHS Kitchen and Garden (KITHS),audience,AllAges
KITHS Kitchen and Garden (KITHS),cost,Free
KITHS Kitchen and Garden (KITHS),category,FoodPantry
KITHS Kitchen and Garden (KITHS),audience,Individuals
KITHS Kitchen and Garden (KITHS),category,NavigatingTheSystem
KITHS Kitchen and Garden (KITHS),category,EmergencyFood
KITHS Kitchen and Garden (KITHS),availability,Available
KITHS Kitchen and Garden (KITHS),audience,Refugees
KITHS Kitchen and Garden (KITHS),category,NutritionEducation
KITHS Kitchen and Garden (KITHS),audience,Asian
KITHS Kitchen and Garden (KITHS),audience,Families
KITHS Kitchen and Garden (KITHS),category,EmergencyFood
KITHS Kitchen and Garden (KITHS),language,English
KITHS Kitchen and Garden (KITHS),service type,Food
KITHS Kitchen and Garden (KITHS),postalCode,"""19141"""
KITHS Kitchen and Garden (KITHS),url,"""https://www.facebook.com/kithsnonprofit/"""
KITHS Kitchen and Garden (KITHS),url,"""None"""
KITHS Kitchen and Garden (KITHS),identifier,"""KITHS Kitchen and Garden (KITHS)_5480325573640192"""
KITHS Kitchen and Garden (KITHS),name,"""KITHS Kitchen and Garden (KITHS)"""
KITHS Kitchen and Garden (KITHS),name,""""""
KITHS Kitchen and Garden (KITHS),hasMap,XMLSchema#anyUri
KITHS Kitchen and Garden (KITHS),areaServed,"""This program covers residents of the following counties: Philadelphia County, PA."""
KITHS Kitchen and Garden (KITHS),provider,KITHS Kitchen and Garden (KITHS)
KITHS Kitchen and Garden (KITHS),address,"""4923 Old York Road, Philadelphia, PA 19141"""
KITHS Kitchen and Garden (KITHS),longitude,XMLSchema#decimal
KITHS Kitchen and Garden (KITHS),availableChannel,AB-KITHS Kitchen and Garden (KITHS)
KITHS Kitchen and Garden (KITHS),availableChannel,P-KITHS Kitchen and Garden (KITHS)
KITHS Kitchen and Garden (KITHS),containedInPlace,19141
KITHS Kitchen and Garden (KITHS),description,KITHS Kitchen and Garden (KITHS)
KITHS Kitchen and Garden (KITHS),telephone,"""tel:+1-215-278-6222"""
KITHS Kitchen and Garden (KITHS),text,"""KITHS Kitchen provides a culturally affirming stock pantry, supplied with food items reflective of what Cambodian refugees and Southeast Asians normally consume, such as canned baby corn, rice, seafood-based staples that are reminiscent of cuisines from their native countries (e.g., fish sauce, oyster sauce, etc.).This program provides:- Food distribution- Nutrition education- Information about food access opportunities- Emergency pantryKITHS cannot guarantee services without an appointment. Please call for more information."""
KITHS Kitchen and Garden (KITHS),xmlschema11-2#time,"""Sunday Closed"
KITHS Kitchen and Garden (KITHS),xmlschema11-2#time,"""Tuesday from 09:00 to 20:00"""
KITHS Kitchen and Garden (KITHS),xmlschema11-2#time,"""Friday from 18:30 to 20:00"""
KITHS Kitchen and Garden (KITHS),xmlschema11-2#time,"""Saturday from 12:00 to 18:00"""
KITHS Kitchen and Garden (KITHS),xmlschema11-2#time,"""Thursday from 09:00 to 20:00"""
KITHS Kitchen and Garden (KITHS),xmlschema11-2#time,"""Monday Closed"
KITHS Kitchen and Garden (KITHS),xmlschema11-2#time,"""Wednesday from 09:00 to 20:00"""
KITHS Kitchen and Garden (KITHS),conditionsOfAccess,"""Follow the Next Steps to find out if this program has eligibility criteria."""
Food Pantry (Church of the Holy Apostles and the Mediator),latitude,39.9548575
Food Pantry (Church of the Holy Apostles and the Mediator),category,FoodPantry
Food Pantry (Church of the Holy Apostles and the Mediator),cost,Free
Food Pantry (Church of the Holy Apostles and the Mediator),audience,Families
Food Pantry (Church of the Holy Apostles and the Mediator),audience,AllAges
Food Pantry (Church of the Holy Apostles and the Mediator),availability,Available
Food Pantry (Church of the Holy Apostles and the Mediator),category,FoodPantry
Food Pantry (Church of the Holy Apostles and the Mediator),audience,Individuals
Food Pantry (Church of the Holy Apostles and the Mediator),language,English
Food Pantry (Church of the Holy Apostles and the Mediator),service type,Food
Food Pantry (Church of the Holy Apostles and the Mediator),postalCode,"""19139"""
Food Pantry (Church of the Holy Apostles and the Mediator),url,"""None"""
Food Pantry (Church of the Holy Apostles and the Mediator),identifier,"""Food Pantry (Church of the Holy Apostles and the Mediator)_6220814712832000"""
Food Pantry (Church of the Holy Apostles and the Mediator),name,"""Food Pantry (Church of the Holy Apostles and the Mediator)"""
Food Pantry (Church of the Holy Apostles and the Mediator),name,""""""
Food Pantry (Church of the Holy Apostles and the Mediator),hasMap,XMLSchema#anyUri
Food Pantry (Church of the Holy Apostles and the Mediator),areaServed,"""This program covers residents of the following counties: Philadelphia County, PA."""
Food Pantry (Church of the Holy Apostles and the Mediator),provider,Food Pantry (Church of the Holy Apostles and the Mediator)
Food Pantry (Church of the Holy Apostles and the Mediator),address,"""260 South 51st Street, Philadelphia, PA 19139"""
Food Pantry (Church of the Holy Apostles and the Mediator),longitude,XMLSchema#decimal
Food Pantry (Church of the Holy Apostles and the Mediator),availableChannel,AB-Food Pantry (Church of the Holy Apostles and the Mediator)
Food Pantry (Church of the Holy Apostles and the Mediator),availableChannel,P-Food Pantry (Church of the Holy Apostles and the Mediator)
Food Pantry (Church of the Holy Apostles and the Mediator),containedInPlace,19139
Food Pantry (Church of the Holy Apostles and the Mediator),description,Food Pantry (Church of the Holy Apostles and the Mediator)
Food Pantry (Church of the Holy Apostles and the Mediator),telephone,"""tel:+1-267-908-3287"""
Food Pantry (Church of the Holy Apostles and the Mediator),text,"""The Community Food Ministry distributes food monthly to community members in need. This program provides:- Food to meet basic nutritional needs"""
Food Pantry (Church of the Holy Apostles and the Mediator),xmlschema11-2#time,"""Sunday Closed"
Food Pantry (Church of the Holy Apostles and the Mediator),xmlschema11-2#time,"""Thursday Closed"
Food Pantry (Church of the Holy Apostles and the Mediator),xmlschema11-2#time,"""Saturday Closed"
Food Pantry (Church of the Holy Apostles and the Mediator),xmlschema11-2#time,"""Friday Closed"
Food Pantry (Church of the Holy Apostles and the Mediator),xmlschema11-2#time,"""Tuesday Closed"
Food Pantry (Church of the Holy Apostles and the Mediator),xmlschema11-2#time,"""Monday Closed"
Food Pantry (Church of the Holy Apostles and the Mediator),xmlschema11-2#time,"""Wednesday from 10:30 to 12:00"""
Food Pantry (Church of the Holy Apostles and the Mediator),conditionsOfAccess,"""This program serves individuals and families who are facing food insecurity."""
Food Pantry (Mount Vernon Manor Community Development Corporation),latitude,39.9639594
Food Pantry (Mount Vernon Manor Community Development Corporation),audience,AllAges
Food Pantry (Mount Vernon Manor Community Development Corporation),audience,AnyoneInNeed
Food Pantry (Mount Vernon Manor Community Development Corporation),audience,Families
Food Pantry (Mount Vernon Manor Community Development Corporation),availability,Available
Food Pantry (Mount Vernon Manor Community Development Corporation),language,English
Food Pantry (Mount Vernon Manor Community Development Corporation),category,FoodPantry
Food Pantry (Mount Vernon Manor Community Development Corporation),audience,Individuals
Food Pantry (Mount Vernon Manor Community Development Corporation),category,FoodPantry
Food Pantry (Mount Vernon Manor Community Development Corporation),cost,Free
Food Pantry (Mount Vernon Manor Community Development Corporation),service type,Food
Food Pantry (Mount Vernon Manor Community Development Corporation),postalCode,"""19104"""
Food Pantry (Mount Vernon Manor Community Development Corporation),url,"""None"""
Food Pantry (Mount Vernon Manor Community Development Corporation),url,"""https://www.facebook.com/mountvernonmanorcdc/"""
Food Pantry (Mount Vernon Manor Community Development Corporation),identifier,"""Food Pantry (Mount Vernon Manor Community Development Corporation)_5980171794251776"""
Food Pantry (Mount Vernon Manor Community Development Corporation),name,""""""
Food Pantry (Mount Vernon Manor Community Development Corporation),name,"""Food Pantry (Mount Vernon Manor Community Development Corporation)"""
Food Pantry (Mount Vernon Manor Community Development Corporation),hasMap,XMLSchema#anyUri
Food Pantry (Mount Vernon Manor Community Development Corporation),areaServed,"""This program covers residents of the following cities: Philadelphia, PA."""
Food Pantry (Mount Vernon Manor Community Development Corporation),provider,Food Pantry (Mount Vernon Manor Community Development Corporation)
Food Pantry (Mount Vernon Manor Community Development Corporation),address,"""631 North 39th Street, Philadelphia, PA 19104"""
Food Pantry (Mount Vernon Manor Community Development Corporation),longitude,XMLSchema#decimal
Food Pantry (Mount Vernon Manor Community Development Corporation),availableChannel,AB-Food Pantry (Mount Vernon Manor Community Development Corporation)
Food Pantry (Mount Vernon Manor Community Development Corporation),availableChannel,P-Food Pantry (Mount Vernon Manor Community Development Corporation)
Food Pantry (Mount Vernon Manor Community Development Corporation),containedInPlace,19104
Food Pantry (Mount Vernon Manor Community Development Corporation),description,Food Pantry (Mount Vernon Manor Community Development Corporation)
Food Pantry (Mount Vernon Manor Community Development Corporation),telephone,"""tel:+1-215-475-9492"""
Food Pantry (Mount Vernon Manor Community Development Corporation),text,"""The food pantry provides quality food items to households experiencing food insecurity. This program supplies critical nutrition to hungry individuals and families. This program provides:- Food to meet basic nutritional needs"""
Food Pantry (Mount Vernon Manor Community Development Corporation),xmlschema11-2#time,"""Monday Closed"
Food Pantry (Mount Vernon Manor Community Development Corporation),xmlschema11-2#time,"""Thursday Closed"
Food Pantry (Mount Vernon Manor Community Development Corporation),xmlschema11-2#time,"""Wednesday from 09:00 to 11:00"""
Food Pantry (Mount Vernon Manor Community Development Corporation),xmlschema11-2#time,"""Tuesday Closed"
Food Pantry (Mount Vernon Manor Community Development Corporation),xmlschema11-2#time,"""Saturday Closed"
Food Pantry (Mount Vernon Manor Community Development Corporation),xmlschema11-2#time,"""Friday Closed"
Food Pantry (Mount Vernon Manor Community Development Corporation),xmlschema11-2#time,"""Sunday Closed"
Food Pantry (Mount Vernon Manor Community Development Corporation),conditionsOfAccess,"""Anyone can access this program."""
Food Pantry (Saint Paul's Evangelical Lutheran Church),latitude,40.0414451
Food Pantry (Saint Paul's Evangelical Lutheran Church),cost,Free
Food Pantry (Saint Paul's Evangelical Lutheran Church),audience,AllAges
Food Pantry (Saint Paul's Evangelical Lutheran Church),category,FoodPantry
Food Pantry (Saint Paul's Evangelical Lutheran Church),audience,Families
Food Pantry (Saint Paul's Evangelical Lutheran Church),category,FoodPantry
Food Pantry (Saint Paul's Evangelical Lutheran Church),audience,AnyoneInNeed
Food Pantry (Saint Paul's Evangelical Lutheran Church),language,English
Food Pantry (Saint Paul's Evangelical Lutheran Church),availability,Available
Food Pantry (Saint Paul's Evangelical Lutheran Church),audience,Individuals
Food Pantry (Saint Paul's Evangelical Lutheran Church),service type,Food
Food Pantry (Saint Paul's Evangelical Lutheran Church),postalCode,"""19120"""
Food Pantry (Saint Paul's Evangelical Lutheran Church),url,"""None"""
Food Pantry (Saint Paul's Evangelical Lutheran Church),identifier,"""Food Pantry (Saint Paul's Evangelical Lutheran Church)_6117146080575488"""
Food Pantry (Saint Paul's Evangelical Lutheran Church),name,"""Food Pantry (Saint Paul's Evangelical Lutheran Church)"""
Food Pantry (Saint Paul's Evangelical Lutheran Church),name,""""""
Food Pantry (Saint Paul's Evangelical Lutheran Church),hasMap,XMLSchema#anyUri
Food Pantry (Saint Paul's Evangelical Lutheran Church),areaServed,"""This program covers residents of the following counties: Philadelphia County, PA."""
Food Pantry (Saint Paul's Evangelical Lutheran Church),provider,Food Pantry (Saint Paul's Evangelical Lutheran Church)
Food Pantry (Saint Paul's Evangelical Lutheran Church),address,"""5900 North 5th Street, Philadelphia, PA 19120"""
Food Pantry (Saint Paul's Evangelical Lutheran Church),longitude,XMLSchema#decimal
Food Pantry (Saint Paul's Evangelical Lutheran Church),availableChannel,AB-Food Pantry (Saint Paul's Evangelical Lutheran Church)
Food Pantry (Saint Paul's Evangelical Lutheran Church),availableChannel,P-Food Pantry (Saint Paul's Evangelical Lutheran Church)
Food Pantry (Saint Paul's Evangelical Lutheran Church),containedInPlace,19120
Food Pantry (Saint Paul's Evangelical Lutheran Church),description,Food Pantry (Saint Paul's Evangelical Lutheran Church)
Food Pantry (Saint Paul's Evangelical Lutheran Church),telephone,"""tel:+1-215-424-4800"""
Food Pantry (Saint Paul's Evangelical Lutheran Church),text,"""Saint Paul's Evangelical Lutheran Church helps alleviate hunger in the community in an environment of respect, care and hospitality.This program provides:- Foods to meet basic nutritional needsPlease call for any updated information."""
Food Pantry (Saint Paul's Evangelical Lutheran Church),xmlschema11-2#time,"""Wednesday from 09:00 to 12:00"""
Food Pantry (Saint Paul's Evangelical Lutheran Church),xmlschema11-2#time,"""Monday from 09:00 to 12:00"""
Food Pantry (Saint Paul's Evangelical Lutheran Church),xmlschema11-2#time,"""Saturday Closed"
Food Pantry (Saint Paul's Evangelical Lutheran Church),xmlschema11-2#time,"""Thursday Closed"
Food Pantry (Saint Paul's Evangelical Lutheran Church),xmlschema11-2#time,"""Sunday Closed"
Food Pantry (Saint Paul's Evangelical Lutheran Church),xmlschema11-2#time,"""Friday Closed"
Food Pantry (Saint Paul's Evangelical Lutheran Church),xmlschema11-2#time,"""Tuesday Closed"
Food Pantry (Saint Paul's Evangelical Lutheran Church),conditionsOfAccess,"""Anyone can access this program."""
Food Cupboardby (St. Peter's Church),latitude,39.9435671
Food Cupboardby (St. Peter's Church),audience,AllAges
Food Cupboardby (St. Peter's Church),audience,Individuals
Food Cupboardby (St. Peter's Church),category,FoodPantry
Food Cupboardby (St. Peter's Church),cost,Free
Food Cupboardby (St. Peter's Church),language,English
Food Cupboardby (St. Peter's Church),availability,Available
Food Cupboardby (St. Peter's Church),audience,Families
Food Cupboardby (St. Peter's Church),audience,AnyoneInNeed
Food Cupboardby (St. Peter's Church),category,FoodPantry
Food Cupboardby (St. Peter's Church),service type,Food
Food Cupboardby (St. Peter's Church),postalCode,"""19106"""
Food Cupboardby (St. Peter's Church),url,"""https://www.facebook.com/stpetersphila"""
Food Cupboardby (St. Peter's Church),identifier,"""Food Cupboardby (St. Peter's Church)_4674818478964736"""
Food Cupboardby (St. Peter's Church),name,""""""
Food Cupboardby (St. Peter's Church),name,"""Food Cupboardby (St. Peter's Church)"""
Food Cupboardby (St. Peter's Church),hasMap,XMLSchema#anyUri
Food Cupboardby (St. Peter's Church),areaServed,"""This program covers residents of the following cities: Philadelphia, PA."""
Food Cupboardby (St. Peter's Church),provider,Food Cupboardby (St. Peter's Church)
Food Cupboardby (St. Peter's Church),address,"""313 Pine Street, Philadelphia, PA 19106"""
Food Cupboardby (St. Peter's Church),longitude,XMLSchema#decimal
Food Cupboardby (St. Peter's Church),availableChannel,AB-Food Cupboardby (St. Peter's Church)
Food Cupboardby (St. Peter's Church),availableChannel,P-Food Cupboardby (St. Peter's Church)
Food Cupboardby (St. Peter's Church),containedInPlace,19106
Food Cupboardby (St. Peter's Church),description,Food Cupboardby (St. Peter's Church)
Food Cupboardby (St. Peter's Church),telephone,"""tel:+1-215-925-5968"""
Food Cupboardby (St. Peter's Church),text,"""The Food Cupboard provides quality food items to households experiencing food insecurity. This program supplies critical nutrition to hungry individuals and families. This program provides:- Food to meet basic nutritional needs"""
Food Cupboardby (St. Peter's Church),xmlschema11-2#time,"""Monday from 08:30 to 16:00"""
Food Cupboardby (St. Peter's Church),xmlschema11-2#time,"""Wednesday from 08:00 to 16:00"""
Food Cupboardby (St. Peter's Church),xmlschema11-2#time,"""Saturday Closed"
Food Cupboardby (St. Peter's Church),xmlschema11-2#time,"""Thursday from 08:00 to 16:00"""
Food Cupboardby (St. Peter's Church),xmlschema11-2#time,"""Friday from 08:00 to 16:00"""
Food Cupboardby (St. Peter's Church),xmlschema11-2#time,"""Sunday from 08:00 to 16:00"""
Food Cupboardby (St. Peter's Church),xmlschema11-2#time,"""Tuesday from 08:00 to 16:00"""
Food Cupboardby (St. Peter's Church),conditionsOfAccess,"""Anyone can access this program."""
Food Pantry (Golden Star Baptist Church),latitude,39.9807777
Food Pantry (Golden Star Baptist Church),audience,Families
Food Pantry (Golden Star Baptist Church),availability,Available
Food Pantry (Golden Star Baptist Church),category,FoodPantry
Food Pantry (Golden Star Baptist Church),audience,AllAges
Food Pantry (Golden Star Baptist Church),cost,Free
Food Pantry (Golden Star Baptist Church),category,FoodPantry
Food Pantry (Golden Star Baptist Church),audience,AnyoneInNeed
Food Pantry (Golden Star Baptist Church),language,English
Food Pantry (Golden Star Baptist Church),audience,Individuals
Food Pantry (Golden Star Baptist Church),service type,Food
Food Pantry (Golden Star Baptist Church),postalCode,"""19121"""
Food Pantry (Golden Star Baptist Church),url,"""None"""
Food Pantry (Golden Star Baptist Church),identifier,"""Food Pantry (Golden Star Baptist Church)_6526637829783552"""
Food Pantry (Golden Star Baptist Church),name,""""""
Food Pantry (Golden Star Baptist Church),name,"""Food Pantry (Golden Star Baptist Church)"""
Food Pantry (Golden Star Baptist Church),hasMap,XMLSchema#anyUri
Food Pantry (Golden Star Baptist Church),areaServed,"""This program covers residents of the following cities: Philadelphia, PA."""
Food Pantry (Golden Star Baptist Church),provider,Food Pantry (Golden Star Baptist Church)
Food Pantry (Golden Star Baptist Church),address,"""1635 North 27th Street, Philadelphia, PA 19121"""
Food Pantry (Golden Star Baptist Church),longitude,XMLSchema#decimal
Food Pantry (Golden Star Baptist Church),availableChannel,AB-Food Pantry (Golden Star Baptist Church)
Food Pantry (Golden Star Baptist Church),availableChannel,P-Food Pantry (Golden Star Baptist Church)
Food Pantry (Golden Star Baptist Church),containedInPlace,19121
Food Pantry (Golden Star Baptist Church),description,Food Pantry (Golden Star Baptist Church)
Food Pantry (Golden Star Baptist Church),telephone,"""tel:+1-215-769-0623"""
Food Pantry (Golden Star Baptist Church),text,"""GSBC offers a Food Pantry for individuals or families who are food insecure and are in need of assistance meeting their nutritional needs. This program provides: - Food to meet your basic nutritional needs"""
Food Pantry (Golden Star Baptist Church),xmlschema11-2#time,"""Tuesday from 08:00 to 17:00"""
Food Pantry (Golden Star Baptist Church),xmlschema11-2#time,"""Thursday from 08:00 to 17:00"""
Food Pantry (Golden Star Baptist Church),xmlschema11-2#time,"""Sunday Closed"
Food Pantry (Golden Star Baptist Church),xmlschema11-2#time,"""Saturday Closed"
Food Pantry (Golden Star Baptist Church),xmlschema11-2#time,"""Friday from 08:00 to 17:00"""
Food Pantry (Golden Star Baptist Church),xmlschema11-2#time,"""Wednesday from 08:00 to 17:00"""
Food Pantry (Golden Star Baptist Church),xmlschema11-2#time,"""Monday from 08:00 to 17:00"""
Food Pantry (Golden Star Baptist Church),conditionsOfAccess,"""Anyone can access this program."""
Food Pantry (African Cultural Alliance of NorthAMerica Inc.),latitude,39.938005
Food Pantry (African Cultural Alliance of NorthAMerica Inc.),audience,Individuals
Food Pantry (African Cultural Alliance of NorthAMerica Inc.),availability,Available
Food Pantry (African Cultural Alliance of NorthAMerica Inc.),audience,LowIncome
Food Pantry (African Cultural Alliance of NorthAMerica Inc.),audience,LimitedEnglish
Food Pantry (African Cultural Alliance of NorthAMerica Inc.),cost,Free
Food Pantry (African Cultural Alliance of NorthAMerica Inc.),audience,Families
Food Pantry (African Cultural Alliance of NorthAMerica Inc.),audience,Immigrants
Food Pantry (African Cultural Alliance of NorthAMerica Inc.),audience,Refugees
Food Pantry (African Cultural Alliance of NorthAMerica Inc.),category,FoodPantry
Food Pantry (African Cultural Alliance of NorthAMerica Inc.),language,English
Food Pantry (African Cultural Alliance of NorthAMerica Inc.),audience,AllAges
Food Pantry (African Cultural Alliance of NorthAMerica Inc.),category,FoodPantry
Food Pantry (African Cultural Alliance of NorthAMerica Inc.),service type,Food
Food Pantry (African Cultural Alliance of NorthAMerica Inc.),postalCode,"""19143"""
Food Pantry (African Cultural Alliance of NorthAMerica Inc.),url,"""https://www.facebook.com/ACANA.Philadelphia"""
Food Pantry (African Cultural Alliance of NorthAMerica Inc.),url,"""https://www.twitter.com/@ACANAevents"""
Food Pantry (African Cultural Alliance of NorthAMerica Inc.),identifier,"""Food Pantry (African Cultural Alliance of NorthAMerica Inc.)_6524353764130816"""
Food Pantry (African Cultural Alliance of NorthAMerica Inc.),name,"""Food Pantry (African Cultural Alliance of NorthAMerica Inc.)"""
Food Pantry (African Cultural Alliance of NorthAMerica Inc.),name,""""""
Food Pantry (African Cultural Alliance of NorthAMerica Inc.),hasMap,XMLSchema#anyUri
Food Pantry (African Cultural Alliance of NorthAMerica Inc.),areaServed,"""This program covers residents of the following counties: Prince Georges County, MD and Philadelphia County, PA."""
Food Pantry (African Cultural Alliance of NorthAMerica Inc.),provider,Food Pantry (African Cultural Alliance of NorthAMerica Inc.)
Food Pantry (African Cultural Alliance of NorthAMerica Inc.),address,"""5530 Chester Avenue, Philadelphia, PA 19143"""
Food Pantry (African Cultural Alliance of NorthAMerica Inc.),longitude,XMLSchema#decimal
Food Pantry (African Cultural Alliance of NorthAMerica Inc.),availableChannel,AB-Food Pantry (African Cultural Alliance of NorthAMerica Inc.)
Food Pantry (African Cultural Alliance of NorthAMerica Inc.),availableChannel,P-Food Pantry (African Cultural Alliance of NorthAMerica Inc.)
Food Pantry (African Cultural Alliance of NorthAMerica Inc.),containedInPlace,19143
Food Pantry (African Cultural Alliance of NorthAMerica Inc.),description,Food Pantry (African Cultural Alliance of NorthAMerica Inc.)
Food Pantry (African Cultural Alliance of NorthAMerica Inc.),telephone,"""tel:+1-215-729-8225"""
Food Pantry (African Cultural Alliance of NorthAMerica Inc.),text,"""ACANA serves as a food bank and distributes food to members of the Southwest and West Philadelphia community. ACANA can also distribute clothing, toys, building materials and other resources received as donations.This program provides:- Food to meet basic nutritional requirements - Other items as availableThis program is distributed very two weeks at ACANA."""
Food Pantry (African Cultural Alliance of NorthAMerica Inc.),xmlschema11-2#time,"""Tuesday from 10:00 to 18:00"""
Food Pantry (African Cultural Alliance of NorthAMerica Inc.),xmlschema11-2#time,"""Sunday Closed"
Food Pantry (African Cultural Alliance of NorthAMerica Inc.),xmlschema11-2#time,"""Wednesday from 10:00 to 18:00"""
Food Pantry (African Cultural Alliance of NorthAMerica Inc.),xmlschema11-2#time,"""Monday from 10:00 to 18:00"""
Food Pantry (African Cultural Alliance of NorthAMerica Inc.),xmlschema11-2#time,"""Friday Closed"
Food Pantry (African Cultural Alliance of NorthAMerica Inc.),xmlschema11-2#time,"""Saturday Closed"
Food Pantry (African Cultural Alliance of NorthAMerica Inc.),xmlschema11-2#time,"""Thursday from 10:00 to 18:00"""
Food Pantry (African Cultural Alliance of NorthAMerica Inc.),conditionsOfAccess,"""This program serves individuals and families experiencing food insecurity."""
SFHF Food Bank (Summers Home for Hope),latitude,39.968016
SFHF Food Bank (Summers Home for Hope),audience,Families
SFHF Food Bank (Summers Home for Hope),category,FoodPantry
SFHF Food Bank (Summers Home for Hope),category,FoodPantry
SFHF Food Bank (Summers Home for Hope),audience,AllAges
SFHF Food Bank (Summers Home for Hope),availability,Available
SFHF Food Bank (Summers Home for Hope),audience,Individuals
SFHF Food Bank (Summers Home for Hope),language,English
SFHF Food Bank (Summers Home for Hope),cost,Free
SFHF Food Bank (Summers Home for Hope),audience,AnyoneInNeed
SFHF Food Bank (Summers Home for Hope),service type,Food
SFHF Food Bank (Summers Home for Hope),postalCode,"""19104"""
SFHF Food Bank (Summers Home for Hope),url,"""https://www.facebook.com/summershomeforhope/?ref=bookmarks"""
SFHF Food Bank (Summers Home for Hope),url,"""https://www.twitter.com/@shomeforhope"""
SFHF Food Bank (Summers Home for Hope),identifier,"""SFHF Food Bank (Summers Home for Hope)_6622818784641024"""
SFHF Food Bank (Summers Home for Hope),name,"""SFHF Food Bank (Summers Home for Hope)"""
SFHF Food Bank (Summers Home for Hope),name,""""""
SFHF Food Bank (Summers Home for Hope),hasMap,XMLSchema#anyUri
SFHF Food Bank (Summers Home for Hope),areaServed,"""This program covers residents of the following counties: Philadelphia County, PA."""
SFHF Food Bank (Summers Home for Hope),provider,SFHF Food Bank (Summers Home for Hope)
SFHF Food Bank (Summers Home for Hope),address,"""814 North 41st Street, Philadelphia, PA 19104"""
SFHF Food Bank (Summers Home for Hope),longitude,XMLSchema#decimal
SFHF Food Bank (Summers Home for Hope),availableChannel,AB-SFHF Food Bank (Summers Home for Hope)
SFHF Food Bank (Summers Home for Hope),availableChannel,P-SFHF Food Bank (Summers Home for Hope)
SFHF Food Bank (Summers Home for Hope),containedInPlace,19104
SFHF Food Bank (Summers Home for Hope),description,SFHF Food Bank (Summers Home for Hope)
SFHF Food Bank (Summers Home for Hope),telephone,"""tel:+1-267-512-1617"""
SFHF Food Bank (Summers Home for Hope),text,"""The food pantry provides quality food items to households experiencing food insecurity. This program supplies critical nutrition to hungry individuals and families. This program provides:- Food to meet basic nutritional needsPlease bring a bag or shopping cart to collect food."""
SFHF Food Bank (Summers Home for Hope),xmlschema11-2#time,"""Tuesday Closed"
SFHF Food Bank (Summers Home for Hope),xmlschema11-2#time,"""Thursday Closed"
SFHF Food Bank (Summers Home for Hope),xmlschema11-2#time,"""Sunday Closed"
SFHF Food Bank (Summers Home for Hope),xmlschema11-2#time,"""Wednesday Closed"
SFHF Food Bank (Summers Home for Hope),xmlschema11-2#time,"""Friday Closed"
SFHF Food Bank (Summers Home for Hope),xmlschema11-2#time,"""Saturday from 09:00 to 11:00"""
SFHF Food Bank (Summers Home for Hope),xmlschema11-2#time,"""Monday from 12:00 to 18:00"""
SFHF Food Bank (Summers Home for Hope),conditionsOfAccess,"""Anyone can access this program."""
Food Cupboard (Saint Gabriel Catholic Church),latitude,39.9352463
Food Cupboard (Saint Gabriel Catholic Church),audience,AllAges
Food Cupboard (Saint Gabriel Catholic Church),category,FoodPantry
Food Cupboard (Saint Gabriel Catholic Church),audience,Families
Food Cupboard (Saint Gabriel Catholic Church),audience,Individuals
Food Cupboard (Saint Gabriel Catholic Church),availability,Available
Food Cupboard (Saint Gabriel Catholic Church),cost,Free
Food Cupboard (Saint Gabriel Catholic Church),audience,AnyoneInNeed
Food Cupboard (Saint Gabriel Catholic Church),language,English
Food Cupboard (Saint Gabriel Catholic Church),category,FoodPantry
Food Cupboard (Saint Gabriel Catholic Church),service type,Food
Food Cupboard (Saint Gabriel Catholic Church),postalCode,"""19146"""
Food Cupboard (Saint Gabriel Catholic Church),url,"""None"""
Food Cupboard (Saint Gabriel Catholic Church),url,"""https://www.facebook.com/stgabesphilly"""
Food Cupboard (Saint Gabriel Catholic Church),identifier,"""Food Cupboard (Saint Gabriel Catholic Church)_6222496790740992"""
Food Cupboard (Saint Gabriel Catholic Church),name,"""Food Cupboard (Saint Gabriel Catholic Church)"""
Food Cupboard (Saint Gabriel Catholic Church),name,""""""
Food Cupboard (Saint Gabriel Catholic Church),hasMap,XMLSchema#anyUri
Food Cupboard (Saint Gabriel Catholic Church),areaServed,"""This program covers residents of the following cities: Philadelphia, PA."""
Food Cupboard (Saint Gabriel Catholic Church),provider,Food Cupboard (Saint Gabriel Catholic Church)
Food Cupboard (Saint Gabriel Catholic Church),address,"""2917 Dickinson Street, Philadelphia, PA 19146"""
Food Cupboard (Saint Gabriel Catholic Church),longitude,XMLSchema#decimal
Food Cupboard (Saint Gabriel Catholic Church),availableChannel,AB-Food Cupboard (Saint Gabriel Catholic Church)
Food Cupboard (Saint Gabriel Catholic Church),availableChannel,P-Food Cupboard (Saint Gabriel Catholic Church)
Food Cupboard (Saint Gabriel Catholic Church),containedInPlace,19146
Food Cupboard (Saint Gabriel Catholic Church),description,Food Cupboard (Saint Gabriel Catholic Church)
Food Cupboard (Saint Gabriel Catholic Church),telephone,"""tel:+1-215-463-4060"""
Food Cupboard (Saint Gabriel Catholic Church),text,"""Saint Gabriel Catholic Church provides quality food items to households experiencing food insecurity. This program supplies critical nutrition to hungry individuals and families. This program provides:- Food to meet basic nutritional needsFood is distributed every Tuesday, Wednesday, and Friday from 9:30am - 11am."""
Food Cupboard (Saint Gabriel Catholic Church),xmlschema11-2#time,"""Thursday Closed"
Food Cupboard (Saint Gabriel Catholic Church),xmlschema11-2#time,"""Saturday Closed"
Food Cupboard (Saint Gabriel Catholic Church),xmlschema11-2#time,"""Monday Closed"
Food Cupboard (Saint Gabriel Catholic Church),xmlschema11-2#time,"""Wednesday from 09:30 to 11:00"""
Food Cupboard (Saint Gabriel Catholic Church),xmlschema11-2#time,"""Tuesday from 09:30 to 11:00"""
Food Cupboard (Saint Gabriel Catholic Church),xmlschema11-2#time,"""Sunday Closed"
Food Cupboard (Saint Gabriel Catholic Church),xmlschema11-2#time,"""Friday from 09:30 to 11:00"""
Food Cupboard (Saint Gabriel Catholic Church),conditionsOfAccess,"""Anyone can access this program."""
Food Baskets (St. Barbara's Roman Catholic Church),latitude,39.9879752
Food Baskets (St. Barbara's Roman Catholic Church),audience,AllAges
Food Baskets (St. Barbara's Roman Catholic Church),category,EmergencyFood
Food Baskets (St. Barbara's Roman Catholic Church),category,EmergencyFood
Food Baskets (St. Barbara's Roman Catholic Church),cost,Free
Food Baskets (St. Barbara's Roman Catholic Church),audience,Individuals
Food Baskets (St. Barbara's Roman Catholic Church),availability,TemporarilyClosed
Food Baskets (St. Barbara's Roman Catholic Church),language,English
Food Baskets (St. Barbara's Roman Catholic Church),audience,AnyoneInNeed
Food Baskets (St. Barbara's Roman Catholic Church),audience,Families
Food Baskets (St. Barbara's Roman Catholic Church),service type,Food
Food Baskets (St. Barbara's Roman Catholic Church),postalCode,"""19131"""
Food Baskets (St. Barbara's Roman Catholic Church),url,"""https://www.twitter.com/@SaintBarbPhilly"""
Food Baskets (St. Barbara's Roman Catholic Church),url,"""https://www.facebook.com/Saint-Barbara-Church-Phila-327434157812615"""
Food Baskets (St. Barbara's Roman Catholic Church),identifier,"""Food Baskets (St. Barbara's Roman Catholic Church)_5175494499368960"""
Food Baskets (St. Barbara's Roman Catholic Church),name,""""""
Food Baskets (St. Barbara's Roman Catholic Church),name,"""Food Baskets (St. Barbara's Roman Catholic Church)"""
Food Baskets (St. Barbara's Roman Catholic Church),hasMap,XMLSchema#anyUri
Food Baskets (St. Barbara's Roman Catholic Church),areaServed,"""This program covers residents of the following cities: Philadelphia, PA."""
Food Baskets (St. Barbara's Roman Catholic Church),provider,Food Baskets (St. Barbara's Roman Catholic Church)
Food Baskets (St. Barbara's Roman Catholic Church),address,"""5359 Lebanon Avenue, Philadelphia, PA 19131"""
Food Baskets (St. Barbara's Roman Catholic Church),longitude,XMLSchema#decimal
Food Baskets (St. Barbara's Roman Catholic Church),availableChannel,AB-Food Baskets (St. Barbara's Roman Catholic Church)
Food Baskets (St. Barbara's Roman Catholic Church),availableChannel,P-Food Baskets (St. Barbara's Roman Catholic Church)
Food Baskets (St. Barbara's Roman Catholic Church),containedInPlace,19131
Food Baskets (St. Barbara's Roman Catholic Church),description,Food Baskets (St. Barbara's Roman Catholic Church)
Food Baskets (St. Barbara's Roman Catholic Church),telephone,"""tel:+1-215-473-1044"""
Food Baskets (St. Barbara's Roman Catholic Church),text,"""St. Barbara's Roman Catholic Church helps alleviate hunger in the community in an environment of respect, care and hospitality. This program provides:  - Food to meet basic nutritional needsPlease call for any updated information."""
Food Baskets (St. Barbara's Roman Catholic Church),xmlschema11-2#time,"""Tuesday from 09:00 to 20:00"""
Food Baskets (St. Barbara's Roman Catholic Church),xmlschema11-2#time,"""Sunday Closed"
Food Baskets (St. Barbara's Roman Catholic Church),xmlschema11-2#time,"""Wednesday from 09:00 to 20:00"""
Food Baskets (St. Barbara's Roman Catholic Church),xmlschema11-2#time,"""Thursday from 09:00 to 20:00"""
Food Baskets (St. Barbara's Roman Catholic Church),xmlschema11-2#time,"""Saturday from 12:00 to 18:00"""
Food Baskets (St. Barbara's Roman Catholic Church),xmlschema11-2#time,"""Monday Closed"
Food Baskets (St. Barbara's Roman Catholic Church),xmlschema11-2#time,"""Friday from 18:30 to 20:00"""
Food Baskets (St. Barbara's Roman Catholic Church),conditionsOfAccess,"""Follow the Next Steps to find out if this program has eligibility criteria."""
