node_id,node_attr
0,Autism Integrated Care Program (Children's Hospital of Philadelphia)
1,39.9487265
2,DisabilityScreening
3,YoungAdults
4,English
5,MentalHealthEvaluation
6,Available
7,ReducedCost
8,Children
9,BenefitRecipients
10,Autism
11,Teens
12,MentalHealthCare
13,CheckupAndTest
14,FamilyCounseling
15,UnderstandMentalHealth
16,SpecializedTherapy
17,Mental Health
18,"""19104"""
19,"""https://www.facebook.com/ChildrensHospitalofPhiladelphia"""
20,"""https://www.twitter.com/@ChildrensPhila"""
21,"""Autism Integrated Care Program (Children's Hospital of Philadelphia)_4813909593948160"""
22,"""Autism Integrated Care Program (Children's Hospital of Philadelphia)"""
23,""""""
24,XMLSchema#anyUri
25,"""This program covers residents of the following counties: Philadelphia County, PA."""
26,"""3401 Civic Center Blvd., Philadelphia, PA 19104"""
27,XMLSchema#decimal
28,AB-Autism Integrated Care Program (Children's Hospital of Philadelphia)
29,P-Autism Integrated Care Program (Children's Hospital of Philadelphia)
30,19104
31,"""tel:+1-215-590-7500"""
32,"""The Autism Integrated Care Program evaluates new patients for autism spectrum disorder (ASD). We also provide follow-up care to children with ASD in our Primary and Specialty Care locations.Services Available:- Mental health evaluation- Followup care- Autism Workshops"""
33,"""Saturday from 00:00 to 23:59"""
34,"""Friday from 00:00 to 23:59"""
35,"""Wednesday from 00:00 to 23:59"""
36,"""Tuesday from 00:00 to 23:59"""
37,"""Monday from 00:00 to 23:59"""
38,"""Sunday from 00:00 to 23:59"""
39,"""Thursday from 00:00 to 23:59"""
40,Support Services (Clothed N Strength Inc)
41,40.0322663
42,AddictionAndRecovery
43,Free
44,PersonalCareItems
45,HelpFindHealthcare
46,SingleParent
47,Individuals
48,HelpFindHousing
49,SafeHousing
50,Adults18
51,Clothing
52,JobPlacement
53,HelpFindWork
54,AdvocacyAndLegalAid
55,Female
56,ToysAndGifts
57,ShortTermHousing
58,Families
59,"""19124"""
60,"""https://www.facebook.com/clothednstrengthwomen"""
61,"""Support Services (Clothed N Strength Inc)_5051437419986944"""
62,"""Support Services (Clothed N Strength Inc)"""
63,"""This program covers residents of the following cities: Philadelphia, PA."""
64,"""4640 Roosevelt Boulevard, Philadelphia, PA 19124"""
65,AB-Support Services (Clothed N Strength Inc)
66,P-Support Services (Clothed N Strength Inc)
67,19124
68,"""tel:+1-267-292-7226"""
69,"""Clothed N Strength (CNS) is a one-stop resource for women in transition, working with them so that they can achieve a healthy and sustainable life. This program provides:- Find safe and affordable housing.- Prepare for job interviews and obtain employment.- Reunify with their children.- Comply with criminal justice mandates to live safe law-abiding lives.- Access addiction, health, and mental health services.- Gain peer support from other women.- Learn household budgeting and skills for daily life."""
70,"""Wednesday from 08:00 to 17:00"""
71,"""Monday from 08:00 to 17:00"""
72,"""Sunday Closed"
73,"""Thursday from 08:00 to 17:00"""
74,"""Tuesday from 08:00 to 17:00"""
75,"""Saturday Closed"
76,"""Friday from 08:00 to 17:00"""
77,"""This program serves women and their families."""
78,The Recovery & Education Center (Wedge Recovery Center)
79,40.007689
80,OutpatientTreatment
81,SpiritualSupport
82,AlcoholDependency
83,DualDiagnosis
84,AllMentalHealth
85,MedicationManagement
86,CommunitySupportServices
87,Lgbtqia
88,GroupTherapy
89,SupportGroups
90,SubstanceAbuseCounseling
91,IndividualCounseling
92,OpioidDependency
93,PeerSupport
94,SubstanceDependency
95,"""19140"""
96,"""https://www.facebook.com/wedgerecoverycenters/"""
97,"""https://www.twitter.com/@WedgeRecovery"""
98,"""The Recovery & Education Center (Wedge Recovery Center)_4689179354857472"""
99,"""The Recovery & Education Center (Wedge Recovery Center)"""
100,"""3604 Germantown Avenue, Philadelphia, PA 19140"""
101,AB-The Recovery & Education Center (Wedge Recovery Center)
102,P-The Recovery & Education Center (Wedge Recovery Center)
103,19140
104,"""tel:+1-215-276-3922"""
105,"""Wedge Recovery Center's Recovery & Education Center (REC) is a day program that combines Outpatient Mental Health Services and Psychiatric Rehabilitation to provide specialized services for individuals who carry a diagnosis of a major mood disorder, a psychotic disorder and/or Borderline Personality Disorder to ensure people in recovery have a safe space to redefine themselves. We offer: - Educational groups- Peer Support- Health, Wellness, and Faith-Based services- Community-based Support and Learning- Individual Therapy and Crisis Support- Group Therapy- Psychiatry (Medication Management)- Co-occurring (Mental Health and Drug & Alcohol) Support- Optional Older Adult ProgramOur ultimate goal is to help a person understand that they are a valued and needed part of society. No person’s recovery journey is the same, therefore there is no standard timeframe on REC services. Scheduling is choice-driven, members choose from the “menu” of services for the days, times, and activities that best fit their personal needs. The Older Adult Program is open on Saturdays, as well.Once a person completes the REC program they are welcome to transition to our Mental Health Outpatient program. If a person wishes to attend REC, they are able to do so right away, there is no waiting time for starting REC services.We accept Medicaid insurance for all of our REC services."""
106,Adolescent Behavioral Health Inpatient Treatment (Friends Hospital)
107,40.0266061
108,AlternativeEducation
109,HospitalTreatment
110,ResidentialCare
111,"""None"""
112,"""Adolescent Behavioral Health Inpatient Treatment (Friends Hospital)_4822984222310400"""
113,"""Adolescent Behavioral Health Inpatient Treatment (Friends Hospital)"""
114,"""4641 Roosevelt Boulevard, Philadelphia, PA 19124"""
115,AB-Adolescent Behavioral Health Inpatient Treatment (Friends Hospital)
116,P-Adolescent Behavioral Health Inpatient Treatment (Friends Hospital)
117,"""tel:+1-215-831-4600"""
118,"""Friends Hospital provides psychiatric treatment and support to adolescents so they can begin to identify challenges, better handle frustrations and develop constructive, healthy behaviors. Program services takes place in a dedicated adolescent unit with separate wings for males and female patients.This program provides:- Treatment for all major psychiatric disorders and co-occurring substance issues- Holistic and patient-centered treatment approach- Individualized treatment, wellness and discharge plans- Individual, group and family therapy- Academic support (includes educational assessment and daily educational instruction from a certified teacher)Almost all major health insurances, including Medicaid and Medicare are accepted. It is the policy of Friends Hospital not to create a financial hardship for any patient. If necessary, a payment plan appropriate to the patient’s financial status can be established.To make the admission process go as smoothly as possible, please download and complete our authorization completion instructions and authorization to obtain or release protected health information form. To schedule a confidential assessment or learn more about the admission process, please call the admission department."""
119,"""This program helps people who are 13 to 17 years old.', 'Must have Medicare and Medicaid."""
120,Caring Together Program (Department of Psychiatry at Drexel University College of Medicine)
121,40.0159527
122,Pregnant
123,TraumaSurvivors
124,NavigatingTheSystem
125,DomesticViolenceSurvivors
126,Childcare
127,Parents
128,AbuseOrNeglectSurvivors
129,MedicationsForMentalHealth
130,"""19144"""
131,"""https://www.facebook.com/DrexelCollegeofMedicine"""
132,"""Caring Together Program (Department of Psychiatry at Drexel University College of Medicine)_5352792247631872"""
133,"""Caring Together Program (Department of Psychiatry at Drexel University College of Medicine)"""
134,"""4700 Wissahickon Avenue, Philadelphia, PA 19144"""
135,AB-Caring Together Program (Department of Psychiatry at Drexel University College of Medicine)
136,P-Caring Together Program (Department of Psychiatry at Drexel University College of Medicine)
137,19144
138,"""tel:+1-215-967-2130"""
139,"""The Caring Together program helps women and their children overcome substance abuse and start a new life without drugs and alcohol. The program utilizes a multiphase, multidisciplinary approach to treat the addiction and any other issues that may have caused or resulted from substance use.This program provides:- Comprehensive treatment needs assessment- Individual and group counseling- Psychiatric evaluation and treatment, including medication-assisted treatment (MAT)- Substance use education including relapse prevention- Trauma-informed care- Anger management classes- Life skills training- Grief and loss groups- DHS evaluations- A safe recovery environment- Access to medical and dental care- Transportation assistance- GED/ABE program referrals- Medical insurance assistance- Employment training referrals- Housing referralsFor women with children, the program offers:- Parenting education- Family reunification assistance- Coordinated case management- Child care during treatment- Child development assessments- Assistance with health care, head-start programs, after-school programs, school-related issues, etc.The program offers a safe recovery environment and is especially beneficial to those who are pregnant or parenting, members of the LGBTQI+ community, and survivors of abuse, as well as anyone experiencing mental health challenges or domestic violence."""
140,"""This program helps people who are older than 17 years old.', 'This program serves women, and women with children who are seeking treatment for substance use disorder."""
141,"Opioid Treatment Program (Northeast Treatment Centers, Inc,)"
142,40.0294574
143,NotSpecified
144,Adults
145,Counseling
146,Detox
147,"""19136"""
148,"""Opioid Treatment Program (Northeast Treatment Centers, Inc,)_6410727744077824"""
149,"""Opioid Treatment Program (Northeast Treatment Centers, Inc,)"""
150,"""7520 State Road, Philadelphia, PA 19136"""
151,"AB-Opioid Treatment Program (Northeast Treatment Centers, Inc,)"
152,"P-Opioid Treatment Program (Northeast Treatment Centers, Inc,)"
153,19136
154,"""tel:+1-267-348-3550"""
155,"""This program provides Medication-Assisted Treatment services for those addicted to opiods such as oxycodone, codeine, fentanyl, morphine, heroin and others. Common treatment drugs are methadone, buprenorphine (Suboxone and Subutex), or naltrexone. Check with this program to see what options are available."""
156,Behavioral Health Services (Covenant House Inc)
157,40.034643
158,AllAges
159,Depression
160,"""Behavioral Health Services (Covenant House Inc)_5683092086849536"""
161,"""Behavioral Health Services (Covenant House Inc)"""
162,"""8125 Stenton Avenue, Philadelphia, PA 19150"""
163,AB-Behavioral Health Services (Covenant House Inc)
164,P-Behavioral Health Services (Covenant House Inc)
165,"""tel:+1-215-248-7560"""
166,"""Behavioral Health Services program offers depression counseling and management, behavioral health counseling and management and alcohol dependency management. Services include:- Behavioral HealthPayment methods include private insurance, medicaid/medicare, and sliding scale fees for uninsured clients."""
167,"""Tuesday from 09:00 to 17:00"""
168,"""Thursday from 09:00 to 17:00"""
169,"""Saturday from 08:30 to 12:00"""
170,"""Monday from 09:00 to 17:00"""
171,"""Friday from 09:00 to 17:00"""
172,"""Wednesday from 09:00 to 20:00"""
173,Adult Outpatient Psychiatry (Jefferson Health - Vickie & Jack Farber Institute for Neuroscience)
174,39.8442874
175,SlidingScale
176,"""19147"""
177,"""https://www.facebook.com/jeffersonhospital/"""
178,"""https://www.twitter.com/@TJUHospital"""
179,"""Adult Outpatient Psychiatry (Jefferson Health - Vickie & Jack Farber Institute for Neuroscience)_6472488910454784"""
180,"""Adult Outpatient Psychiatry (Jefferson Health - Vickie & Jack Farber Institute for Neuroscience)"""
181,"""443 Laurel Oak Road, Voorhees Township, NJ 19147"""
182,AB-Adult Outpatient Psychiatry (Jefferson Health - Vickie & Jack Farber Institute for Neuroscience)
183,P-Adult Outpatient Psychiatry (Jefferson Health - Vickie & Jack Farber Institute for Neuroscience)
184,19147
185,"""tel:+1-800-533-3669"""
186,"""Jefferson Health serves adults experiencing a severe or acute mental disorder through their Adult Outpatient Psychiatry services.This program provides:- Psychosocial and psychiatric evaluations- Outpatient mental health treatmentTreatment may include:- Individual therapy- Group psychotherapy- Medical/surgical consultation The program is staffed by resident psychiatrists and psychologists and provides patients with the latest treatments for a variety of psychiatric disorders. Jefferson Health accepts Medical Assistance (Medicaid) and Self-Pay with a sliding scale fee schedule."""
187,"""This program helps people who are older than 17 years old."""
188,Clinical Services (Cohen Veteran's Network)
189,39.9565128
190,SupportNetwork
191,Spanish
192,FinancialAssistance
193,Seniors
194,ActiveDuty
195,Veterans
196,Dependents
197,AllDisabilities
198,Spouses
199,"""https://www.facebook.com/cohenveteransnetwork/"""
200,"""https://www.twitter.com/@CohenVeterans"""
201,"""Clinical Services (Cohen Veteran's Network)_6569331327631360"""
202,"""Clinical Services (Cohen Veteran's Network)"""
203,"""This program covers residents of the following cities: Anchorage, AK, Fairbanks, AK, Los Angeles, CA, Oceanside, CA, San Diego, CA, Colorado Springs, CO, Denver, CO, Washington, DC, Jacksonville, FL, Tampa, FL, Hinesville, GA, Honolulu, HI, Fayetteville, NC, Jacksonville, NC, New York, NY, Lawton, OK, Philadelphia, PA, Clarksville, TN, Dallas, TX, Killeen, TX, San Antonio, TX, Virginia Beach, VA and Tacoma, WA."""
204,"""3535 Market Street, Philadelphia, PA 19104"""
205,AB-Clinical Services (Cohen Veteran's Network)
206,P-Clinical Services (Cohen Veteran's Network)
207,"""tel:+1-844-336-4226"""
208,"""The Cohen's Veteran's Network provides clinical services to veterans, active duty military, and their families. This program provides high-quality, accessible and integrated mental health care.This program provides:- Evidence based therapy services This program also provides support and referrals for related needs including unemployment, housing, finance and education. They also offer in-home services, telehealth and childcare are offered on a clinic-by-clinic basis. Please check the nearest clinic for more information on provided services."""
209,"""Wednesday from 08:30 to 19:00"""
210,"""Tuesday from 08:30 to 19:00"""
211,"""Monday from 08:30 to 17:00"""
212,"""Thursday from 08:30 to 17:00"""
213,"""Friday from 08:30 to 17:00"""
214,"""This program serves veterans, active duty and their families. This program also support post-911 veterans and families."""
215,Services to Foster Children (SFC) program (Juvenile Justice Center of Philadephia)
216,40.0311924
217,AdoptionAndFosterCare
218,FosterYouth
219,"""Services to Foster Children (SFC) program (Juvenile Justice Center of Philadephia)_4821166195736576"""
220,"""Services to Foster Children (SFC) program (Juvenile Justice Center of Philadephia)"""
221,"""100 W Coulter St, Philadelphia, PA 19144"""
222,AB-Services to Foster Children (SFC) program (Juvenile Justice Center of Philadephia)
223,P-Services to Foster Children (SFC) program (Juvenile Justice Center of Philadephia)
224,"""tel:+1-215-849-2112"""
225,"""Services to Foster Children (SFC) program provides care and services to children and to their foster parents and to their natural families, through two teams of social workers.Services provided to foster children:- Counseling- TutoringSFC focuses on counseling the child and supporting the foster parents while we work intensively with the natural family in order to resolve problems that necessitated placement and to achieve the goal of reunification. Through fund-raising, we are able to obtain tutoring for some of our foster and kinship children. Many of our children are behind in basic skills such as math and reading.Must have consent signed by people who have custody of the children."""
226,"""Must have consent signed by whoever has custody of the child."""
227,Clinica Bienestar (The Institute for Community Justice)
228,39.9927048
229,HealthEducation
230,HivAids
231,InfectiousDisease
232,CaseManagement
233,PreventAndTreat
234,LimitedEnglish
235,TemporarilyClosed
236,HivTreatment
237,MedicalCare
238,DiseaseManagement
239,DiseaseScreening
240,"""19134"""
241,"""https://www.facebook.com/pages/Philadelphia-FIGHT/80411861715"""
242,"""https://www.twitter.com/@PhillyFIGHT"""
243,"""Clinica Bienestar (The Institute for Community Justice)_5989492794851328"""
244,"""Clinica Bienestar (The Institute for Community Justice)"""
245,"""1233 Locust Street, Philadelphia, PA 19107"""
246,AB-Clinica Bienestar (The Institute for Community Justice)
247,P-Clinica Bienestar (The Institute for Community Justice)
248,19134
249,"""tel:+1-267-436-3125"""
250,"""Clinica Bienestar is a Spanish-speaking comprehensive HIV primary care clinic. Clinica Bienestar staff are especially skilled in providing medical and social services to individuals who are actively using or have a history of using injection drugs and have received inconsistent HIV medical care.Services provided:- HIV primary care- Hepatitis C treatment - HIV PrEP- Wound care- Medical case management- Medication-assisted treatment- Harm reduction servicesAll patients are served regardless of their ability to pay. We accept both Medicaid and Medicare."""
251,"""Wednesday from 09:00 to 17:00"""
252,"""Monday Closed"
253,"""Tuesday from 13:00 to 17:00"""
254,"""Friday Closed"
255,"""Thursday Closed"
256,"Crossroads Treatment Center of NE Philadelphia (ARS Treatment Centers, P.C.)"
257,40.0182914
258,MedicationsForAddiction
259,"""Crossroads Treatment Center of NE Philadelphia (ARS Treatment Centers, P.C.)_6479544444649472"""
260,"""Crossroads Treatment Center of NE Philadelphia (ARS Treatment Centers, P.C.)"""
261,"""4821 Frankford Avenue, Philadelphia, PA 19124"""
262,"AB-Crossroads Treatment Center of NE Philadelphia (ARS Treatment Centers, P.C.)"
263,"P-Crossroads Treatment Center of NE Philadelphia (ARS Treatment Centers, P.C.)"
264,"""tel:+1-800-805-6989"""
265,"""""""Crossroads Treatment Center of NE Philadelphia offers Buprenorphine, Sublocade and Brixadi to treat Opioid Use DisorderThis program provides:- Addiction & Recovery- Medications for AddictionThis program may be full cost and/or accept some insurances, including Medicare and Medicaid. Please contact Crossroads for more information about cost."""""""
266,"""Wednesday from 10:00 to 18:00"""
267,"""This program serves individuals with Substance Use Disorder."""
268,Bilingual Domestic Violence Program - Counseling (Lutheran Settlement House)
269,39.9714613
270,InterpretationServicesAvailable
271,"""19125"""
272,"""https://www.twitter.com/@LSHphilly"""
273,"""https://www.facebook.com/LutheranSettlementHouse/"""
274,"""Bilingual Domestic Violence Program - Counseling (Lutheran Settlement House)_6285413021384704"""
275,"""Bilingual Domestic Violence Program - Counseling (Lutheran Settlement House)"""
276,"""1340 Frankford Avenue, Philadelphia, PA 19125"""
277,AB-Bilingual Domestic Violence Program - Counseling (Lutheran Settlement House)
278,P-Bilingual Domestic Violence Program - Counseling (Lutheran Settlement House)
279,19125
280,"""tel:+1-215-426-8610"""
281,"""""""Our Bilingual Domestic Violence Program provides free and confidential counseling services in Spanish and English for victims and former victims of domestic and dating abuse. Interpretation services are available for non-Spanish and non-English speakersWe provide:- Individual counseling, crisis intervention and advocacy- Support groups- Childcare can be available during counseling sessions upon requestWe provide these services for free of charge. To make a confidential counseling appointment, please call 215-426-8610 ext. 1282."""""""
282,Primary Care for Adults on Medicare (Oak Street Health)
283,39.9797997
284,39.9558148
285,Diabetes
286,LowIncome
287,NutritionEducation
288,AfricanAmerican
289,NativeAmerican
290,Latino
291,ChronicIllness
292,PrimaryCare
293,Asian
294,InHomeSupport
295,"""19131"""
296,"""https://www.twitter.com/@oakstreethealth"""
297,"""https://www.facebook.com/OakStreetHealth/"""
298,"""Primary Care for Adults on Medicare (Oak Street Health)_5460303324381184"""
299,"""Primary Care for Adults on Medicare (Oak Street Health)"""
300,"""This program covers residents of the following counties: Jefferson County, AL, Mobile County, AL, Maricopa County, AZ, Pima County, AZ, Pinal County, AZ, Adams County, CO, Arapahoe County, CO, Denver County, CO, El Paso County, CO, Clayton County, GA, Dekalb County, GA, Fulton County, GA, Gwinnett County, GA, Richmond County, GA, Cook County, IL, Kane County, IL, Lake County, IL, Peoria County, IL, Saint Clair County, IL, Will County, IL, Winnebago County, IL, Lake County, IN, Marion County, IN, St Joseph County, IN, Allen County, IN, Fayette County, KY, Jefferson County, KY, East Baton Rouge Parish, LA, Jefferson Parish, LA, Orleans Parish, LA, Macomb County, MI, Oakland County, MI, Wayne County, MI, Genesee County, MI, Kalamazoo County, MI, Kent County, MI, Hinds County, MS, Saint Louis County, MO, Jackson County, MO, Bernalillo County, NM, Bronx County, NY, Kings County, NY, New York County, NY, Queens County, NY, Cumberland County, NC, Forsyth County, NC, Mecklenburg County, NC, Wake County, NC, Durham County, NC, Guilford County, NC, Cuyahoga County, OH, Hamilton County, OH, Lucas County, OH, Montgomery County, OH, Summit County, OH, Trumbull County, OH, Oklahoma County, OK, Tulsa County, OK, Philadelphia County, PA, Berks County, PA, Montgomery County, PA, Kent County, RI, Providence County, RI, Greenville County, SC, Richland County, SC, Spartanburg County, SC, Knox County, TN, Shelby County, TN, Dallas County, TX, Gregg County, TX, Harris County, TX, Smith County, TX and Tarrant County, TX."""
301,"""37 South 40th Street, Philadelphia, PA 19104"""
302,"""5050 Parkside Avenue, Philadelphia, PA 19131"""
303,AB-Primary Care for Adults on Medicare (Oak Street Health)
304,P-Primary Care for Adults on Medicare (Oak Street Health)
305,19131
306,"""tel:+1-888-219-1674"""
307,"""tel:+1-267-635-2941"""
308,"""""""Oak Street Health's primary care providers serve the specific healthcare needs of older adults on MedicareThis program provides:- Primary care- Preventative care- Mental health services- Treatment of chronic conditions like diabetes, heart and lung disease, weight management, and depression- Social activities and events- 24/7 patient support lineWe accept all forms of Medicare, including Original Medicare Part B, select Medicare Advantage plans, Medicare Supplement or Medigap plans and Medicare-Medicaid PlansTo schedule an appointment or learn more, please call 888-219-1674 or visit our website."""""""
309,"""Monday from 08:40 to 17:00"""
310,"""Friday from 08:40 to 17:00"""
311,"""Thursday from 08:40 to 17:00"""
312,"""Wednesday from 08:40 to 17:00"""
313,"""Tuesday from 08:40 to 17:00"""
314,"""Must have Medicare."""
315,Outpatient Behavioral Health (Tower Health - Tower -Drexel Academic Medical Group)
316,Uninsured
317,"""Outpatient Behavioral Health (Tower Health - Tower -Drexel Academic Medical Group)_5664762984398848"""
318,"""Outpatient Behavioral Health (Tower Health - Tower -Drexel Academic Medical Group)"""
319,"""This program covers residents of the following counties: Chester County, PA and Philadelphia County, PA."""
320,AB-Outpatient Behavioral Health (Tower Health - Tower -Drexel Academic Medical Group)
321,P-Outpatient Behavioral Health (Tower Health - Tower -Drexel Academic Medical Group)
322,"""Tower-Drexel Academic Medical Group provides outpatient psychiatry and behavioral health services to adults age 18 and over. This program provides: - Individual counseling- Group therapy- Medications for mental healthThey offer compassionate support and guidance to help with:- Addiction and substance-use disorders- Anxiety- Behavior disorders- Health problems, including chronic pain- Depression and bipolar disorder- Eating disorders, including anorexia, bulimia, and binge eating- Family, marriage, and relationship issues- Grief and loss- Obsessive-compulsive disorder- Panic disorders and phobias- StressTower-Drexel Academic Medical Group accepts Medicaid and Medicare, and offers financial assistance based on income to uninsured and underinsured patients."""
323,Mental Health Counseling (The Attic Youth Center)
324,39.9477098
325,TransgenderOrNonBinary
326,AngerManagement
327,SexualAssaultSurvivors
328,Caregivers
329,VirtualSupport
330,DevelopmentalDisability
331,Immigrants
332,"""19102"""
333,"""https://www.twitter.com/@atticyouthcen"""
334,"""https://www.facebook.com/TheAtticYouthCenter/"""
335,"""Mental Health Counseling (The Attic Youth Center)_4914263431577600"""
336,"""Mental Health Counseling (The Attic Youth Center)"""
337,"""This program covers residents of the following counties: Philadelphia County, PA and Montgomery County, PA."""
338,"""255 South 16th Street, Philadelphia, PA 19102"""
339,AB-Mental Health Counseling (The Attic Youth Center)
340,P-Mental Health Counseling (The Attic Youth Center)
341,19102
342,"""tel:+1-215-545-4331"""
343,"""The Counseling Department of The Attic Youth Center provides counseling services to LGBTQ youth and young adults and their families/caregivers (biological or by choice). This service uses an LGBTQ affirmative and strength based approach that it is contextual, developmental and culturally sensitive.  This program provides: - Individual therapy- Group therapy- Family and couples therapyThe Attic’s clinical team is skilled in addressing a variety of challenges including:- Coming out- Gender questions- Problems at school- Depression and anxiety- Trauma and PTSD- Sexual abuse- Substance abuse- Violence and domestic violence- Anger management- Immigration transitions- Developmental delays- Behavioral and family dynamics as related to the LGBTQ experienceAll Attic counselors and therapists are masters or PhD level and have significant experience working with LGBTQ youth.  To inquire about counseling or to make an appointment, please call The Attic’s counseling line and leave a confidential voicemail message with your name and the best way to reach you. A staff member will return your call. You can also reach out by email.All counseling services are currently virtual."""
344,"""Monday from 10:00 to 18:00"""
345,"""Friday from 10:00 to 19:00"""
346,"""Tuesday from 10:00 to 19:00"""
347,"""Wednesday from 10:00 to 19:00"""
348,"""Thursday from 10:00 to 18:00"""
349,"""This program helps people who are 14 to 23 years old.', 'This program serves Lesbian, Gay, Bisexual, Transgender and Questioning (LGBTQ) youth and young adults, up to the age of 23, and their families/caregivers (biological or by choice)"""
350,"Open Door Clubhouse (COMHAR, Inc.)"
351,39.9935988
352,SupportedEmployment
353,BasicLiteracy
354,SpecializedTraining
355,ResumeDevelopment
356,SkillsAndTraining
357,ComputerClass
358,InterviewTraining
359,DailyLifeSkills
360,"""https://www.facebook.com/Open-Door-Clubhouse-893763780697216/"""
361,"""Open Door Clubhouse (COMHAR, Inc.)_5715547962605568"""
362,"""Open Door Clubhouse (COMHAR, Inc.)"""
363,"""This program covers residents of the following counties: Montgomery County, PA, Northampton County, PA and Philadelphia County, PA."""
364,"""3147 Emerald Street, Philadelphia, PA 19134"""
365,"AB-Open Door Clubhouse (COMHAR, Inc.)"
366,"P-Open Door Clubhouse (COMHAR, Inc.)"
367,"""tel:+1-215-427-5763"""
368,"""""""The Open Door Clubhouse is a community-based employment and mental health program. The mission of Open Door Clubhouse is to offer persons with mental health challenges a safe and healing environment wherein each person is given the opportunity to explore their personal and vocational potentials to their fullest, receive support in achieving their goals in employment and education, and achieve their highest level of independenceThis program provides:The “Work-Ordered Day” (opportunities to develop job skills in any of several in-house Clubhouse work units ( i.e administrative, food service, janitorial))• Access to paid employment through its Transitional Employment (TE) and Supported Employment (SE) Programs• Assistance with accessing community-based educational resources• Opportunities to participate in social and leisure activities•	Assistance with job placement and job applications·	Resume writing and interviewing techniques·	Participation in consensus-based decision-making regarding Clubhouse operations"""""""
369,"""""""The Open Door Clubhouse is a community-based employment and mental health program. The mission of Open Door Clubhouse is to offer persons with mental health challenges a safe and healing environment wherein each person is given the opportunity to explore their personal and vocational potentials to their fullest, receive support in achieving their goals in employment and education, and achieve their highest level of independenceThis program provides:The “Work-Ordered Day” (opportunities to develop job skills in any of several in-house Clubhouse work units ( i.e administrative, food service, janitorial))• Access to paid employment through its Transitional Employment (TE) and Supported Employment (SE) Programs• Assistance with accessing community-based educational resources• Opportunities to participate in social and leisure activities• Assistance with job placement and job applications· Resume writing and interviewing techniques· Participation in consensus-based decision-making regarding Clubhouse operations"""""""
370,"""Tuesday from 08:30 to 16:30"""
371,"""Wednesday from 08:30 to 16:30"""
372,"""Thursday from 08:30 to 16:30"""
373,"""Friday from 08:30 to 16:30"""
374,"""Monday from 08:30 to 16:30"""
375,"""This program helps people who are older than 17 years old.', 'This program serves adults with a mental illness diagnosis."""
376,Community Services Division (CORA Services)
377,40.0815149
378,"""19111"""
379,"""Community Services Division (CORA Services)_4721819823112192"""
380,"""Community Services Division (CORA Services)"""
381,"""This program covers residents of the following counties: Bucks County, PA, Burlington County, PA, Camden County, PA, Cecil County, PA, Chester County, PA, Delaware County, PA, Gloucester County, PA, Montgomery County, PA, New Castle County, PA, Philadelphia County, PA and Salem County, PA."""
382,"""8540 Verree Rd, Philadelphia, PA 19111"""
383,AB-Community Services Division (CORA Services)
384,P-Community Services Division (CORA Services)
385,19111
386,"""tel:+1-215-342-7660"""
387,"""This program offers substance dependency treatment services on a sliding scale fee."""
388,"""Monday from 08:00 to 21:00"""
389,"""Tuesday from 08:00 to 21:00"""
390,"""Wednesday from 08:00 to 21:00"""
391,"""Thursday from 08:00 to 21:00"""
392,Adult Rehabilitation Centers ARC (Salvation Army Eastern Pennsylvania & Delaware)
393,40.0337108
394,Meals
395,Recreation
396,OccupationalTherapy
397,ResidentialTreatment
398,"""19128"""
399,"""https://www.twitter.com/@SalArmyPhilly"""
400,"""https://www.facebook.com/SalvationArmyPhiladelphia"""
401,"""Adult Rehabilitation Centers ARC (Salvation Army Eastern Pennsylvania & Delaware)_5640613282447360"""
402,"""Adult Rehabilitation Centers ARC (Salvation Army Eastern Pennsylvania & Delaware)"""
403,"""This program covers residents of the following counties: Dauphin County, PA, Lackawanna County, PA and Philadelphia County, PA."""
404,"""4555 Pechin Street, Philadelphia, PA 19128"""
405,AB-Adult Rehabilitation Centers ARC (Salvation Army Eastern Pennsylvania & Delaware)
406,P-Adult Rehabilitation Centers ARC (Salvation Army Eastern Pennsylvania & Delaware)
407,19128
408,"""tel:+1-800-728-7825"""
409,"""The Salvation Army’s Adult Rehabilitation Centers provide spiritual, social, and emotional assistance for men and women who have lost the ability to cope with their problems and provide for themselves. Centers offers residential housing, work, and group and individual therapy, all in a clean, wholesome environment.Services provided:- Clean and healthy living environment- Good food - Work therapy - Leisure time activities- Group and individual counseling - Spiritual direction- Resources to develop life skills and a personal relationship with God as provided by Jesus Christ.The physical and spiritual care that program participants receive prepares them to re-enter society and return to gainful employment. Many of those who have been rehabilitated are reunited with their families and resume a normal life.The ARC program is made possible through the generosity of those who donate goods that can be sold in our family thrift stores and provide services that are made available to the participants of our programs."""
410,"""Thursday from 10:00 to 19:00"""
411,"""Monday from 10:00 to 19:00"""
412,Youth Inpatient Psychiatric Services (Fairmount Behavioral Health System)
413,40.0434701
414,PsychiatricEmergencyServices
415,"""https://www.facebook.com/FairmountBH"""
416,"""Youth Inpatient Psychiatric Services (Fairmount Behavioral Health System)_5123224728502272"""
417,"""Youth Inpatient Psychiatric Services (Fairmount Behavioral Health System)"""
418,"""561 Fairthorne Avenue, Philadelphia, PA 19128"""
419,AB-Youth Inpatient Psychiatric Services (Fairmount Behavioral Health System)
420,P-Youth Inpatient Psychiatric Services (Fairmount Behavioral Health System)
421,"""tel:+1-215-487-4100"""
422,"""The child and adolescent inpatient program is a specialized level of care designed to meet the needs of children and adolescents (ages 5 to 17) with psychiatric disorders. The goal is to help young patients address their psychiatric problems to reduce symptoms, improve functioning and maintain stability.This program provides:- Psychiatric evaluations - Managing thoughts and behaviors that pose a danger to the patient or others- Reduce severe symptoms associated with depression, chemical dependency, psychosis, conduct and other disorders- Improve functioning at home, school and in the community- Separate and distinct units for children (ages 5 to 10), young adolescents (ages 10 to 12), adolescent boys (ages 13 to 17) and adolescent girls (ages 13 to 17)- Educational groups (medication education, illness education, healthy lifestyles, communication, anger management, coping skills, stress management, relaxation)- Parent education and support group (designed to help families understand their child’s condition, medications and how to interact more positively with them when they return home)- Daily school program (run by two certified special education teachers)- Strengths-based phase system for adolescents that focuses on empowerment and self-expression- Multiple play yards and access to a full-service gymnasium- Allied, family and group therapy (goal-directed modality, concentrated in the present, builds on strengths and focuses on solutions)Patients eat meals in the newly constructed cafeteria, which is exclusive to the child and adolescent populations.Fairmount Behavioral Health System accepts Medical Assistance PA and NJ."""
423,"""This program helps people who are 5 to 17 years old.', 'This program helps people with psychiatric disorders.', 'Must have Medical Assistance."""
424,Wellness Alliance Community Integration and Recovery Center (Horizon House)
425,39.962058
426,"""https://www.facebook.com/horizonhouseinc/?fref=ts"""
427,"""Wellness Alliance Community Integration and Recovery Center (Horizon House)_6249819169882112"""
428,"""Wellness Alliance Community Integration and Recovery Center (Horizon House)"""
429,"""5901 Market Street, Philadelphia, PA 19136"""
430,AB-Wellness Alliance Community Integration and Recovery Center (Horizon House)
431,P-Wellness Alliance Community Integration and Recovery Center (Horizon House)
432,"""tel:+1-215-386-3838"""
433,"""The Horizon House Wellness Alliance is designed for individuals with mental illness and co-occurring drug/alcohol addiction to explore and define their own unique recovery process and develop personalized support networks for improved quality of life.Services offered:- Psychiatric rehabilitation- Customized treatment planHorizon House accepts Medicare and Medicaid. Referrals can be made via a family member, health care provider, self-referral, or through CBH (Community Behavioral Health)."""
434,"""Must have a referral to receive services.', 'Must have Medicare or Medicaid.', 'This program serves individuals with mental illness and co-occurring drug/alcohol addiction."""
435,Community Counseling Services CCS (Methodist Services)
436,39.9978971
437,ParentingEducation
438,"""https://www.facebook.com/methodistservicesphiladelphia"""
439,"""Community Counseling Services CCS (Methodist Services)_5046363410661376"""
440,"""Community Counseling Services CCS (Methodist Services)"""
441,"""This program covers residents of the following counties: Northampton County, PA and Philadelphia County, PA."""
442,"""4300 Monument Rd, Philadelphia, PA 19131"""
443,AB-Community Counseling Services CCS (Methodist Services)
444,P-Community Counseling Services CCS (Methodist Services)
445,"""tel:+1-610-588-9109"""
446,"""Community Counseling Services (CCS) provides outpatient mental health treatment to Northampton County and the surrounding areas.Services provided include:- Individual and family therapy- Psychiatric medication management- Support groups- ReferralsPlease contact the intake coordinator to learn more about services and to begin the process of receiving services. An informational intake packet is available on the website. Grant assistance and a sliding fee scale is also available to those who qualify.During Covid: All counseling is done via telehealth. Currently accepting new patients."""
447,"""Community Counseling Services accepts Medical Assistance to cover the costs of services as well as many private insurance carriers. Please contact your insurance provider directly to determine if we are in your network.  Grant assistance and a sliding fee scale is also available to those who qualify.  For more information, please contact our office."""
448,New Pathways Project (Public Health Management Corporation)
449,39.9907117
450,"""19133"""
451,"""https://www.twitter.com/@phmctweets"""
452,"""https://www.facebook.com/publichealthmanagementcorporation"""
453,"""New Pathways Project (Public Health Management Corporation)_6379467169595392"""
454,"""New Pathways Project (Public Health Management Corporation)"""
455,"""2539 Germantown Avenue, Philadelphia, PA 19133"""
456,AB-New Pathways Project (Public Health Management Corporation)
457,P-New Pathways Project (Public Health Management Corporation)
458,19133
459,"""tel:+1-215-985-2526"""
460,"""Public Health Management Corporation (PHMC) offers a community-based pre-treatment recovery support program serving men and women seeking help with their drug and alcohol related problems. Individuals who are not ready to enter treatment receive recovery oriented culturally tailored support including referral to health care, mental health and social services.This program provides:- Enhanced individual pre-treatment counseling- Case management support services- Group psychoeducational and peer support sessions- On-site rapid HIV testing- As requested escort and referral to medical care- Substance abuse treatment"""
461,"""This program serves men and women seeking help with their drug and alcohol related problems."""
462,Latinx Psychoeducational Groups (Women Organzied Against Rape)
463,39.9540975
464,SexEducation
465,"""https://www.facebook.com/wellness.com"""
466,"""https://www.twitter.com/@wellnessgroup"""
467,"""Latinx Psychoeducational Groups (Women Organzied Against Rape)_5581093415682048"""
468,"""Latinx Psychoeducational Groups (Women Organzied Against Rape)"""
469,"""1617 John F Kennedy Boulevard, Philadelphia, PA 19134"""
470,AB-Latinx Psychoeducational Groups (Women Organzied Against Rape)
471,P-Latinx Psychoeducational Groups (Women Organzied Against Rape)
472,"""tel:+1-215-606-8490"""
473,"""WOAR provides Latinx Psychoeducational Groups aimed at their Hispanic communities. These groups support individuals affected and impacted by violence by providing a supportive space for them to heal.This program provides: - Psychoeducational support group- Health education"""
474,"""This program serves Latinx/Hispanic individuals who have experienced sexual assault."""
475,Amputee Peer Mentor Program (Jefferson Health - Magee Rehabilitation)
476,39.9498296
477,PhysicalDisability
478,OneOnOneSupport
479,"""19107"""
480,"""https://x.com/tjuhospital"""
481,"""https://www.facebook.com/jeffersonhealth"""
482,"""Amputee Peer Mentor Program (Jefferson Health - Magee Rehabilitation)_5566200593252352"""
483,"""Amputee Peer Mentor Program (Jefferson Health - Magee Rehabilitation)"""
484,"""This program covers residents of the following counties: Camden County, NJ, Bucks County, PA and Philadelphia County, PA."""
485,"""111 South 11th St, Philadelphia, PA, United States, Pennsylvania"""
486,AB-Amputee Peer Mentor Program (Jefferson Health - Magee Rehabilitation)
487,P-Amputee Peer Mentor Program (Jefferson Health - Magee Rehabilitation)
488,19107
489,"""tel:+1-215-587-3205"""
490,"""Jefferson Health provides a free service that gives individuals with amputations the opportunity to talk with one another. The Peers share their experiences, knowledge, provide emotional support and practical information on everyday concerns. They are living proof that individuals with amputations can recover and continue to have active lives.This program provides:- Peer support- One-on-one supportThe amputee support groups takes place at 12:15 p.m. on the second Tuesday of every month."""
491,"""Sunday from 11:00 to 20:30"""
492,"""Saturday from 14:00 to 20:30"""
493,"""Thursday from 16:00 to 20:30"""
494,"""Tuesday from 16:00 to 20:30"""
495,"""Monday from 16:00 to 20:30"""
496,"""Wednesday from 16:00 to 20:30"""
497,"""Friday from 16:00 to 20:30"""
498,Community Residential Services (Horizon House)
499,IntellectualDisability
500,"""Community Residential Services (Horizon House)_5005659797454848"""
501,"""Community Residential Services (Horizon House)"""
502,"""This program covers residents of the following counties: Bucks County, PA, Delaware County, PA, Montgomery County, PA and Philadelphia County, PA."""
503,AB-Community Residential Services (Horizon House)
504,P-Community Residential Services (Horizon House)
505,"""tel:+1-215-386-383812704"""
506,"""""""Community Residential Services are available for adults with an intellectual disability and co-occurring mental illness.  Services are designed for individuals who are willing to voluntarily participate in a supervised community residence with a wide variety of support services to help nurture a more independent, whole lifeServices offered:- Residential living- Recreation- Financial education and management- Daily life skills- Medical care coordination- Psychiatric assessments- PsychopharmacologyWe accept Medicare and Medicaid. To start the application process, please call us."""""""
507,"""This program helps people who are older than 17 years old.', 'Must have Medicare and Medicaid."""
508,Therapy & Counseling (The Better You Institute)
509,39.9558168
510,"""Therapy & Counseling (The Better You Institute)_5604234429071360"""
511,"""Therapy & Counseling (The Better You Institute)"""
512,"""123 S Broad Street Suite 1835, Philadelphia, PA 19109"""
513,AB-Therapy & Counseling (The Better You Institute)
514,P-Therapy & Counseling (The Better You Institute)
515,"""tel:+1-267-495-4951"""
516,"""The Better You Institute's therapists develop treatment plans for our clients that can be used outside of the therapy room. They teach the client how to solve problems using various techniques and provide education about what you are going through and how to cope with it. This program provides: - Individual Therapy- Couples Therapy- Sex Therapy- Child & Teen Therapy- Family Therapy- Online Therapy- LGBTQ+ TherapyA typical appointment lasts 50 minutes to an hour. However, we can form fit your sessions to fit your needs. We offer after-hours appointments and work in an outpatient setting."""
517,"""Monday from 08:00 to 20:00"""
518,"""Friday from 08:00 to 20:00"""
519,"""Saturday from 09:00 to 16:00"""
520,"""Tuesday from 08:00 to 20:00"""
521,"""Wednesday from 08:00 to 20:00"""
522,"""Thursday from 08:00 to 20:00"""
523,"""Must be vaccinated against COVID-19 for in-person appointments."""
524,Mental Health Services (American Living Organ Donor Fund)
525,39.9579807
526,AllCarePhases
527,"""19103"""
528,"""https://www.twitter.com/@HelpOrganDonors"""
529,"""https://www.facebook.com/HelpLivingDonorsSaveLives/"""
530,"""Mental Health Services (American Living Organ Donor Fund)_4533349973098496"""
531,"""Mental Health Services (American Living Organ Donor Fund)"""
532,"""This program covers residents of All US states and territories."""
533,"""1635 Market St, floor 7, Philadelphia, PA, United States, Pennsylvania"""
534,AB-Mental Health Services (American Living Organ Donor Fund)
535,P-Mental Health Services (American Living Organ Donor Fund)
536,19103
537,"""tel:+1-215-601-6530"""
538,"""American Living Organ Donor Fund provides free mental health services by trained providers to any living donor pre- and post-donation. This program provides:- Mental health care Mental health services are provided via telehealth."""
539,"""This program helps living organ donors.', 'Must be a US citizen."""
540,Mental Health Treatment (CORA Services)
541,40.0817112
542,"""https://www.facebook.com/CORAServices"""
543,"""Mental Health Treatment (CORA Services)_5869386343907328"""
544,"""Mental Health Treatment (CORA Services)"""
545,"""8540 Verree Road, Philadelphia, PA 19111"""
546,AB-Mental Health Treatment (CORA Services)
547,P-Mental Health Treatment (CORA Services)
548,"""""""CORA’s Clinical Services Division offers counseling and therapy services for the treatment of mental health issues in children, adolescents, adults, and families. We focus on relationship difficulties, family functioning issues, stress-related problems, parenting and child behavior concerns and adjusting/ reacting to significant changes such as loss/traumaServices:- Individual, couples and family counseling/therapyCORA accepts Medicaid for AOD Treatment servicesServices are currently being delivered in-person and remotely through telehealth due to the ongoing COVID-19 pandemic."""""""
549,"""This is a FFS program so fees are greatly reduced by commercial insurance, this is not a Medicaid-based service."""
550,Family House Now New Options for Women (Resources for Human Development RHD - Pennsylvania)
551,39.970982
552,WithChildren
553,Mothers
554,ResidentialHousing
555,Infants1
556,"""https://www.twitter.com/@Resources4HD"""
557,"""https://www.facebook.com/ResourcesHD"""
558,"""Family House Now New Options for Women (Resources for Human Development RHD - Pennsylvania)_5453759373770752"""
559,"""Family House Now New Options for Women (Resources for Human Development RHD - Pennsylvania)"""
560,"""1020 North 48th Street, Philadelphia, PA 19131"""
561,AB-Family House Now New Options for Women (Resources for Human Development RHD - Pennsylvania)
562,P-Family House Now New Options for Women (Resources for Human Development RHD - Pennsylvania)
563,"""tel:+1-215-878-8616"""
564,"""Resources for Human Development (RHD) offers a long-term residential treatment facility for women experiencing mental illness and chemical dependence, and their children. Special components address drug/alcohol addiction, mental illness, life skills, trauma, and parenting skills, as well as prevention and intervention for the children.This program provides:- Residential treatment"""
565,"""Women experiencing mental illness and chemical dependence, and their children can access this program."""
566,Victim Response Services (Women Organized Against Rape)
567,39.9939735
568,"""Victim Response Services (Women Organized Against Rape)_5087810247720960"""
569,"""Victim Response Services (Women Organized Against Rape)"""
570,"""1617 J F K Blvd Ste 1100, Philadelphia, PA 19103"""
571,AB-Victim Response Services (Women Organized Against Rape)
572,P-Victim Response Services (Women Organized Against Rape)
573,"""tel:+1-215-985-3333"""
574,"""Women Organized Against Rape (WOAR) provides their Victim Response Services to anyone who has experienced sexual violence. WOAR advocates can provide information about other WOAR services, referral guidance, and information about sexual violence for victim/survivors or family members/friends/partners of survivors.This program provides: - 24-hour hotline - Court accompaniment- Forensic exam/medical accompaniment"""
575,"""This program serves victims of sexual violence."""
576,Mental Health Crisis Response Center Adults (Einstein Healthcare Network)
577,40.0367216
578,InCrisis
579,Emergency
580,Anxiety
581,Underinsured
582,"""19141"""
583,"""https://www.facebook.com/EinsteinHealth/"""
584,"""https://www.twitter.com/https://twitter.com/einsteinhealth"""
585,"""Mental Health Crisis Response Center Adults (Einstein Healthcare Network)_6345013326512128"""
586,"""Mental Health Crisis Response Center Adults (Einstein Healthcare Network)"""
587,"""5501 Old York Road, Philadelphia, PA 19141"""
588,AB-Mental Health Crisis Response Center Adults (Einstein Healthcare Network)
589,P-Mental Health Crisis Response Center Adults (Einstein Healthcare Network)
590,19141
591,"""tel:+1-215-951-8300"""
592,"""Einstein Healthcare Network treats mental and behavioral health crisis emergencies with psychiatric coverage 24-hours a day, seven days a week. Services include:- Mental health assessments- Evaluations- Urgent care advice- Social worker assistance for mental health crisis counseling and treatment, such as for domestic abuse, are scheduled if warrantedEmergency mental health services are available to all people, regardless of health insurance coverage or ability to pay. No appointment is needed. People are seen on a walk-in basis in a safe and secure environment."""
593,"""This program serves individuals who are experiencing a mental illness crisis."""
594,"Psychotherapy (Psycare Solutions, Inc.)"
595,39.9481867
596,Bereavement
597,Grieving
598,AnyoneInNeed
599,"""https://www.facebook.com/psycaresolutions/"""
600,"""Psychotherapy (Psycare Solutions, Inc.)_6609039221587968"""
601,"""Psychotherapy (Psycare Solutions, Inc.)"""
602,"""This program covers residents of the following counties: Montgomery County, PA, Philadelphia County, PA and Chester County, PA."""
603,"""255 South 17th Street, Philadelphia, PA 19103"""
604,"AB-Psychotherapy (Psycare Solutions, Inc.)"
605,"P-Psychotherapy (Psycare Solutions, Inc.)"
606,"""tel:+1-215-885-9700"""
607,"""Psycare Solutions provides an array of psychotherapy services to individuals and families in need. We help with life transitions: change in career, mid-life, empty nest, and bereavement.Services:- Individual counseling- Couples counseling- Family therapy- Mind Body Intelligence classes (mindfulness training) Psycare Solutions also offers a telehealth option through the Zoom app. Please visit our website for more information.When you call to schedule an appointment, please be sure to leave your telephone number and name in our confidential voicemail box. You will be contacted promptly.Psycare Solutions accepts Medicare and offers a sliding fee scale to uninsured individuals."""
608,"""Anyone can access this program."""
609,Achievement through Counseling and Treatment ACT (JEVS Human Services)
610,39.9775523
611,SexualAndReproductiveHealth
612,MoreEducation
613,StdStiTreatmentAndPrevention
614,"""19122"""
615,"""https://www.twitter.com/@JEVSHumanServs"""
616,"""https://www.facebook.com/JEVSHumanServices"""
617,"""Achievement through Counseling and Treatment ACT (JEVS Human Services)_5928980046675968"""
618,"""Achievement through Counseling and Treatment ACT (JEVS Human Services)"""
619,"""1845 Walnut Street, Philadelphia, PA 19103"""
620,AB-Achievement through Counseling and Treatment ACT (JEVS Human Services)
621,P-Achievement through Counseling and Treatment ACT (JEVS Human Services)
622,19122
623,"""tel:+1-215-854-1800"""
624,"""Operating under the JEVS network, Achievement Through Counseling and Treatment (ACT) operates two outpatient, state-certified opioid treatment facilities in Philadelphia, known as ACT I and ACT II.This program provides:- Medication-assisted treatment for opiate abuse- Outpatient methadone maintenance services, - Individual, group, and family counseling, - Free and confidential HIV/AIDS testing- Employment services like resumé workshops, and job placement assistanceCommunity Behavioral Health (CBH) pays for all treatment if you are an eligible participant. If you are ineligible for CBH coverage, you may be eligible for Behavioral Health Services Initiative (BHSI) support or other insurance, private pay of a weekly fee may be arranged."""
625,Center for the Treatment and Study of Anxiety (University of Pennsylvania Perelman School of Medicine)
626,39.9565529
627,Ptsd
628,"""https://www.facebook.com/upennctsa/"""
629,"""https://www.twitter.com/@Center4Anxiety"""
630,"""Center for the Treatment and Study of Anxiety (University of Pennsylvania Perelman School of Medicine)_4833377934114816"""
631,"""Center for the Treatment and Study of Anxiety (University of Pennsylvania Perelman School of Medicine)"""
632,AB-Center for the Treatment and Study of Anxiety (University of Pennsylvania Perelman School of Medicine)
633,P-Center for the Treatment and Study of Anxiety (University of Pennsylvania Perelman School of Medicine)
634,"""tel:+1-215-746-3327"""
635,"""The Center for the Treatment and Study of Anxiety at the University of Pennsylvania specializes in cognitive-behavioral therapy treatment for children and adults who suffer from anxiety and traumatic stress disorders.Services provided:- Cognitive behavioral therapy We treat the following disorders: - Obsessive-compulsive- Post-traumatic stress- Social anxiety- Generalized anxiety disorder- Panic disorder- Trichotillomania and excoriation- Specific phobiaBefore entering a treatment program at the Center, patients first complete a phone screening interview with one of our intake coordinators. If appropriate, patients then schedule and complete an extensive psychological evaluation with a clinician.Assessment and treatment is often free or reduced cost if you are eligible to participate in any of our treatment research programs. If you are uninsured or underinsured, low cost treatment options are available with our advanced doctoral student clinicians."""
636,"""Must be uninsured, underinsured or eligible to participate in one of our treatment research programs."""
637,"Recovery Support Services RSS (Council of Southeast Pennsylvania, Inc.)"
638,39.9948691
639,PeerRecoveryCoaching
640,Mentoring
641,PostTreatment
642,"""19132"""
643,"""Recovery Support Services RSS (Council of Southeast Pennsylvania, Inc.)_5074246054707200"""
644,"""Recovery Support Services RSS (Council of Southeast Pennsylvania, Inc.)"""
645,"""This program covers residents of the following counties: Bucks County, PA, Chester County, PA, Delaware County, PA, Montgomery County, PA and Philadelphia County, PA."""
646,"""1701 West Lehigh Avenue, Philadelphia, PA 19132"""
647,"AB-Recovery Support Services RSS (Council of Southeast Pennsylvania, Inc.)"
648,"P-Recovery Support Services RSS (Council of Southeast Pennsylvania, Inc.)"
649,19132
650,"""tel:+1-215-345-6644"""
651,"""Recovery support services (RSSs) are nonclinical peer-driven services assisting individuals and families in their recovery from alcohol or drug problems. Services are flexible and may be provided prior to, during, and after treatment.This program provides:- Peer-to-peer services, mentoring, and coaching- Self-help and support groups (PRO-ACT supports all pathways to recovery)- Employment services and job training- Outreach- Relapse prevention- Housing assistance and services- Recovery support activities- Family education- Life skills- Spiritual and faith-based support- EducationThe staff and volunteers are their number one asset. It’s through their integrity, professionalism, and dedication that the message of overcoming and/or avoiding addiction and the services are communicated to those who need them most.Visit, call, or email any of our locations below, or use our Alcohol & Other Drug Information & Recovery Support Line."""
652,Youth Care Team (Philadelphia Department of Health)
653,39.9517588
654,BirthControl
655,CollegeReadiness
656,FamilyPlanning
657,Books
658,"""https://www.facebook.com/cityofphiladelphia"""
659,"""https://www.twitter.com/@PhiladelphiaGov"""
660,"""Youth Care Team (Philadelphia Department of Health)_6634340096278528"""
661,"""Youth Care Team (Philadelphia Department of Health)"""
662,"""1101 Market Street, Philadelphia, PA 19107"""
663,AB-Youth Care Team (Philadelphia Department of Health)
664,P-Youth Care Team (Philadelphia Department of Health)
665,"""tel:+1-215-686-5200"""
666,"""""""Philadelphia Department of Health provides the Youth Care Team program, which serves 13- 21 year olds living in Philaelphia, connecting them to sexual and reproductive health services and educationThis program provides:- Referrals to sexual and reproductive health services and education- Referrals to mental health services- Anxiety, Depression, and Sexual health screeningThere is no cost to participate in the Youth Care Team program."""""""
667,"""Wednesday from 08:00 to 16:00"""
668,"""Friday from 08:00 to 16:00"""
669,"""Tuesday from 08:00 to 16:00"""
670,"""Thursday from 08:00 to 16:00"""
671,"""Monday from 08:00 to 16:00"""
672,"""Must live in Philadelphia', 'This program helps people who are 13 to 21 years old."""
673,Stabilization Treatment and Engagement Program STEP (Prevention Point Philadelphia)
674,Indonesian
675,Hindi
676,French
677,Chinese
678,Arabic
679,Vietnamese
680,Russian
681,German
682,"""https://www.facebook.com/preventionpointphiladelphia"""
683,"""https://www.twitter.com/@preventionpp"""
684,"""Stabilization Treatment and Engagement Program STEP (Prevention Point Philadelphia)_6459493034229760"""
685,"""Stabilization Treatment and Engagement Program STEP (Prevention Point Philadelphia)"""
686,"""2913 Kensington Avenue, Philadelphia, PA 19134"""
687,AB-Stabilization Treatment and Engagement Program STEP (Prevention Point Philadelphia)
688,P-Stabilization Treatment and Engagement Program STEP (Prevention Point Philadelphia)
689,"""tel:+1-215-634-5272"""
690,"""STEP is medication-assisted treatment program (MAT) that provides treatment of opioid use disorder. The most commonly prescribed medications in STEP are buprenorphine and naltrexone injections.  We provide:- Administration of buprenorphine typically through weekly appointments, and then incrementally graduating to a minimum of once a month appointments- Naltrexone, a 28-day injection that assists clients with maintaining abstinence from opioidsClients in STEP also:- Receive case management- Engage with a Certified Recovery Specialist- Are required to attend outsourced behavioral health appointments"""
691,"""Friday from 12:00 to 17:00"""
692,Child & Family Outpatient Center (WES Health System)
693,40.0307555
694,"""https://www.facebook.com/weshealthsystems"""
695,"""https://www.twitter.com/@WESHealthSystem"""
696,"""Child & Family Outpatient Center (WES Health System)_4907628598919168"""
697,"""Child & Family Outpatient Center (WES Health System)"""
698,"""1315 Windrim Avenue, Philadelphia, PA 19141"""
699,AB-Child & Family Outpatient Center (WES Health System)
700,P-Child & Family Outpatient Center (WES Health System)
701,"""tel:+1-215-456-2662"""
702,"""The Child & Family Outpatient Center assesses and treats behavioral and emotional difficulties in children ages 4–21 (as long as they are still attending school) and their families. We provide various treatment modalities for children with hyperactivity, academic challenges, anxiety and/or depression. We provide: - Comprehensive assessments to determine the existence and/or degree of severity of any difficulties- Comprehensive biopsychosocial evaluations- Individual and family sessions- Boys/girls peer counseling groups- Medication management - Art, play, and traditional group therapyThe Child & Family Outpatient Center accepts Medicaid and Medicare. Potential clients need to be evaluated by WES’ Assessment & Evaluation Center in order to determine which service(s) should be utilized. For more information, please call the Assessment & Evaluation Center."""
703,"""This program helps people who are 4 to 21 years old.', 'Must have Medicaid or Medicare."""
704,Free Virtual Learning Resources (Saint Joseph's University - Kinney Center for Autism Education and Support)
705,39.995634
706,ExerciseAndFitness
707,"""https://www.twitter.com/@KinneyCenter"""
708,"""https://www.facebook.com/KinneyCenter/"""
709,"""Free Virtual Learning Resources (Saint Joseph's University - Kinney Center for Autism Education and Support)_5508814662795264"""
710,"""Free Virtual Learning Resources (Saint Joseph's University - Kinney Center for Autism Education and Support)"""
711,"""5600 City Avenue, Philadelphia, PA 19131"""
712,AB-Free Virtual Learning Resources (Saint Joseph's University - Kinney Center for Autism Education and Support)
713,P-Free Virtual Learning Resources (Saint Joseph's University - Kinney Center for Autism Education and Support)
714,"""The Kinney Center is staying commitment to supporting our families and clients by providing virtual lessons and Zoom sessions.Services include:- College Support- Sessions with Board Certified Behavior Analysts- Skills Development- Virtual Recreation and Exercise- Parental ResourcesOur virtual lessons will be released every weekday via our Facebook and YouTube channels.We can't ensure perfection, but we promise to listen to your feedback continually to work to improve. We are looking forward to taking this virtual journey together."""
715,"""This program serves individuals with Autism Spectrum Disorder (ASD) and their families."""
716,Youth Emergency Service YES (HopePHL)
717,39.9668498
718,ScreeningAndExams
719,Runaways
720,Homeless
721,TemporaryShelter
722,Shelter
723,"""19130"""
724,"""https://www.facebook.com/ysiyouthserviceinc"""
725,"""https://www.twitter.com/@YSIPHILLY"""
726,"""Youth Emergency Service YES (HopePHL)_5680777996009472"""
727,"""Youth Emergency Service YES (HopePHL)"""
728,"""1526 Fairmount Avenue, Philadelphia, PA 19130"""
729,AB-Youth Emergency Service YES (HopePHL)
730,P-Youth Emergency Service YES (HopePHL)
731,19130
732,"""tel:+1-215-787-0633"""
733,"""Youth Emergency Service (YES) offers immediate housing, respite, and support services to youth ages 12-17 facing housing insecurity or are unable to safely live with family. YES Services include:- Twenty four hour emergency respite and protection for youth ages 12-17- Telephone hotline and referral services as well as links to national runaway and homeless youth providers through national Runaway Safeline and National safe Place- Medical care – examinations and follow-up- Counseling supports and referrals- Voluntary and confidential HIV testing- Linkage to The Attic for those wanting service for LGBTQ youth- Physical and sexual health information and supports- Referral to home based services for families- Education and recreation programming and supports- Title I tutoringYouth can be self referred, enter through the formal child welfare system, Department of Human Services, or through referrals from partner organizations throughout the county. Referrals come from family, school staff and other concerned persons."""
734,"""Youth Emergency Service (YES) offers immediate housing, respite, and support services to youth ages 12-17 facing housing insecurity or are unable to safely live with family. YES Services include:- Twenty four hour emergency respite and protection for youth ages 12-17- Telephone hotline and referral services as well as links to national runaway and homeless youth providers through national Runaway Safeline and National safe Place- Medical care â€“ examinations and follow-up- Counseling supports and referrals- Voluntary and confidential HIV testing- Linkage to The Attic for those wanting service for LGBTQ youth- Physical and sexual health information and supports- Referral to home based services for families- Education and recreation programming and supports- Title I tutoringYouth can be self referred, enter through the formal child welfare system, Department of Human Services, or through referrals from partner organizations throughout the county. Referrals come from family, school staff and other concerned persons."""
735,"""This program helps people who are 12 to 17 years old."""
736,Behavior Health Services (Psychological Services Center at Temple University)
737,39.9791346
738,EatingDisorder
739,"""19121"""
740,"""Behavior Health Services (Psychological Services Center at Temple University)_6513742644903936"""
741,"""Behavior Health Services (Psychological Services Center at Temple University)"""
742,"""1509 Cecil B. Moore Avenue, Philadelphia, PA 19121"""
743,AB-Behavior Health Services (Psychological Services Center at Temple University)
744,P-Behavior Health Services (Psychological Services Center at Temple University)
745,19121
746,"""tel:+1-215-204-7100"""
747,"""Psychological Services Center at Temple University offers Individual, Couples, and Family Therapy for individuals, couples, or families in need of therapy to address mental health or relational concerns. This program provides:- Individual therapy- Family therapy- Couples therapyServices are provided for:- Anxiety- Depression- Work/School Stress- Couples/Marital Therapy- Gay, Lesbian, Bisexual, and Transgender Issues- Anger Management- Trauma- Disordered Eating- Child-Family Conflicts- Behavioral and Conduct ProblemsFees are based on a sliding scale according to clients’ ability to pay."""
748,"""Wednesday from 09:00 to 19:00"""
749,"""Tuesday from 09:00 to 19:00"""
750,"""Monday from 09:00 to 19:00"""
751,"""Thursday from 09:00 to 19:00"""
752,Latinx Psychoeducational Groups (Women Organized Against Rape)
753,"""Latinx Psychoeducational Groups (Women Organized Against Rape)_5581093415682048"""
754,"""Latinx Psychoeducational Groups (Women Organized Against Rape)"""
755,"""1617 John F Kennedy Boulevard #800, Philadelphia, PA 19134"""
756,AB-Latinx Psychoeducational Groups (Women Organized Against Rape)
757,P-Latinx Psychoeducational Groups (Women Organized Against Rape)
758,"""tel:+1-215-985-3315"""
759,Mental Health Counseling (Philip Jaisohn Memorial Foundation)
760,40.0551023
761,Korean
762,"""19126"""
763,"""https://www.facebook.com/jaisohnmemorialfoundation"""
764,"""Mental Health Counseling (Philip Jaisohn Memorial Foundation)_5397303851220992"""
765,"""Mental Health Counseling (Philip Jaisohn Memorial Foundation)"""
766,"""6705 Old York Road, Philadelphia, PA 19126"""
767,AB-Mental Health Counseling (Philip Jaisohn Memorial Foundation)
768,P-Mental Health Counseling (Philip Jaisohn Memorial Foundation)
769,19126
770,"""tel:+1-267-648-7458"""
771,"""Jaisohn Mental Health Services offers mental health consultations, counseling, and outreach services for Korean Americans in the Greater Philadelphia area.Services may include:- Individual counseling- Group and couples counseling- Case management- ReferralsDuring the initial appointment client and counselor work together to determine which, if any, of our services would be most helpful. We help the Korean community reduce the stigma with regard to asking for help with family and personal stress and mental health concerns so that they can cope with stress in healthier ways.This program accepts Medicaid and Medicare."""
772,"""Must have Medicaid or Medicare."""
773,Mental Health Case Management (African Cultural Alliance of North America Inc. ACANA)
774,39.938005
775,Refugees
776,"""19143"""
777,"""https://www.twitter.com/@ACANAevents"""
778,"""https://www.facebook.com/ACANA.Philadelphia"""
779,"""Mental Health Case Management (African Cultural Alliance of North America Inc. ACANA)_5518928626450432"""
780,"""Mental Health Case Management (African Cultural Alliance of North America Inc. ACANA)"""
781,"""5530 Chester Avenue, Philadelphia, PA 19143"""
782,AB-Mental Health Case Management (African Cultural Alliance of North America Inc. ACANA)
783,P-Mental Health Case Management (African Cultural Alliance of North America Inc. ACANA)
784,19143
785,"""tel:+1-215-729-8225"""
786,"""ACANA offers mental health case management services for members of the community. Services include: (1) engaging immigrant community on mental health, (2) encouraging members to seek mental health services for self and family, (3) tackling acculturation issues that strain family dynamics, (4) suicide prevention, and (5) referrals to access free mental health services.This program provides:- Mental health case management"""
787,"""Tuesday from 10:00 to 18:00"""
788,"""This program serves individuals who are seeking mental health services."""
789,"Crossroads Treatment Center of Philadelphia (ARS Treatment Centers, P.C.)"
790,40.0383603
791,39.9881664
792,39.990576
793,"""Crossroads Treatment Center of Philadelphia (ARS Treatment Centers, P.C.)_5823788208750592"""
794,"""Crossroads Treatment Center of Philadelphia (ARS Treatment Centers, P.C.)_6264787900956672"""
795,"""Crossroads Treatment Center of Philadelphia (ARS Treatment Centers, P.C.)_4569432633245696"""
796,"""Crossroads Treatment Center of Philadelphia (ARS Treatment Centers, P.C.)"""
797,"""2307 North Broad Street, Philadelphia, PA 19132"""
798,"""2317 East Westmoreland Street, Philadelphia, PA 19134"""
799,"""1335 West Tabor Road, Philadelphia, PA 19141"""
800,"AB-Crossroads Treatment Center of Philadelphia (ARS Treatment Centers, P.C.)"
801,"P-Crossroads Treatment Center of Philadelphia (ARS Treatment Centers, P.C.)"
802,"""tel:+1-866-698-8864"""
803,"""""""Crossroads Treatment Center of Philadelphia (Kensington) offers Buprenorphine, Sublocade, Vivitrol and Brixadi to treat Opioid Use DisorderThis program provides:- Addiction & Recovery- Medications for AddictionThis program may be full cost and/or accept some insurances, including Medicare and Medicaid. Please contact Crossroads for more information about cost"""""""
804,"""""""Crossroads Treatment Center of Philadelphia (West Tabor) offers buprenorphine, sublocade, and brixadi treatment for individuals with Opioid Use DisorderThis program provides:- Addiction & Recovery- Medications for AddictionThis program may be full cost and/or accept some insurances, including Medicare and Medicaid. Please contact Crossroads for more information about cost"""""""
805,"""""""Crossroads Treatment Center of Philadelphia (N. Broad Street) offers Buprenorphine, Sublocade, Vivitrol, and Brixadi treatment for individuals with Opioid Use DisorderThis program provides:- Addiction & Recovery- Medications for AddictionThis program may be full cost and/or accept some insurances, including Medicare and Medicaid. Please contact Crossroads for more information about cost"""""""
806,"""Sunday from 08:00 to 12:00"""
807,"""Wednesday from 08:00 to 18:00"""
808,"""Tuesday from 14:00 to 18:00"""
809,"""Wednesday Closed"
810,"""Saturday from 08:00 to 14:00"""
811,"""Monday from 13:00 to 17:00"""
812,"""Tuesday from 08:00 to 12:00"""
813,"""Monday from 08:00 to 18:00"""
814,"""Thursday from 08:00 to 12:00"""
815,"""Thursday from 10:00 to 12:00"""
816,"""Wednesday from 15:00 to 19:00"""
817,"""Tuesday Closed"
818,Victim Assistance Program (Archdiocese of Philadelphia - Office for Child and Youth Protection)
819,39.9575083
820,"""Victim Assistance Program (Archdiocese of Philadelphia - Office for Child and Youth Protection)_6482196344864768"""
821,"""Victim Assistance Program (Archdiocese of Philadelphia - Office for Child and Youth Protection)"""
822,"""This program covers residents of the following states: PA."""
823,"""222 North 17th Street, Philadelphia, PA 19103"""
824,AB-Victim Assistance Program (Archdiocese of Philadelphia - Office for Child and Youth Protection)
825,P-Victim Assistance Program (Archdiocese of Philadelphia - Office for Child and Youth Protection)
826,"""tel:+1-888-800-8780"""
827,"""The Victim Assistance Program supports individuals who have been sexually abused by a representative of the Archdiocese, adult survivors, in addition to child victims and their family members who have been affected by sexual abuse.Support Includes:- Compassionate supportive counseling- Resources on child sexual abuse- Referrals for outpatient therapy, pastoral support and counseling, and related psychiatric services- Support and assistance through any canonical process- Assistance to families seeking spiritual guidance or a meeting with the Archbishop- Assistance eliminating barriers to treatment, such as transportation and child careIt is our pledge to provide assistance to those who have been affected by this crime by offering support and access to mental health services to promote healing. Please call for more information."""
828,Bereavement Support (Philadelphia Department of Health)
829,39.9473614
830,"""Bereavement Support (Philadelphia Department of Health)_5992135212662784"""
831,"""Bereavement Support (Philadelphia Department of Health)"""
832,"""321 South University Avenue, Philadelphia, PA 19104"""
833,AB-Bereavement Support (Philadelphia Department of Health)
834,P-Bereavement Support (Philadelphia Department of Health)
835,"""tel:+1-215-685-7408"""
836,"""The Medical Examiner’s Office provides free bereavement support to grieving families. Bereavement support staff members can also refer families to other agencies for most medical or social service needs – including, but not limited to, burial or cremation assistance.This program provides:- Bereavement counseling over the phone- Face-to-face counseling- Information and referralsOur services are conducted mostly over the phone, and usually in a limited manner. For certain infant and child deaths, we are able to offer in-person counseling in your home.You can also get support by coming into the MEO office during regular business hours.For services or more information, please call us or visit our office."""
837,"""Wednesday from 08:30 to 17:00"""
838,"""Tuesday from 08:30 to 17:00"""
839,"""Sunday from 09:30 to 16:30"""
840,"""Saturday from 09:30 to 16:30"""
841,Fresh Start and Quads Housing (Methodist Services)
842,39.9978798
843,"""Fresh Start and Quads Housing (Methodist Services)_4828341743910912"""
844,"""Fresh Start and Quads Housing (Methodist Services)"""
845,"""4300 Monument Road, Philadelphia, PA 19131"""
846,AB-Fresh Start and Quads Housing (Methodist Services)
847,P-Fresh Start and Quads Housing (Methodist Services)
848,"""tel:+1-215-877-1925"""
849,"""Older youth and young adults, ages 18-21, who are in the process of or who have aged out of the foster care system can obtain subsidized one-bedroom apartments either on Methodist’s 22-acre campus or in community based sites. On Methodist Services’ Main Campus, young adults who are single, pregnant or have an infant when they enter the program, have access to stable housing, effective case management and behavioral health services.This program provides:- Subsidized housing- Case management- Behavioral health careResidents are encouraged to pursue educational advancement, vocational and life skills training, employment and other means of self-sufficiency. Connections to caring family members and mentors are supported."""
850,"""Tuesday from 09:00 to 18:00"""
851,"""Thursday from 09:00 to 18:00"""
852,"""Wednesday from 09:00 to 18:00"""
853,"""Friday from 09:00 to 18:00"""
854,"""Monday from 09:00 to 18:00"""
855,"""This program helps people who are 18 to 21 years old."""
856,"Children's Behavioral Health Outpatient Program (The Consortium, Inc.)"
857,39.906809
858,"""19153"""
859,"""Children's Behavioral Health Outpatient Program (The Consortium, Inc.)_5918707198197760"""
860,"""Children's Behavioral Health Outpatient Program (The Consortium, Inc.)"""
861,"""2821 Island Avenue, Philadelphia, PA 19153"""
862,"AB-Children's Behavioral Health Outpatient Program (The Consortium, Inc.)"
863,"P-Children's Behavioral Health Outpatient Program (The Consortium, Inc.)"
864,19153
865,"""tel:+1-267-233-5391"""
866,"""The Children’s Outpatient program serves children aged five to 18. Children receive individual and group therapy at the level of care most appropriate to meet their needs. Family therapy is also provided, as needed. Enhanced services for children include:- Summer treatment program- Students are Nurtured to Achieve and make Progress (SNAP)- Parents Engagement Program (PEP)- Specialty groups including Anger Management, Bullying Prevention, Girls Empowerment, Boys Empowerment, Mentoring and Sexuality AcceptanceThe Consortium accepts Medicaid and offers a sliding scale fee for low-income individuals. We don't turn anyone away."""
867,"""Monday from 08:00 to 19:00"""
868,"""Thursday from 08:00 to 19:00"""
869,"""Tuesday from 08:00 to 19:00"""
870,"""Friday from 08:00 to 19:00"""
871,"""Wednesday from 08:00 to 19:00"""
872,"""Saturday from 10:00 to 14:00"""
873,"""This program helps people who are 5 to 18 years old.', 'Must meet income requirements or have Medicaid."""
874,Fatherhood Enrichment Program FEP (City of Philadelphia - Mayor's Office of Reintegration Services)
875,39.9528
876,Male
877,CriminalJusticeHistory
878,Fathers
879,"""Fatherhood Enrichment Program FEP (City of Philadelphia - Mayor's Office of Reintegration Services)_6247717496946688"""
880,"""Fatherhood Enrichment Program FEP (City of Philadelphia - Mayor's Office of Reintegration Services)"""
881,"""1400 John F Kennedy Blvd, Philadelphia, PA 19107"""
882,AB-Fatherhood Enrichment Program FEP (City of Philadelphia - Mayor's Office of Reintegration Services)
883,P-Fatherhood Enrichment Program FEP (City of Philadelphia - Mayor's Office of Reintegration Services)
884,"""tel:+1-215-683-3370"""
885,"""Under the umbrella of The Mayor’s Office of Reintegration Services (RISE), The Fatherhood Enrichment Program strives to provide fathers with the basic skills necessary to function in today’s economy, so they are able to rise to self-sufficiency. The goal of FEP is to engage non-custodial and custodial fathers to support the well-being of their children, through education, training and with personal development with a focus on family strengthening. FEP offers services with an emphasis on:- Parenting and Healthy Relationships- Anger Management and Conflict Resolution- Job Readiness and Job Search AssistanceClasses are offered Monday through Friday 9:30am-12pm for two weeks. Please call for more information."""
886,Medication-Assisted Treatment (NorthEast Treatment Centers - OTP)
887,40.010615
888,"""19137"""
889,"""https://www.facebook.com/NorthEastTreatmentCenters/"""
890,"""Medication-Assisted Treatment (NorthEast Treatment Centers - OTP)_6378689670414336"""
891,"""Medication-Assisted Treatment (NorthEast Treatment Centers - OTP)"""
892,"""2205 Bridge St, Philadelphia, PA 19137"""
893,AB-Medication-Assisted Treatment (NorthEast Treatment Centers - OTP)
894,P-Medication-Assisted Treatment (NorthEast Treatment Centers - OTP)
895,19137
896,"""tel:+1-215-831-6024"""
897,"""Medication-Assisted Treatment offers services for those addicted to opiods such as oxycodone, codeine, fentanyl, morphine, heroin and others. Common treatment drugs are methadone, buprenorphine (Suboxone and Subutex), or naltrexone. Check with this program to see what options are available.This program provides:- Medication management for opioid dependency"""
898,"""This program serves those facing opioid addiction."""
899,Counseling Services (Springfield Psychological)
900,39.9492642
901,"""https://www.facebook.com/pg/SpringfieldPsychological"""
902,"""https://www.twitter.com/@springpsych1"""
903,"""Counseling Services (Springfield Psychological)_5971927496916992"""
904,"""Counseling Services (Springfield Psychological)"""
905,"""This program covers residents of the following counties: Monmouth County, NJ, Berks County, PA, Chester County, PA, Delaware County, PA, Montgomery County, PA and Philadelphia County, PA."""
906,"""1420 Walnut Street, Philadelphia, PA 19102"""
907,AB-Counseling Services (Springfield Psychological)
908,P-Counseling Services (Springfield Psychological)
909,"""tel:+1-610-544-2110"""
910,"""Springfield Psychological provides a full range of programs and services with psychologists, clinical social workers, psychiatrists and master’s level counselors.We offer:- Family counseling- Individual counseling- Group therapy- Psychological evaluation- Medication managementWe accept Medicare. Unfortunately, we are unable to accept Medical Assistance (such as Keystone first) or any Medicaid plan as we are not a participating provider. Please note that federal rules do not allow us to bill for patients who have Medicare WITH Medicaid as the secondary payer and we are not permitted to charge an out of pocket rate."""
911,Individual Counseling (Women In Transition)
912,39.952915
913,"""19106"""
914,"""https://www.facebook.com/pages/Women-In-Transition/168983453161507"""
915,"""https://www.twitter.com/@helpwomen"""
916,"""Individual Counseling (Women In Transition)_5132597714747392"""
917,"""Individual Counseling (Women In Transition)"""
918,"""718 Arch Street, Philadelphia, PA 19106"""
919,AB-Individual Counseling (Women In Transition)
920,P-Individual Counseling (Women In Transition)
921,19106
922,"""tel:+1-215-751-1111"""
923,"""WIT offers Individual counseling that is available to those who are currently experiencing domestic violence and/or substance abuse, or have experienced domestic violence/substance abuse in the past. In individual counseling, your counselor will support you in gaining control over your life, choosing your own actions, and moving forward towards safety and sobriety. Your counselor will help you create a goal plan, serve as an advocate to you, and support you in processing your experience.This program provides:- One-on-one counseling- Individualized planning- Personal advocacy such as, preparing for a job interview, accompaniment to Family Court, navigating various systems in the cityWIT offers Playcare for children during business hours upon request. All sessions are 100% free and confidential. If you are interested in scheduling an appointment, contact the LifeLine at 215-751-1111."""
924,"""This program serves those who are or have been affected by domestic violence and/or substance abuse."""
925,Outpatient Subsance Abuse Program (Wedge Recovery Center)
926,39.9252061
927,40.007973
928,"""19148"""
929,"""Outpatient Subsance Abuse Program (Wedge Recovery Center)_4874573658193920"""
930,"""Outpatient Subsance Abuse Program (Wedge Recovery Center)"""
931,"""2009 South Broad Street, Philadelphia, PA 19148"""
932,"""3609 North Broad Street, Philadelphia, PA 19140"""
933,AB-Outpatient Subsance Abuse Program (Wedge Recovery Center)
934,P-Outpatient Subsance Abuse Program (Wedge Recovery Center)
935,19148
936,"""Wedge Recovery Center's Outpatient Subsance Abuse Program offers a holistic and individualized approach to addiction and recovery treatment with a shared goal of improving the quality of life of our members.We offer:- Group Therapy- Individual Counseling - Medication Management- Medication-Assisted Treatment- Case ManagementOur outpatient program delivers group twice a week with an individual session once a month. We also offer psych services and medication management for members with mental health diagnoses concurrent with drug and alcohol.We accept all referrals, including self-referrals, for our program. The potential member who is referred for treatment will receive an appointment  within 48 – 72 hours and at that appointment a comprehensive Bio-Psychosocial Evaluation is completed. The member is scheduled for the appropriate level of care and provided a schedule for treatment and their Counselors name.We accept Medicaid insurance for our outpatient services."""
937,"""Saturday from 09:00 to 13:00"""
938,"""Must have Medicaid insurance to receive reduced cost services."""
939,Behavioral Health Rehabilitation Services (Community Council Health Systems)
940,39.9697353
941,"""https://www.facebook.com/CCHSS/"""
942,"""https://www.twitter.com/@cchs_pa"""
943,"""Behavioral Health Rehabilitation Services (Community Council Health Systems)_5728250207141888"""
944,"""Behavioral Health Rehabilitation Services (Community Council Health Systems)"""
945,"""4900 Wyalusing Ave, Philadelphia, PA 19131"""
946,AB-Behavioral Health Rehabilitation Services (Community Council Health Systems)
947,P-Behavioral Health Rehabilitation Services (Community Council Health Systems)
948,"""tel:+1-215-473-7033"""
949,"""tel:+1-267-295-8850"""
950,"""Behavioral Health Rehabilitation Services Program provides a short term, intensive behavioral service designed to improve the lives of children and adolescents with complex psychological or behavioral needs which make it difficult to function in everyday routines.Services available:- In-home treatment- In-school treatment- Community setting treatmentCall at 267-295-8850 to schedule an appointment."""
951,"""Friday from 09:00 to 20:00"""
952,"""Saturday from 09:00 to 14:00"""
953,"""Thursday from 09:00 to 20:00"""
954,"""Tuesday from 09:00 to 20:00"""
955,"""Monday from 09:00 to 20:00"""
956,"""This program helps people who are younger than 21 years old.', '-Must have an Axis I diagnosis', '- Must qualify for Medical Assistance. If not currently receiving MA, the child may still qualify for MA regardless of family income', '-Must exhibit medical necessity for an intensive behavioral health service as determined by a license psychologist or psychiatrist."""
957,"Latino Treatment Program - Family Outpatient Evaluation and Counseling (COMHAR, Inc.)"
958,39.990206
959,"""Latino Treatment Program - Family Outpatient Evaluation and Counseling (COMHAR, Inc.)_6340256966115328"""
960,"""Latino Treatment Program - Family Outpatient Evaluation and Counseling (COMHAR, Inc.)"""
961,"""2600 North American Street, Philadelphia, PA 19133"""
962,"AB-Latino Treatment Program - Family Outpatient Evaluation and Counseling (COMHAR, Inc.)"
963,"P-Latino Treatment Program - Family Outpatient Evaluation and Counseling (COMHAR, Inc.)"
964,"""tel:+1-267-861-4382"""
965,"""COMHAR offers outpatient evaluation and counseling for children, adults and families whose primary language is Spanish. Services include:- Psychiatric evaluation- Medication management- Family therapy, individual and group therapy for childrenThis provider accepts Medicare as well as other insurance providers such as Medical Assistance, Community Behavioral Health, Cigna Health Springs, Keystone VIP First, Magellan Health Partners."""
966,"""Saturday from 09:00 to 17:00"""
967,"""Must have Medicare or Medical Assistance.', 'This program helps people who are older than 4 years old."""
968,Substance Use Disorder SUD Program (Department Of Veterans Affairs VA - Veterans Health Administration VHA)
969,39.9479816
970,GovernmentBenefits
971,NearHomeless
972,"""https://www.facebook.com/VeteransAffairs"""
973,"""https://www.twitter.com/@DeptVetAffairs"""
974,"""Substance Use Disorder SUD Program (Department Of Veterans Affairs VA - Veterans Health Administration VHA)_5367371355914240"""
975,"""Substance Use Disorder SUD Program (Department Of Veterans Affairs VA - Veterans Health Administration VHA)"""
976,"""3900 Woodland Avenue, Philadelphia, PA 19104"""
977,AB-Substance Use Disorder SUD Program (Department Of Veterans Affairs VA - Veterans Health Administration VHA)
978,P-Substance Use Disorder SUD Program (Department Of Veterans Affairs VA - Veterans Health Administration VHA)
979,"""tel:+1-800-273-8255"""
980,"""VHA Substance Use Disorder Program offers a number of options for all eligible veterans seeking treatment for substance use problems.  Available treatments address all types of problems related to substance use, from unhealthy use of alcohol to life-threatening addictions.This program provides:- First-time screening for alcohol or tobacco use in all care locations- Short outpatient counseling including focus on motivation- Intensive outpatient treatment- Residential (live-in) care- Medically managed detoxification (stopping substance use safely) and services to get stable- Continuing care and relapse prevention- Marriage and family counseling- Self-help groups- Drug substitution therapies and newer medicines to reduce cravingDecisions as to which services are provided and how intense they are will be based on the patient’s needs and desires.All veterans are encouraged to enroll in the VA Health Care System. To begin the process, please complete an Application for Health Care Benefits. You can submit the form online, or you may print the form to be mailed or brought to your local VA medical center or clinic."""
981,"""If you served in the active military, naval or air service and are separated under any condition other than dishonorable, you may qualify for VA health care benefits. Current and former members of the Reserves or National Guard who were called to active duty (other than for training only) by a federal order and completed the full period for which they were called or ordered to active duty may be eligible for VA health care as well."""
982,The Recovery & Education Center REC (Wedge Recovery Center)
983,"""The Recovery & Education Center REC (Wedge Recovery Center)_4689179354857472"""
984,"""The Recovery & Education Center REC (Wedge Recovery Center)"""
985,AB-The Recovery & Education Center REC (Wedge Recovery Center)
986,P-The Recovery & Education Center REC (Wedge Recovery Center)
987,Substance Use Treatment (Asociación Puertorriqueños en Marcha)
988,40.0158615
989,Portuguese
990,"""https://www.facebook.com/apmforeveryone"""
991,"""Substance Use Treatment (Asociación Puertorriqueños en Marcha)_5348732074983424"""
992,"""Substance Use Treatment (Asociación Puertorriqueños en Marcha)"""
993,"""4301 Rising Sun Avenue, Philadelphia, PA 19140"""
994,AB-Substance Use Treatment (Asociación Puertorriqueños en Marcha)
995,P-Substance Use Treatment (Asociación Puertorriqueños en Marcha)
996,"""tel:+1-267-296-7220"""
997,"""APM provides intensive and regular outpatient services to adolescents and adults with substance use and related disorders. Their staff are bilingual, culturally sensitive, and ready to meet the specific needs of individuals.Available services include: - Individual therapy sessions with a trained Substance use Counselor- Group sessions- Relapse prevention- Behavioral Health Education- Monthly Medication Management appointments with a physician- Medication Assisted Treatment (MAT) APM accepts Medicaid and offers a sliding fee scale based on income to uninsured patients. Contact one of the clinic locations to get started. Participants must complete the intake process, including urine screening and laboratories, and be examined by a therapist and physicians."""
998,"""Monday from 07:00 to 18:00"""
999,"""Thursday from 07:00 to 18:00"""
1000,"""Friday from 07:00 to 18:00"""
1001,"""Tuesday from 07:00 to 18:00"""
1002,"""Wednesday from 07:00 to 18:00"""
1003,"""This program serves adolescents and adults with substance use and related disorders."""
1004,Mental Health Services (Cognitive Behavioral Services)
1005,40.0014257
1006,"""https://www.facebook.com/cognitivebehavioralservicesinc/"""
1007,"""Mental Health Services (Cognitive Behavioral Services)_4806418992726016"""
1008,"""Mental Health Services (Cognitive Behavioral Services)"""
1009,"""3257 North 6th Street, Philadelphia, PA 19140"""
1010,AB-Mental Health Services (Cognitive Behavioral Services)
1011,P-Mental Health Services (Cognitive Behavioral Services)
1012,"""tel:+1-215-634-3976"""
1013,"""Cognitive Behavioral Services provides outpatient mental health evaluation and treatment to individuals and families in the Philadelphia area. Services include: - Psychiatric Evaluation- Psychotherapy- Medication Follow Ups- Couple and Family Therapy- Group Therapy- Anger Management Training- Dialectic Behavioral Therapy- Cognitive Therapy- Play Therapy- Stress Tolerance Skills Training- Mindfulness Skills TrainingCBS accepts Medicaid. Clients may call to schedule an appointment, or the provider takes walk-ins during all business hours."""
1014,"""Monday from 08:00 to 18:30"""
1015,"""Saturday from 06:00 to 10:00"""
1016,"""Wednesday from 08:00 to 18:30"""
1017,"""Thursday from 08:00 to 18:30"""
1018,"""Friday from 08:00 to 18:30"""
1019,"""Saturday from 08:00 to 17:00"""
1020,"""Tuesday from 08:00 to 18:30"""
1021,"""This program helps people who are older than 4 years old.', 'Must have Medicaid."""
1022,Hub of Hope (Project HOME)
1023,39.9542144
1024,HelpFillOutForms
1025,PersonalHygiene
1026,"""https://www.twitter.com/@ProjectHOME"""
1027,"""https://www.facebook.com/projectHOME/"""
1028,"""Hub of Hope (Project HOME)_5134319057633280"""
1029,"""Hub of Hope (Project HOME)"""
1030,"""1400 Arch Street, Philadelphia, PA 19102"""
1031,AB-Hub of Hope (Project HOME)
1032,P-Hub of Hope (Project HOME)
1033,"""tel:+1-215-309-5225"""
1034,"""The Hub of Hope offers a safe place where people who are experiencing homelessness can enjoy a warm cup of coffee, take a shower, wash their laundry, and speak to peers or resource coordinators and ultimately, begin the process of finding a permanent home.  In addition to social services, the Hub of Hope offers a range of health care services, including—primary medical care, behavioral health care, and reproductive health services.This program provides:- Primary care- Mental health care- Women's health- Help completing housing applications- Showers- Meals- Laundry facilities- One on one support- Meals on the weekend"""
1035,"""Monday from 07:00 to 16:00"""
1036,"""Tuesday from 07:00 to 16:00"""
1037,"""Wednesday from 07:00 to 16:00"""
1038,"""Friday from 07:00 to 16:00"""
1039,"""Thursday from 07:00 to 16:00"""
1040,Therapy (Equilibria Psychological and Consultation Services)
1041,39.9419167
1042,NearCapacity
1043,"""19151"""
1044,"""https://www.facebook.com/modernstrategiesllc"""
1045,"""Therapy (Equilibria Psychological and Consultation Services)_6619457166639104"""
1046,"""Therapy (Equilibria Psychological and Consultation Services)"""
1047,"""This program covers residents of the following cities: Voorhees, NJ, Willingboro, NJ, Exton, PA, Malvern, PA and Philadelphia, PA."""
1048,"""525 South 4th Street, Philadelphia, PA 19151"""
1049,AB-Therapy (Equilibria Psychological and Consultation Services)
1050,P-Therapy (Equilibria Psychological and Consultation Services)
1051,19151
1052,"""tel:+1-610-572-6288"""
1053,"""Modern Intervention Strategies offers services to couples, teens, and adults who are facing stress, depression, anxiety, or other mental health concerns. The program’s experienced, compassionate specialists help each patient find the treatment options that will work best for their unique situation.This program provides:- Anxiety treatment- Depression counseling- Couples counseling- Teen therapy- Trauma therapy- EMDR therapyA reduced cost rate of $100 per session is available. This program is near capacity."""
1054,"""This program helps people who are older than 12 years old."""
1055,Outpatient Mental Health Services (Child Guidance Resource Centers)
1056,39.9028317
1057,"""https://www.twitter.com/@_CGRC"""
1058,"""https://www.facebook.com/ChildGuidanceResourceCenters"""
1059,"""Outpatient Mental Health Services (Child Guidance Resource Centers)_6537179497758720"""
1060,"""Outpatient Mental Health Services (Child Guidance Resource Centers)"""
1061,"""2901 Island Avenue, Philadelphia, PA 19153"""
1062,AB-Outpatient Mental Health Services (Child Guidance Resource Centers)
1063,P-Outpatient Mental Health Services (Child Guidance Resource Centers)
1064,"""tel:+1-267-713-4100"""
1065,"""Child Guidance Resource Centers provide counseling services to children struggling with emotional, social, developmental or behavioral issues. Following a comprehensive assessment and consultation, we identify your child’s needs and make recommendations for treatment. Services include:- Individual therapy- Family therapy- Group therapy- Drug and alcohol therapy- Medication managementChild Guidance Outpatient Services accepts PA Medical Assistance (If you child is diagnosed with a mental health disability, you may qualify for Medical Assistance regardless of family income) and most commercial insurances.Please call our office for intake information and to verify which documents to bring from the list below."""
1066,"""This program helps people who are 2 to 21 years old.', 'Must have Medical Assistance (Medicaid)."""
1067,Substance Abuse Intensive Outpatient (Wedge Recovery Center)
1068,39.9381468
1069,40.0096804
1070,"""Substance Abuse Intensive Outpatient (Wedge Recovery Center)_5834656084918272"""
1071,"""Substance Abuse Intensive Outpatient (Wedge Recovery Center)"""
1072,"""5520 Chester Avenue, Philadelphia, PA 19143"""
1073,"""4243 Frankford Avenue, Philadelphia, PA 19124"""
1074,AB-Substance Abuse Intensive Outpatient (Wedge Recovery Center)
1075,P-Substance Abuse Intensive Outpatient (Wedge Recovery Center)
1076,"""The Wedge Substance Abuse Services offer Intensive Outpatient (IOP) and Outpatient (OP) programs. They offer a holistic and individualized approach to treatment with a shared goal of improving the quality of life of members.This program provides:- Group Counseling- Individual counseling- Medication-assisted treatment- Psychiatric evaluation- Case managementThe total length of time in therapy is unique for each person. The staff at the Wedge work to help individuals achieve their goals at the pace that works for each person in treatment. Intakes are offered Monday through Saturday. Urgent requests can often be accommodated quickly. Evening & Saturday group therapy sessions are also available. Medicare and Medicaid accepted. Please verify with insurance provider copays and which substance abuse services are covered. For those that are uninsured, financial help may be available through the Behavioral Health Special Initiative (BHSI) program."""
1077,Annex West Health Clinic (Family Practice & Counseling Network FPCN)
1078,39.9574429
1079,"""Annex West Health Clinic (Family Practice & Counseling Network FPCN)_5981253155946496"""
1080,"""Annex West Health Clinic (Family Practice & Counseling Network FPCN)"""
1081,"""6120-B Woodland Avenue, Philadelphia, PA 19142"""
1082,AB-Annex West Health Clinic (Family Practice & Counseling Network FPCN)
1083,P-Annex West Health Clinic (Family Practice & Counseling Network FPCN)
1084,"""tel:+1-215-727-4721"""
1085,"""Annex West Health Clinic offers many other services besides primary care. Adults and children have a single point of access for care that addresses all aspects of the person and family.Services provided:- Case management- Outreach and Health Insurance Enrollment- Medication Assisted Treatment- Rapid walk-in HIV testing- Mind/Body Practices (on a monthly basis)We accept Medicare, Medicaid, and most major insurances. For those without insurance, we offer services on a sliding scale."""
1086,"""Tuesday from 08:30 to 18:00"""
1087,"""Monday from 08:30 to 18:00"""
1088,"""Wednesday from 08:30 to 18:00"""
1089,"""Thursday from 08:30 to 18:00"""
1090,"""Friday from 08:30 to 18:00"""
1091,Community Counseling Services (Methodist Services)
1092,"""Community Counseling Services (Methodist Services)_5046363410661376"""
1093,"""Community Counseling Services (Methodist Services)"""
1094,AB-Community Counseling Services (Methodist Services)
1095,P-Community Counseling Services (Methodist Services)
1096,"Breastfeeding Support (Congreso de Latinos Unidos, Inc.)"
1097,39.9928854
1098,"""https://www.twitter.com/@Congreso1977"""
1099,"""https://www.facebook.com/Congreso1977/"""
1100,"""Breastfeeding Support (Congreso de Latinos Unidos, Inc.)_5007305272721408"""
1101,"""Breastfeeding Support (Congreso de Latinos Unidos, Inc.)"""
1102,"""216 West Somerset Street, Philadelphia, PA 19133"""
1103,"AB-Breastfeeding Support (Congreso de Latinos Unidos, Inc.)"
1104,"P-Breastfeeding Support (Congreso de Latinos Unidos, Inc.)"
1105,"""tel:+1-610-203-9840"""
1106,"""The Breast Feeding Support Service offers breast feeding education and support to pregnant and post-partum women. This program provides:- Breastfeeding education and information to pregnant clients - Individual and group sessions- Community outreach- Practical advice and encouragement to breastfeeding mothers on-site and by telephoneThe program is for Low-income pregnant and post-partum women, no insurance needed."""
1107,"""This program serves pregnant and post-partum women."""
1108,Women's Therapy Center (Women's Therapy Center Inc)
1109,39.9486858
1110,Full
1111,"""Women's Therapy Center (Women's Therapy Center Inc)_5001113916932096"""
1112,"""Women's Therapy Center (Women's Therapy Center Inc)"""
1113,"""215 South Broad Street, Philadelphia, PA 19107"""
1114,AB-Women's Therapy Center (Women's Therapy Center Inc)
1115,P-Women's Therapy Center (Women's Therapy Center Inc)
1116,"""tel:+1-215-567-1111"""
1117,"""Women's Therapy Center program offers individual psychotherapy, group psychotherapy, couples therapy (heterosexual, lesbian and trans couples), workshops and trainings, educational seminars and trainings for professionals, consultations to professional and potential clients, clinical supervision, practicum placements sites on a sliding-scale.This program provides:- Therapy services"""
1118,"""Friday from 07:00 to 21:00"""
1119,"""Wednesday from 07:00 to 21:00"""
1120,"""Monday from 07:00 to 21:00"""
1121,"""Tuesday from 07:00 to 21:00"",""Thursday from 07:00 to 21:00"""
1122,"""Saturday from 10:00 to 16:00"""
1123,"""Must meet income requirements."""
1124,CORE Group (Women Organized Against Rape)
1125,39.9542677
1126,"""https://www.facebook.com/woarphila/"""
1127,"""CORE Group (Women Organized Against Rape)_6621935621636096"""
1128,"""CORE Group (Women Organized Against Rape)"""
1129,AB-CORE Group (Women Organized Against Rape)
1130,P-CORE Group (Women Organized Against Rape)
1131,"""A 10-week open psycho-education group for adult survivors of sexual violence of any gender identification. Our CORE group covers topics, including: - Common reactions after a sexual violence experience- Coping skills/self-care- Anger- Guilt and self-blame- Relaxation techniquesThe goals of the CORE group focus on raising awareness of sexual violence, healing techniques, and connecting with other survivors for support. Group participants are asked not to share graphic sexual violent experiences in the group."""
1132,"""This program helps people who are older than 17 years old.', 'This program serves sexual assault survivors."""
1133,Outpatient Services (JEVS Human Services)
1134,40.0684785
1135,Transportation
1136,"""19114"""
1137,"""Outpatient Services (JEVS Human Services)_4531798560342016"""
1138,"""Outpatient Services (JEVS Human Services)"""
1139,"""9350 Ashton Road, Philadelphia, PA 19114"""
1140,AB-Outpatient Services (JEVS Human Services)
1141,P-Outpatient Services (JEVS Human Services)
1142,19114
1143,"""tel:+1-267-350-8646"""
1144,"""JEVS Behavioral Health Outpatient clinic works with individuals with mental health challenges.Services are customized to meet the unique needs of every person. This program provides:- Comprehensive biopsychosocial assessment, including risk assessment for suicide/violence, trauma and substance use- Psychiatric medication management [new and established individuals], medication education, including Clozaril treatment- Psychiatric diagnostic evaluations and re-evaluations- Individual therapy with psychiatrist and Master-level clinicians- Family therapy, including collateral family therapy- Group therapy- Linkage to and coordination with other services, supports and community resources- Therapeutic, evidence-based treatment practices including prolonged exposure (PE), cognitive enhanced therapy (CET), illness management and recovery (IMR)Community Behavioral Health (CBH), Medicare and self-paying sliding scale accepted"""
1145,"""Wednesday from 08:30 to 16:00"""
1146,"""Monday from 08:30 to 16:00"""
1147,"""Tuesday from 08:30 to 16:00"""
1148,"""Thursday from 08:30 to 16:00"""
1149,"""Friday from 08:30 to 16:00"""
1150,"""Adults 18 years of age and older who have a mental health diagnosis."""
1151,"Greenridge Counseling Center (Intercommunity Action, Inc. Interact)"
1152,40.033778
1153,"""https://www.facebook.com/IntercommunityAction"""
1154,"""https://www.twitter.com/@InteracINC"""
1155,"""Greenridge Counseling Center (Intercommunity Action, Inc. Interact)_5520149139423232"""
1156,"""Greenridge Counseling Center (Intercommunity Action, Inc. Interact)"""
1157,"""6122 Ridge Ave, Philadelphia, PA 19128"""
1158,"AB-Greenridge Counseling Center (Intercommunity Action, Inc. Interact)"
1159,"P-Greenridge Counseling Center (Intercommunity Action, Inc. Interact)"
1160,"""tel:+1-215-487-1330"""
1161,"""The Greenridge Counseling Center provides a range of behavioral health services to children and adults recovering from mental health challenges as well as people struggling with substance use issues. Our experienced staff includes psychiatrists, psychologists, social workers, and professional counselors who are trained to deal with your concerns using a wide range of evidence-based and evidence-informed therapeutic techniques in an outpatient office setting.Services:- Intake and referral- Individual, couples, family and group counseling- Comprehensive biopsychosocial evaluations- Psychotropic medication monitoringWe also provide crisis services on a walk-in basis including brief treatment and arrangements for psychiatric hospitalization if necessary.The Greenridge Counseling Center accepts Medicare and Medicaid. We also work to offer our services at a low-cost to clients with difficulty paying.Due to the ongoing COVID-19 pandemic, most of our services are being offered in a telehealth format at this time."""
1162,"""Monday from 08:30 to 20:00"""
1163,"""Wednesday from 08:30 to 20:00"""
1164,"""Tuesday from 08:30 to 20:00"""
1165,"""Thursday from 08:30 to 20:00"""
1166,"Community Integrated Recovery Center CIRC at Penrose (Citizens Acting Together Can Help, Inc.)"
1167,39.9088907
1168,"""19145"""
1169,"""https://www.facebook.com/CATCHIncPhilly"""
1170,"""https://www.twitter.com/@CatchInc"""
1171,"""Community Integrated Recovery Center CIRC at Penrose (Citizens Acting Together Can Help, Inc.)_4815968842022912"""
1172,"""Community Integrated Recovery Center CIRC at Penrose (Citizens Acting Together Can Help, Inc.)"""
1173,"""2401 Penrose Avenue, Philadelphia, PA 19145"""
1174,"AB-Community Integrated Recovery Center CIRC at Penrose (Citizens Acting Together Can Help, Inc.)"
1175,"P-Community Integrated Recovery Center CIRC at Penrose (Citizens Acting Together Can Help, Inc.)"
1176,19145
1177,"""tel:+1-215-336-6926"""
1178,"""""""Using clinical protocols and activities that promote the concepts of personal strengths and resiliency, these programs combine outpatient psychiatric services with community-oriented psychiatric rehabilitation servicesMembers work on skills which will help them achieve a variety of goals ranging from psychiatric symptom reduction to independent living and vocational/educational placement. Our dedicated staff uses a blend of best practices, recovery models, and a person-centered approach that builds coping and socialization proficiency. Services are provided on-site and in a community-based setting. We also offer psychiatric resources in the form of psychiatric evaluations, medication consultation, and medication managementMembers develop the skills needed to transition from early to later adulthood. This program works with a forensic population that requires many additional skills as they attempt to move away from an institutional lifestyle."""""""
1179,"""This program helps people who are 18 to 30 years old.', 'Our members must have a present, or a history of a, serious mental illness which includes the following diagnoses by a psychiatrist: schizophrenia, major mood disorder, psychotic disorder, schizoaffective disorder or borderline personality disorder. The person must also have a moderate to severe fun', 'Members must choose to participate in the program, be stable, absent of any withdrawal symptoms. The person must also be willing to come to the program"""
1180,Outpatient Mental Health Services (Gemma Services)
1181,39.9282567
1182,"""19142"""
1183,"""https://www.facebook.com/GemmaServices.org/"""
1184,"""Outpatient Mental Health Services (Gemma Services)_4731366039355392"""
1185,"""Outpatient Mental Health Services (Gemma Services)"""
1186,"""This program covers residents of the following counties: Montgomery County, PA and Philadelphia County, PA."""
1187,"""6517 Chester Avenue, Philadelphia, PA 19142"""
1188,AB-Outpatient Mental Health Services (Gemma Services)
1189,P-Outpatient Mental Health Services (Gemma Services)
1190,19142
1191,"""tel:+1-215-730-2326"""
1192,"""""""Gemma Services provides a wide variety of mental health services for children and teens from age 4 to 21This program provides:- Individual therapy- Trauma-focused cognitive-behavior therapy (TF-CBT)- Family therapy- Play therapy- Parent child interaction therapy (PCIT)- Psychiatric evaluation & medication managementGemma Services accepts Medicaid."""""""
1193,"""This program helps people who are 4 to 21 years old.', 'Must have Medicaid."""
1194,Lifeline (CORA Services)
1195,"""https://facebook.com/CORAServices"""
1196,"""Lifeline (CORA Services)_4853418483253248"""
1197,"""Lifeline (CORA Services)"""
1198,AB-Lifeline (CORA Services)
1199,P-Lifeline (CORA Services)
1200,"""""""Lifeline provides support and information services to pregnant or parenting teens and young adultsServices:- Initial assessment and service planning- Case management- Rotating 8 week parenting support sessions- Parenting education, pregnancy & labor education, access to resources- Delivers group workshops to prevent teen dating violence- Disseminates health information at community fairsTo access services, contact CORA’s Community Services Division to discuss your needs."""""""
1201,"""Services are available to young parents 21 or younger (males & females) who reside in Philadelphia County."""
1202,"Children's Outpatient Evaluation and Counseling (COMHAR, Inc.)"
1203,"""Children's Outpatient Evaluation and Counseling (COMHAR, Inc.)_5046548787101696"""
1204,"""Children's Outpatient Evaluation and Counseling (COMHAR, Inc.)"""
1205,"""2600 N. American Street, Philadelphia, PA 19133"""
1206,"AB-Children's Outpatient Evaluation and Counseling (COMHAR, Inc.)"
1207,"P-Children's Outpatient Evaluation and Counseling (COMHAR, Inc.)"
1208,"""""""COMHAR offers outpatient evaluation and counseling for youth beginning at age 5. Services are all focused on building familial strength and community support.  Services are available both for children with existing behavioral health diagnoses and for those whose families want them to be assessedThis program provides:- Psychiatric evaluation- Medication management- Family therapy- Individual and group therapyCOMHAR accepts Medicaid."""""""
1209,"""Friday from 08:00 to 21:00"""
1210,"""Free for individuals who are uninsured.', 'Must have Medicaid."""
1211,"Behavioral Health Services (Greater Phiuladelphia Health Action, Inc.)"
1212,39.9396061
1213,Preschoolers
1214,SchoolAgedChildren
1215,Toddlers
1216,"""https://www.facebook.com/Greater-Philadelphia-Health-Action-Inc-1343315085728047/"""
1217,"""Behavioral Health Services (Greater Phiuladelphia Health Action, Inc.)_4871932623978496"""
1218,"""Behavioral Health Services (Greater Phiuladelphia Health Action, Inc.)"""
1219,"""This program covers residents of the following counties: Delaware County, PA and Philadelphia County, PA."""
1220,"""5000 Woodland Avenue, Philadelphia, PA 19143"""
1221,"AB-Behavioral Health Services (Greater Phiuladelphia Health Action, Inc.)"
1222,"P-Behavioral Health Services (Greater Phiuladelphia Health Action, Inc.)"
1223,"""tel:+1-888-296-4742"""
1224,"""GPHA provides behavioral health treatment to patients dealing with mental and emotional challenges, addiction, or co-occurring disorders. We take a holistic approach to healthcare and recovery, which necessitates that each person have a healthy mind and body.This program provides: - Mental health care- Collaborative care- MAT (Medication Assistance Treatment)- Co-occurring disorders careGPHA accepts Medicare and Medicaid will not turn anyone away regardless of their ability to pay"""
1225,Case Management & Recovery Coaching (Merakey - Pennsylvania)
1226,39.9907137
1227,"""https://www.facebook.com/MerakeyOrg/"""
1228,"""Case Management & Recovery Coaching (Merakey - Pennsylvania)_6525374235410432"""
1229,"""Case Management & Recovery Coaching (Merakey - Pennsylvania)"""
1230,"""265 East Lehigh Avenue, Philadelphia, PA 19125"""
1231,AB-Case Management & Recovery Coaching (Merakey - Pennsylvania)
1232,P-Case Management & Recovery Coaching (Merakey - Pennsylvania)
1233,"""tel:+1-866-647-0020"""
1234,"""Case Management & Recovery Coaching Services are designed to provide individualized support to people who face mental health challenges.  Services provided in the community or in an individual’s home.This program provides:- Benefits Coordination- Coordination of Physical Health Care- Advocacy- Assistance Building and Accessing Natural Support- Housing Support and Maintenance- Crisis Prevention and Intervention- Resource Case ManagementThis service offers a combination of resource and intensive case management services. Individuals receive at least monthly face to face support from a case manager. Services can be provided more frequently if necessary. Services are provided 365 days per year, 24 hours a day by trained professional staff. An approved service plan determines the type of services needed and frequency of contacts. We accept Medicare. Please call us for more information."""
1235,Philadelphia Autism Center for Excellence PACE (NorthEast Treatment NET Centers)
1236,39.9608712
1237,"""19123"""
1238,"""https://www.facebook.com/NorthEastTreatmentCenters"""
1239,"""Philadelphia Autism Center for Excellence PACE (NorthEast Treatment NET Centers)_5683432568127488"""
1240,"""Philadelphia Autism Center for Excellence PACE (NorthEast Treatment NET Centers)"""
1241,"""499 N 5th St, Philadelphia, PA 19123"""
1242,AB-Philadelphia Autism Center for Excellence PACE (NorthEast Treatment NET Centers)
1243,P-Philadelphia Autism Center for Excellence PACE (NorthEast Treatment NET Centers)
1244,19123
1245,"""tel:+1-215-408-4944"""
1246,"""Philadelphia Autism Center for Excellence (PACE) offers an array of services for children diagnosed with an Autism Spectrum Disorder and their families.Services Include:- Diagnostic Evaluations- Care Level Evalutions- Outpatient Services- Social Skills Groups- Behavioral Consultation- Mobile Therapy- One-On-One Support- Resource Connection- Parent Training We accept those who have City of Philadelphia Medical Assistance Program Coverage (Medicaid). For more information or to make a referral, please contact us via phone."""
1247,"""This program serves children with autism and their families."""
1248,"Mobile Crisis (The Consortium, Inc.)"
1249,39.9595245
1250,"""19139"""
1251,"""Mobile Crisis (The Consortium, Inc.)_5632912957636608"""
1252,"""Mobile Crisis (The Consortium, Inc.)"""
1253,"""5501 Chestnut Street, Philadelphia, PA 19139"""
1254,"AB-Mobile Crisis (The Consortium, Inc.)"
1255,"P-Mobile Crisis (The Consortium, Inc.)"
1256,19139
1257,"""tel:+1-215-748-8400"""
1258,"""The Mobile Crisis Unit is designed to handle psychiatric emergencies for individuals 18 years and older and for businesses located in West and Southwest Philadelphia area. Services include but are not limited to: - On-site evaluations- Arranging voluntary and involuntary hospitalization- Crisis interventionThe Consortium accepts Medicaid and offers a sliding scale fee for low-income individuals. We don't turn anyone away."""
1259,"""This program helps people who are older than 18 years old.', 'Must meet income requirements or have Medicaid."""
1260,Counseling Services (Estadt Psychological Services)
1261,"""Counseling Services (Estadt Psychological Services)_4764254634508288"""
1262,"""Counseling Services (Estadt Psychological Services)"""
1263,AB-Counseling Services (Estadt Psychological Services)
1264,P-Counseling Services (Estadt Psychological Services)
1265,"""tel:+1-267-559-0471"""
1266,"""Estadt Psychological Services work with a wide range of emotional and behavioral issues providing services that span from therapy for depression and grief counseling to parenting support, couples counseling and beyond.  This program provides:- Individual counseling- Couples counseling- Family counselingTreatment specialization includes:- Therapy for depression and anxiety- Therapy for insomnia and other sleep-related problems- Therapy for psychological issues associated with medical problems- Couples counseling- Family counseling- Parenting support- Grief counseling- Work and career issues- Stress management- Addiction & recovery- Conflict resolutionThe fee for patients who elect to not use insurance is $150 for a 55 minute session. Reduced fee services are available for private pay patients on a limited basis."""
1267,"""Tuesday from 09:00 to 21:00"""
1268,"""Friday from 09:00 to 21:00"""
1269,"""Monday from 09:00 to 21:00"""
1270,"""Wednesday from 09:00 to 21:00"""
1271,"""Sunday from 09:00 to 14:00"""
1272,"""Thursday from 09:00 to 21:00"""
1273,Bureau of Blindness and Visual Services BBVS for Children (Pennsylvania Office of Vocational Rehabilitation)
1274,39.9516669
1275,AssistiveTechnology
1276,VisualImpairment
1277,DeafOrHardOfHearing
1278,"""https://www.twitter.com/@palaborindustry"""
1279,"""https://www.facebook.com/PALaborIndustry/"""
1280,"""Bureau of Blindness and Visual Services BBVS for Children (Pennsylvania Office of Vocational Rehabilitation)_5727931809923072"""
1281,"""Bureau of Blindness and Visual Services BBVS for Children (Pennsylvania Office of Vocational Rehabilitation)"""
1282,"""801 Market Street, Philadelphia, PA 19107"""
1283,AB-Bureau of Blindness and Visual Services BBVS for Children (Pennsylvania Office of Vocational Rehabilitation)
1284,P-Bureau of Blindness and Visual Services BBVS for Children (Pennsylvania Office of Vocational Rehabilitation)
1285,"""tel:+1-215-560-5700"""
1286,"""The Bureau of Blindness and Visual Services for Children provides assistance to children with visual impairments to ensure they reach their maximum educational and vocational potential. Services Provided:- Advocacy for educational services- Guidance and counseling for children and their families- Community orientation and mobility (travel) instruction- Children's summer programs- Adaptive equipmentMost programs are free while some are income-based. Please contact us via phone for more information."""
1287,"""Must be a resident of Pennsylvania.', 'We serve children with visual and hearing disabilities."""
1288,Outpatient Rehabilitation (Good Shepherd Rehabilitation)
1289,39.9569826
1290,"""https://www.twitter.com/@GSRN"""
1291,"""https://www.facebook.com/gsrehab/"""
1292,"""Outpatient Rehabilitation (Good Shepherd Rehabilitation)_5487477713010688"""
1293,"""Outpatient Rehabilitation (Good Shepherd Rehabilitation)"""
1294,"""3737 Market Street, Philadelphia, PA 19104"""
1295,AB-Outpatient Rehabilitation (Good Shepherd Rehabilitation)
1296,P-Outpatient Rehabilitation (Good Shepherd Rehabilitation)
1297,"""tel:+1-888-447-3422"""
1298,"""Good Shepherd Rehabilitation offers the Outpatient Rehabilitation program to provide treatment programs to help patients regain function following an injury, illness or surgery. Each treatment plan is individually developed with your specific goals and needs in mind.We provide:- Outpatient rehabilitationGood Shepherd Rehabilitation accepts Medicare."""
1299,"""Tuesday from 07:00 to 19:00"""
1300,"""Friday from 07:00 to 19:00"""
1301,"""Monday from 07:00 to 19:00"""
1302,"""Thursday from 07:00 to 19:00"""
1303,"""Wednesday from 07:00 to 19:00"""
1304,Chinese Immigrant Families Wellness Initiative CIFWI (Philadelphia Chinatown Development Corporation)
1305,39.95722
1306,"""https://www.facebook.com/phillychinatown/"""
1307,"""Chinese Immigrant Families Wellness Initiative CIFWI (Philadelphia Chinatown Development Corporation)_4815418956054528"""
1308,"""Chinese Immigrant Families Wellness Initiative CIFWI (Philadelphia Chinatown Development Corporation)"""
1309,"""301 North 9th Street, Philadelphia, PA 19107"""
1310,AB-Chinese Immigrant Families Wellness Initiative CIFWI (Philadelphia Chinatown Development Corporation)
1311,P-Chinese Immigrant Families Wellness Initiative CIFWI (Philadelphia Chinatown Development Corporation)
1312,"""tel:+1-215-922-6156"""
1313,"""CIFWI introduces mental and emotional health as a key component of health and community development. CIFWI builds the capacity to address local community needs, increases awareness of access to resources, and works with organizational and individual partners to meet people’s mental health needs where they are at.This program provides:- Access to wellness resources"""
1314,"""This program serves Chinese immigrant families."""
1315,Mobile Psychiatric Rehabilitation Service (Horizon House)
1316,"""Mobile Psychiatric Rehabilitation Service (Horizon House)_6235162526875648"""
1317,"""Mobile Psychiatric Rehabilitation Service (Horizon House)"""
1318,AB-Mobile Psychiatric Rehabilitation Service (Horizon House)
1319,P-Mobile Psychiatric Rehabilitation Service (Horizon House)
1320,"""tel:+1-215-748-8800"""
1321,"""Mobile Psychiatric Rehabilitation (MPR) is a service for adults with serious mental illness. Service is provided on site, in the individual’s location of choice, be it their home, school, work or elsewhere in the community. Mobile psychiatry is recovery/resiliency-oriented and time limited aimed at supporting individual functioning levels in four domains: living, learning, socializing and working. This service focuses on skill development and providing support for individuals to live independently in the community of their choice.Services offered:- Psychiatric support- Mobile servicesHorizon House accepts Medicare and Medicaid. Weekend hours are available as needed.For services in Philadelphia County, referrals are only received from Community Behavioral Health (CBH). Please call them at 1-888-545-2600, For services in Delaware County, referrals are made through – Horizon House Psychiatric Rehabilitation Assessment Specialist at 610-876-2403 or intensive case manager, case manager, therapist, Licensed Professional of the Healing Arts, self-referral or Delaware County Base Service Unit."""
1322,"""This program serves adults with serious mental illness.', 'Must have a referral to receive services."""
1323,Housing First Treatment Teams and the Housing First Model (Horizon House)
1324,39.9620586
1325,PrescriptionAssistance
1326,"""Housing First Treatment Teams and the Housing First Model (Horizon House)_4666716061171712"""
1327,"""Housing First Treatment Teams and the Housing First Model (Horizon House)"""
1328,"""5901 Market Street, Philadelphia, PA 19139"""
1329,AB-Housing First Treatment Teams and the Housing First Model (Horizon House)
1330,P-Housing First Treatment Teams and the Housing First Model (Horizon House)
1331,"""tel:+1-267-930-5412"""
1332,"""Housing First Treatment Teams provide support services using the models “Housing First” and “Assertive Community Treatment”. This program supports chronically homeless persons with behavioral health disorders who have not been able to address their behavioral health and/or drug and alcohol issues or maintain housing through more traditional treatment approaches.This program provides:- Crisis assessment and intervention 24/7- System assessment- Management and treatment- Prescription- Administration documentation and monitoring of medication- Mental health and/or addiction counseling (individual or group)- Activities of daily living instruction- Using public transportation- Assistance accessing benefits (medical, SSI or SSD, food stamps)- Education or employment assistance- Specialized counseling and therapyFor more information about services in Philadelphia County, please call 215-386-3838, ext. 12667. For more information about services in Delaware County, please call 610-328-1306."""
1333,"""This program serves people experiencing homelessness."""
1334,Women Veterans Health Care (Department Of Veterans Affairs VA - Veterans Health Administration VHA)
1335,WomensHealth
1336,"""Women Veterans Health Care (Department Of Veterans Affairs VA - Veterans Health Administration VHA)_5657856989462528"""
1337,"""Women Veterans Health Care (Department Of Veterans Affairs VA - Veterans Health Administration VHA)"""
1338,AB-Women Veterans Health Care (Department Of Veterans Affairs VA - Veterans Health Administration VHA)
1339,P-Women Veterans Health Care (Department Of Veterans Affairs VA - Veterans Health Administration VHA)
1340,"""tel:+1-855-829-6636"""
1341,"""The Women Veterans Health Care services address the health care needs of women Veterans and works to ensure that timely, equitable, high-quality, comprehensive health care services are provided in a sensitive and safe environment at VA health facilities nationwide. This program provides:- Comprehensive primary care- Nutrition counseling- Disease prevention and management- Sexual and reproductive health- Menopausal support- Health screenings- Mental health services - Prosthetic and sensory aid services- Referrals for therapy and rehabilitation Persons must be enrolled in VA Healthcare Benefits to receive these services. If they are not already enrolled, they can complete an application online and submit it online or print the form and mail or bring it to the local Veterans Affairs Medical Center."""
1342,"""This program serves Female Veterans.', 'Must have served in the active military, naval or air service and are separated under any condition other than dishonorable.', 'Current and former members of the Reserves or National Guard who were called to active duty (other than for training only) by a federal order and completed the full period for which they were called or ordered to active duty may be eligible for VA health care as well."""
1343,Hall Mercer Crisis Response Center at Pennsylvania Hospital Adults (University of Pennsylvania Perelman School of Medicine)
1344,39.9465712
1345,Bipolar
1346,Unemployed
1347,"""Hall Mercer Crisis Response Center at Pennsylvania Hospital Adults (University of Pennsylvania Perelman School of Medicine)_5018163688505344"""
1348,"""Hall Mercer Crisis Response Center at Pennsylvania Hospital Adults (University of Pennsylvania Perelman School of Medicine)"""
1349,"""245 South 8th Street, Philadelphia, PA 19107"""
1350,AB-Hall Mercer Crisis Response Center at Pennsylvania Hospital Adults (University of Pennsylvania Perelman School of Medicine)
1351,P-Hall Mercer Crisis Response Center at Pennsylvania Hospital Adults (University of Pennsylvania Perelman School of Medicine)
1352,"""tel:+1-215-829-5433"""
1353,"""Open 24 hours a day, the Crisis Response Center provides a safe, caring setting for people who have serious behavioral health problems such as bipolar disorder, major depression, anxiety disorders, schizophrenia or substance abuse. The Crisis Response Center is also appropriate for people with psychiatric problems who may be overwhelmed by homelessness, unemployment, legal or financial problems, or those experiencing the emotional consequences of physical illnesses such as HIV or AIDS.This program provides:- Mental health evaluation - Immediate care - Assistance making arrangements for inpatient or outpatient servicesPlease call the 24/hour crisis line for services."""
1354,"""Anyone in need can access this program."""
1355,Services to Foster Children SFC program (Juvenile Justice Center of Philadephia)
1356,"""Services to Foster Children SFC program (Juvenile Justice Center of Philadephia)_4821166195736576"""
1357,"""Services to Foster Children SFC program (Juvenile Justice Center of Philadephia)"""
1358,AB-Services to Foster Children SFC program (Juvenile Justice Center of Philadephia)
1359,P-Services to Foster Children SFC program (Juvenile Justice Center of Philadephia)
1360,"""Saturday from 06:00 to 14:00"""
1361,"""Friday from 09:00 to 14:00"""
1362,"""Thursday from 09:00 to 14:00"""
1363,"""Monday from 09:00 to 14:00"""
1364,"""Wednesday from 09:00 to 14:00"""
1365,"""Tuesday from 09:00 to 14:00"""
1366,"""Sunday from 06:00 to 14:00"""
1367,Behavioral Health Services program (Juvenile Justice Center of Philadephia)
1368,"""Behavioral Health Services program (Juvenile Justice Center of Philadephia)_5316353644822528"""
1369,"""Behavioral Health Services program (Juvenile Justice Center of Philadephia)"""
1370,AB-Behavioral Health Services program (Juvenile Justice Center of Philadephia)
1371,P-Behavioral Health Services program (Juvenile Justice Center of Philadephia)
1372,"""tel:+1-215-849-21125510"""
1373,"""As a part of a family-oriented agency, the clinic provides the most thorough approach to treatment in the least restrictive setting possible. Services include:- Psychiatric and psychological evaluations- Individual psychotherapy- Group psychotherapy- Family psychotherapy- Health rehabilitative services- Medication management- Parent and child interactive therapy- Behavioral interventions such as Cognitive Behavioral Therapy- Moderate levels of crisis intervention- Wrap around\"" services such as mobile therapy and in-home therapeutic support services, as neededDiagnoses served:- Severe trauma- Autism- Depression- PTSD- Other emotional or behavioral diagnosesJuvenile Justice Center Of Philadephia accepts Medicaid and Third Party insurances from most private health insurance plans for behavioral services."""
1374,"Mental Health Therapy (Julia Ferrence, MSW, LSSW.)"
1375,39.967587
1376,Students
1377,"""Mental Health Therapy (Julia Ferrence, MSW, LSSW.)_6074864257204224"""
1378,"""Mental Health Therapy (Julia Ferrence, MSW, LSSW.)"""
1379,"""2305 Fairmount Avenue, Philadelphia, PA 19130"""
1380,"AB-Mental Health Therapy (Julia Ferrence, MSW, LSSW.)"
1381,"P-Mental Health Therapy (Julia Ferrence, MSW, LSSW.)"
1382,"""tel:+1-267-399-1092"""
1383,"""Ms. Ferrence's therapeutic services address a range of potential mental and emotional issues. She utilizes a variety of well-tested techniques to help clients achieve and maintain mental and emotional wellbeing.Services:- Individual counseling- Couples counseling- Family counseling- Phone and video-based sessionsPlease call for a free consultation.Ms. Ferrence offers a sliding fee scale."""
1384,"Behavioral Health Services (Greater Philadelphia Health Action, Inc.)"
1385,"""Behavioral Health Services (Greater Philadelphia Health Action, Inc.)_4871932623978496"""
1386,"""Behavioral Health Services (Greater Philadelphia Health Action, Inc.)"""
1387,"AB-Behavioral Health Services (Greater Philadelphia Health Action, Inc.)"
1388,"P-Behavioral Health Services (Greater Philadelphia Health Action, Inc.)"
1389,Child and Adolescent Anxiety Disorders Clinic (Psychological Services Center at Temple University)
1390,39.9786317
1391,"""Child and Adolescent Anxiety Disorders Clinic (Psychological Services Center at Temple University)_4703518570971136"""
1392,"""Child and Adolescent Anxiety Disorders Clinic (Psychological Services Center at Temple University)"""
1393,"""1701 North 13th Street, Philadelphia, PA 19122"""
1394,AB-Child and Adolescent Anxiety Disorders Clinic (Psychological Services Center at Temple University)
1395,P-Child and Adolescent Anxiety Disorders Clinic (Psychological Services Center at Temple University)
1396,"""tel:+1-215-204-7165"""
1397,"""The Child and Adolescent Anxiety Disorders Clinic provides help for children who suffer from anxiety disorders. The clinic uses a cognitive behavioral therapy approach to treat anxiety and their standard treatment is 16 weeks, although the exact length varies based on the client’s needs.This program provides:- Cognitive behavioral therapyThe fee for therapy sessions for this clinic is determined based on a sliding scale depending on estimated annual household income and number of dependents."""
1398,"""This program helps people who are 7 to 17 years old.', 'Must meet the following guidelines: 1. This program serves children who suffer from excessive anxiety that interferes with academic or social activity.2. This program serves children living in the greater Philadelphia area."""
1399,Behavioral Health and Crisis Center (Children's Hospital of Philadelphia)
1400,39.9520268
1401,"""Behavioral Health and Crisis Center (Children's Hospital of Philadelphia)_6700859284914176"""
1402,"""Behavioral Health and Crisis Center (Children's Hospital of Philadelphia)"""
1403,"""501 South 54th Street, Philadelphia, PA 19143"""
1404,AB-Behavioral Health and Crisis Center (Children's Hospital of Philadelphia)
1405,P-Behavioral Health and Crisis Center (Children's Hospital of Philadelphia)
1406,"""tel:+1-445-428-5800"""
1407,"""The Behavioral Health and Crisis Center serves children with these acute needs and to provide hope and healing in a supportive environment. The Crisis Response Center is a 24/7 walk-in facility that evaluates children 5 to 17 years old with immediate mental health needs and provides short-term therapy so the youth is safe to return home and move into outpatient therapy for follow-up care.This program provides:- Crisis responseWithin the Crisis Response Center is a three-bed Crisis Stabilization Unit for youth who need additional time and treatment to be safe. CHOP provides financial assistance for medically necessary and emergency care to patients who meet the eligibility requirements. If CHOP determines that a patient is eligible, CHOP will waive 100% of the patient’s financial responsibility (after all applicable insurances and other government assistance)."""
1408,"""This program helps people who are 5 to 17 years old.', 'This program serves youth with immediate mental health needs.', 'To be eligible for financial assistance from CHOP, you must meet the following:- Have a total Household Income that does not exceed 400% of the Federal Poverty Guidelines.- Be either: uninsured or insured by an insurance company that participates with CHOP.- Reside in CHOP’s Primary Service Area.- Cooperate in qualifying for assistance from your state’s Medical Assistance (Medicaid), Children’s Health Insurance Program (CHIP), and/or other state programs, if potentially eligible for these programs.- Complete a CHOP Financial Assistance Application (Application) and provide required documentation."""
1409,Stabilization Treatment and Engagement Program (Prevention Point Philadelphia)
1410,"""Stabilization Treatment and Engagement Program (Prevention Point Philadelphia)_6459493034229760"""
1411,"""Stabilization Treatment and Engagement Program (Prevention Point Philadelphia)"""
1412,AB-Stabilization Treatment and Engagement Program (Prevention Point Philadelphia)
1413,P-Stabilization Treatment and Engagement Program (Prevention Point Philadelphia)
1414,"""Tuesday from 07:00 to 17:00"""
1415,"""Saturday from 07:00 to 15:00"""
1416,"""Sunday from 07:00 to 15:00"""
1417,John Bell Health Center (The Institute for Community Justice)
1418,39.9507133
1419,"""https://www.facebook.com/FIGHTPHL/"""
1420,"""https://www.twitter.com/@FIGHTPHL"""
1421,"""John Bell Health Center (The Institute for Community Justice)_5728175074312192"""
1422,"""John Bell Health Center (The Institute for Community Justice)"""
1423,"""1207 Chestnut Street, Philadelphia, PA 19107"""
1424,AB-John Bell Health Center (The Institute for Community Justice)
1425,P-John Bell Health Center (The Institute for Community Justice)
1426,"""tel:+1-267-725-0252"""
1427,"""The John Bell Health Center provides a safe space for people to access culturally competent, comprehensive primary medical care, regardless of the individual’s insurance status, ability to pay, or life circumstances. The team of compassionate providers focus on addressing each patient’s unique needs and challenges.This program provides:- Practitioner Examination- Medical History- Diagnostic Testing- Age Appropriate Cancer Screening- Routine Screening for Sexually Transmitted Infections, HIV, Hepatitis B and C with treatments as indicated- Screening and Preventative Care for Diabetes and Hypertension- Mental Health Screening and Referral- Nutrition Education- Smoking Cessation- Referrals for Specialty Care- Cervical and breast cancer screening- Case Management- Community Health Worker services- Behavioral Health Consultant- PrEP Counseling/ PrEP Assistance Program services- Rapid Hepatitis C & HIV Testing onsiteThe John Bell Health Center allows same-day scheduling as well as walk-ins for sick visits, while those who are able to adhere to appointments are encouraged to do so."""
1428,Therapy Services (Center For Families and Relationships)
1429,40.0566413
1430,"""19152"""
1431,"""https://www.twitter.com/@OfficialCFAR"""
1432,"""https://www.facebook.com/OfficialCFAR/"""
1433,"""Therapy Services (Center For Families and Relationships)_5421489638866944"""
1434,"""Therapy Services (Center For Families and Relationships)"""
1435,"""7901 Bustleton Avenue Suite 300, Philadelphia, PA 19152"""
1436,AB-Therapy Services (Center For Families and Relationships)
1437,P-Therapy Services (Center For Families and Relationships)
1438,19152
1439,"""tel:+1-215-537-5367"""
1440,"""""""CFAR provides a range of therapy services to individuals and families in need. Clients work one-on-one with a therapist for a variety of reasons, ranging from dealing with depression and/or anxiety, previous trauma, major life challenges, personal growth or greater self-understandingServices:- Individual Therapy- Family Therapy- Couples Therapy- Group Therapy- Art Therapy- Play Therapy- Evidenced Based Practices (Eco-Systemic Structural Family Therapy (ESFT), Trauma-Focused Cognitive Behavioral Therapy (TF-CBT) and Prolonged Exposure (PE)- Psychiatric Evaluations and Medication ManagementThis program accepts Medicaid recipients, and also offers a sliding scale payment plan based on income for uninsured patientsAll initial assessment/intake appointments are being conducted in person.  Once assessed the client has the option to receive in-person or telehealth services at this time."""""""
1441,Substance Abuse Intervention (Women In Transition)
1442,39.9510059
1443,"""https://www.facebook.com/WomenInTransitionPhilly/"""
1444,"""Substance Abuse Intervention (Women In Transition)_6615452957540352"""
1445,"""Substance Abuse Intervention (Women In Transition)"""
1446,"""718 Arch St Suite 401N, Philadelphia, PA 19106"""
1447,AB-Substance Abuse Intervention (Women In Transition)
1448,P-Substance Abuse Intervention (Women In Transition)
1449,"""Substance Abuse Intervention is not a 12-step program, nor is it faith-based, however, we are respectful of each individual's spirituality. We do not require drug tests, but we do ask that you refrain from using drugs or alcohol before you come to your counseling or group sessions.Services Include:- Empowerment counseling for recoveryOur service model recognizes that change and recovery are a process and integrates the concepts of harm reduction into trauma-informed empowerment so that we can better address both relationship violence and substance abuse. Our safe and supportive services help women increase self-esteem and personal awareness about practical issues which are key to a woman’s recovery. Services are free and confidential. For more information call 215-751-1111."""
1450,Free Therapy (Black Brain Campaign)
1451,39.9595251
1452,"""https://www.facebook.com/TheBlackBrainCampaign/"""
1453,"""Free Therapy (Black Brain Campaign)_5993602242183168"""
1454,"""Free Therapy (Black Brain Campaign)"""
1455,"""5429 Chestnut Street, Philadelphia, PA 19139"""
1456,AB-Free Therapy (Black Brain Campaign)
1457,P-Free Therapy (Black Brain Campaign)
1458,"""tel:+1-888-245-8488"""
1459,"""tel:+1-267-292-2287"""
1460,"""The Black Brain Campaign is geared to help the community learn more about mental health and to advocate to ensure treatment is provided with cultural humility. In an effort to reduce the stigma and improve the mental health in the community, the Black Brain Campaign provides free therapy for individuals and families.This program provides:- Individual counseling- Family counselingThis program consists of 12 free sessions. Visit the website to learn more, and to complete the initial intake form."""
1461,"""This program serves individuals and families."""
1462,Drug and Alcohol (Substance Use Disorder) Residential Rehabilitation (Horizon House)
1463,"""Drug and Alcohol (Substance Use Disorder) Residential Rehabilitation (Horizon House)_5145071801860096"""
1464,"""Drug and Alcohol (Substance Use Disorder) Residential Rehabilitation (Horizon House)"""
1465,AB-Drug and Alcohol (Substance Use Disorder) Residential Rehabilitation (Horizon House)
1466,P-Drug and Alcohol (Substance Use Disorder) Residential Rehabilitation (Horizon House)
1467,"""""""At Horizon House we focus on an individual’s re-socialization and engage the entire community—other residents, staff, and social context—as components of treatment. The residential treatment model is a therapeutic community with planned lengths of stay between 6 and 12 months. Addiction treatment focuses on developing personal accountability, responsibility, and living a socially productive life. Treatment is highly structured and may be confrontational at times. Activities are tailored for individuals to examine their damaging beliefs, self-concept, and destructive patterns of behavior, so they may adopt positive, constructive and harmonious ways to treat themselves and othersServices offered:- Residential treatment- Short-term housing- Recreation and activities- Substance abuse rehabilitationWe accept Medicare and Medicaid."""""""
1468,"""This program helps people who are older than 17 years old.', 'Must have Medicare or Medicaid."""
1469,Counseling (Feast of Justice)
1470,40.037247
1471,Covid19
1472,"""19149"""
1473,"""https://www.facebook.com/FeastOfJusticePhiladelphia/"""
1474,"""Counseling (Feast of Justice)_6281856067305472"""
1475,"""Counseling (Feast of Justice)"""
1476,"""3101 Tyson Ave, Philadelphia, PA, United States, Pennsylvania"""
1477,AB-Counseling (Feast of Justice)
1478,P-Counseling (Feast of Justice)
1479,19149
1480,"""tel:+1-215-268-3510"""
1481,"""In partnership with Thomas Jefferson University, Feast of Justice will begin to offer free telehealth counseling sessions as a way to provide support for stresses and anxieties associated with the coronavirus pandemic. This is a chance to speak with a counselor to help process feelings of grief, worry, and loss, as well as some physical symptoms that are associated with trauma.This program provides:- Virtual counseling If you are interested, please leave a message on the counseling help line: 215-305-9824. The program will connect you with a counselor who can meet with you over a secure phone line or on a secure video call. The counselors can provide up to three sessions free of charge to support you."""
1482,"""Thursday from 05:30 to 19:00"""
1483,"""Friday from 10:00 to 11:30"""
1484,"""Tuesday from 09:00 to 12:00"""
1485,"""Wednesday from 16:00 to 19:00"""
1486,"Outpatient Treatment at The Welcome Center (COMHAR, INC.)"
1487,39.9929845
1488,"""Outpatient Treatment at The Welcome Center (COMHAR, INC.)_6496970945593344"""
1489,"""Outpatient Treatment at The Welcome Center (COMHAR, INC.)"""
1490,"""2055 East Allegheny Avenue, Philadelphia, PA 19134"""
1491,"AB-Outpatient Treatment at The Welcome Center (COMHAR, INC.)"
1492,"P-Outpatient Treatment at The Welcome Center (COMHAR, INC.)"
1493,"""tel:+1-215-427-5800"""
1494,"""COMHAR offers outpatient services to clients to maintain normal activities and relationships with family, community, workplace or school. This program provides:- Psychiatric evaluation- Psychotherapy for individuals, groups and families- Medication assessment and monitoring- Identification of need for other services- Referral to community resourcesThis program accepts Medical Assistance and Medicare."""
1495,"""Wednesday from 09:00 to 11:00"""
1496,"""Tuesday from 12:30 to 15:00"""
1497,"""Monday from 09:00 to 11:00"""
1498,"""Thursday from 12:30 to 15:00"""
1499,"""This program helps people who are older than 6 years old.', 'Must have Medicare or insurance."""
1500,Rising Sun Health Center (Public Health Management Corporation)
1501,40.0369979
1502,Vaccinations
1503,"""19120"""
1504,"""Rising Sun Health Center (Public Health Management Corporation)_5681174451060736"""
1505,"""Rising Sun Health Center (Public Health Management Corporation)"""
1506,"""5675 North Front Street, Philadelphia, PA 19120"""
1507,AB-Rising Sun Health Center (Public Health Management Corporation)
1508,P-Rising Sun Health Center (Public Health Management Corporation)
1509,19120
1510,"""tel:+1-855-887-9229"""
1511,"""The Rising Sun Health Center provides high-quality, affordable health care to patients of all ages. Staffed by nurse practitioners and other health professionals, the health center provides friendly, convenient care designed to meet patients' needs. Spanish-speaking staff are available.This program provides:- Adult and pediatric primary care- Family planning- Women’s healthcare services- Immunizations and flu shots- Behavioral health and trauma based counseling- HIV and Hepatitis C testing, counseling, and treatment- Management of chronic health conditions including diabetes, hypertension, asthma and others- Health and nutrition counseling- Clinical social workers- Addiction medication- Medical case management- Peer recovery services, referral navigation, health insurance assistance- Social services assistance (SNAP, housing, insurance, utilities, legal etc.)Rising Sun Health Center accepts Medicare and Medicaid. They also offer a sliding fee scale for uninsured patients. All patients will be seen regardless of their ability to pay.Walk-ins are welcome and same day appointments are available. For more information or to schedule an appointment, please call the office."""
1512,"""Friday from 07:30 to 17:00"""
1513,"""Wednesday from 07:30 to 17:00"""
1514,"""Thursday from 07:30 to 17:00"""
1515,"""Tuesday from 07:30 to 17:00"""
1516,"""Monday from 07:30 to 17:00"""
1517,Mental Health Walk-In Clinic (Merakey - Pennsylvania)
1518,40.0006951
1519,"""https://www.facebook.com/MerakeyOrg"""
1520,"""Mental Health Walk-In Clinic (Merakey - Pennsylvania)_4730912096780288"""
1521,"""Mental Health Walk-In Clinic (Merakey - Pennsylvania)"""
1522,"""3125 North Broad Street, Philadelphia, PA 19132"""
1523,AB-Mental Health Walk-In Clinic (Merakey - Pennsylvania)
1524,P-Mental Health Walk-In Clinic (Merakey - Pennsylvania)
1525,"""tel:+1-267-219-8801"""
1526,"""The Mental Health Walk-In Clinic is Philadelphia’s first and only behavioral health urgent care for adults (18+) needing same-day mental health care that is not an emergency.This program provides:- Mental health careSupport services include:- Depression/Anxiety/Stress/Grief- De-escalation and stabilization- Mood disturbances- Medication issues- Short-term prescriptions- Care Coordination- Solution-focused brief therapy- Psychiatric Evaluation- Peer support- Short term case management- Warm hand offs- Substance Use Assessments and referrals (ASAM)- Referrals to follow-up services and community resourcesMerakey can serve individuals regardless of insurance or ability to pay."""
1527,"""Saturday from 11:00 to 18:00"""
1528,"""Friday from 11:00 to 18:00"""
1529,"""Monday from 11:00 to 18:00"""
1530,"""Tuesday from 11:00 to 18:00"""
1531,"""Wednesday from 11:00 to 18:00"""
1532,"""Thursday from 11:00 to 18:00"""
1533,"""Sunday from 11:00 to 18:00"""
1534,"""This program helps people who are older than 17 years old.', 'This program serves adults needing same-day mental health care that is not an emergency."""
1535,Psychology Services (Children's Hospital of Philadelphia)
1536,Cancer
1537,"""Psychology Services (Children's Hospital of Philadelphia)_5264854425534464"""
1538,"""Psychology Services (Children's Hospital of Philadelphia)"""
1539,"""3401 Civic Center Boulevard, Philadelphia, PA 19104"""
1540,AB-Psychology Services (Children's Hospital of Philadelphia)
1541,P-Psychology Services (Children's Hospital of Philadelphia)
1542,"""tel:+1-215-590-7555"""
1543,"""Our pediatric psychologists specialize in providing assessment, intervention and consultation services to children who need help adjusting to a diagnosis, adhering to treatment, or who may require support related to the trauma of their illness or procedure.Services:- Cognitive and developmental assessments- Neuropsychological evaluations- Evaluation of emotional, social and family functioning- Child therapy- Family therapy- Pain and stress reduction approachesWe accept Medicare and Medical Assistance of PA and NJ."""
1544,"""This program helps people who are younger than 18 years old.', 'Must have Medicare or Medical Assistance."""
1545,"Chronic Disease Management (Greater Philadelphia Health Action, Inc.)"
1546,"""Chronic Disease Management (Greater Philadelphia Health Action, Inc.)_4548750494924800"""
1547,"""Chronic Disease Management (Greater Philadelphia Health Action, Inc.)"""
1548,"AB-Chronic Disease Management (Greater Philadelphia Health Action, Inc.)"
1549,"P-Chronic Disease Management (Greater Philadelphia Health Action, Inc.)"
1550,"""GPHA provides complete diagnostic and management services for all chronic diseases. Their specialists believe that patients living with chronic disease deserve the finest healthcare available.This program provides confidential and comprehensive services including:- Confidential testing- Long-term primary medical care- Mental health counseling- The latest therapeutics and treatments- Thorough medical evaluations- Access to infectious disease specialists and a network of support They offer complete care for chronic diseases such as:- Arthritic conditions- Asthma- Chronic obstructive pulmonary disease (COPD)- Diabetes- Heart disease- HIV and AIDS- Kidney disease- Viral hepatitis (hepatitis B and C)GPHA accepts Medicare and Medicaid, and offers a sliding fee scale based on income to uninsured patients. GPHA seeks to meet the needs of a diverse population, regardless of their ability to pay."""
1551,"""Saturday from 08:30 to 15:00"""
1552,Counseling Services (Women Organized Against Rape)
1553,"""https://www.twitter.com/@WOARphila"""
1554,"""Counseling Services (Women Organized Against Rape)_5117985614200832"""
1555,"""Counseling Services (Women Organized Against Rape)"""
1556,"""1617 John F Kennedy Boulevard, Philadelphia, PA 19103"""
1557,AB-Counseling Services (Women Organized Against Rape)
1558,P-Counseling Services (Women Organized Against Rape)
1559,"""Our counseling services provides support and aid to anyone who has experience sexual abuse. WOAR staff are here to help each client and support their needs.Services include:- Group and individual counseling- 24/7 Support hotlineIn the effort to mitigate the spread of COVID-19, WOAR is working remotely and virtually to provide 24-hour crisis services and counseling. Our team will continue to work this way until further notice. Our Hotline operates 24/7 at 215-985-3333. Our WOAR office is open Monday-Friday 9-5pm. Evening appointments are based on staff availability and can be made by arrangement. Once counseling begins, the scheduling of ongoing sessions is the responsibility of the client and Counselor."""
1560,"Parent-Child Interaction Therapy PCIT (Intercommunity Action, Inc. Interact)"
1561,"""Parent-Child Interaction Therapy PCIT (Intercommunity Action, Inc. Interact)_6149194946707456"""
1562,"""Parent-Child Interaction Therapy PCIT (Intercommunity Action, Inc. Interact)"""
1563,"AB-Parent-Child Interaction Therapy PCIT (Intercommunity Action, Inc. Interact)"
1564,"P-Parent-Child Interaction Therapy PCIT (Intercommunity Action, Inc. Interact)"
1565,"""Greenridge Counseling Center is proud to offer evidence-based services for families with children who display disruptive behavior problems. Services offered: - Parent-Child Interaction Therapy (PCIT)Greenridge Counseling Center offers free and low-cost services to those who cannot pay."""
1566,Y-HEP Health Center (The Institute for Community Justice)
1567,39.9485135
1568,"""https://www.facebook.com/Philadelphia-FIGHT-80411861715/"""
1569,"""Y-HEP Health Center (The Institute for Community Justice)_5293665455964160"""
1570,"""Y-HEP Health Center (The Institute for Community Justice)"""
1571,"""1207 Chestnut Street 5th floor, Philadelphia, PA 19107"""
1572,AB-Y-HEP Health Center (The Institute for Community Justice)
1573,P-Y-HEP Health Center (The Institute for Community Justice)
1574,"""tel:+1-215-344-1632"""
1575,"""The Y-HEP Health Center offers an inclusive, trauma-informed, gender affirming approach to healthcare for adolescents and young adults (ages 13-24).Services provided include: Primary Care:- Physical exams- Sick and well visits- Vaccinations- On-site Blood-work/Lab testing- Care for chronic conditions (like asthma or diabetes)- Referrals to specialists- Nutritionist Visits- Mental health screening and referrals- Gender-affirming hormone therapySexual and Reproductive Health:- STD testing and treatment- Rapid HIV and Hep C testing- Birth control, including Nexplanon placement and removal- Emergency Contraception (Plan B)- Pregnancy testing and options counseling- Pelvic exams- Pap smears and anal HPV screening- Pre-Exposure Prophylaxis (PrEP) for HIV Prevention- Post-Exposure Prophylaxis (PEP) for HIV PreventionAdditional Services:- BenePhilly Counselor (insurance enrollment, food stamps, benefits)- Behavioral Health Consultant- Case Management- Community Health Worker- PrEP Counselor / PrEP Assistance ProgramThe Y-HEP Health Center’s mission is to improve health outcomes and expand access to healthcare for all youth, regardless of insurance status or ability to pay.Y-HEP allows same-day scheduling as well as walk-ins for sick visits, while those who are able to adhere to appointments are encouraged to do so."""
1576,"""This program helps people who are 13 to 24 years old."""
1577,Create (Child Guidance Resource Centers)
1578,"""Create (Child Guidance Resource Centers)_4566562926493696"""
1579,"""Create (Child Guidance Resource Centers)"""
1580,"""This program covers residents of the following counties: Chester County, PA, Delaware County, PA, Montgomery County, PA and Philadelphia County, PA."""
1581,AB-Create (Child Guidance Resource Centers)
1582,P-Create (Child Guidance Resource Centers)
1583,"""CREATE is a year round, innovative group outpatient service for children and young adults with a diagnosis of autism. Participants will build social and communication skills, improve problem solving and emotional regulation, and enhance flexibility and motivation. Each day in CREATE, every child will participate in evidence-based interactive therapies including:- ABA (Applied Behavior Analysis)- PRT (Pivotal Response Therapy)- Hidden Curriculum- QuestTM- Social ThinkingTM- social stories- behavior mappingFamily therapy and parent workshops are also a component of CREATE. CREATE is an outpatient service, so anyone can make refer someone. Parents, teachers, pediatricians, grandparents, clinicians, case managers, anyone can make a referral, even clients themselves!CREATE is covered by Medical Assistance and most private insurance plans. In most cases, transportation is provided."""
1584,"""This program helps people who are 3 to 21 years old.', 'Must have an Autism diagnosis."""
1585,"Behavioral Health Rehabilitation Service (Citizens Acting Together Can Help, Inc.)"
1586,39.9328637
1587,"""19146"""
1588,"""https://www.facebook.com/CATCHIncPhilly/"""
1589,"""Behavioral Health Rehabilitation Service (Citizens Acting Together Can Help, Inc.)_4843286709927936"""
1590,"""Behavioral Health Rehabilitation Service (Citizens Acting Together Can Help, Inc.)"""
1591,"""1400 Reed Street, Philadelphia, PA 19146"""
1592,"AB-Behavioral Health Rehabilitation Service (Citizens Acting Together Can Help, Inc.)"
1593,"P-Behavioral Health Rehabilitation Service (Citizens Acting Together Can Help, Inc.)"
1594,19146
1595,"""tel:+1-215-755-0500"""
1596,"""Our Behavioral Health Rehabilitation Service provides holistic, child-centered, and family focused services for school-age children and adolescents with complicated and serious behavioral health needs, including Autistic Spectrum Disorder. The BHRS Department is comprised of a highly trained team of professionals who use a variety of therapeutic skills in a community setting to help consumers achieve their goals. In addition, consumers may be offered, as part of their treatment, psychiatric/ psychological evaluations, psychological testing and medication management conducted by our board certified psychologist and, if appropriate, a board certified child psychiatrist.Services Provided:- In Home Therapeutic Support Staff – Provides the bulk of the BHRS Services administered outside of school by working to redirect the child to more appropriate behaviors or responses based on what is called for in the treatment plan- In School Therapeutic Support Staff – Provides the bulk of the BHRS Services administered during school hours by working to redirect the child to more appropriate behaviors or responses based on what is called for in the treatment plan- Mobile Therapist – Provides individual therapy to the child in a non-traditional setting such as the home or some other community setting- Behavioral Specialist Consultant – Responsible for writing the treatment plan and working with the MT and TSS to implement, update and carry out the objectives of the treatment planEligibility: - Program is for patients age 5 to 13- Must be a Philadelphia residentConsumers are referred to us by CBH. We also accept self referrals."""
1597,"""This program helps people who are 5 to 13 years old.', 'Must have Medicaid or CBH insurance."""
1598,Child and Family Behavioral Health Services Outpatient (University of Pennsylvania Perelman School of Medicine)
1599,39.9465396
1600,"""https://www.twitter.com/https://twitter.com/MFCPenn"""
1601,"""https://www.facebook.com/MFCPenn/"""
1602,"""Child and Family Behavioral Health Services Outpatient (University of Pennsylvania Perelman School of Medicine)_6344585237495808"""
1603,"""Child and Family Behavioral Health Services Outpatient (University of Pennsylvania Perelman School of Medicine)"""
1604,AB-Child and Family Behavioral Health Services Outpatient (University of Pennsylvania Perelman School of Medicine)
1605,P-Child and Family Behavioral Health Services Outpatient (University of Pennsylvania Perelman School of Medicine)
1606,"""tel:+1-215-829-7271"""
1607,"""Child and Family Outpatient Services provide mental health evaluations and treatment to children and adolescents ages 3-18 and their families, who are residents of Philadelphia.Services available:- Mental health evaluation- Behavioral health treatmentReferrals are received from area public, parochial and private schools, social service agencies, pediatricians, health centers, managed care organizations (primarily Community Behavioral Health), police, courts, and residents.Hall-Mercer Community Behavioral Health Center offers Mental Health services for those clients who are eligible for Medical Assistance in Philadelphia County. Fee for Service Medicare is also accepted for those who live in Hall Mercer's catchment area. Self-pay on a sliding-scale is also an option for receiving services."""
1608,"""This program helps people who are 3 to 18 years old.', 'Must be resident of Philadelphia"""
1609,Bilingual Domestic Violence Program - Hotline (Lutheran Settlement House)
1610,39.9714539
1611,HelpHotlines
1612,"""https://www.twitter.com/@LSH1902"""
1613,"""https://www.facebook.com/pages/Lutheran-Settlement-House/152800584747421"""
1614,"""Bilingual Domestic Violence Program - Hotline (Lutheran Settlement House)_4746723003990016"""
1615,"""Bilingual Domestic Violence Program - Hotline (Lutheran Settlement House)"""
1616,"""1340 Frankford Ave, Philadelphia, PA, United States, Pennsylvania"""
1617,AB-Bilingual Domestic Violence Program - Hotline (Lutheran Settlement House)
1618,P-Bilingual Domestic Violence Program - Hotline (Lutheran Settlement House)
1619,"""tel:+1-866-723-3014"""
1620,"""""""The Bilingual Domestic Violence Program collaborates with other domestic violence programs and the City of Philadelphia to operate the Philadelphia Domestic Violence Hotline which provides the following for victims of domestic and dating abuse:Services include:- Crisis intervention- Counseling- Safety planning- Referrals for domestic abuse services and other needsThe hotline is toll free and is answered by trained counselors 24-hours a day and offers services in multiple languages. The hotline is also covered by local agencies Congreso de Latinos, Women in Transition, and Women Against Abuse."""""""
1621,Mental Health Services (The City of Philadelphia Department of Behavioral Health and Intellectual Disability Services)
1622,39.9521671
1623,"""https://www.facebook.com/pages/Philadelphia-PA/City-of-Philadelphia/23587514958"""
1624,"""Mental Health Services (The City of Philadelphia Department of Behavioral Health and Intellectual Disability Services)_5809062152503296"""
1625,"""Mental Health Services (The City of Philadelphia Department of Behavioral Health and Intellectual Disability Services)"""
1626,"""1101 Market St 7th Floor, Philadelphia, PA 19107"""
1627,AB-Mental Health Services (The City of Philadelphia Department of Behavioral Health and Intellectual Disability Services)
1628,P-Mental Health Services (The City of Philadelphia Department of Behavioral Health and Intellectual Disability Services)
1629,"""tel:+1-888-545-2600"""
1630,"""DBHIDS offers help accessing and navigating mental health services for yourself, a family member or a significant other.Sensitive and trained staff are available to assist with general information and referral resources for services such as:- Case Management- Housing Supports- Homelessness Outreach- Mental Health Court- Criminal Justice supports- Family Supports- Other mental health-related supportsIf you are a Philadelphian that is uninsured or underinsured call 215-685-5400. If you are Medicaid eligible call 888-545-2600. Services are available regardless of your ability to pay.*Effective immediately, and until further notice, CBH’s administrative offices will not receive visitors. Please call if you're seeking services.*"""
1631,Mental Health Outpatient Services (Wedge Recovery Center)
1632,40.0280366
1633,39.9256681
1634,"""Mental Health Outpatient Services (Wedge Recovery Center)_6032627249184768"""
1635,"""Mental Health Outpatient Services (Wedge Recovery Center)"""
1636,"""1939 South Juniper Street, Philadelphia, PA 19148"""
1637,"""4913 North Broad Street, Philadelphia, PA 19141"""
1638,AB-Mental Health Outpatient Services (Wedge Recovery Center)
1639,P-Mental Health Outpatient Services (Wedge Recovery Center)
1640,"""Wedge Recovery Center's Outpatient Mental Health Services treat a wide range of mental health issues such as depression, anxiety, bipolar disorder, and ADHD. We preform a full psychiatric evaluation and assign a therapist to each client to personalize their care and recovery. Our Professional, trained staff offer services that includes:- Evaluation- Individualized treatment care - Family, couple, and group therapyWedge Recovery Center accepts Medicaid. An individual can schedule for an intake/assessment appointment in advance or walk-in."""
1641,"""Must have Medicaid."""
1642,Children's Mental Health Crisis Services (Philadelphia Children’s Crisis Response Center)
1643,40.012558
1644,"""19129"""
1645,"""https://www.facebook.com/philachildrenscrc"""
1646,"""Children's Mental Health Crisis Services (Philadelphia Children’s Crisis Response Center)_5405395361988608"""
1647,"""Children's Mental Health Crisis Services (Philadelphia Children’s Crisis Response Center)"""
1648,"""3300 Henry Avenue, Philadelphia, PA 19129"""
1649,AB-Children's Mental Health Crisis Services (Philadelphia Children’s Crisis Response Center)
1650,P-Children's Mental Health Crisis Services (Philadelphia Children’s Crisis Response Center)
1651,19129
1652,"""tel:+1-877-203-2491"""
1653,"""Philadelphia Children’s Crisis Response Center provides the on-site Crisis Stabilization Unit (CSU) as an option for children and young adults experiencing extreme distress who can benefit from an intensive, short-term, coordinated treatment experience. This program provides:- Mental health assessmentDepending upon the results of this assessment, we may recommend the following services:- Therapeutic stabilization- Admission into our on-site Crisis Stabilization Unit (CSU) - Referral to appropriate level of care - Crisis/aftercare planning Typical length of stay is three to five days. If you are members of Community Behavioral Health (Philadelphia’s Medicaid behavioral health program), then treatment is provided at no cost to the patient."""
1654,"""This program helps people who are 3 to 17 years old.', 'Must be a member of Community Behavioral Health."""
1655,Vocational Rehabilitation Services (Pennsylvania Office of Vocational Rehabilitation)
1656,UnderstandDisability
1657,TranslationAndInterpretation
1658,HelpPayForHousing
1659,SafetyEducation
1660,"""Vocational Rehabilitation Services (Pennsylvania Office of Vocational Rehabilitation)_5488077389955072"""
1661,"""Vocational Rehabilitation Services (Pennsylvania Office of Vocational Rehabilitation)"""
1662,AB-Vocational Rehabilitation Services (Pennsylvania Office of Vocational Rehabilitation)
1663,P-Vocational Rehabilitation Services (Pennsylvania Office of Vocational Rehabilitation)
1664,"""tel:+1-215-560-1900"""
1665,"""The Pennsylvania Office of Vocational Rehabilitation, or OVR, offers vocational rehabilitation services to help persons with disabilities prepare for, obtain, or maintain employment. OVR provides services to eligible individuals with disabilities.This program provides:- Diagnostic services- Vocational services- Counseling- Training- Restoration services- Placement assistance- Assistive technology- Supportive servicesEligible participants may qualify for supportive services including:- Room, board, and transportation costs during an evaluation or while completing a rehabilitation program- Occupational tools, licenses, or equipment- Home modifications, adaptive or special household equipment- Personal care assistance- Job site modifications- Independent living training- Text Telephone (TT), signaling devices, hearing aids, and interpreters services- Rehabilitation Teaching, and Orientation and Mobility Training for persons who are blind or visually impairedMost services are no cost, while some programs may require financial participation based on a Financial Needs Test. Please contact the program for more details."""
1666,"""This program serves individuals with disabilities."""
1667,Behavioral Health (Puentes De Salud)
1668,39.944116
1669,"""https://www.twitter.com/@PuentesDeSalud"""
1670,"""https://www.facebook.com/PuentesDeSalud/"""
1671,"""Behavioral Health (Puentes De Salud)_6010263223664640"""
1672,"""Behavioral Health (Puentes De Salud)"""
1673,"""1700 South Street, Philadelphia, PA 19146"""
1674,AB-Behavioral Health (Puentes De Salud)
1675,P-Behavioral Health (Puentes De Salud)
1676,"""tel:+1-215-454-8000"""
1677,"""A on-site behavioral health consultant (BHC) performs counseling interventions to improve our patients’ wellness and to address the burden of trauma, depression, anxiety, life stressors, domestic violence, and alcohol abuse experienced by our patients. This program provides:- Counseling interventions"""
1678,"""Monday from 13:00 to 19:30"""
1679,"""Wednesday from 17:30 to 19:30"""
1680,"""Thursday from 10:30 to 15:00"""
1681,Miracles In Progress (The Behavioral Wellness Center at Girard)
1682,39.9712194
1683,"""https://www.facebook.com/BeWellatGirard/"""
1684,"""Miracles In Progress (The Behavioral Wellness Center at Girard)_4795404263882752"""
1685,"""Miracles In Progress (The Behavioral Wellness Center at Girard)"""
1686,"""801 West Girard Avenue, Philadelphia, PA 19122"""
1687,AB-Miracles In Progress (The Behavioral Wellness Center at Girard)
1688,P-Miracles In Progress (The Behavioral Wellness Center at Girard)
1689,"""tel:+1-215-787-2000"""
1690,"""The Behavioral Wellness Center's Miracles in Progress program provides long-term recovery services for chronically homeless men with substance use disorders and co-occurring mental health issues. The program is open ended, targeting men who have lived on the streets or in Philadelphia shelters for at least five years.This program provides: - Drug and alcohol treatment for men that are chronically homeless"""
1691,Behavioral Health Services (Asociación Puertorriqueños en Marcha)
1692,39.9956601
1693,"""Behavioral Health Services (Asociación Puertorriqueños en Marcha)_6715666236178432"""
1694,"""Behavioral Health Services (Asociación Puertorriqueños en Marcha)"""
1695,"""2921 North 5th Street, Philadelphia, PA 19133"""
1696,AB-Behavioral Health Services (Asociación Puertorriqueños en Marcha)
1697,P-Behavioral Health Services (Asociación Puertorriqueños en Marcha)
1698,"""tel:+1-267-296-7200"""
1699,"""APM provides an array of professional behavioral health care services. Health care providers, psychiatrists, therapists, case managers, peer support specialists and other staff work together as a single team to treat the whole you, in two convenient locations in Philadelphia.Services include:- Individual Therapy- Family and Group Therapy- Psychiatric Evaluations- Psychiatric Intervention- Medication Monitoring- Couples CounselingEvening and Saturday hours are available by appointment. APM accepts Medicaid."""
1700,Specialized Services for Autism (Horizon House)
1701,"""Specialized Services for Autism (Horizon House)_6707621353226240"""
1702,"""Specialized Services for Autism (Horizon House)"""
1703,AB-Specialized Services for Autism (Horizon House)
1704,P-Specialized Services for Autism (Horizon House)
1705,"""Horizon House offers specialized services for adults with an autism diagnosis who participate in Horizon House community-based residential services. Horizon House collaborates with families and when needed refer to external resources. They use an integrated approach helping individuals adjust to change, modify behaviors, learn social competencies, and address sensory processing issues. This program provides:- Communication and interaction with others- Psychiatry and occupational therapy - Daily life skillsHorizon House accepts Medicare and Medicaid."""
1706,"""This program helps people who are older than 17 years old.', 'This program serves individuals with Autism.', 'Must have Medicare or Medicaid."""
1707,"Opioid Treatment Program OTP (Northeast Treatement Centers, Inc)"
1708,"""Opioid Treatment Program OTP (Northeast Treatement Centers, Inc)_6410727744077824"""
1709,"""Opioid Treatment Program OTP (Northeast Treatement Centers, Inc)"""
1710,"AB-Opioid Treatment Program OTP (Northeast Treatement Centers, Inc)"
1711,"P-Opioid Treatment Program OTP (Northeast Treatement Centers, Inc)"
1712,"""tel:+1-973-777-2962"""
1713,Intensive Behavioral Health Services IBHS (Gemma Services)
1714,40.0617485
1715,"""19119"""
1716,"""Intensive Behavioral Health Services IBHS (Gemma Services)_6328158174576640"""
1717,"""Intensive Behavioral Health Services IBHS (Gemma Services)"""
1718,"""7301 Germantown Avenue, Philadelphia, PA 19119"""
1719,AB-Intensive Behavioral Health Services IBHS (Gemma Services)
1720,P-Intensive Behavioral Health Services IBHS (Gemma Services)
1721,19119
1722,"""tel:+1-267-297-5170"""
1723,"""""""INTENSIVE BEHAVIORAL HEALTH SERVICESChildren, teens, and young adults up to age 21 who are experiencing emotional or behavioral challenges may benefit from our community-based Intensive Behavioral Health Services (IBHS). This program is designed to give each individual the tools they need to face challenges with a greater sense of strength and resilience. Our services are provided for high schools in zip codes 19128, 19138, and 19150. Our team of Behavior Consultants and Mobile Therapists work with each child, adolescent, or young adult, and their family to develop an individualized plan to address specific needs and difficulties. Services may include:Assessment across settings that are typical for a child, teen, or youth adultFunctional Behavioral AssessmentsIndividual and family therapyBehavior Consultation across home, school, and community settings to develop interventions to teach skills and improve overall functioning1:1 individual support in a specific identified setting with a Behavioral Health Technician to teach skillsFOR REFERRALS OR INFORMATION ABOUT IBHS, PLEASE CALL (267) 297-5170."""""""
1724,"""Must have Medicaid.', 'This program helps people who are 4 to 21 years old."""
1725,SafeTogether Program (Child Abuse Prevention Effort)
1726,39.9607763
1727,"""SafeTogether Program (Child Abuse Prevention Effort)_5744789920153600"""
1728,"""SafeTogether Program (Child Abuse Prevention Effort)"""
1729,"""499 North 5th Street, Philadelphia, PA 19123"""
1730,AB-SafeTogether Program (Child Abuse Prevention Effort)
1731,P-SafeTogether Program (Child Abuse Prevention Effort)
1732,"""tel:+1-215-408-4920"""
1733,"""SafeTogether teaches parents with a serious mental health illness how to create a customized, legally binding family plan that ensures a responsible adult is caring for the children in the home. The program is designed to reduce custody loss and decrease the risk of out-of-home placement by keeping children safe and in their home. The program also provides assurances that the parent is receiving effective and appropriate psychiatric care so the family can return to everyday functioning.Services provided:- Support team- Family plan for responsible care- Individual coaching sessions to implement plan"""
1734,The Goldman Clinic (The Behavioral Wellness Center at Girard)
1735,"""The Goldman Clinic (The Behavioral Wellness Center at Girard)_6237483510267904"""
1736,"""The Goldman Clinic (The Behavioral Wellness Center at Girard)"""
1737,AB-The Goldman Clinic (The Behavioral Wellness Center at Girard)
1738,P-The Goldman Clinic (The Behavioral Wellness Center at Girard)
1739,"""tel:+1-215-787-2407"""
1740,"""The Goldman Clinic  is a methadone clinic providing both outpatient and intensive outpatient services. Methadone, Suboxone and Vivitrol are available in all of the programs.This program provides:- Outpatient services- Intensive outpatient services Specialized services are provided in Spanish for those who require them. The Behavioral Wellness Center at Girard accepts Medicaid."""
1741,"""Thursday from 06:30 to 14:30"""
1742,"""Tuesday from 06:30 to 14:30"""
1743,"""Monday from 06:30 to 14:30"""
1744,"""Friday from 06:30 to 14:30"""
1745,"""Wednesday from 06:30 to 14:30"""
1746,"Philadelphia Gaming Initiative (Institute for the Development of African-American Youth, Inc.)"
1747,40.048832
1748,YouthDevelopment
1749,"""19138"""
1750,"""https://www.twitter.com/@idaayinc"""
1751,"""https://www.facebook.com/idaayinc"""
1752,"""Philadelphia Gaming Initiative (Institute for the Development of African-American Youth, Inc.)_5820170162012160"""
1753,"""Philadelphia Gaming Initiative (Institute for the Development of African-American Youth, Inc.)"""
1754,"""2305 North Broad Street, Philadelphia, PA 19132"""
1755,"AB-Philadelphia Gaming Initiative (Institute for the Development of African-American Youth, Inc.)"
1756,"P-Philadelphia Gaming Initiative (Institute for the Development of African-American Youth, Inc.)"
1757,19138
1758,"""tel:+1-215-235-9110"""
1759,"""Philadelphia Gaming Initiative, a community-based collaborative between the Institute for the Development of the African Youth (IDAAY),  Action for Justice Collective (AFJC), and New Journey CDC,  will incorporate competitive gaming/esports as a redirection strategy coupled with supportive services to improve outcomes for youth identified as at risk of gun violence. This program provides:- Recreation- Life/social skills development- psychoeducational counseling- Restorative justice programming- Community engagement- Career explorationTournaments will be held on alternate Saturdays This initiative is funded by Pennsylvania Commission on Crime and Delinquency (PCCP)."""
1760,"""This program serves minority males who: Have currently involved (track record of involvement) or at-risk of involvement in behaviors that could lead to gun violence (curfew violators, truant, etc.) AND/OR', 'Have sibling(s) who are gun violence victim(s)/perpetrator(s) AND/OR', 'Are victim/perpetrator of bullying or other aggressive assaults AND/OR', 'Are victim/perpetrator of domestic/dating violence AND/OR', 'Are involved/at risk of involvement in the juvenile justice/criminal system AND/OR', 'Residing in the target area. (Germantown, Germantown - Penn Knox, and   Northwest).', 'This program helps people who are 14 to 25 years old."""
1761,Diabetes Management (Puentes De Salud)
1762,"""Diabetes Management (Puentes De Salud)_5290367514836992"""
1763,"""Diabetes Management (Puentes De Salud)"""
1764,AB-Diabetes Management (Puentes De Salud)
1765,P-Diabetes Management (Puentes De Salud)
1766,"""""""Puentes de Salud offers all diabetic patients individual counseling with a nurse educator that covers the principles of sugar monitoring at home, dietary modification, physical activity and weight managementServices:-  Individual counseling for diabetes managementYou can make an appointment by visiting us during the first hour of clinic hours each day: monday 12:30-1:30, weds 12:30-1:30, and thurs 10-11am."""""""
1767,"""Friday from 10:00 to 12:30"""
1768,"""Wednesday from 18:00 to 20:00"""
1769,"""Monday from 12:30 to 20:00"""
1770,"""This program help individuals who have been diagnosed with diabetes."""
1771,"Community Integrated Recovery Center (CIRC) at Packer (Citizens Acting Together Can Help, Inc.)"
1772,39.9089296
1773,"""Community Integrated Recovery Center (CIRC) at Packer (Citizens Acting Together Can Help, Inc.)_5687081289646080"""
1774,"""Community Integrated Recovery Center (CIRC) at Packer (Citizens Acting Together Can Help, Inc.)"""
1775,"""700 Packer Avenue, Philadelphia, PA 19146"""
1776,"AB-Community Integrated Recovery Center (CIRC) at Packer (Citizens Acting Together Can Help, Inc.)"
1777,"P-Community Integrated Recovery Center (CIRC) at Packer (Citizens Acting Together Can Help, Inc.)"
1778,"""tel:+1-215-551-3150"""
1779,"""""""Using clinical protocols and activities that promote the concepts of personal strengths and resiliency, these programs combine outpatient psychiatric services with community-oriented psychiatric rehabilitation servicesMembers work on skills which will help them achieve a variety of goals ranging from psychiatric symptom reduction to independent living and vocational/educational placement. Our dedicated staff uses a blend of best practices, recovery models, and a person-centered approach that builds coping and socialization proficiency. Services are provided on-site and in a community-based setting. We also offer psychiatric resources in the form of psychiatric evaluations, medication consultation, and medication managementMembers work on specific issues of aging with a strong focus on health and wellness managementCommunity inclusion at the Packer program begins to incorporate organizations that work with an elderly population such as PHILADELPHIA CORPORATION FOR THE AGING along with various neighborhood SENIOR CENTERS."""""""
1780,"""This program helps people who are older than 54 years old.', 'Our members must have a present, or a history of a, serious mental illness which includes the following diagnoses by a psychiatrist: schizophrenia, major mood disorder, psychotic disorder, schizoaffective disorder or borderline personality disorder. The person must also have a moderate to severe fun', 'Members must choose to participate in the program, be stable, absent of any withdrawal symptoms. The person must also be willing to come to the program."""
1781,Children's Outpatient Services COS (Community Council Health Systems)
1782,39.9697728
1783,"""Children's Outpatient Services COS (Community Council Health Systems)_5117647412002816"""
1784,"""Children's Outpatient Services COS (Community Council Health Systems)"""
1785,"""4900 Wyalusing Avenue, Philadelphia, PA 19131"""
1786,AB-Children's Outpatient Services COS (Community Council Health Systems)
1787,P-Children's Outpatient Services COS (Community Council Health Systems)
1788,"""The Children's Outpatient Service (COS) Program is housed in the Hutchins Pavilion on the main campus. The primary focus of the program is to help each consumer have a better understanding of self and value who they are as well as to help them create positive coping skills.COS Services: - Psychiatric and psychological evaluation services- Medication management- Individual, group, and family therapy"""
1789,"""This program helps people who are younger than 18 years old."""
1790,Mobile Psychiatric Rehabilitation Services MPRS (JEVS Human Services)
1791,"""Mobile Psychiatric Rehabilitation Services MPRS (JEVS Human Services)_4608273741381632"""
1792,"""Mobile Psychiatric Rehabilitation Services MPRS (JEVS Human Services)"""
1793,AB-Mobile Psychiatric Rehabilitation Services MPRS (JEVS Human Services)
1794,P-Mobile Psychiatric Rehabilitation Services MPRS (JEVS Human Services)
1795,"""tel:+1-267-350-8600"""
1796,"""Mobile Psychiatric Rehabilitation Services (MPRS), part of JEVS Integrated Behavioral Health, enables adults with serious mental illness to live independently in their community and receive support to provide psychiatric stability, social competencies, skill building and personal adjustment. This program provides:- Participation in community activities, volunteer opportunities and events- Tenant/landlord supportive services- Natural supports in the community- Independent living supports- Representative payee support- Assistive technology support- Employer/employee supportFree to those who qualify through the Department of Behavioral Health Security Income (SSI)"""
1797,"""Persons age 18 years or older, diagnosed with a serious mental illness who exhibit moderate to severe functional impairment, who have demonstrated the ability to live independently with support, and who reside in Philadelphia County"""
1798,Transitional Living Facility (Self Help Movement)
1799,40.1153855
1800,Waitlist
1801,SoberLiving
1802,Employed
1803,"""19116"""
1804,"""Transitional Living Facility (Self Help Movement)_5315911767556096"""
1805,"""Transitional Living Facility (Self Help Movement)"""
1806,"""2600 Southampton Road, Philadelphia, PA 19116"""
1807,AB-Transitional Living Facility (Self Help Movement)
1808,P-Transitional Living Facility (Self Help Movement)
1809,19116
1810,"""tel:+1-215-677-7778"""
1811,"""Self Help Movement offers the Transitional Living Facility program to provide highly structured and supportive residential housing to individuals that are living with a substance abuse disorder. This program provides:- Transitional housing- Sober living- Alcoholics Anonymous/Narcotics Anonymous meetings- Support groups"""
1812,"""This program helps people who are older than 17 years old.', 'Must be employed (or actively seeking employment).', 'Must attend in-house Alcoholics Anonymous and Narcotics Anonymous meetings.', 'Must submit to random urine alcohol/drug screens."""
1813,The PCS Learning Pod and Parent Resource Center (The Philadelphia Community Stakeholders)
1814,39.973813
1815,Tutoring
1816,"""The PCS Learning Pod and Parent Resource Center (The Philadelphia Community Stakeholders)_4775457140637696"""
1817,"""The PCS Learning Pod and Parent Resource Center (The Philadelphia Community Stakeholders)"""
1818,"""1323 North 52nd Street, Philadelphia, PA 19131"""
1819,AB-The PCS Learning Pod and Parent Resource Center (The Philadelphia Community Stakeholders)
1820,P-The PCS Learning Pod and Parent Resource Center (The Philadelphia Community Stakeholders)
1821,"""The PCS Learning Pod and Parent Resource Center provides a safe, nurturing, and supportive environment to Philadelphia children in grades K-5. The Resource Center also helps families in need of assistance with academic lessons, referrals for additional supports for students and access to mental and behavioral health services.This program provides: - Instructional support for virtual learning- Supplemental lessons and activities to close learning gaps by experienced instructors- Effective and engaging use of technology- Community resources & referrals- Mental and behavioral health counseling – by appointment Prior to acceptance, prospective families will complete a questionnaire regarding recent travel history, COVID-19 status, COVID-19 testing, and COVID-19 exposure of the prospective student and household members."""
1822,"""Friday from 07:30 to 16:30"""
1823,"""Thursday from 07:30 to 16:30"""
1824,"""Wednesday from 07:30 to 16:30"""
1825,"""Tuesday from 07:30 to 16:30"""
1826,"""Monday from 07:30 to 16:30"""
1827,"""This program serves children K-5."""
1828,Outpatient Behavioral Health Services Therapy and Medication Management (Malvern Community Health Services)
1829,39.9696013
1830,"""https://www.twitter.com/@pbhsi"""
1831,"""Outpatient Behavioral Health Services Therapy and Medication Management (Malvern Community Health Services)_4856424105771008"""
1832,"""Outpatient Behavioral Health Services Therapy and Medication Management (Malvern Community Health Services)"""
1833,"""This program covers residents of the following counties: Berks County, PA, Bucks County, PA, Lehigh County, PA, Montgomery County, PA and Philadelphia County, PA."""
1834,"""6006 West Girard Avenue, Philadelphia, PA 19151"""
1835,AB-Outpatient Behavioral Health Services Therapy and Medication Management (Malvern Community Health Services)
1836,P-Outpatient Behavioral Health Services Therapy and Medication Management (Malvern Community Health Services)
1837,"""tel:+1-215-924-0684"""
1838,"""""""The Outpatient Services provide counseling and psychiatric treatment for children, adolescents, adults, couples, and families who are struggling to cope with life’s challengesThis program provides:- Individual therapy- Couple and family therapy- Group therapy- PsychiatryThis program accepts most forms of insurance, including Medical Assistance."""""""
1839,"""Eligible for Pennsylvania Medical Assistance (HealthChoices) and/or Covered under Select Private Insurance Health Plans."""
1840,Short Term Rehabilitation (Willow Terrace Nursing And Rehabilitation Center)
1841,40.0396539
1842,OnTreatment
1843,LimitedMobility
1844,PhysicalTherapy
1845,SkilledNursing
1846,SpeechTherapy
1847,"""https://www.facebook.com/WillowTerrace"""
1848,"""Short Term Rehabilitation (Willow Terrace Nursing And Rehabilitation Center)_5307958726230016"""
1849,"""Short Term Rehabilitation (Willow Terrace Nursing And Rehabilitation Center)"""
1850,"""1 Penn Boulevard, Philadelphia, PA 19144"""
1851,AB-Short Term Rehabilitation (Willow Terrace Nursing And Rehabilitation Center)
1852,P-Short Term Rehabilitation (Willow Terrace Nursing And Rehabilitation Center)
1853,"""tel:+1-215-951-8500"""
1854,"""Willow Terrace Nursing Short Term Rehabilitation provides quality care in a comforting environment to those recovering from surgery, injury or serious illness. Their services accelerate healing, restore functioning, and improve the patient’s quality of life to the fullest extent possible.This program provides:- Cardiac rehabilitation - Discharge planning- IV therapy- Orthopedic rehabilitation- Physical therapy- Speech therapy- Occupational therapy- Post-surgical therapy- Respiratory therapy- Transitional care- Wound careWillow Terrace Nursing And Rehabilitation Center accepts Medicare and Public Aid."""
1855,"""Must have Medicare or Public Aid."""
1856,Assertive Community Treatment (Horizon House)
1857,"""Assertive Community Treatment (Horizon House)_5867589268930560"""
1858,"""Assertive Community Treatment (Horizon House)"""
1859,"""This program covers residents of the following counties: New Castle County, DE, Sussex County, DE, Delaware County, PA, Lehigh County, PA, Montgomery County, PA and Philadelphia County, PA."""
1860,AB-Assertive Community Treatment (Horizon House)
1861,P-Assertive Community Treatment (Horizon House)
1862,"""tel:+1-215-386-383812220"""
1863,"""Assertive Community Treatment (ACT) is an evidenced-based recovery model designed to provide treatment, rehabilitation, and support services to individuals diagnosed with a serious and persistent mental illness whose needs have not been met by more traditional mental health services. Our ACT teams are interdisciplinary and include specialists in the areas of  psychiatry, mental health, drug and alcohol, vocational training, housing, and nursing. Services include:- Mental health treatment- Rehabilitation- Daily life skills- Employment satisfaction- Living environments and educationThis program accepts Medicare and Medicaid. For more information, please call the nearest office."""
1864,"""Must have Medicare or Medicaid.', 'We serve individuals diagnosed with a serious and persistent mental illness."""
1865,Wraparound Services (Northwest Victim Services)
1866,40.0400207
1867,"""https://www.facebook.com/NorthwestVictimServices/"""
1868,"""Wraparound Services (Northwest Victim Services)_5183513393364992"""
1869,"""Wraparound Services (Northwest Victim Services)"""
1870,"""6023 Germantown Avenue, Philadelphia, PA 19144"""
1871,AB-Wraparound Services (Northwest Victim Services)
1872,P-Wraparound Services (Northwest Victim Services)
1873,"""tel:+1-215-438-4410"""
1874,"""tel:+1-267-438-4410"""
1875,"""Northwest Victim Services provides support, information and advocacy for victims of crime in the community. This program provides:- Crisis support to crime victims, their families and significant others- After Hours Assistance - Information about criminal justice/ police procedures and the progress of a case- Advocacy for victims of crime with  the district attorney’s office, police and/ or probation departments"""
1876,"""This program serves victims of crime."""
1877,Children's Outpatient Services (Community Council Health Systens)
1878,"""Children's Outpatient Services (Community Council Health Systens)_5117647412002816"""
1879,"""Children's Outpatient Services (Community Council Health Systens)"""
1880,AB-Children's Outpatient Services (Community Council Health Systens)
1881,P-Children's Outpatient Services (Community Council Health Systens)
1882,PHMC Health Connection (Public Health Management Corporation)
1883,39.9814656
1884,MaternityCare
1885,PostnatalCare
1886,"""https://www.facebook.com/publichealthmanagementcorporation/"""
1887,"""https://www.twitter.com/https://twitter.com/?@PHMCtweets"""
1888,"""PHMC Health Connection (Public Health Management Corporation)_5673758820925440"""
1889,"""PHMC Health Connection (Public Health Management Corporation)"""
1890,"""1900 North 9th Street, Philadelphia, PA 19122"""
1891,AB-PHMC Health Connection (Public Health Management Corporation)
1892,P-PHMC Health Connection (Public Health Management Corporation)
1893,"""PHMC Health Connection is a nurse-managed health care facility that provides a variety of services to children, teens and adults in the community.Services include:- Health Exams- Mental Health Counseling- Health Education/Counseling- Prenatal care/Childbirth education- Breastfeeding support/Parenting- Family Planning- Immunization Clinics- Nutrition Counseling- Confidential HIV Counseling/TestingWe treatment a variety of health problems such as: - Diabetes- Asthma - Sexually transmitted infections- High blood pressure- Flu, Sore Throats, Ear aches- Scrapes, Cuts, BurnsPHMC Health Connection accepts Medicaid and Medicare, and offers a sliding scale fee based on income to uninsured patients. Services are open to any patient regardless of ability to pay."""
1894,"""Friday from 09:00 to 13:00"""
1895,Liver Disease Care Center (Einstein Healthcare Network)
1896,40.0370599
1897,LiverCancer
1898,"""Liver Disease Care Center (Einstein Healthcare Network)_5395872228704256"""
1899,"""Liver Disease Care Center (Einstein Healthcare Network)"""
1900,"""This program covers residents of the following counties: Kent County, DE, New Castle County, DE, Burlington County, NJ, Camden County, NJ, Mercer County, NJ, Montgomery County, PA, Philadelphia County, PA and York County, PA."""
1901,AB-Liver Disease Care Center (Einstein Healthcare Network)
1902,P-Liver Disease Care Center (Einstein Healthcare Network)
1903,"""tel:+1-215-456-7890"""
1904,"""Einstein Healthcare Network provides liver disease care and transplant services. Their multidisciplinary team of hepatology and transplantation specialists consists of physicians, nurses, researchers, nutritionists, behavioral specialists, social workers and support staff who work closely with patients, families and referring physicians throughout the entire treatment process.This program provides:- Diagnostic testing and treatment- Liver transplantsWhen you contact Einstein for liver disease treatment, a nurse coordinator will arrange a comprehensive evaluation. After your initial visit, any tests and follow-up appointments you need are scheduled for you. Your case is then examined and evaluated each week by your treatment team.Einstein Healthcare Network is dedicated to improving the health of the community it serves, including those who lack the means to pay for services. Qualifying patients may receive free temporary medical treatment through our Financial Assistance process."""
1905,"""This program serves individuals with liver disease.', 'For free or reduced cost services, individuals must be uninsured AND', 'Must reside in Einstein’s service area AND', 'Must Apply for state medical assistance.', 'This program helps people with income at or below 200% of federal poverty guidelines."""
1906,"Latina Domestic Violence Program LDVP (Congreso de Latinos Unidos, Inc.)"
1907,InDanger
1908,ImmediateSafety
1909,"""https://www.twitter.com/@congreso1977"""
1910,"""Latina Domestic Violence Program LDVP (Congreso de Latinos Unidos, Inc.)_5231651916349440"""
1911,"""Latina Domestic Violence Program LDVP (Congreso de Latinos Unidos, Inc.)"""
1912,"AB-Latina Domestic Violence Program LDVP (Congreso de Latinos Unidos, Inc.)"
1913,"P-Latina Domestic Violence Program LDVP (Congreso de Latinos Unidos, Inc.)"
1914,"""tel:+1-215-763-8870"""
1915,"""The Latina Domestic Violence Program (LDVP) is a free, confidential, and voluntary counseling and advocacy program for victims and survivors of domestic violence. This also includes children who have witnessed domestic violence and teens experiencing domestic violence, ages 4-17 years old. This program provides:- Individual counseling- Safety Planning- Domestic Violence Education for individuals and families- Weekly support groups in English/Spanish for individuals, parents, and children- Linkage to legal advice and representation in family law matters- Emergency relocation and rental/housing assistance- Referrals and linkage to community resources- Advocacy- Remote and In-person services offered at preference of clientCrisis counseling, safety planning, and resources are also available through the Philadelphia Domestic Violence Hotline – 866-723-3014.Friends and family members looking for resources to help a loved one can also contact Congreso de Latinos Unidos for additional support.When calling, please leave a message with a safe phone number and time to call back."""
1916,"""Thursday from 10:00 to 16:00"""
1917,"""Tuesday from 10:00 to 16:00"""
1918,"""Wednesday from 10:00 to 16:00"""
1919,"""Monday from 10:00 to 16:00"""
1920,"""This program serves individuals who are/have been affected by domestic violence.', 'Must meet income requirements for Housing and Legal programs.', 'This program helps people who are 4 to 17 years old."""
1921,"Crossroads Treatment Center of Philadelphia Girard Ave (ARS Treatment Centers, P.C.)"
1922,39.974203
1923,"""Crossroads Treatment Center of Philadelphia Girard Ave (ARS Treatment Centers, P.C.)_6450066850971648"""
1924,"""Crossroads Treatment Center of Philadelphia Girard Ave (ARS Treatment Centers, P.C.)"""
1925,"""2820 West Girard Avenue, Philadelphia, PA 19130"""
1926,"AB-Crossroads Treatment Center of Philadelphia Girard Ave (ARS Treatment Centers, P.C.)"
1927,"P-Crossroads Treatment Center of Philadelphia Girard Ave (ARS Treatment Centers, P.C.)"
1928,"""""""Crossroads Treatment Center of Philadelphia (Girard Ave) offers Buprenorphine treatment for individuals with Opioid Use DisorderThis program provides:- Addiction & Recovery- Medications for AddictionThis program may be full cost and/or accept some insurances, including Medicare and Medicaid. Please contact Crossroads for more information about cost"""""""
1929,"""Wednesday from 16:30 to 20:00"""
1930,"""Monday from 16:30 to 20:00"""
1931,"""Thursday from 09:00 to 11:00"""
1932,"""Sunday from 08:00 to 14:00"""
1933,"""Tuesday from 16:30 to 20:00"""
1934,Family Based Mental Health Services (Gemma Services)
1935,"""Family Based Mental Health Services (Gemma Services)_5692369447288832"""
1936,"""Family Based Mental Health Services (Gemma Services)"""
1937,AB-Family Based Mental Health Services (Gemma Services)
1938,P-Family Based Mental Health Services (Gemma Services)
1939,"""tel:+1-215-730-2270"""
1940,"""Family Based Mental Health Services (FBMHS) is an intensive in-home program designed to help families care for their children, teens, and young adults (up to age 21) who are experiencing severe emotional and behavioral difficulties. The program helps parents and caregivers increase their effectiveness and reduce the need for out-of-home placement or higher level of care such as residential treatment or psychiatric hospitalization.This program provides:- Individual and Family Therapy- 24-hour Crisis Stabilization- Case Management Services- 90-Day Overlap Service with Residential Treatment"""
1941,"""This program helps people who are younger than 22 years old', 'This program serves families with children who are managing severe emotional and behavioral difficulties."""
1942,"Women, Pregnant Women and Women with Children's Services (Gaudenzia)"
1943,40.0563961
1944,"""https://www.twitter.com/@Gaudenzia"""
1945,"""https://www.facebook.com/gaudenziaorg/"""
1946,"""Women, Pregnant Women and Women with Children's Services (Gaudenzia)_4895435468308480"""
1947,"""Women, Pregnant Women and Women with Children's Services (Gaudenzia)"""
1948,"""This program covers residents of the following states: DE, MD and PA."""
1949,"""1300 East Tulpehocken Street, Philadelphia, PA 19138"""
1950,"AB-Women, Pregnant Women and Women with Children's Services (Gaudenzia)"
1951,"P-Women, Pregnant Women and Women with Children's Services (Gaudenzia)"
1952,"""tel:+1-833-976-4357"""
1953,"""Women, Pregnant Women and Women with Children's Services are provided by Gaudenzia.  These treatment and prevention services services are offered to help build a foundation for sustainable recovery so they may function effectively at home, at work and in the community.This program provides:- Inpatient- Outpatient- Specialized treatmentGaudenzia services are available to everyone, regardless of insurance. They also accept Medicaid and Medicare."""
1954,"""This program is for women, pregnant women and women with children."""
1955,The Art of Friendship Social-Coping Program (Child & Family Art Therapy Center)
1956,LearningDisability
1957,AddAdhd
1958,"""The Art of Friendship Social-Coping Program (Child & Family Art Therapy Center)_6491416035065856"""
1959,"""The Art of Friendship Social-Coping Program (Child & Family Art Therapy Center)"""
1960,AB-The Art of Friendship Social-Coping Program (Child & Family Art Therapy Center)
1961,P-The Art of Friendship Social-Coping Program (Child & Family Art Therapy Center)
1962,"""tel:+1-610-649-1080"""
1963,"""The Art of Friendship Social-Coping Program offers weekly, one-hour social skills groups are offered for young people, between the ages of 4-19 years, both with and without diagnoses such as Autism level 1, ADHD, learning differences, anxiety, and more. Every detail of their program supports the social skills & self-regulation needs of neurodiverse kids. This program provides:- Social skills groups- Group therapy - Individual therapy - Peer support This program helps children with diagnoses of:- ADHD- Autism- Social (Pragmatic) Communication Disorder- Learning differences - Anxiety Each therapist offers a limited number of sliding fee slots for qualifying families. Feel free to ask your therapist about this option."""
1964,"""This program helps people who are 4 to 19 years old.', 'This program serves individuals with and without diagnoses such as Autism Level 1, ADHD, learning differences, anxiety, and Social (Pragmatic) Communication Disorder."""
1965,Intensive Outpatient Program (IOP) at Mazzoni Center (Mazzoni Center)
1966,39.9426271
1967,"""https://www.twitter.com/@MazzoniCenter"""
1968,"""https://www.facebook.com/MazzoniCenter"""
1969,"""Intensive Outpatient Program (IOP) at Mazzoni Center (Mazzoni Center)_4921265385242624"""
1970,"""Intensive Outpatient Program (IOP) at Mazzoni Center (Mazzoni Center)"""
1971,"""1348 Bainbridge Street, Philadelphia, PA 19147"""
1972,AB-Intensive Outpatient Program (IOP) at Mazzoni Center (Mazzoni Center)
1973,P-Intensive Outpatient Program (IOP) at Mazzoni Center (Mazzoni Center)
1974,"""tel:+1-215-563-0652"""
1975,"""""""Mazzoni Center provides a LGBTQ-focused Intensive Outpatient Program (IOP) for alcohol and substance use. This program provides an affirming, safe and respectful treatment opportunity promoting growth and self-discoveryThis program provides:- Multi-faceted group therapy- Aftercare planning- Individual therapy- Medication-Assisted Treatment- Psychiatric services- Peer-based support- Peer Recovery support- Family therapy- Relapse prevention- Referrals to other Mazzoni Center supportive servicesThis program is exclusively for LGBTQ peopleWe accept most major insurance plans, as well as Medicaid, and some Medicare plans. it is important to understand that all plans vary in coverage. As part of the intake process, they will determine your coverage and cost for IOP. If you are uninsured, we can help determine if you are eligible for special funding, such as Ryan White, to help cover costs. We offer a sliding scale to those who are uninsured and/or not eligible for other coverage."""""""
1976,The Penn Center for Youth and Family Trauma Response and Recovery Services (University of Pennsylvania Perelman School of Medicine)
1977,39.956423
1978,"""The Penn Center for Youth and Family Trauma Response and Recovery Services (University of Pennsylvania Perelman School of Medicine)_6240501482389504"""
1979,"""The Penn Center for Youth and Family Trauma Response and Recovery Services (University of Pennsylvania Perelman School of Medicine)"""
1980,AB-The Penn Center for Youth and Family Trauma Response and Recovery Services (University of Pennsylvania Perelman School of Medicine)
1981,P-The Penn Center for Youth and Family Trauma Response and Recovery Services (University of Pennsylvania Perelman School of Medicine)
1982,"""tel:+1-215-829-5467"""
1983,"""The Penn Center for Youth and Family Trauma Response and Recovery (CYFTRR) provides the most effective treatments and interventions for children, adolescents and their families who are suffering from the emotional and physiological consequences of a traumatic experience.This program provides:- Intake and Evaluation- Traumatic Stress Intervention- Treatment for Traumatic Stress and PTSD The Penn Center accepts Medicaid and uses a sliding scale for those with no or inadequate insurance. Other insurances may be accepted on a case-by-case basis."""
1984,"PACTS Outpatient Evaluation and Treatment (COMHAR, Inc.)"
1985,"""PACTS Outpatient Evaluation and Treatment (COMHAR, Inc.)_4955538569953280"""
1986,"""PACTS Outpatient Evaluation and Treatment (COMHAR, Inc.)"""
1987,"AB-PACTS Outpatient Evaluation and Treatment (COMHAR, Inc.)"
1988,"P-PACTS Outpatient Evaluation and Treatment (COMHAR, Inc.)"
1989,"""PACTS is an outpatient behavioral health program that provides psychotherapy for individuals, couples or families who identify as LGBTQI or are living with HIV/AIDS. This program provides:- Counseling- Medication managementPACTS provides counseling for an array of issues including depression, anxiety, physical and sexual abuse, sexual violence, alcohol or other drug use, as well as medication management and psychiatric services. Through current funding resources, COMHAR is able to provide low to no cost care for individuals that do not have insurance. Please reach out to COMHAR for more details."""
1990,"Adult Blended Case Management (The Consortium, Inc.)"
1991,"""Adult Blended Case Management (The Consortium, Inc.)_5078409194766336"""
1992,"""Adult Blended Case Management (The Consortium, Inc.)"""
1993,"AB-Adult Blended Case Management (The Consortium, Inc.)"
1994,"P-Adult Blended Case Management (The Consortium, Inc.)"
1995,"""tel:+1-215-596-8400"""
1996,"""Adult Blended Case Management serves individuals aged 18 and older with serious and persistent mental health and co-occurring conditions who live in the community.Case managers assist individuals with:- Obtaining supports that help reduce hospitalization so that they can continue to live in the community in the least restrictive setting possible.  - Housing- Day program- Appointment scheduling - Daily living needsThe Consortium accepts Medicaid and offers a sliding scale fee for low-income individuals. We don't turn anyone away."""
1997,"""Must meet income requirements or have Medicaid.', 'Must have a referral."""
1998,"Adult Outpatient Services (The Consortium, Inc,)"
1999,SuicidalThoughts
2000,"""https://www.facebook.com/The-Consortium-Inc-104379619595982/"""
2001,"""Adult Outpatient Services (The Consortium, Inc,)_4507013050793984"""
2002,"""Adult Outpatient Services (The Consortium, Inc,)"""
2003,"AB-Adult Outpatient Services (The Consortium, Inc,)"
2004,"P-Adult Outpatient Services (The Consortium, Inc,)"
2005,"""The Adult Outpatient program provides assessment and treatment services to individuals aged 18 and older with behavioral health concerns.  Our therapists are trained to use evidence-based practices like Cognitive Behavioral Therapy and Prolonged Exposure Therapy to help individuals with short-term, acute, or persistent behavioral health challenges pursue their life goals while living in the community with the highest level of functioning and well-being possible.Services: - Outpatient treatment- Mental health evaluation- Individual, group, and family counselingThe Consortium accepts Medicaid and offers a sliding scale fee for low-income individuals. We don't turn anyone away. If you are feeling sad, depressed, angry or anxious, we can help.  Same or next day appointments for intake are available."""
2006,"""Saturday from 09:00 to 15:00"""
2007,"Outpatient Services (Intercultural Family Services, Inc.)"
2008,39.9566712
2009,"""https://www.twitter.com/@mylifecom"""
2010,"""https://www.facebook.com/IFSInc/"""
2011,"""Outpatient Services (Intercultural Family Services, Inc.)_6259153418059776"""
2012,"""Outpatient Services (Intercultural Family Services, Inc.)"""
2013,"""4225 Chestnut Street, Philadelphia, PA 19104"""
2014,"AB-Outpatient Services (Intercultural Family Services, Inc.)"
2015,"P-Outpatient Services (Intercultural Family Services, Inc.)"
2016,"""tel:+1-215-386-1298"""
2017,"""IBHC is focused on helping individuals and families achieve social and emotional stability, and become productive members of their communities. Using effective, research-based interventions the professional staff at IBHCs can handle the most difficult behaviors while managing the individual needs of every client. Through individualized treatment planning we help clients address existential factors and achieve social and emotional stability. What matters most here at IBHC is that that our clients quickly get back to the routine of living out their productive lives.IBHC specializing in adolescent and family centered interventions provides the following services:- Individual Therapy – Cognitive Therapy- Family Therapy – Structural, Strategic, Trauma-based- Psychiatric Evaluations and Assessments- Medication Management- Psychological Testing- Group Therapy- Mobile Mental Health Therapy- Specialization in Trauma- Trauma Based Therapy- Trauma Focused Cognitive Behavioral Therapy (TFCBT)- Trauma Recovery and Empowerment GroupsIn order to receive services, you must be Medicaid eligible, or have other insurance which covers behavioral health services, or possess the ability to pay a fee for service."""
2018,"""Saturday from 09:00 to 17:30"""
2019,"""Tuesday from 09:00 to 17:30"""
2020,"""Wednesday from 09:00 to 17:30"""
2021,"""Sunday from 09:00 to 17:30"""
2022,"""Monday from 09:00 to 17:30"""
2023,"""Thursday from 09:00 to 17:30"""
2024,"""Friday from 09:00 to 17:30"""
2025,"""Client must be Medicaid eligible."""
2026,Counseling (Horizon House)
2027,"""Counseling (Horizon House)_6312682165370880"""
2028,"""Counseling (Horizon House)"""
2029,AB-Counseling (Horizon House)
2030,P-Counseling (Horizon House)
2031,"""People with intellectual disabilities and co-occurring mental illness who live in the community, or those considering a residential setting, may be eligible to receive ongoing counseling and psychiatric services through Horizon House. Treatment is individualized and includes personal and interpersonal competency skill development.Services include:- Psychological assessment- Individual, group or family counseling- Psychiatric assessment- PsychopharmacologyMedicare and Medicaid are accepted. To contact for services, please call."""
2032,"""Must have Medicare or Medicaid.', 'This program serves people with intellectual disabilities and co-occurring mental illness who live in the community, or those considering a residential setting."""
2033,Penn Behavioral Health HUP - Cedar Avenue (Penn Medicine - Hospital of the University of Pennsylvania)
2034,39.951998
2035,"""https://www.twitter.com/@MercyHealthPHL"""
2036,"""https://www.facebook.com/MercyHealthPhilly"""
2037,"""Penn Behavioral Health HUP - Cedar Avenue (Penn Medicine - Hospital of the University of Pennsylvania)_4619139143696384"""
2038,"""Penn Behavioral Health HUP - Cedar Avenue (Penn Medicine - Hospital of the University of Pennsylvania)"""
2039,AB-Penn Behavioral Health HUP - Cedar Avenue (Penn Medicine - Hospital of the University of Pennsylvania)
2040,P-Penn Behavioral Health HUP - Cedar Avenue (Penn Medicine - Hospital of the University of Pennsylvania)
2041,"""tel:+1-215-748-9188"""
2042,"""Penn Behavioral Health HUP - Cedar Avenue is a remote location of the Hospital of the University of Pennsylvania.This program provides:- Psychiatric stabilization- Medical evaluation and care- Medication management- Individual and group therapy- Psycho-educational services- Recreational services- Discharge planning- Post-hospitalization referral for treatment- Housing support"""
2043,"Adolescent Treatment Programming Willpower, Options, Resources and Direction - W.O.R.D (The Consortium, Inc.)"
2044,39.9565451
2045,"""Adolescent Treatment Programming Willpower, Options, Resources and Direction - W.O.R.D (The Consortium, Inc.)_6383660694765568"""
2046,"""Adolescent Treatment Programming Willpower, Options, Resources and Direction - W.O.R.D (The Consortium, Inc.)"""
2047,"""26 South 40th Street, Philadelphia, PA 19104"""
2048,"AB-Adolescent Treatment Programming Willpower, Options, Resources and Direction - W.O.R.D (The Consortium, Inc.)"
2049,"P-Adolescent Treatment Programming Willpower, Options, Resources and Direction - W.O.R.D (The Consortium, Inc.)"
2050,"""tel:+1-215-596-8100"""
2051,"""The WORD program is an addictions treatment program designed to treat adolescents between the ages of 14-21, struggling with early addiction. The youth served may experience varying degrees of substance use and/or co-occurring mental health challenges.Treatment can include:- Individualized assessment- Individual or group therapy- Family therapy- Psychiatric evaluation- Medication evaluation- Care coordination- Supportive collateral servicesGroup therapy is assigned following an assessment of needs, which also assists in determining either an Intensive or outpatient level of care.Referrals to the Adolescent Addiction treatment program initiates from family and friends, as well as external agencies such as the Philadelphia Juvenile Justice system, in-patient hospitals and other human service agencies.The Consortium accepts Medicaid and offers a sliding scale fee for low-income individuals. We don't turn anyone away."""
2052,"""This program helps people who are 14 to 21 years old.', 'Must have Medicaid."""
2053,Halfway House-2B (Self Help Movement)
2054,12Step
2055,"""Halfway House-2B (Self Help Movement)_5477271096786944"""
2056,"""Halfway House-2B (Self Help Movement)"""
2057,"""2600 Southampton Rd, Philadelphia, PA 19116"""
2058,AB-Halfway House-2B (Self Help Movement)
2059,P-Halfway House-2B (Self Help Movement)
2060,"""""""Our Halfway House is a 24/7 structured community-based residential treatment and rehabilitation facility. This program emphasizes a family atmosphere, encouraging independent growth, personal accountability, and responsible community living.  Our residents continue their individual journey of recovery in a live in/ work out environment, with the support and structure of staff and peers to provide an opportunity for continued success. In addition, the residents of the Halfway House are supported through Case Management and Computer Lab services with resume building, on-line and in-person employment application, interview skills, college/trade school enrollment, money management/budgeting, establishing savings accounts, and addressing legal concerns.  Of greatest importance is maintaining the established in-house recovery support network and gradually extending this into the larger non-treatment community through 12 Step Fellowship meeting attendance, faith-based community worship, social visits with family and sober friends.  In doing so, the goal of the Halfway House is to prepare the individual to successfully and charitably manage the affairs of his daily living without the use of alcohol and other drugsWe provide:- Short-term housing- Sober living- Case management- Interview skills- Resume building- Help finding work- 12 step meetingSelf Help Movement accepts BHSI, CBH, Magellan through Bucks, Delaware, Lehigh and Montgomery Counties, Private Insurance and Self Pay."""""""
2061,"""This program helps people who are older than 16 years old."""
2062,"Crossroads Treatment Center of Philadelphia Kensington (ARS Treatment Centers, P.C.)"
2063,"""Crossroads Treatment Center of Philadelphia Kensington (ARS Treatment Centers, P.C.)_6264787900956672"""
2064,"""Crossroads Treatment Center of Philadelphia Kensington (ARS Treatment Centers, P.C.)"""
2065,"AB-Crossroads Treatment Center of Philadelphia Kensington (ARS Treatment Centers, P.C.)"
2066,"P-Crossroads Treatment Center of Philadelphia Kensington (ARS Treatment Centers, P.C.)"
2067,"""Friday from 07:30 to 15:00"""
2068,"""Saturday from 07:30 to 02:30"""
2069,"""Wednesday from 07:30 to 17:30"""
2070,"""Sunday from 08:00 to 12:30"""
2071,Intensive Outpatient Program (Casa de Consejeria)
2072,39.9922578
2073,"""https://www.facebook.com/casacaresinc?ref=aymt_homepage_panel"""
2074,"""https://www.twitter.com/@CasaConsejeria"""
2075,"""Intensive Outpatient Program (Casa de Consejeria)_5630846852399104"""
2076,"""Intensive Outpatient Program (Casa de Consejeria)"""
2077,"""616 West Lehigh Avenue, Philadelphia, PA 19133"""
2078,AB-Intensive Outpatient Program (Casa de Consejeria)
2079,P-Intensive Outpatient Program (Casa de Consejeria)
2080,"""tel:+1-215-634-3259"""
2081,"""CASA’s Intensive Outpatient treatment program specializes in implementing multifaceted therapy approaches in conjunction with preventive education. CASA also supplements these approaches by integrating a variety of supportive services in a holistic context in order to increase resilience and assist individuals through their recovery process.Services include:- Outpatient treatmentCASA accepts Medicaid."""
2082,"""Friday from 08:00 to 15:00"""
2083,"""Must have Medicaid.', 'Must reside in Philadelphia."""
2084,Crisis Response Center Adults (Temple Health - Episcopal Campus)
2085,39.9903107
2086,"""https://www.facebook.com/TempleHealth"""
2087,"""Crisis Response Center Adults (Temple Health - Episcopal Campus)_5769102520745984"""
2088,"""Crisis Response Center Adults (Temple Health - Episcopal Campus)"""
2089,"""100 East Lehigh Avenue, Philadelphia, PA 19125"""
2090,AB-Crisis Response Center Adults (Temple Health - Episcopal Campus)
2091,P-Crisis Response Center Adults (Temple Health - Episcopal Campus)
2092,"""tel:+1-215-707-2577"""
2093,"""The CRC is a 24-hour psychiatric emergency service where individuals experiencing behavioral health crises receive evaluation, treatment and referral for additional care. We treat episodes of psychosis, intoxication, substance withdrawal, and threatened or attempted suicide, among other conditions.Patients can receive the following services: - Evaluation & stabilization- Medical treatment when necessary- Medication to calm or stabilize them, as necessary- Access to our six-bed, 23-hour observation unit for those who require more time for assessment Our goal is to refer patients to the most appropriate services after discharge, which may include: - The inpatient Behavioral Health Center onsite at Episcopal Campus- Other agencies and facilities throughout the Delaware Valley- An inpatient substance use program- Outpatient care- Homeless shelters or recovery housesThe CRC accepts walk-in patients experiencing a behavioral health crisis, or they may receive treatment at the center at the direction of medical providers or law enforcement authorities. Patients may access the CRC by visiting the Episcopal Campus emergency room. Upon arrival at the CRC, patients undergo an initial interview with a nurse or mental health technician, followed by a second, more detailed discussion with an attending psychiatrist or psychiatry resident. Temple Health's Episcopal Campus accepts Medicaid and Medicare, and offers Financial Assistance & Charity Care (free or reduced-priced care) to uninsured and/or low-income persons who qualify."""
2094,Adult Behavioral Health Inpatient Treatment (Friends Hospital)
2095,"""Adult Behavioral Health Inpatient Treatment (Friends Hospital)_5638513518444544"""
2096,"""Adult Behavioral Health Inpatient Treatment (Friends Hospital)"""
2097,AB-Adult Behavioral Health Inpatient Treatment (Friends Hospital)
2098,P-Adult Behavioral Health Inpatient Treatment (Friends Hospital)
2099,"""Friends Hospital's Adult Behavioral Health Inpatient Program helps individuals understand their condition and develop healthy alternative behaviors. The hospital has several specialized adult units to meet the varied needs of its patients. This includes an intensive adult unit for individuals with severe and persistent mental illness and our recovery unit.This program provides:- Treatment for all major psychiatric disorders and co-occurring substance issues- Recovery-oriented approach that emphasizes the patient’s support systems, strengths and community connections- Individual, group and family therapy- Individualized treatment, wellness and discharge plans- Private bedrooms with unit access to an enclosed outside courtyardAlmost all major health insurances, including Medicare are accepted. It is the policy of Friends Hospital not to create a financial hardship for any patient. If necessary, a payment plan appropriate to the patient’s financial status can be established. To make the admission process go as smoothly as possible, please download and complete the authorization completion instructions and authorization to obtain or release protected health information form. To schedule a confidential assessment or learn more about the admission process, please call the admission department."""
2100,"""Must be between the ages of 18 to 65."""
2101,Medical Case Management (Action Wellness)
2102,AmericanSignLanguage
2103,DiscountedHealthcare
2104,InJail
2105,HelpFindSchool
2106,"""https://www.twitter.com/https://twitter.com/ActionWellPHL"""
2107,"""https://www.facebook.com/ActionWellnessPHL/"""
2108,"""Medical Case Management (Action Wellness)_4735004268298240"""
2109,"""Medical Case Management (Action Wellness)"""
2110,"""1216 Arch Street, Philadelphia, PA 19107"""
2111,AB-Medical Case Management (Action Wellness)
2112,P-Medical Case Management (Action Wellness)
2113,"""tel:+1-215-981-0088"""
2114,"""Action Wellness offers the Medical Case Management program to support individuals with HIV/AIDS who need assistance accessing services.We offer assistance in:- Medical services- Social services- Legal services- Emergency servicesOur Medical Case Managers include specialists trained in providing supportive services for:- The LGBTQ community- Drug and alcohol addiction- Families- Immigrants- Mental health- Perinatal care- Individuals in the prison system- Women- Youth"""
2115,"""Must be struggling with HIV Disease (HIV/AIDS)."""
2116,"East Division Crime Victim Advocacy Project (Congreso De Latinos Unidos, Inc.)"
2117,"""East Division Crime Victim Advocacy Project (Congreso De Latinos Unidos, Inc.)_6727523800055808"""
2118,"""East Division Crime Victim Advocacy Project (Congreso De Latinos Unidos, Inc.)"""
2119,"AB-East Division Crime Victim Advocacy Project (Congreso De Latinos Unidos, Inc.)"
2120,"P-East Division Crime Victim Advocacy Project (Congreso De Latinos Unidos, Inc.)"
2121,"""tel:+1-267-968-1813"""
2122,"""The Crime Victim Advocacy Services of the East Division offers client centered, trauma-informed services to members of the community who have experienced a crime. This program provides:- In-person crisis counseling- Case management- Court accompaniment- Information and assistance with filing crime victim compensation claims- Legal advocacy- Linkage to resources in the community  Services are available to anyone who has experienced victimization regardless if the crime was reported to the police or not. Walk-ins are welcome."""
2123,"""This program serves anyone who has experienced victimization regardless if the crime was reported to the police or not."""
2124,Family House Now (New Options for Women)
2125,"""Family House Now (New Options for Women)_5453759373770752"""
2126,"""Family House Now (New Options for Women)"""
2127,AB-Family House Now (New Options for Women)
2128,P-Family House Now (New Options for Women)
2129,Outpatient Department (Children's Crisis Treatment Center)
2130,39.9658381
2131,Undocumented
2132,"""https://www.facebook.com/cctckids"""
2133,"""Outpatient Department (Children's Crisis Treatment Center)_6082146074624000"""
2134,"""Outpatient Department (Children's Crisis Treatment Center)"""
2135,"""1080 North Delaware Avenue, Philadelphia, PA 19125"""
2136,AB-Outpatient Department (Children's Crisis Treatment Center)
2137,P-Outpatient Department (Children's Crisis Treatment Center)
2138,"""tel:+1-215-496-0707"""
2139,"""CCTC’s Outpatient Department provides evaluation and therapy at our center to children and families with emotional and behavioral health challenges. This department often functions as a gateway to other services at CCTC as well as a step-down service for children who have progressed from more intensive services.This program provides:- Mental health evaluations- Eco-systemic structural family therapy- Cognitive behavioral therapy- Play therapy- Attachment therapy- Additional clinical services- One on one sessions with parents and caregivers when necessary to help them understand and cope with their child’s behavioral challengesCCTC accepts Medicare."""
2140,"""This program accepts Medicaid."""
2141,Medication-Assisted Treatment MAT (CleanSlate)
2142,39.9218131
2143,"""https://www.twitter.com/@CleanSlateCtrs"""
2144,"""https://www.facebook.com/CleanSlateCenters"""
2145,"""Medication-Assisted Treatment MAT (CleanSlate)_6155816684224512"""
2146,"""Medication-Assisted Treatment MAT (CleanSlate)"""
2147,"""This program covers residents of the following counties: Maricopa County, AZ, Hillsborough County, FL, Allen County, IN, Delaware County, IN, Elkhart County, IN, Floyd County, IN, Hamilton County, IN, Hendricks County, IN, Howard County, IN, Johnson County, IN, Kosciusko County, IN, Lake County, IN, Madison County, IN, Marion County, IN, Monroe County, IN, Putnam County, IN, Tippecanoe County, IN, Vanderburgh County, IN, Wayne County, IN, Fayette County, KY, Jefferson County, KY, Barnstable County, MA, Berkshire County, MA, Bristol County, MA, Essex County, MA, Franklin County, MA, Hampden County, MA, Hampshire County, MA, Middlesex County, MA, Plymouth County, MA, Suffolk County, MA, Worcester County, MA, Butler County, OH, Clark County, OH, Delaware County, OH, Franklin County, OH, Montgomery County, OH, Warren County, OH, Blair County, PA, Clinton County, PA, Lackawanna County, PA, Lehigh County, PA, Luzerne County, PA, Lycoming County, PA, Northampton County, PA, Philadelphia County, PA, Tioga County, PA, Tarrant County, TX, Hanover County, VA, Norfolk City County, VA, Richmond City County, VA, Brown County, WI, Dane County, WI, Kenosha County, WI, La Crosse County, WI, Milwaukee County, WI, Racine County, WI, Rock County, WI, Sheboygan County, WI and Waukesha County, WI."""
2148,"""2300 South Broad Street, Philadelphia, PA 19145"""
2149,AB-Medication-Assisted Treatment MAT (CleanSlate)
2150,P-Medication-Assisted Treatment MAT (CleanSlate)
2151,"""tel:+1-833-505-4673"""
2152,"""CleanSlate improves the quality of life for people suffering from opioid and alcohol addictions through high-quality medication-assisted treatment (MAT), led by physicians and licensed medical providers in a convenient outpatient environment. Through CleanSlate's customized model of care, physicians are able to focus on the unique needs of each patient, providing them with a positive experience, better outcomes and an improved quality of life.This program provides: - Individualized treatment plans for each patient- Prescription of FDA-approved medications for addiction- A full team of licensed medical professionals ensuring that these medications are properly managed- Coordination with additional local healthcare and social services partnersCleanSlate accepts Medicare and Medicaid."""
2153,"""Must have Medicare or Medicaid."""
2154,Residential Rehabilitation Program (The Kirkbride Center)
2155,39.9617037
2156,"""Residential Rehabilitation Program (The Kirkbride Center)_6200212211892224"""
2157,"""Residential Rehabilitation Program (The Kirkbride Center)"""
2158,"""111 North 49th Street, Philadelphia, PA 19139"""
2159,AB-Residential Rehabilitation Program (The Kirkbride Center)
2160,P-Residential Rehabilitation Program (The Kirkbride Center)
2161,"""tel:+1-215-471-2488"""
2162,"""tel:+1-215-471-2600"""
2163,"""The Kirkbride Center offers both long- and short-term residential treatment to those facing drug or alcohol addiction. Our goal is to help each individual to formulate coping skills to replace self-destructive behaviors, develop a strong support network and choose to lead an independent, productive life.Services include:- Detoxification- Drug free residential rehabilitation- Treatment for co-occuring disorders- Gender Specific Trauma Recovery (TREM)- Ongoing medication-assisted treatment (MAT) - Pharmacologic blockade- Methadone, buprenorphrine (Suboxone) and naltrexone (Vivitrol) treatment and referralsThe Kirkbride Center accepts Medicaid. Referrals are accepted 24/7 by phone or fax from crisis response and assessment centers, treatment providers (inpatient and outpatient), the Forensic Intensive Recovery Program and the court system, as well as walk-ins. Prior to formal admission, patients will undergo a formal, face-to-face evaluation to gain a full understanding of their background. This is in order to ensure their current needs are fully within the facility’s scope of practice and to place them within the best treatment area for their needs."""
2164,Center for Brief Therapy (Philadelphia College of Osteopathic Medicine PCOM Healthcare Centers)
2165,40.0044891
2166,"""Center for Brief Therapy (Philadelphia College of Osteopathic Medicine PCOM Healthcare Centers)_6591839719522304"""
2167,"""Center for Brief Therapy (Philadelphia College of Osteopathic Medicine PCOM Healthcare Centers)"""
2168,"""4190 City Avenue, Philadelphia, PA 19131"""
2169,AB-Center for Brief Therapy (Philadelphia College of Osteopathic Medicine PCOM Healthcare Centers)
2170,P-Center for Brief Therapy (Philadelphia College of Osteopathic Medicine PCOM Healthcare Centers)
2171,"""tel:+1-215-871-6487"""
2172,"""The Center for Brief Therapy at PCOM provides a wide range of clinical assessment, treatment, and consultation services for children, adolescents and adults.This program provides:- In-person cognitive-behavioral therapy- Psychoeducational evaluations - Neuropsychological evaluations Instead of accepting insurance plans, the Center offers quality services at reasonable self-pay rates while not limiting the number of sessions. An initial 90 minute evaluation is $60 and individual 50 minute therapy sessions following the initial evaluation is $25. Individual therapy sessions with PCOM students are $10 per session."""
2173,"""Friday from 09:00 to 15:00"""
2174,"""This program serves children, adolescents, adults and older adults with emotional and behavioral problems, as well as difficulties related to medical problems."""
2175,Counseling Services (Pan American Counseling)
2176,40.0200513
2177,BrainInjury
2178,"""Counseling Services (Pan American Counseling)_5782315539365888"""
2179,"""Counseling Services (Pan American Counseling)"""
2180,"""4519 North 5th Street, Philadelphia, PA 19140"""
2181,AB-Counseling Services (Pan American Counseling)
2182,P-Counseling Services (Pan American Counseling)
2183,"""tel:+1-215-457-1620"""
2184,"""Pan American Counseling Services helps people learn how to deal more effectively with situations in their lives such as depression, addiction and substance abuse, stress, problems with self- esteem, grief, issues related to mental and emotional health, and relational problems.Services include:- Individual Counseling- Family Counseling- Psychiatrists for medication prescriptions We proudly accept Medicaid."""
2185,"""Friday from 08:30 to 19:00"""
2186,"""Thursday from 08:30 to 19:00"""
2187,"""Monday from 08:30 to 19:00"""
2188,"""Must be enrolled in Medicaid."""
2189,My Brother's House (Bethesda Project)
2190,39.9435134
2191,39.9435352
2192,Food
2193,"""https://www.twitter.com/@Bethesda_Proj"""
2194,"""https://www.facebook.com/BethesdaProject/"""
2195,"""My Brother's House (Bethesda Project)_5138871176658944"""
2196,"""My Brother's House (Bethesda Project)"""
2197,"""1630 South Street, Philadelphia, PA 19146"""
2198,"""609 South 15th Street, Philadelphia, PA 19146"""
2199,AB-My Brother's House (Bethesda Project)
2200,P-My Brother's House (Bethesda Project)
2201,"""tel:+1-215-985-1600"""
2202,"""My Brother's House program offers a safe heaven that provides pre-recovery housing and an array of supportive services to 20 vulnerable men with chronic mental illness and substance abuse problem. This program provides:- Temporary shelterIn addition to a safe place to stay, resident are provided with:- Meals- Social services"""
2203,"""This program serves homeless men."""
2204,Counseling (Circle Counseling)
2205,39.9442155
2206,"""Counseling (Circle Counseling)_4780892498952192"""
2207,"""Counseling (Circle Counseling)"""
2208,"""4617 Woodland Avenue, Philadelphia, PA 19143"""
2209,AB-Counseling (Circle Counseling)
2210,P-Counseling (Circle Counseling)
2211,"""tel:+1-267-254-0015"""
2212,"""Circle Counseling offers counseling for those who are living with mental health issues and are seeking treatment to help address issues related to mental health and loved ones. This program provides: - Individual counseling- Couples counseling- Family counselingTherapists specialize in:- Depression- Anxiety- Spiritual formation- Women’s issues- Grief- Personal growth- Aging- Self-esteem- Anger management- Stress- Eating disorders- Sexuality- Emotional and physical abuse- Work and career concerns- Substance Abuse- Separation & Divorce- Relaxation and Meditation training- Relationship skills- Communication- Intimacy- Money management- Power- Parenting issuesServices are offered on a sliding scale basis. Please inquire for more information."""
2213,Mental Health Peer Support (Merakey - Pennsylvania)
2214,40.0353625
2215,39.9376146
2216,"""Mental Health Peer Support (Merakey - Pennsylvania)_4841846745595904"""
2217,"""Mental Health Peer Support (Merakey - Pennsylvania)"""
2218,"""20 East Armat Street, Philadelphia, PA 19144"""
2219,"""810 South 3rd Street, Philadelphia, PA 19147"""
2220,AB-Mental Health Peer Support (Merakey - Pennsylvania)
2221,P-Mental Health Peer Support (Merakey - Pennsylvania)
2222,"""tel:+1-866-647-0007"""
2223,"""Mental Health Peer Support is intended to provide supports by staff who have direct experience utilizing public mental health services. This program provides:- Advocacy- Support In Building Natural Supports- Enhancing Personal Relationships- Service Coordination- Wellness Recovery Action Planning"""
2224,Pediatrics (Esperanza Health Center)
2225,39.9961678
2226,HearingTests
2227,"""https://www.facebook.com/EsperanzaHealthCenter"""
2228,"""Pediatrics (Esperanza Health Center)_5402503573143552"""
2229,"""Pediatrics (Esperanza Health Center)"""
2230,"""2940 North 5th Street, Philadelphia, PA 19133"""
2231,AB-Pediatrics (Esperanza Health Center)
2232,P-Pediatrics (Esperanza Health Center)
2233,"""tel:+1-215-302-3600"""
2234,"""Esperanza Health Center's Pediatrics Program provides primary care services for children from birth through age 18. Care for children is provided by an excellent team including pediatric and family nurse practitioners, physician assistants, family doctors, and pediatricians.This program provides:- Well Child Visits- Immunizations- Behavioral health consultation - Fitness activities (Hunting Park site) - Social services support - Nutrition counseling- School and Sports PhysicalsEsperanza Health Center accepts Medicaid and Medicare. If you are not eligible for insurance coverage, you may still become an Esperanza patient and apply for discounted care through our Uninsured Patient Program. Under this program, your fee may be anywhere from $20 to $60 for a medical or dental visit. This sliding scale fee is based on your income and family size.Patients of Esperanza Health Center will not be denied access to services due to inability to pay."""
2235,"""This program helps people who are 0 to 18 years old.', 'Must meet our income guidelines for sliding scale fees."""
2236,Outpatient Drug and Alcohol Treatment (Women's Institute for Family Health)
2237,"""Outpatient Drug and Alcohol Treatment (Women's Institute for Family Health)_5639251868516352"""
2238,"""Outpatient Drug and Alcohol Treatment (Women's Institute for Family Health)"""
2239,AB-Outpatient Drug and Alcohol Treatment (Women's Institute for Family Health)
2240,P-Outpatient Drug and Alcohol Treatment (Women's Institute for Family Health)
2241,"""tel:+1-215-772-3111"""
2242,"""Women's Institute for Family Health provides men and women with drug or alcohol dependence, as well as those with co-occurring substance abuse and mental health issues. Clients learn strategies to promote better health and discontinue self-destructive behaviors.Services include:- Psychiatric Assessment- Drug and Alcohol Assessment/Evaluation- Medication Assisted Therapy (Suboxone)- Medication Management- Individual, Group Psychotherapy and Family Counseling- Addiction Education- Peer Support- DUI ServicesTheir services assist people with special needs that include individuals with trauma, anger, grief and loss issues, veterans, LGBTQIA+ of all ages, and pregnant or parenting women. Women's Institute for Family Health accepts Medicaid and Medicare. Appointments are recommended however walk-ins are accepted. Call for an evaluation or intake appointment."""
2243,"Philadelphia Gaming Initiative (Insttitute for the Development of African-American Youth, Inc.)"
2244,"""Philadelphia Gaming Initiative (Insttitute for the Development of African-American Youth, Inc.)_5820170162012160"""
2245,"""Philadelphia Gaming Initiative (Insttitute for the Development of African-American Youth, Inc.)"""
2246,"""1001 East Chelten Avenue, Philadelphia, PA 19138"""
2247,"AB-Philadelphia Gaming Initiative (Insttitute for the Development of African-American Youth, Inc.)"
2248,"P-Philadelphia Gaming Initiative (Insttitute for the Development of African-American Youth, Inc.)"
2249,"""tel:+1-215-931-8512"""
2250,"""Friday from 16:00 to 19:30"""
2251,"""Wednesday from 16:00 to 19:30"""
2252,"""Monday from 16:00 to 19:30"""
2253,Psychology Training Clinic (La Salle University - Community Center for Counseling and Psychological Services)
2254,40.0362513
2255,"""https://www.facebook.com/lasalleuniversity/"""
2256,"""https://www.twitter.com/@LaSalleUniv"""
2257,"""Psychology Training Clinic (La Salle University - Community Center for Counseling and Psychological Services)_6242235407007744"""
2258,"""Psychology Training Clinic (La Salle University - Community Center for Counseling and Psychological Services)"""
2259,AB-Psychology Training Clinic (La Salle University - Community Center for Counseling and Psychological Services)
2260,P-Psychology Training Clinic (La Salle University - Community Center for Counseling and Psychological Services)
2261,"""tel:+1-215-951-1284"""
2262,"""La Salle University's Psychology Training Clinic is a community mental health clinic that offers ethical, quality treatment to the the community at an affordable cost.This program provides:- Individual counseling- Child therapy- Family counseling- Couples counseling- Group therapy- Psychological assessments- Diagnostic evaluations- ConsultationsIn addition to providing general outpatient and consultation services, the clinic has a number of specialty teams providing specialized treatment in the following areas: depression, anxiety, health-related issues, pediatric psychology, child psychology, psychological testing, and neuropsychological evaluation.This is a training clinic through the Clinical Psychology Doctoral Program at the university and is directed and supervised by licensed, doctoral level psychologists."""
2263,Clinical Services (University of Pennsylvania - Department of Psychiatry Penn Center for Women's Behavioral Wellness)
2264,"""Clinical Services (University of Pennsylvania - Department of Psychiatry Penn Center for Women's Behavioral Wellness)_6556041360965632"""
2265,"""Clinical Services (University of Pennsylvania - Department of Psychiatry Penn Center for Women's Behavioral Wellness)"""
2266,AB-Clinical Services (University of Pennsylvania - Department of Psychiatry Penn Center for Women's Behavioral Wellness)
2267,P-Clinical Services (University of Pennsylvania - Department of Psychiatry Penn Center for Women's Behavioral Wellness)
2268,"""tel:+1-215-573-8886"""
2269,"""The PCWBW provides clinical consultations and evaluations regarding psychotropic medications in pregnancy and lactation, postpartum and antepartum depression and anxiety, and mood disorders specific to the menstrual cycle and menopausal transition. These evaluations can function as a one-time comprehensive consultation only, or as an ongoing resource for patients during a difficult period.Services:- Clinical consultation & evaluations- Psychotherapy- Cognitive Behavioral Therapy- Couples Therapy- PsychopharmacologyWe accept most major insurances, including Medicare and Medicaid (Philadelphia county only)."""
2270,"""Must have Medicare and/or Medicaid."""
2271,Residential Substance Abuse Program - Interim House West (Public Health Management Corporation)
2272,39.97523
2273,"""https://www.twitter.com/@PHMCtweets"""
2274,"""Residential Substance Abuse Program - Interim House West (Public Health Management Corporation)_5547279449587712"""
2275,"""Residential Substance Abuse Program - Interim House West (Public Health Management Corporation)"""
2276,"""4108 Parkside Avenue, Philadelphia, PA 19104"""
2277,AB-Residential Substance Abuse Program - Interim House West (Public Health Management Corporation)
2278,P-Residential Substance Abuse Program - Interim House West (Public Health Management Corporation)
2279,"""tel:+1-215-871-0300"""
2280,"""Interim House West Interim House West is a residential treatment program for women with substance abuse and mental health disorders and their children. Services:- Residential treatment"""
2281,Adult Residential Rehabilitation (Salvation Army - Philadelphia)
2282,"""https://www.facebook.com/SalvationArmyUSA"""
2283,"""https://www.twitter.com/@SalvationArmyUS"""
2284,"""Adult Residential Rehabilitation (Salvation Army - Philadelphia)_5077663329026048"""
2285,"""Adult Residential Rehabilitation (Salvation Army - Philadelphia)"""
2286,AB-Adult Residential Rehabilitation (Salvation Army - Philadelphia)
2287,P-Adult Residential Rehabilitation (Salvation Army - Philadelphia)
2288,"""Our Adult Residential Rehabilitation program is an 8 and a half month non-clinical residential program in which adults struggling to live independent and healthy lives can conquer their demons and gain the skills necessary to improve themselves and live full lives. We help individuals living with additions, depression or other difficulties become independent, contributory members of society.This program provides:- Short-term housingResidents in the program receive: - Mentoring- Peer, group and spiritual support- Daily life skills training- Non-clinical drug and mental health treatmentThere is no cost for this program. However, if a resident does have an income (social security, pension, etc.), they will be required to pay $20/day to help cover program costs.Interested persons should call to schedule an interview."""
2289,"""This program serves individuals struggling with substance misuse."""
2290,"Maria de los Santos Health Center (Delaware Valley Community Health, Inc.)"
2291,39.9999232
2292,HealthInsurance
2293,DentalCare
2294,"""Maria de los Santos Health Center (Delaware Valley Community Health, Inc.)_5202634877960192"""
2295,"""Maria de los Santos Health Center (Delaware Valley Community Health, Inc.)"""
2296,"""401 West Allegheny Avenue, Philadelphia, PA 19133"""
2297,"AB-Maria de los Santos Health Center (Delaware Valley Community Health, Inc.)"
2298,"P-Maria de los Santos Health Center (Delaware Valley Community Health, Inc.)"
2299,"""tel:+1-215-291-2500"""
2300,"""Maria de los Santos Health Center is a comprehensive health center providing high-quality medical services to all patients, regardless of their ability to pay for them at the time of service.Services provided include:- Adult & Family Medicine- Behavioral Health- Care Coordination- Dental- Gynecology- Health Education- Health Insurance Enrollment- HIV Services- Medication Dispensary- Pediatrics- Podiatry/Foot Care- Prenatal Care- Social ServicesWe accept Medicaid, Medicare, CHIP and most other forms of health insurance. If you need health insurance our Health Insurance Enrollment Staff can help you apply for Medicaid, CHIP and private health insurance through the Health Insurance Marketplace.COVID-19 Testing Location: Patients are able to call the main number 215.291.2500 to schedule a telemedicine visit with a provider who will determine if you need testing and will work with our teams to schedule you for an appointment.As of Monday, March 23, 2020, we will continue to see all scheduled patients for visits by phone (telemedicine). Visits for patients who need to be seen in person will be scheduled between 8:30AM - 5:00PM. All visits after 5:00PM will be telemedicine. Please call us before coming into the office. Our providers are looking forwards to speaking with you."""
2301,"""Friday from 07:00 to 17:00"""
2302,"""Monday from 07:00 to 17:00"""
2303,"""Thursday from 07:00 to 17:00"""
2304,"""Wednesday from 07:00 to 17:00"""
2305,Developmental Behavioral Pediatrics (Nemours Children's Health System)
2306,39.9502495
2307,"""https://www.facebook.com/Nemours/"""
2308,"""Developmental Behavioral Pediatrics (Nemours Children's Health System)_5650852548444160"""
2309,"""Developmental Behavioral Pediatrics (Nemours Children's Health System)"""
2310,"""This program covers residents of the following counties: New Castle County, DE, Sussex County, DE, Orange County, FL, Camden County, NJ, Gloucester County, NJ, Montgomery County, PA and Philadelphia County, PA."""
2311,"""833 Chestnut Street, Philadelphia, PA 19107"""
2312,AB-Developmental Behavioral Pediatrics (Nemours Children's Health System)
2313,P-Developmental Behavioral Pediatrics (Nemours Children's Health System)
2314,"""tel:+1-215-861-8800"""
2315,"""Developmental behavioral pediatrics is a specialty that focuses on children’s growth and development. Nemours Children's Health System works together with a team of medical specialists to develop individualized treatment plans for kids with developmental delays, developmental disabilities or medical conditions that affect their learning and behavior.This program provides: - A comprehensive evaluation- A physical exam, checking things like coordination, reflexes and muscle tone- Observations of how your child communicates, moves and plays- Further testing, if needed, to evaluate concerns such as speech and language abilities, fine motor skills, gross motor skillsNemours Children's Health System may also provide a full report of its findings and, if a problem is diagnosed, specific recommendations (such as at-home or school-based therapies, early intervention services, counseling and/or medications, guidance and referrals about agencies and educational programs that may be helpful).Nemours Children's Health System primarily focuses on children under the age of 7 years old in this specialty. They have a limited number of appointments for older children and teens. They prioritize appointments for young children, but please know that there can be a significant wait — potentially six months or more — for appointments for children of any age.Nemours Children's Health System accepts Medicaid and Medicare, and offers financial assistance to eligible uninsured families. Please call 800-416-4441 if you are in the Delaware/Greater Philadelphia area and call 407-650-7715 if you are in Central Florida."""
2316,"""Friday from 09:00 to 16:00"""
2317,"""Tuesday from 09:00 to 16:00"""
2318,"""Thursday from 09:00 to 16:00"""
2319,"""Monday from 09:00 to 16:00"""
2320,"""Wednesday from 09:00 to 16:00"""
2321,"""Must have Medicaid or Medicare, or meet income guidelines for financial assistance."""
2322,Diana Baldwin Mental Health Clinic (The Institute for Community Justice)
2323,39.9506585
2324,"""Diana Baldwin Mental Health Clinic (The Institute for Community Justice)_4800201587949568"""
2325,"""Diana Baldwin Mental Health Clinic (The Institute for Community Justice)"""
2326,"""1211 Chestnut Street, Philadelphia, PA 19107"""
2327,AB-Diana Baldwin Mental Health Clinic (The Institute for Community Justice)
2328,P-Diana Baldwin Mental Health Clinic (The Institute for Community Justice)
2329,"""tel:+1-215-525-8657"""
2330,"""The Diana Baldwin Mental Health Clinic provides culturally competent behavioral health services that address the psychological, social and emotional needs of every patient. Our outpatient mental health clinic staff provide an integrated, holistic approach to therapeutic intervention.Services offered:- Individual Therapy- HIV and Trauma Informed Therapy - Women & Men’s Support Groups for people living with HIV- Referral CoordinationIf you are currently experiencing any of the following: Depression, Post-Traumatic Stress Disorder (PTSD), Bipolar Disorder, Anxiety, Anger Management, Family/ Relationship problems, the Diana Baldwin Mental Health Clinic may be the right place for you.All patients are served regardless of their ability to pay. We accept both Medicaid and Medicare."""
2331,"""We serve individuals living with HIV/AIDS."""
2332,Child and Adolescent Outpatient Psychiatry Services (Jefferson Health - Vickie & Jack Farber Institute for Neuroscience)
2333,39.949088
2334,EarlyChildhoodIntervention
2335,"""Child and Adolescent Outpatient Psychiatry Services (Jefferson Health - Vickie & Jack Farber Institute for Neuroscience)_5835145656664064"""
2336,"""Child and Adolescent Outpatient Psychiatry Services (Jefferson Health - Vickie & Jack Farber Institute for Neuroscience)"""
2337,"""325 Chestnut Street, Philadelphia, PA 19106"""
2338,AB-Child and Adolescent Outpatient Psychiatry Services (Jefferson Health - Vickie & Jack Farber Institute for Neuroscience)
2339,P-Child and Adolescent Outpatient Psychiatry Services (Jefferson Health - Vickie & Jack Farber Institute for Neuroscience)
2340,"""tel:+1-215-955-8420"""
2341,"""Jefferson's Child and Adolescent Psychiatry Outpatient Services are here to help children and adolescents with mental health issues. They treat a variety of clinical problems including attention deficit hyperactivity disorder (ADHD), mood disorders, anxiety disorders (generalized anxiety and obsessive compulsive disorder), pervasive developmental disorders and disruptive behavior disorders. This program provides:- Child and adolescent outpatient psychiatry servicesAdditional services include:- Comprehensive diagnostic evaluation - Psychotherapy- Psychopharmacology- Parent counseling- Family therapyJefferson Health accepts Medical Assistance (Medicaid) and Self-Pay with a sliding scale fee schedule."""
2342,"""This program serves children and adolescents."""
2343,Drop-In Social Services (Broad Street Love BSL)
2344,39.946478
2345,UnderstandGovernmentPrograms
2346,"""Drop-In Social Services (Broad Street Love BSL)_5436313791889408"""
2347,"""Drop-In Social Services (Broad Street Love BSL)"""
2348,"""315 South Broad Street, Philadelphia, PA 19107"""
2349,AB-Drop-In Social Services (Broad Street Love BSL)
2350,P-Drop-In Social Services (Broad Street Love BSL)
2351,"""tel:+1-215-735-4847"""
2352,"""Broad Street Love (BSL) invites anyone and everyone into their space and offers a wide range of services to meet basic needs. BSM’s commitment to radical hospitality means that hundreds of vulnerable adults are welcomed through their doors each week. This program provides:- Lunch - Mail services - Case management- Re/PreEntry services- Personal care items- Clothing- Clothes mending services"""
2353,"""Monday from 11:30 to 15:00"""
2354,"""Friday from 11:30 to 15:00"""
2355,"""Wednesday from 11:30 to 15:00"""
2356,"""Thursday from 11:30 to 15:00"""
2357,"""Tuesday from 11:30 to 15:00"""
2358,Philadelphia Mental Health Non-Emergency Hotline (Community Behavioral Health)
2359,39.9517607
2360,"""Philadelphia Mental Health Non-Emergency Hotline (Community Behavioral Health)_5430451238862848"""
2361,"""Philadelphia Mental Health Non-Emergency Hotline (Community Behavioral Health)"""
2362,AB-Philadelphia Mental Health Non-Emergency Hotline (Community Behavioral Health)
2363,P-Philadelphia Mental Health Non-Emergency Hotline (Community Behavioral Health)
2364,"""tel:+1-215-685-6440"""
2365,"""Community Behavioral Health offers a mental health non-emergency hotline for Philadelphia County residents.This program provides:- One-on-one support Please call us for services."""
2366,Forensic Mental Health Serivces (Assessment & Treatment Alternatives)
2367,39.9580428
2368,"""Forensic Mental Health Serivces (Assessment & Treatment Alternatives)_6044427171397632"""
2369,"""Forensic Mental Health Serivces (Assessment & Treatment Alternatives)"""
2370,"""1225 Vine Street, Philadelphia, PA 19107"""
2371,AB-Forensic Mental Health Serivces (Assessment & Treatment Alternatives)
2372,P-Forensic Mental Health Serivces (Assessment & Treatment Alternatives)
2373,"""tel:+1-215-405-2100"""
2374,"""ATA specializes in providing mental health services to children and adolescents with severe behavior problems, histories of physical abuse, sexual abuse, or neglect, child or adolescent sexual abusers and/or substance abuse issues. This program provides: - Victim services- Forensic foster care- Family servicesATA accepts medicaid and medicare."""
2375,Behavioral Health Services (Sayre Health Center)
2376,39.957475
2377,"""https://www.twitter.com/https://twitter.com/BLJ_SHC"""
2378,"""https://www.facebook.com/SayreHealthCenter?ref=aymt_homepage_panel"""
2379,"""Behavioral Health Services (Sayre Health Center)_5921076862255104"""
2380,"""Behavioral Health Services (Sayre Health Center)"""
2381,"""5800 Walnut St, Philadelphia, PA 19139"""
2382,AB-Behavioral Health Services (Sayre Health Center)
2383,P-Behavioral Health Services (Sayre Health Center)
2384,"""tel:+1-215-474-4444"""
2385,"""Sayre Health Center's Behavioral Health Services' provide trauma-sensitive counseling services to all patients. Sayre Health Center's experienced, compassionate specialists help each patient find the treatment options that will work best for their unique situation.This program provides: - Counseling- Referral to psychiatry- Case management - Assistance with quitting smoking"""
2386,"""Must be uninsured to receive sliding scale fees."""
2387,"Support Groups SOS (Survivors of Suicide, Inc.)"
2388,40.0719989
2389,"""Support Groups SOS (Survivors of Suicide, Inc.)_4547108510236672"""
2390,"""Support Groups SOS (Survivors of Suicide, Inc.)"""
2391,"""This program covers residents of the following counties: Camden County, NJ, Bucks County, PA, Chester County, PA, Delaware County, PA, Montgomery County, PA and Philadelphia County, PA."""
2392,"""Knights & Red Lion Rds, Philadelphia, PA 19114"""
2393,"AB-Support Groups SOS (Survivors of Suicide, Inc.)"
2394,"P-Support Groups SOS (Survivors of Suicide, Inc.)"
2395,"""tel:+1-215-545-2242"""
2396,"""Survivors of Suicide host support groups where individuals and family members that have experienced loss through suicide can share experiences and feelings with each other. This organization feels that all who have suffered a suicide loss can help others comprehend the incomprehensible in a safe and supportive environment.This program provides:- Survivors of Suicide Support groupGroups are currently held as zoom meetings."""
2397,"""Tuesday from 19:30 to 20:30"""
2398,"""This program serves individuals and family members that have experienced loss through suicide."""
2399,Counseling Program (Feast of Justice)
2400,40.0372116
2401,"""https://www.facebook.com/FeastOfJusticePhiladelphia"""
2402,"""Counseling Program (Feast of Justice)_5733017817448448"""
2403,"""Counseling Program (Feast of Justice)"""
2404,"""3101 Tyson Avenue, Philadelphia, PA 19149"""
2405,AB-Counseling Program (Feast of Justice)
2406,P-Counseling Program (Feast of Justice)
2407,"""A partnership with Jefferson University helps Feast of Justice to offer free individual, family, or group counseling to guests to help address stress, addiction, family struggles, and more. All counselors are supervised by Pastor Tricia, but otherwise, confidentiality is of the utmost importance.  This program provides:- Individual Counseling- Family Counseling- Group CounselingAll sessions will currently be over the phone for safety during the pandemic."""
2408,Opioid Treatment Program OTP (Achievement Through Counseling and Treatment ACT 1)
2409,40.042035
2410,"""Opioid Treatment Program OTP (Achievement Through Counseling and Treatment ACT 1)_5792020391002112"""
2411,"""Opioid Treatment Program OTP (Achievement Through Counseling and Treatment ACT 1)"""
2412,"""5820 Old York Rd., Philadelphia, PA 19141"""
2413,AB-Opioid Treatment Program OTP (Achievement Through Counseling and Treatment ACT 1)
2414,P-Opioid Treatment Program OTP (Achievement Through Counseling and Treatment ACT 1)
2415,"""tel:+1-855-331-1011"""
2416,Children and Adolescent Behavioral Health Rehabilitation Services (WES Health System)
2417,39.9915494
2418,"""Children and Adolescent Behavioral Health Rehabilitation Services (WES Health System)_5026565672140800"""
2419,"""Children and Adolescent Behavioral Health Rehabilitation Services (WES Health System)"""
2420,"""2514 North Broad Street, Philadelphia, PA 19132"""
2421,AB-Children and Adolescent Behavioral Health Rehabilitation Services (WES Health System)
2422,P-Children and Adolescent Behavioral Health Rehabilitation Services (WES Health System)
2423,"""tel:+1-215-226-7100"""
2424,"""tel:+1-215-456-2626"""
2425,"""Behavioral Health Rehabilitation Services, also known as Wraparound, are services for children and adolescents who may be experiencing mental and behavioral health challenges in their daily lives. Wraparound services are a shift from traditional mental health services provided in a therapist’s office, to services where the child normally is, in the home, school, or community. This program provides:- Wraparound services - building constructive relationships and support networks- ReferralMedicaid and Medicare accepted. Private pay available.  Obtaining BHRS services first requires an evaluation by a psychologist. The request is then submitted to CBH (Community Behavioral Health) for an approval. Given the child’s diagnosis, services can be approved for 6 months – 1 year, at a time."""
2426,"""Monday from 08:45 to 17:00"""
2427,"""Thursday from 08:45 to 17:00"""
2428,"""Wednesday from 08:45 to 17:00"""
2429,"""Friday from 08:45 to 17:00"""
2430,"""Tuesday from 08:45 to 17:00"""
2431,"""This program helps people who are 5 to 21 years old.', 'Must go through an evaluation by a psychologist and approved by Community Behavioral Health before obtaining services."""
2432,Journey of Hope Project JOH (Philadelphia Department of Behavioral Health and Intellectual disAbility Services DBHIDS - Office of Addiction Services OAS)
2433,40.0155597
2434,"""https://www.twitter.com/@dbhids"""
2435,"""https://www.facebook.com/DBHIDS"""
2436,"""Journey of Hope Project JOH (Philadelphia Department of Behavioral Health and Intellectual disAbility Services DBHIDS - Office of Addiction Services OAS)_4807644920676352"""
2437,"""Journey of Hope Project JOH (Philadelphia Department of Behavioral Health and Intellectual disAbility Services DBHIDS - Office of Addiction Services OAS)"""
2438,"""5000 Jackson Street, Philadelphia, PA 19124"""
2439,AB-Journey of Hope Project JOH (Philadelphia Department of Behavioral Health and Intellectual disAbility Services DBHIDS - Office of Addiction Services OAS)
2440,P-Journey of Hope Project JOH (Philadelphia Department of Behavioral Health and Intellectual disAbility Services DBHIDS - Office of Addiction Services OAS)
2441,"""The Journey of Hope Project offers individuals experiencing prolonged homelessness, substance use disorders, and co-occurring mental health challenges with an opportunity for free treatment and support services. The Project admits individuals directly from the street, shelters, and Safe Havens by reducing barriers to treatment admission. We provide the following: - Substance use, mental health, and nursing assessment at a Crisis Response Center- Transition into the most appropriate treatment setting to meet the client's needs- Upon completion of treatment, connection with permanent supportive housing opportunities- Ongoing outreach and follow-up to help support long-term sustained recovery in the communityReferrals for all of these programs come primarily from street homeless outreach teams, such as Project HOME, Horizon House, Hall Mercer, Self, Inc, and MHA, as well as from staff located within OSH shelters, DBH safe havens, and winter cafes via Bethesda, Horizon House and Project HOME.Journey of Hope Project is funded by Community Behavioral Health (CBH), Behavioral Health Special Initiative Program (BHSI), and The Department of Behavioral Health and Intellectual disAbility Services (DBHIDS)."""
2442,"""Must meet the HUD definition of chronic homelessness (i.e. documented one year continuous homelessness or four episodes in three years).', 'Must be referred by an outreach worker."""
2443,Opioid Treatment Program (Achievenment Through Counseling and Treatment)
2444,"""Opioid Treatment Program (Achievenment Through Counseling and Treatment)_5792020391002112"""
2445,"""Opioid Treatment Program (Achievenment Through Counseling and Treatment)"""
2446,AB-Opioid Treatment Program (Achievenment Through Counseling and Treatment)
2447,P-Opioid Treatment Program (Achievenment Through Counseling and Treatment)
2448,"""tel:+1-215-276-8400"""
2449,"""Thursday from 06:00 to 16:00"""
2450,"""Saturday from 08:00 to 12:00"""
2451,"""Friday from 06:00 to 16:00"""
2452,"""Tuesday from 06:00 to 16:00"""
2453,"""Wednesday from 06:00 to 16:00"""
2454,"""Monday from 06:00 to 16:00"""
2455,"Residential Therapeutic Community (Men and Women for Human Excellence, Inc.)"
2456,39.9810206
2457,"""https://www.twitter.com/@MWFHE"""
2458,"""https://www.facebook.com/mwfhe"""
2459,"""Residential Therapeutic Community (Men and Women for Human Excellence, Inc.)_4964759830003712"""
2460,"""Residential Therapeutic Community (Men and Women for Human Excellence, Inc.)"""
2461,"""This program covers residents of the following counties: Dekalb County, GA and Philadelphia County, PA."""
2462,"""2600 Cecil B. Moore Avenue, Philadelphia, PA 19121"""
2463,"AB-Residential Therapeutic Community (Men and Women for Human Excellence, Inc.)"
2464,"P-Residential Therapeutic Community (Men and Women for Human Excellence, Inc.)"
2465,"""tel:+1-215-594-3581"""
2466,"""Residential Therapeutic Community is an intensive and comprehensive treatment model developed for use with adults with substance abuse or mental health challenges. It is a substance-free living environment in which alcohol and substance users can holistically rebuild their lives by using the person-first, strength-based approach, and the incorporation of the principles of Narcotics Anonymous.This program provides:- Sober living- Therapeutic peer community"""
2467,"""This program serves homeless people residing in the listed coverage areas."""
2468,Education Planning and Career Development (Family Promise of Philadelphia)
2469,40.058274
2470,FinancialEducation
2471,GedHighSchoolEquivalency
2472,Dropouts
2473,"""https://www.facebook.com/philaihn"""
2474,"""https://www.twitter.com/@Philaihn"""
2475,"""Education Planning and Career Development (Family Promise of Philadelphia)_6742286504427520"""
2476,"""Education Planning and Career Development (Family Promise of Philadelphia)"""
2477,"""7047 Germantown Avenue, Philadelphia, PA 19119"""
2478,AB-Education Planning and Career Development (Family Promise of Philadelphia)
2479,P-Education Planning and Career Development (Family Promise of Philadelphia)
2480,"""tel:+1-215-247-4663"""
2481,"""The Education Planning and Career Development helps individuals young and old work to achieve various goals including obtaining a GED, preparing for college and standardized exams, obtaining an Associate’s or Bachelor’s Degree, building a resume and searching for a job.This program provides:- Help finding school- Help finding work - GED support and preparation - Resume writing help- Family therapy- Financial educationPlease call for more information."""
2482,"""This program serves those seeking education and career development."""
2483,Addiction Recovery Services (Merakey - Pennsylvania)
2484,39.9796591
2485,"""Addiction Recovery Services (Merakey - Pennsylvania)_6032260047568896"""
2486,"""Addiction Recovery Services (Merakey - Pennsylvania)"""
2487,"""This program covers residents of the following counties: Delaware County, PA, Montgomery County, PA, Northumberland County, PA and Philadelphia County, PA."""
2488,"""5000 Parkside Avenue, Philadelphia, PA 19131"""
2489,AB-Addiction Recovery Services (Merakey - Pennsylvania)
2490,P-Addiction Recovery Services (Merakey - Pennsylvania)
2491,"""tel:+1-215-879-6116"""
2492,"""Merakey offers comprehensive clinical, evidence-based practice, and therapeutic programs in both community based and clinic based settings to address the impact of addiction on the community, family, and individual.This program provides:- Group, Family, and Individual Counseling- Outpatient and Intensive Outpatient Programs- Drug Free and Medication Assisted Modalities- Co-Occurring Disorders Treatment- Pharmacotherapy Programs- Drug and Alcohol Education- Life Skills Management- Relapse Prevention Planning- Drug ScreeningMerakey accepts Medicaid."""
2493,"""Wednesday from 07:00 to 14:00"""
2494,"""Thursday from 07:00 to 14:00"""
2495,"""Monday from 07:00 to 14:00"""
2496,"""Tuesday from 07:00 to 14:00"""
2497,"""Friday from 07:00 to 14:00"""
2498,Wrap Around Services Behavioral Health Rehabilitation Services (Children's Hospital of Philadelphia)
2499,39.9558866
2500,HomeVisiting
2501,"""Wrap Around Services Behavioral Health Rehabilitation Services (Children's Hospital of Philadelphia)_6211548073951232"""
2502,"""Wrap Around Services Behavioral Health Rehabilitation Services (Children's Hospital of Philadelphia)"""
2503,AB-Wrap Around Services Behavioral Health Rehabilitation Services (Children's Hospital of Philadelphia)
2504,P-Wrap Around Services Behavioral Health Rehabilitation Services (Children's Hospital of Philadelphia)
2505,"""Wrap around services gives individuals and families the opportunity to meet with a professional to address problems, consider strengths and develop plans that can help them to eliminate or begin to control some of their situations which allow them to feel better about themselves and become more self-sufficient.This program's wrap around service provides:- A behavior specialist that writes the plan about how to change your child’s behavior- A mobile therapist that may meet with your child or with other members of the family for individual mental health counseling at home or at school. - A specially trained staff support person that may work with just your child every day, or a few days a week at home, in school or in the community, to help your child learn to change his or her behaviorWrap around services are covered by SSI and Medical Assistance. If you get wraparound services, you have to regularly re-apply to keep them.  Sometimes children with autism may only have to re-apply once per year."""
2506,"""This program serves clients enrolled in SSI or Medical Assistance."""
2507,Drug and Alcohol Services (Child Guidance Resource Centers)
2508,"""Drug and Alcohol Services (Child Guidance Resource Centers)_4542572480692224"""
2509,"""Drug and Alcohol Services (Child Guidance Resource Centers)"""
2510,AB-Drug and Alcohol Services (Child Guidance Resource Centers)
2511,P-Drug and Alcohol Services (Child Guidance Resource Centers)
2512,"""Child Guidance Resource Centers offers a supportive and effective program specifically for teenagers struggling with addiction. The Drug and Alcohol Service (D and A) is an extensive, family-based program that focuses on education, treatment and recovery from substance abuse. We supportively confront and coach our clients through the personal, academic, social and family problems created by and participating in the use of drugs and alcohol.Our treatment includes- Individual therapy- Family therapy- Group therapy- Relapse prevention techniques - After-care planningChild Guidance Resource Centers accepts Medicaid for their services."""
2513,"""Must have Medical Assistance (Medicaid).', 'This program helps people who are 13 to 19 years old."""
2514,"Community Integrated Recovery Centers (CIRCs) at Carlisle (Citizens Acting Together Can Help, Inc.)"
2515,39.932861
2516,"""https://www.facebook.com/CATCHIncPhilly/?view_public_for=116347695646253"""
2517,"""Community Integrated Recovery Centers (CIRCs) at Carlisle (Citizens Acting Together Can Help, Inc.)_5113735971864576"""
2518,"""Community Integrated Recovery Centers (CIRCs) at Carlisle (Citizens Acting Together Can Help, Inc.)"""
2519,"AB-Community Integrated Recovery Centers (CIRCs) at Carlisle (Citizens Acting Together Can Help, Inc.)"
2520,"P-Community Integrated Recovery Centers (CIRCs) at Carlisle (Citizens Acting Together Can Help, Inc.)"
2521,"""tel:+1-215-389-0903"""
2522,"""""""Using clinical protocols and activities that promote the concepts of personal strengths and resiliency, these programs combine outpatient psychiatric services with community-oriented psychiatric rehabilitation servicesMembers work on skills which will help them achieve a variety of goals ranging from psychiatric symptom reduction to independent living and vocational/educational placement. Our dedicated staff uses a blend of best practices, recovery models, and a person-centered approach that builds coping and socialization proficiency. Services are provided on-site and in a community-based setting. We also offer psychiatric resources in the form of psychiatric evaluations, medication consultation, and medication managementMembers –build off of the development and social maturity of its participants in order to help them actively integrate into local community events and activities."""""""
2523,"""This program helps people who are 30 to 35 years old.', 'Our members must have a present, or a history of a, serious mental illness which includes the following diagnoses by a psychiatrist: schizophrenia, major mood disorder, psychotic disorder, schizoaffective disorder or borderline personality disorder. The person must also have a moderate to severe fun', 'Members must choose to participate in the program, be stable, absent of any withdrawal symptoms. The person must also be willing to come to the program."""
2524,Philadelphia Partnership for Resilience PPR (Nationalities Service Center)
2525,39.9538607
2526,HumanTraffickingSurvivors
2527,CitizenshipAndImmigration
2528,Representation
2529,"""https://www.facebook.com/NationalitiesServiceCenter"""
2530,"""https://www.twitter.com/@NSCPhila"""
2531,"""Philadelphia Partnership for Resilience PPR (Nationalities Service Center)_4923893640069120"""
2532,"""Philadelphia Partnership for Resilience PPR (Nationalities Service Center)"""
2533,AB-Philadelphia Partnership for Resilience PPR (Nationalities Service Center)
2534,P-Philadelphia Partnership for Resilience PPR (Nationalities Service Center)
2535,"""tel:+1-215-893-8400"""
2536,"""""""PPR works with survivors of torture and their families in the greater Philadelphia region to rebuild their lives and heal from the physical and psychological wounds from torture. Torture is defined as “an act committed by a person acting under the color of law specifically intended to inflict severe physical or mental pain of suffering (other than pain or suffering incidental to lawful sanctions) upon another person within his custody or physical control.”Services NSC offers to survivors include:- Intensive Case Management to provide access to comprehensive medical care, mental health care, legal aid, and/or social services- Group Work such as art therapy, educational and support groups, and a human rights-based group- Free Legal Services (obtaining immigration relief, family reunification, legal work authorization, applying for lawful permanent residency, legal assistance to access public benefits, overcoming domestic violence, and preventing housing displacement and unfair employment practices)To make a referral, please complete the Screening and Referral Form on our website and email completed forms to Cathy Jeong for an eligibility screening."""""""
2537,"""Must be a survivor of torture in the greater Philadelphia region."""
2538,Mental Health & Substance Abuse program (Pathways to Housing PA PTHPA)
2539,40.0329607
2540,"""https://www.twitter.com/@PTHPA"""
2541,"""https://www.facebook.com/pathwaystohousing"""
2542,"""Mental Health & Substance Abuse program (Pathways to Housing PA PTHPA)_5728648493531136"""
2543,"""Mental Health & Substance Abuse program (Pathways to Housing PA PTHPA)"""
2544,"""5201 Old York Rd, Philadelphia, PA 19141"""
2545,AB-Mental Health & Substance Abuse program (Pathways to Housing PA PTHPA)
2546,P-Mental Health & Substance Abuse program (Pathways to Housing PA PTHPA)
2547,"""tel:+1-215-599-2150"""
2548,"""Mental Health & Substance Abuse Program is a comprehensive community-based treatment designed to end chronic homelessness and support recovery. The model provides comprehensive community–based supports and harm reduction based treatment to persons with mental health and substance abuse diagnoses who are chronically homeless. Services Provided:- Housing- Substance Abuse Recovery- Mental Health Services- Crisis InterventionFor referrals call the Department of Behavioral Health (DBH) at 215-599-2150."""
2549,"""Chronically homeless at the time of admission with a documented history of long-term homelessness (over 1 year)', 'Living with a severe and persistent mental health diagnosis', 'Not currently connected to mental health services in Philadelphia', \""Rent should be equal to 30% of a person's income (regardless of income - 30% of 0 is 0).\"""""
2550,Low Fee Therapy Services (Council for Relationships CFR)
2551,39.9539914
2552,"""https://www.facebook.com/CouncilforRelationships"""
2553,"""Low Fee Therapy Services (Council for Relationships CFR)_5916752448061440"""
2554,"""Low Fee Therapy Services (Council for Relationships CFR)"""
2555,"""This program covers residents of the following counties: Camden County, NJ, Bucks County, PA, Chester County, PA, Montgomery County, PA and Philadelphia County, PA."""
2556,"""1800 John F Kennedy Boulevard, Philadelphia, PA 19103"""
2557,AB-Low Fee Therapy Services (Council for Relationships CFR)
2558,P-Low Fee Therapy Services (Council for Relationships CFR)
2559,"""tel:+1-215-382-6680"""
2560,"""Council for Relationships (CFR) provider intern led counseling services to couples, families, and individuals along with sex therapy. Low fee sessions are intended to provide access to counseling for those who aren’t able to otherwise afford it. This program provides:- Individual Counseling- Family Therapy - Couples Therapy- Sex Therapy- Systemic TherapyClients enrolled in Low Fee Therapy Services will be enrolled in one of two programs:- Post Graduate Certificate Program in Marriage and Family Therapy- Master’s Degree in Family Therapy CFR offers a sliding fee scale based on income. If there is a waiting list for services, verification of income may be required."""
2561,"""Saturday from 08:00 to 21:00"""
2562,"""Sunday from 08:00 to 21:00"""
2563,"""Must meet income guidelines."""
2564,Drug & Alcohol Detox (Livengrin Foundation)
2565,40.0554508
2566,DrugTesting
2567,"""https://www.twitter.com/@Livengrin"""
2568,"""https://www.facebook.com/livengrin"""
2569,"""Drug & Alcohol Detox (Livengrin Foundation)_4838718221844480"""
2570,"""Drug & Alcohol Detox (Livengrin Foundation)"""
2571,"""This program covers residents of the following counties: Bucks County, PA, Chester County, PA, Delaware County, PA, Lehigh County, PA, Montgomery County, PA and Philadelphia County, PA."""
2572,"""9140 Academy Road, Philadelphia, PA 19114"""
2573,AB-Drug & Alcohol Detox (Livengrin Foundation)
2574,P-Drug & Alcohol Detox (Livengrin Foundation)
2575,"""tel:+1-800-245-4746"""
2576,"""Drug & Alcohol Detox program offers detox in non-hospital, medical-monitored program for individuals who don’t have a high risk of intense or life-threatening withdrawal symptoms, but still have detox needs.We provide:- Detox- Drug screening- CounselingLivengrin Foundation accepts BlueCross BlueShield."""
2577,"""Must have Medicare Advantage."""
2578,Veterans Upward Bound VUB Program (University of Pennsylvania - Division of the Vice Provost for University Life)
2579,39.955689
2580,"""Veterans Upward Bound VUB Program (University of Pennsylvania - Division of the Vice Provost for University Life)_5735180191662080"""
2581,"""Veterans Upward Bound VUB Program (University of Pennsylvania - Division of the Vice Provost for University Life)"""
2582,"""3819 Chestnut Street, Philadelphia, PA 19104"""
2583,AB-Veterans Upward Bound VUB Program (University of Pennsylvania - Division of the Vice Provost for University Life)
2584,P-Veterans Upward Bound VUB Program (University of Pennsylvania - Division of the Vice Provost for University Life)
2585,"""tel:+1-215-898-6892"""
2586,"""The Veterans Upward Bound (VUB) Program at the University of Pennsylvania is a free pre-college program to prepare eligible veterans to enter a college of their choice, be successful in college, and to graduate from college.This program provides:- Academic assessment- Advising and counseling- Non-credited academic classes and tutoring- College access- Educational support servicesThe program is intended to encourage, empower, and acclimatize college-bound veterans for the rigors of post-secondary education and training.  Participation in VUB can also enhance a veteran’s academic skills in preparation for testing and certification into the skilled labor workforce.VUB operates three program cycles during the year. Classes begin in September, January, and May."""
2587,"""Must be a veteran."""
2588,"Children's Blended Case Management (The Consortium, Inc.)"
2589,"""Children's Blended Case Management (The Consortium, Inc.)_4980312141725696"""
2590,"""Children's Blended Case Management (The Consortium, Inc.)"""
2591,"AB-Children's Blended Case Management (The Consortium, Inc.)"
2592,"P-Children's Blended Case Management (The Consortium, Inc.)"
2593,"""tel:+1-215-596-7100"""
2594,"""tel:+1-267-233-5862"""
2595,"""The Children’s Blended Case Management Unit provides assistance for children 6 to 17 years of age (21 years if still enrolled in school) with a behavioral or mental health diagnosis, or intellectual disability in the community or residential treatment facility setting with low, moderate, and severe needs.Services include:- 24 hour-a-day, 7 day-a-week crisis responseThe program’s goals are to connect children to services and resources which will help with their recovery and improvement, collaborate with service providers to monitor consumer participation and satisfaction, help coordinate existing services, and to advocate and provide additional support for the child. The Consortium accepts Medicaid and offers a sliding scale fee for low-income individuals. We don't turn anyone away."""
2596,"""This program helps people who are 6 to 17 years old.', 'Behavioral or mental health diagnosis.', 'Must meet income requirements or have Medicaid.', 'Will serve 21 year old if they are enrolled in school.', 'Must have a referral."""
2597,"Fairmount Primary Care Center at Horizon House (Delaware Valley Community Health, Inc.)"
2598,39.9528209
2599,"""Fairmount Primary Care Center at Horizon House (Delaware Valley Community Health, Inc.)_4904356163092480"""
2600,"""Fairmount Primary Care Center at Horizon House (Delaware Valley Community Health, Inc.)"""
2601,"""1412 Farimount Avenue, Philadelphia, PA 19130"""
2602,"AB-Fairmount Primary Care Center at Horizon House (Delaware Valley Community Health, Inc.)"
2603,"P-Fairmount Primary Care Center at Horizon House (Delaware Valley Community Health, Inc.)"
2604,"""tel:+1-215-235-9600"""
2605,"""""""*Please check dvch.org for COVID-19 updates or call (215) 222-2466*As of Monday, March 23, 2020, we will continue to see all scheduled patients for visits by phone (telemedicine)In partnership with Delaware Valley Community Health and Fairmount Primary Care Health Center, the coordination of medical and behavioral health care is provided for adults with mental health needs. Its focus is to support individuals live longer, healthier, and more satisfying lives in the community. Coordination and collaboration of these services have been proven to reduce the barriers to recoveryServices offered:- Primary care- Behavioral health careWe accept Medicare and Medicaid and also offer a sliding scale fee. For more information, please call us."""""""
2606,"""We serve adults with mental health needs."""
2607,Preschool Family Intervention Program PFI (Community Council Health Systems)
2608,39.9750155
2609,Infants
2610,"""Preschool Family Intervention Program PFI (Community Council Health Systems)_5750879852953600"""
2611,"""Preschool Family Intervention Program PFI (Community Council Health Systems)"""
2612,"""1241 North Taney Street, Philadelphia, PA 19121"""
2613,AB-Preschool Family Intervention Program PFI (Community Council Health Systems)
2614,P-Preschool Family Intervention Program PFI (Community Council Health Systems)
2615,"""Our Preschool Family Intervention program provides high quality early childhood mental health services and therapeutic services to children who are experiencing  significant social, emotional and behavioral challenges which could adversely affect their success in a regular preschool or day care setting. Service:- Preschool interventionWe receive Medical Assistance (MA). This PFI is funded by Community Behavioral Health (CBH) as children needs to be approved before starting services. The children are also provided with a hot breakfast and lunch daily. Services are also provided at home and in the community as needed."""
2616,"""This program helps people who are 2 to 5 years old.', 'Must be a Medical Assistance (MA) or Medicaid recipient."""
2617,Counseling Center (Anti-Violence Partnership of Philadelphia)
2618,39.9620251
2619,"""Counseling Center (Anti-Violence Partnership of Philadelphia)_5773333359755264"""
2620,"""Counseling Center (Anti-Violence Partnership of Philadelphia)"""
2621,"""2000 Hamilton Street, Philadelphia, PA 19130"""
2622,AB-Counseling Center (Anti-Violence Partnership of Philadelphia)
2623,P-Counseling Center (Anti-Violence Partnership of Philadelphia)
2624,"""tel:+1-267-209-0171"""
2625,"""""""Anti-Violence Partnership (AVP) offers free, professional counseling to adult and child co-victims of homicide and those who have been traumatized by other forms of violence. This includes, but is not limited to, clients who have experienced domestic violence, aggravated assault, or robbery. These services are provided at AVP’s offices in the Art Museum Area and in West PhiladelphiaServices provided:- CounselingPlease call us to schedule an appointment as we do not accept walk-ins."""""""
2626,"""AVP serves victims of crime or co-victims (someone who has lost a loved one) of homicide"""
2627,Partial Hospitalization Program PHP (Merakey - Pennsylvania)
2628,"""Partial Hospitalization Program PHP (Merakey - Pennsylvania)_5749417052995584"""
2629,"""Partial Hospitalization Program PHP (Merakey - Pennsylvania)"""
2630,AB-Partial Hospitalization Program PHP (Merakey - Pennsylvania)
2631,P-Partial Hospitalization Program PHP (Merakey - Pennsylvania)
2632,"""tel:+1-888-647-0020"""
2633,"""The Partial Hospitalization Program is a community-based, nonresidential treatment modality which provides psychiatric, social, behavioral, educational and vocational elements under medical supervision to school age children and adolescents, ages 5-21.Services provided:- Mental health services - Skills building programming Merakey accepts Medicaid. Services are typically provided at a minimum of 3 hours and up to six hours, Monday through Friday."""
2634,"""Must have Medicaid.', 'This program helps people who are 5 to 21 years old."""
2635,HIV Services (Penn Medicine)
2636,39.957524
2637,"""https://www.facebook.com/pennmed/"""
2638,"""https://www.twitter.com/@PennMedicine"""
2639,"""HIV Services (Penn Medicine)_6300256807550976"""
2640,"""HIV Services (Penn Medicine)"""
2641,"""3801 Filbert Street, Philadelphia, PA 19104"""
2642,AB-HIV Services (Penn Medicine)
2643,P-HIV Services (Penn Medicine)
2644,"""tel:+1-215-662-9908"""
2645,"""Penn Medicine provides an array of supportive services for those who are in need of HIV screening, treatment, and support. Penn Medicine's HIV Clinics are among of the best in the nation, providing extraordinarily compassionate care from expert physicians, exceptional attention to detail and world-class expertise across multiple disciplines.This program provides:- Assistance with insurance applications- Coordination of hospital and community-based care for HIV-positive patients- Coordination of the services required for the care of HIV-positive patients and their families- Counseling and psychological support- Developmental assessments- Education for patients, families and the community- Laboratory tests, including HIV screening- Nutritional support services- On-site Social Worker- Physical examinations- Referrals to other physicians and health professionals and/or community agencies, when appropriate- Routine gynecologic care for women (Pap smears)- VaccinationsIf you've received a new diagnosis of HIV, you will be provided with an outpatient appointment within one week.This program provides care to patients with HIV regardless of insurance coverage, as we are a Ryan White–funded HIV program. Medicaid and Medicare are also accepted. As part of this commitment, we offer financial counseling and assistance programs to uninsured and underinsured patients to assist those who cannot pay for all or part of their care.Patients will be considered for financial assistance on an individual basis, taking into consideration total household income and other resources. Penn Medicine will also consider other factors in the patient/family financial situation, should there be other critical expenses, not related to the patient's medical care, that make payment of the financial obligation impossible, such as caring for a disabled family member."""
2646,"""This program helps those in need of HIV-related services."""
2647,"Outpatient Medication-Assisted Treatment MAT (COMHAR, Inc.)"
2648,39.9896329
2649,"""https://www.facebook.com/comharorg"""
2650,"""Outpatient Medication-Assisted Treatment MAT (COMHAR, Inc.)_5713516069781504"""
2651,"""Outpatient Medication-Assisted Treatment MAT (COMHAR, Inc.)"""
2652,"""100 W Lehigh Avenue, Philadelphia, PA 19133"""
2653,"AB-Outpatient Medication-Assisted Treatment MAT (COMHAR, Inc.)"
2654,"P-Outpatient Medication-Assisted Treatment MAT (COMHAR, Inc.)"
2655,"""tel:+1-215-203-3000"""
2656,"""""""The COMHAR Outpatient MAT program allows clients with Substance Use Disorders to maintain normal activities and relationships with family, community, workplace or schoolThis program provides:- Psychiatric Evaluation- Medication Assisted Treatment for Opioid Use Disorders- Psychotherapy for Individuals, Groups and Families- Medication Assessment and Monitoring- Identification of Need for Other Services- Referral to Community Resources"""""""
2657,"""Available at no cost for those who are uninsured', 'Must have Medicare or Medical Assistance."""
2658,Skilled Nursing and Medical Care Services (Marquis Health Services)
2659,39.9936645
2660,"""https://www.twitter.com/@Marquis_Health"""
2661,"""https://www.facebook.com/MarquisHealthServices/"""
2662,"""Skilled Nursing and Medical Care Services (Marquis Health Services)_5716108688752640"""
2663,"""Skilled Nursing and Medical Care Services (Marquis Health Services)"""
2664,"""This program covers residents of the following cities: New Providence, NJ, Towson, MD, Lansdowne, PA, Mount Laurel, NJ, Boston, MA, Providence, RI, Neptune, NJ, Oakland, NJ, Philadelphia, PA, Easton, PA, Baltimore, MD, Needham, MA, Rockland, MA, Danvers, MA, Saugus, MA, Lancaster, MA, Beverly, MA, Holyoke, MA, Methuen, MA, Catonsville, MD and Brick, NJ."""
2665,"""2100 North 49th Street, Philadelphia, PA 19131"""
2666,AB-Skilled Nursing and Medical Care Services (Marquis Health Services)
2667,P-Skilled Nursing and Medical Care Services (Marquis Health Services)
2668,"""tel:+1-732-903-1900"""
2669,"""tel:+1-215-877-1565"""
2670,"""Marquis Health Services Skilled Nursing and Medical Care program provides 24-hour care with emphasis on assisting our residents’ independence and encouraging family members and friends to be active participants in their loved one’s daily life. Our comprehensive treatment and individualized care programs are designed to assist each resident in reaching their fullest potential. Our skilled nursing and medical care capabilities include a full range of on-site advanced clinical services including:- Restorative Therapy- Pain Management- Wound Care- Lab Services- Peritoneal Dialysis- Psychotherapy- Palliative CareMarquis Health Services accepts Medicaid and Medicare."""
2671,Recovery Services (Rogers Behavioral Health)
2672,40.0069325
2673,"""https://www.twitter.com/@Rogers_BH"""
2674,"""https://www.facebook.com/rogers.behavioral.health/"""
2675,"""Recovery Services (Rogers Behavioral Health)_4831834257227776"""
2676,"""Recovery Services (Rogers Behavioral Health)"""
2677,"""This program covers residents of the following counties: Los Angeles County, CA, San Diego County, CA, San Francisco County, CA, Hillsborough County, FL, Miami-Dade County, FL, Fulton County, GA, Cook County, IL, Dupage County, IL, Hennepin County, MN, Ramsey County, MN, Philadelphia County, PA, Davidson County, TN, King County, WA, Dane County, WI, Kenosha County, WI, Milwaukee County, WI, Outagamie County, WI, Sheboygan County, WI and Waukesha County, WI."""
2678,"""1 Winding Drive, Philadelphia, PA 19131"""
2679,AB-Recovery Services (Rogers Behavioral Health)
2680,P-Recovery Services (Rogers Behavioral Health)
2681,"""tel:+1-800-767-4411"""
2682,"""tel:+1-267-787-6600"""
2683,"""Rogers Behavioral Health offers evidence-based treatment for adults, children, and adolescents with a variety of mental health and substance use issues.This program provides:- Outpatient treatment- Partial hospitalization care (PHP)- Intensive outpatient care (IOP)- Residential care- Inpatient care- Specialized therapy- Support groupsConditions treated include:- Depression and other mood disorders- Eating disorders- Addiction- Obsessive-Compulsive and anxiety disorders- Post-Traumatic Stress Disorder (PTSD)Services may vary based on your location. To get started, please call or request a screening appointment through the website. You can call 800-767-4411 for Brown Deer, Oconomowoc, and West Allis, and 888-927-2203 for all other locations. The screening will take approximately 30 to 60 minutes to complete. An intake specialist will ask you a series of questions to offer an appropriate recommendation for the program that best suits your needs. For a children under 18, a representative will ask to speak with a parent or guardian. Rogers Behavioral Health offers financial assistance to patients based on income and household size. Please call 262-303-2180 or visit rogersbh.org/what-expect/financing-your-care/financial-assistance-program for more information about how to apply for financial assistance. Medicare is also accepted."""
2684,"""Friday from 08:00 to 18:00"""
2685,"""Tuesday from 08:00 to 18:00"""
2686,"""Thursday from 08:00 to 18:00"""
2687,"""This program helps people who are suffering from mental health and/or substance abuse issues."""
2688,Forge Health & Forge VFR (Forge Health)
2689,39.9540924
2690,YoungAdultCancerSurvivors
2691,NationalGuard
2692,"""https://www.facebook.com/ForgeYourHealth"""
2693,"""https://www.twitter.com/@Forge_Health"""
2694,"""Forge Health & Forge VFR (Forge Health)_4892229387812864"""
2695,"""Forge Health & Forge VFR (Forge Health)"""
2696,"""This program covers residents of the following states: MA, NH, NJ, NY and PA."""
2697,"""1880 John F Kennedy Boulevard, Philadelphia, PA 19103"""
2698,AB-Forge Health & Forge VFR (Forge Health)
2699,P-Forge Health & Forge VFR (Forge Health)
2700,"""tel:+1-888-224-7312"""
2701,"""""""Our multidisciplinary team, led by pioneers in evidence-based mental health and substance use care, offers comprehensive outpatient services tailored to your individual needs. These services are easily accessible, cost-effective, and personalizedWe offer both in-person and virtual consultations, with the possibility of scheduling an appointment within one business day. We are in-network with major health insurance providers and are committed to delivering proven results with the help of our world-class clinicians. You will receive guidance at every step of your journeyForge VFR (Veteran and First Responder) is dedicated to enhancing the mental health and well-being of active-duty service members, veterans, first responders, and their families. Our teams, composed of clinicians and medical professionals who are often veterans or first responders themselves, are highly skilled and prepared to support youThese programs provides:- Therapy & Counseling- Outpatient Programming- Intensive Outpatient Programming- Medication Assisted TreatmentIf patient is underinsured or uninsured Forge may be able to arrange a \""self-rate\"" per situation. If \""self-rate\"" cost is still too high, special payment arrangements may be made with Forge Health."""""""
2702,Human Services (African Family Health Organization)
2703,39.9454475
2704,Kinyarwanda
2705,Yoruba
2706,FoodPantry
2707,Swahili
2708,"""https://www.facebook.com/The-Salvation-Army-Nampa-Idaho-208522825852957/"""
2709,"""https://www.twitter.com/@AFAHO"""
2710,"""Human Services (African Family Health Organization)_5355967947210752"""
2711,"""Human Services (African Family Health Organization)"""
2712,"""2420 South 45th Street, Philadelphia, PA 19143"""
2713,AB-Human Services (African Family Health Organization)
2714,P-Human Services (African Family Health Organization)
2715,"""tel:+1-215-546-1232"""
2716,"""Multi-lingual and bi-cultural case managers assist clients in mitigating the myriad of barriers they face in accessing critical health and social services which play a vital role in their successful integration, improved health, and ability to be self-sufficient. This program provides:- Behavioral health - Domestic violence awareness and support- Housing assistance and monthly food assistance- Elders' programming- Individual case management- Family case management"""
2717,"""AFAHO’s multi-lingual and bi-cultural case managers assist clients in mitigating the myriad of barriers they face in accessing critical health and social services which play a vital role in their successful integration, improved health, and ability to be self-sufficient. This program provides:- Behavioral health - Domestic violence awareness and support- Housing assistance and monthly food assistance- Elders' programming- Individual case management- Family case management"""
2718,"""This program serves African and Caribbean immigrants/refugees."""
2719,Place Of Refuge (Place Of Refuge)
2720,39.9960727
2721,"""https://www.facebook.com/RefugioNorthPhilly/"""
2722,"""Place Of Refuge (Place Of Refuge)_4789725290299392"""
2723,"""Place Of Refuge (Place Of Refuge)"""
2724,"""2938 North 5th Street, Philadelphia, PA 19133"""
2725,AB-Place Of Refuge (Place Of Refuge)
2726,P-Place Of Refuge (Place Of Refuge)
2727,"""tel:+1-267-909-8550"""
2728,"""Place of Refuge is a pioneering faith-based not-for-profit behavioral health center designed to provide professional, culturally-sensitive, community-based mental health services to North Philadelphia residents.This program provides:- Individual therapy- Family therapyCounseling can be used to address the following: - Trauma- Depression- Anxiety- Sexual Abuse- GrievingPlace Of Refuge offers a sliding scale for out-of-network clients"""
2729,Family-Based Program (NorthEast Treatment NET Centers)
2730,"""Family-Based Program (NorthEast Treatment NET Centers)_4508545383923712"""
2731,"""Family-Based Program (NorthEast Treatment NET Centers)"""
2732,AB-Family-Based Program (NorthEast Treatment NET Centers)
2733,P-Family-Based Program (NorthEast Treatment NET Centers)
2734,"""tel:+1-215-408-4962"""
2735,"""The Family-Based Program uses a team-based approach in which clinicians provide intensive behavioral health treatment and case management support to all members of the family in home, school, and community settings. The family-based program focuses on the family as a system and how the system affects the identified child of concern.This program provides:- Counseling- Case management"""
2736,Family Services (Uplift Center for Grieving Children)
2737,40.0117295
2738,"""Family Services (Uplift Center for Grieving Children)_5703863241801728"""
2739,"""Family Services (Uplift Center for Grieving Children)"""
2740,"""1819 John F Kennedy Blvd Ste 460, Philadelphia, PA 19103"""
2741,AB-Family Services (Uplift Center for Grieving Children)
2742,P-Family Services (Uplift Center for Grieving Children)
2743,"""tel:+1-267-437-3123"""
2744,"""Family Services provides peer support groups for children and teens who have experienced the death of someone close to them.  Peer support and a caring adult presence help to reduce feelings of isolation and loneliness that children may experience after a death.This program provides:- Creative activities help with grief expression in children and teens.Additional information:- Groups are divided by age/developmental levels so children and teens are with their peers.- Caregiver groups are held nearby at the same time to help adults support a grieving child.We use a model of peer support, adult mentoring, and therapeutic play and creative expression – enabling children to respond in constructive ways and to discover skills for growing through their grieving process.Call program to register and pick a meeting location."""
2745,"""This program helps people who are 5 to 18 years old."""
2746,"Behavioral Health Rehabilitation Service BHRS (Citizens Acting Together Can Help, Inc.)"
2747,"""Behavioral Health Rehabilitation Service BHRS (Citizens Acting Together Can Help, Inc.)_4843286709927936"""
2748,"""Behavioral Health Rehabilitation Service BHRS (Citizens Acting Together Can Help, Inc.)"""
2749,"AB-Behavioral Health Rehabilitation Service BHRS (Citizens Acting Together Can Help, Inc.)"
2750,"P-Behavioral Health Rehabilitation Service BHRS (Citizens Acting Together Can Help, Inc.)"
2751,Pediatric and Adolescent Health Center (The Institute for Community Justice)
2752,"""https://www.facebook.com/FIGHTPEDIATRICS/"""
2753,"""Pediatric and Adolescent Health Center (The Institute for Community Justice)_5726017845723136"""
2754,"""Pediatric and Adolescent Health Center (The Institute for Community Justice)"""
2755,AB-Pediatric and Adolescent Health Center (The Institute for Community Justice)
2756,P-Pediatric and Adolescent Health Center (The Institute for Community Justice)
2757,"""tel:+1-215-525-8600"""
2758,"""Piladelphia FIGHT offers the Pediatric and Adolescent Health Center for anyone from birth to age 18 in need of high quality, comprehensive, primary care.This program provides:- Same-day appointments- Well-child care (routine checkups)- School, sports and camp physicals- Sick Visits- Immunizations (including catch-up vaccines for children who are behind)- On-site phlebotomy (blood draws)- Onsite Lactation Consultant- Onsite Social Worker and Benefits Coordinator- Screening for mental health problems (such as ADHD, Depression, Anxiety, and Autism)- Primary care, family planning, and reproductive health services ages 13+ (through our Y-HEP program)We accept all insurance plans and provide services on a sliding scale basis for those who are uninsured. Currently not accepting any new patients."""
2759,"Mental Health Services (Preventive Measures, Inc.)"
2760,"""https://www.facebook.com/preventivemeasuresinc/?eid=ARBlQM OZxhxMXUI2vnSbADbX7j4z6a3el4N1lU2swL2NDHFwSpYr5NdCs_kY gyt0sVh3U5Q540UbeDaX"""
2761,"""Mental Health Services (Preventive Measures, Inc.)_5662013538435072"""
2762,"""Mental Health Services (Preventive Measures, Inc.)"""
2763,"""This program covers residents of the following counties: District Of Columbia County, DC, Rockdale County, GA, Lehigh County, PA, Monroe County, PA, Philadelphia County, PA and Passaic County, NJ."""
2764,"AB-Mental Health Services (Preventive Measures, Inc.)"
2765,"P-Mental Health Services (Preventive Measures, Inc.)"
2766,"""tel:+1-877-287-7802"""
2767,"""tel:+1-215-999-8210"""
2768,"""Preventative Measures offers mental health services to individuals, couples, families, and children.This program provides:- Individual Therapy- Couples Therapy- Family Therapy- Child Therapy- Psychiatric Evaluations- Medication ManagementPreventive Measures accepts Medicaid for its services."""
2769,"Family Based Program (The Consortium, Inc.)"
2770,"""Family Based Program (The Consortium, Inc.)_4972998483509248"""
2771,"""Family Based Program (The Consortium, Inc.)"""
2772,"AB-Family Based Program (The Consortium, Inc.)"
2773,"P-Family Based Program (The Consortium, Inc.)"
2774,"""The Family Based program combines treatment and case management services geared toward children up to age 21 who are at risk for out-of-home placement due to a severe emotional and/or behavioral disorder or severe mental illness.This program provides:- Crisis intervention- Behavioral health stabilizationFamily Based uses Eco-Systemic Structural Family Therapy (ESFT), an evidence-based practice that focuses on the entire family, not just the identified child.The Consortium accepts Medicaid and offers a sliding scale fee for low-income individuals. The Consortium does not turn anyone away."""
2775,"""This program helps people who are younger than 21 years old.', 'Must meet income requirements or have Medicaid."""
2776,Children & Youth Outpatient Services (Northeast Community Center for Behavioral Health)
2777,40.0268551
2778,"""Children & Youth Outpatient Services (Northeast Community Center for Behavioral Health)_5356872163655680"""
2779,"""Children & Youth Outpatient Services (Northeast Community Center for Behavioral Health)"""
2780,"""Roosevelt Blvd. & Adams Ave., Philadelphia, PA 19124"""
2781,AB-Children & Youth Outpatient Services (Northeast Community Center for Behavioral Health)
2782,P-Children & Youth Outpatient Services (Northeast Community Center for Behavioral Health)
2783,"""tel:+1-215-831-2800"""
2784,"""NECCBH provides on-site behavioral health services to children and adolescents age 3 to 18 years old who are experiencing mental health or behavioral difficulties. We provide youth and their families with individualized services that promote recovery, resilience and wellness. Services include: - Individual therapy - Family therapy - Group therapy- Psychiatric evaluation- Medication consultation and medication management - Crisis management and intervention services - Inter-agency treatment team meetings Confidential treatment services are provided to assist children and youth with resolving conflicts and overcoming challenges within their home, school and community environments. An emphasis is placed upon person centered and strength based interventions, which help develop new skills and foster resiliency. Staff members will work with each child and family to develop a family centered plan to identify and achieve their personal recovery goals.NECCBH accepts Medicare and Medicaid. An uninsured person who lives in our service area may receive services. The cost for service is based on solely on an individual's ability to pay when not covered by insurance."""
2785,"""This program helps people who are 3 to 18 years old.', 'Must reside in Philadelphia.', 'Must have Medicare or Medicaid, or be an uninsured person living in our service area."""
2786,Behavioral Health Outpatient Services (John F. Kennedy Behavioral Health Center)
2787,39.9935491
2788,"""Behavioral Health Outpatient Services (John F. Kennedy Behavioral Health Center)_5113905019092992"""
2789,"""Behavioral Health Outpatient Services (John F. Kennedy Behavioral Health Center)"""
2790,"""2742 North 5th Street, Philadelphia, PA 19133"""
2791,AB-Behavioral Health Outpatient Services (John F. Kennedy Behavioral Health Center)
2792,P-Behavioral Health Outpatient Services (John F. Kennedy Behavioral Health Center)
2793,"""tel:+1-215-427-3400"""
2794,"""Our Behavioral Health Outpatient Services offers services for adults, children, and families that are dealing with mental health issues. Our experienced, compassionate caregivers help each patient find the treatment options that will work best for their unique situation.Our services include:- Evaluation and treatment- A safe, caring treatment environment- Individualized plans for each our clients- Professional and trained staff John F. Kennedy Behavioral Health Center accepts Medicaid."""
2795,Early Intervention Program (Wedge Recovery Center)
2796,"""Early Intervention Program (Wedge Recovery Center)_6272068172382208"""
2797,"""Early Intervention Program (Wedge Recovery Center)"""
2798,AB-Early Intervention Program (Wedge Recovery Center)
2799,P-Early Intervention Program (Wedge Recovery Center)
2800,"""Wedge Recovery Center offers the Early Intervention Program for Philadelphia residents between the ages 12-21 who are currently using substances or who are otherwise at risk for substance abuse because of factors in the environmental, school, legal, family, mental health, peer & social, and dependency system domains.We offer:- Substance Use Screening and Assessment- Evidenced-based Substance Abuse Education- Intervention Counseling- Family Counseling- Community/School/Child service outreach- Individualized Service Planning- Group Psychoeducational Sessions- Parental Education/Consultation- Service Linkage"""
2801,"""This program helps people who are 12 to 21 years old.', 'Must attend weekly individual and family counseling, Group psychoeducation and parenting education occur for 6 hours/week over an 8 week period."""
2802,Mental Health Assistance (Overington House Inc)
2803,40.0186938
2804,"""Mental Health Assistance (Overington House Inc)_5928074864492544"""
2805,"""Mental Health Assistance (Overington House Inc)"""
2806,"""4716 Leiper Street, Philadelphia, PA 19124"""
2807,AB-Mental Health Assistance (Overington House Inc)
2808,P-Mental Health Assistance (Overington House Inc)
2809,"""tel:+1-215-613-7121"""
2810,"""Overington House Inc offers services to children, adolescents, and adults who are facing depression, anxiety, or other mental health concerns. The program’s experienced, compassionate specialists help each patient find the treatment options that will work best for their unique situation.This program provides:- Case management- Mental health assessment- Intensive outpatients referrals- Judicial advocacy- Medication monitoring"""
2811,"""Wednesday from 09:00 to 16:30"""
2812,"""Thursday from 09:00 to 16:30"""
2813,"""Monday from 09:00 to 16:30"""
2814,"""Tuesday from 09:00 to 16:30"""
2815,"""Friday from 09:00 to 16:30"""
2816,"""\""Families not be eligible to participate in the city's housing voucher program upon graduation.\"", 'This program helps people who are older than 18 years old."""
2817,Child Outpatient Behavioral Health Services (Merakey - Pennsylvania)
2818,"""Child Outpatient Behavioral Health Services (Merakey - Pennsylvania)_5173233465950208"""
2819,"""Child Outpatient Behavioral Health Services (Merakey - Pennsylvania)"""
2820,AB-Child Outpatient Behavioral Health Services (Merakey - Pennsylvania)
2821,P-Child Outpatient Behavioral Health Services (Merakey - Pennsylvania)
2822,"""tel:+1-570-218-8210"""
2823,"""Merakey's MCRSS program is designed to help those in crisis work through the crisis and maintain their mental health in our 8 week stabilization program. This program is open to clients ages 5-21 experiencing mental health issues. If you are in crisis, please contact 570-224-9002 for immediate response. If you are inquiring about stabilization services, please contact the number listed for the main office."""
2824,"""This program helps people who are younger than 22 years old."""
2825,Mother Baby Connections (Drexel University)
2826,39.9541758
2827,TransportationForHealthcare
2828,"""Mother Baby Connections (Drexel University)_6313463017373696"""
2829,"""Mother Baby Connections (Drexel University)"""
2830,"""3201 Chestnut Street, Philadelphia, PA 19102"""
2831,AB-Mother Baby Connections (Drexel University)
2832,P-Mother Baby Connections (Drexel University)
2833,"""tel:+1-215-553-7128"""
2834,"""Mother-Baby Connections offers intensive outpatient services for issues that arise during pregnancy and postpartum focusing on a mother’s relationships with her baby, partner and encourages moms to bring their infants to therapy. This program provides:- Individual and group therapy- Support networksSpecific treatment services include:- Cognitive Behavioral Therapy- Mother-baby Interaction Therapy- Interpersonal Therapy- Infant Massage- Women’s Wellness- Yoga, Breath Awareness, Meditation, Deep Relaxation- Referrals for Medication Management- Trauma-focused Therapy (if needed)This program operates on a sliding scale fee schedule based on annual gross income and number of people supported by that income."""
2835,"""This program serves mothers who are pregnant, or have given birth within the last year, who are feeling stressed, depressed or anxious."""
2836,Social Work Services (Einstein Healthcare Network)
2837,40.038049
2838,"""Social Work Services (Einstein Healthcare Network)_4576970724343808"""
2839,"""Social Work Services (Einstein Healthcare Network)"""
2840,"""1300 West Tabor Road, Philadelphia, PA 19141"""
2841,AB-Social Work Services (Einstein Healthcare Network)
2842,P-Social Work Services (Einstein Healthcare Network)
2843,"""tel:+1-215-456-3465"""
2844,"""tel:+1-800-346-78346"""
2845,"""Einstein Healthcare Network provides a team of social workers to assist patients with a range of psycho-social needs. Services:- SPBP enrollment for medication and/or labs coverage- Insurance navigation- Supportive counseling- Education about HIV and AIDS- Referrals to community resources- Liaising with medical providers and case managers- Assistance accessing medications- Appointment outreach- Linkage to mental health services"""
2846,Center for Brief Therapy (Philadelphia College of Osteopathic Medicine Healthcare Centers)
2847,"""Center for Brief Therapy (Philadelphia College of Osteopathic Medicine Healthcare Centers)_6591839719522304"""
2848,"""Center for Brief Therapy (Philadelphia College of Osteopathic Medicine Healthcare Centers)"""
2849,AB-Center for Brief Therapy (Philadelphia College of Osteopathic Medicine Healthcare Centers)
2850,P-Center for Brief Therapy (Philadelphia College of Osteopathic Medicine Healthcare Centers)
2851,Mental Health Services (Corporal Michael J. Crescenz VA Medical Center)
2852,39.9481824
2853,"""Mental Health Services (Corporal Michael J. Crescenz VA Medical Center)_6564615232684032"""
2854,"""Mental Health Services (Corporal Michael J. Crescenz VA Medical Center)"""
2855,"""This program covers residents of the following counties: Camden County, NJ, Cumberland County, NJ, Hudson County, NJ, Mercer County, NJ and Philadelphia County, PA."""
2856,"""3900 Woodland Ave, Philadelphia, PA 19104"""
2857,AB-Mental Health Services (Corporal Michael J. Crescenz VA Medical Center)
2858,P-Mental Health Services (Corporal Michael J. Crescenz VA Medical Center)
2859,"""tel:+1-215-823-4014"""
2860,"""Veteran Affairs Hospital in Philadelphia offers Mental Health Services and inpatient mental health treatment for veterans.This program provides.- Mental health careIf you are receiving outpatient mental health services at the VA outpatient office in Camden and can get a referral from their primary care provider or psychiatrist, you can receive services more quickly. Otherwise, there may be a waitlist."""
2861,"""Must be a registered veteran"""
2862,Therapy Services (Harmony Professional Counseling)
2863,39.9523242
2864,"""Therapy Services (Harmony Professional Counseling)_4806094510882816"""
2865,"""Therapy Services (Harmony Professional Counseling)"""
2866,"""2400 Chestnut Street, Philadelphia, PA 19103"""
2867,AB-Therapy Services (Harmony Professional Counseling)
2868,P-Therapy Services (Harmony Professional Counseling)
2869,"""tel:+1-215-568-5900"""
2870,"""Harmony Professional Counseling therapists use a combination of education, coaching, and trying to discover the impact of past and present experiences on our current lives.Services: - Cognitive/ behavioral therapy- Relationship therapy- Problem solving strategies- Career counseling- Family therapy- Insight therapy- Medication management"""
2871,"""Wednesday from 11:00 to 20:00"""
2872,"""Thursday from 11:00 to 20:00"""
2873,"""Monday from 11:00 to 20:00"""
2874,"""Tuesday from 11:00 to 20:00"""
2875,"""This office accepts Medicare."""
2876,Counseling Services (Thriveworks - Pennsylvania)
2877,39.9564704
2878,Insurance
2879,"""https://www.facebook.com/Thriveworks"""
2880,"""https://www.twitter.com/@Thriveworks"""
2881,"""Counseling Services (Thriveworks - Pennsylvania)_4732162034892800"""
2882,"""Counseling Services (Thriveworks - Pennsylvania)"""
2883,"""This program covers residents of the following counties: Lehigh County, PA, Bucks County, PA, Allegheny County, PA, Berks County, PA, Delaware County, PA, Northampton County, PA and Philadelphia County, PA."""
2884,"""22 South 40th Street, Philadelphia, PA 19104"""
2885,AB-Counseling Services (Thriveworks - Pennsylvania)
2886,P-Counseling Services (Thriveworks - Pennsylvania)
2887,"""tel:+1-855-604-9376"""
2888,"""""""At Thriveworks, you can get therapy online & in person. We offer individual therapy (for kids, teens, & adults), couples & marriage counseling, psychiatry by video, and more-and we accept most insurances. Choose your ideal provider and start therapy as soon as tomorrowOur licensed clinicians & psychiatric providers create personalized treatment plans for challenges like anxiety and depression. Our support team is available with extended hours to help book an appointment, or you can book onlineEstablished in 2008, Thriveworks is a leading mental health provider working to make therapy better for everyone. We provide best-practice care & foster a supportive environment our clinicians can thrive in."""""""
2889,Behavioral Health Rehabilitation Services (Child Guidance Resource Centers)
2890,"""Behavioral Health Rehabilitation Services (Child Guidance Resource Centers)_5766707416924160"""
2891,"""Behavioral Health Rehabilitation Services (Child Guidance Resource Centers)"""
2892,AB-Behavioral Health Rehabilitation Services (Child Guidance Resource Centers)
2893,P-Behavioral Health Rehabilitation Services (Child Guidance Resource Centers)
2894,"""BHRS is an in-home service that assists you and your family in addressing behavioral health needs by using strength-based goals and integrating community services. It is a “wraparound” service in which children and adolescents from ages three to 21 years old who have been diagnosed with mild to severe emotional/behavioral disorders and/or developmental delays are supported at home, at school, and in the community.Services include:- Behavioral health treatmentChild Guidance’s Behavioral Health Rehabilitation Services are covered by the PA Medical Assistance System. If your child is diagnosed with a disability, you may qualify for Medical Assistance regardless of family income."""
2895,"""This program helps people who are 3 to 21 years old.', 'Must have Medical Assistance."""
2896,"Counseling Services (Rebecca Asch, MA, ATR-BC, LPC)"
2897,39.9252224
2898,"""Counseling Services (Rebecca Asch, MA, ATR-BC, LPC)_4533992546238464"""
2899,"""Counseling Services (Rebecca Asch, MA, ATR-BC, LPC)"""
2900,"""1901 South 9th Street, Philadelphia, PA 19148"""
2901,"AB-Counseling Services (Rebecca Asch, MA, ATR-BC, LPC)"
2902,"P-Counseling Services (Rebecca Asch, MA, ATR-BC, LPC)"
2903,"""Rebecca Asch's Counseling Services help people learn how to deal more effectively with situations in their lives such as depression, addiction and substance abuse, stress, problems with self- esteem, grief, issues related to mental and emotional health, and relational problems.This program provides:- Art Therapy- Individual and Couples Counseling- Group TherapyThis provider offers a sliding scale based off of availability of slots. Please use the contact page of their website for more information."""
2904,Mental Health Outpatient Service (Horizon House)
2905,"""Mental Health Outpatient Service (Horizon House)_5122729113550848"""
2906,"""Mental Health Outpatient Service (Horizon House)"""
2907,AB-Mental Health Outpatient Service (Horizon House)
2908,P-Mental Health Outpatient Service (Horizon House)
2909,"""Mental Health Outpatient Service program treats behavioral health disorders for people with serious mental illness, with or without a substance abuse disorder. The approach is recovery-oriented and tailored to meet the needs of each person and their individual goals. Services offered:- Mental health treatment- Psychosis treatmentHorizon House accepts Medicare and Medicaid. Referrals can be made from hospitals, community treatment centers, self-referrals or Community Behavioral Health (CBH). You can call CBH at 1-888-545-2600."""
2910,"""Horizon House serves people with serious mental illness, with or without a substance abuse disorder.', 'Must have Medicare or Medicaid."""
2911,Adult Inpatient Mental Health Services (Belmont Behavioral Health System)
2912,39.9998986
2913,"""https://www.facebook.com/belmontbh/"""
2914,"""Adult Inpatient Mental Health Services (Belmont Behavioral Health System)_4829363626049536"""
2915,"""Adult Inpatient Mental Health Services (Belmont Behavioral Health System)"""
2916,"""4200 Monument Road, Philadelphia, PA 19131"""
2917,AB-Adult Inpatient Mental Health Services (Belmont Behavioral Health System)
2918,P-Adult Inpatient Mental Health Services (Belmont Behavioral Health System)
2919,"""tel:+1-855-337-0572"""
2920,"""tel:+1-844-960-3497"""
2921,"""At Belmont Behavioral Health Hospital, we are dedicated to providing the highest quality of care to adults age 18 and older who are seeking help for mental health challenges. We offer several levels of adult inpatient programs at our facility in Philadelphia, Pennsylvania.We offer:- Inpatient psychiatric care- Dual diagnosis of a substance use- Mood and personality disorder treatmentWhen you or someone you love comes to Belmont for help with a mental health crisis, our expert team will conduct a comprehensive assessment to determine which adult inpatient program is the best level of care to meet your unique needs. We provide adults with the individualized care that helps them heal and recover in the way that is most beneficial for them.Belmont Behavioral Hospital accepts Medicare & Medicaid."""
2922,Health Services (Philadelphia Department of Health)
2923,39.9622373
2924,"""Health Services (Philadelphia Department of Health)_5449781842018304"""
2925,"""Health Services (Philadelphia Department of Health)"""
2926,"""4400 Haverford Avenue, Philadelphia, PA 19104"""
2927,AB-Health Services (Philadelphia Department of Health)
2928,P-Health Services (Philadelphia Department of Health)
2929,"""tel:+1-215-685-7601"""
2930,"""The Department of Public Health provides primary health care services to people of all ages. Our doctors serve as key members of your health care team and help coordinate patient care all in one place.We offer:- Primary careAdditional services:- Diagnosis and treatment of chronic and acute illnesses- Medical checkups and medications for enrolled patients- Behavioral health services- Medication-assisted treatment (MAT) for opioid use disorder- Prenatal care- Family planning and pregnancy options counseling- Breastfeeding support services- Comprehensive pediatric care for infants, children and teens- Immunizations for infants, children and teens- Children’s developmental assessments- Healthy weight nutrition counseling for children and teens- Nutrition counseling and health education- Flu shots- Lab tests, x-rays and tests for tuberculosis- Referrals to specialty services for enrolled patients- Social work support that connects patients to follow-up care, education/counseling, and other servicesWe accept Medicare, Medicaid, HMO plans, and most other insurance options. If you are uninsured, the centers will charge a small fee based on family size and income. Health centers can also help you apply for affordable health insurance.We provide translation and interpretation services for health center patients and their families.In general, walk-ins are accepted, but we encourage patients to call ahead in case certain services require an appointment."""
2931,"""Thursday from 08:00 to 16:30"""
2932,"""Friday from 08:00 to 16:30"""
2933,"""Monday from 08:00 to 16:30"""
2934,"""Wednesday from 08:00 to 16:30"""
2935,Inpatient and Halfway House Services (Gaudenzia)
2936,40.0088613
2937,39.9378643
2938,LongTermHousing
2939,"""Inpatient and Halfway House Services (Gaudenzia)_5739860398440448"""
2940,"""Inpatient and Halfway House Services (Gaudenzia)"""
2941,"""1516 Washington Avenue, Philadelphia, PA 19146"""
2942,"""2100 West Venango Street, Philadelphia, PA 19140"""
2943,AB-Inpatient and Halfway House Services (Gaudenzia)
2944,P-Inpatient and Halfway House Services (Gaudenzia)
2945,"""Inpatient and Halfway House Services are available for adults, women with children, homeless individuals, and individuals with chronic medical conditions. This program helps with short, moderate, and long-term Substance Use Disorder (SUD) co-occurring and mental health services.This program provides:- Inpatient services- Halfway houseGaudenzia services are available to everyone, regardless of insurance. They also accept Medicaid and Medicare."""
2946,"""This program serves individuals and families affected by substance abuse."""
2947,Women's Recovery House (Danny’s House)
2948,40.0469628
2949,"""https://www.facebook.com/DannysHouse45/"""
2950,"""Women's Recovery House (Danny’s House)_5416328831762432"""
2951,"""Women's Recovery House (Danny’s House)"""
2952,"""45 West Upsal Street, Philadelphia, PA 19119"""
2953,AB-Women's Recovery House (Danny’s House)
2954,P-Women's Recovery House (Danny’s House)
2955,"""tel:+1-267-277-2609"""
2956,"""Danny’s House is a Recovery House dedicated to offering holistic support with dignity for women in recovery. Danny’s House fills the gap in the recovery treatment model by providing up to two years of safe, subsidized, recovery-focused housing to allow women the time to reclaim their lives and establish a new life in recovery. This program provides:- Subsidized housing (fully in year one and partially in year two)- Shared utilities and food- 24/7 recovery coaching and case management- Employment assistance and life skills training with expectation of saving 10% of income- Monitored participation in a 12-step recovery program and outpatient treatment- Daily house recovery meditation and mindfulness practice- Weekly fellowship dinner- Build a sober support network of womenVisit their website to download the application. To apply, send an email to [email protected] and [email protected] that includes the required documents.Preference is given to applicants who have completed long-term addiction treatment and either halfway house program or 3 months IOP sober."""
2957,"""This program serves women in recovery from addiction."""
2958,Behavior Health Rehabilitative Services BHRS (Community Council Health Systems)
2959,"""Behavior Health Rehabilitative Services BHRS (Community Council Health Systems)_5423845778128896"""
2960,"""Behavior Health Rehabilitative Services BHRS (Community Council Health Systems)"""
2961,AB-Behavior Health Rehabilitative Services BHRS (Community Council Health Systems)
2962,P-Behavior Health Rehabilitative Services BHRS (Community Council Health Systems)
2963,"""Behavioral Health Rehabilitation Services (BHRS), also referred to as \""Wraparound\"" is a short term, intensive behavioral service designed to improve the lives of children and adolescents with complex psychological or behavioral needs which make it difficult to function in everyday routine.Services:- Behavioral, rehabilitation serviceCommunity Council Health Systems accepts Medical Assistance (Medicaid).To schedule an evaluation to determined if your loved one meets the medical necessity criteria for these services, please call the CCHS Children's Intake Department at267-295-8850."""
2964,"""This program helps people who are younger than 21 years old.', 'Must have an Axis I diagnosis.', 'Must exhibit medical necessity for an intensive behavioral health service as determined by a license psychologist or psychiatrist.', 'Must qualify for Medical Assistance. If not currently receiving MA, the child may still qualify for MA regardless of family income."""
2965,VHA Medical Centers (US Department of Veterans Affairs VA - Veterans Health Administration VHA)
2966,39.9483385
2967,Prostheses
2968,PainManagement
2969,"""https://www.facebook.com/VeteransHealth"""
2970,"""https://www.twitter.com/http://twitter.com/VeteransHealth"""
2971,"""VHA Medical Centers (US Department of Veterans Affairs VA - Veterans Health Administration VHA)_5686588932096000"""
2972,"""VHA Medical Centers (US Department of Veterans Affairs VA - Veterans Health Administration VHA)"""
2973,AB-VHA Medical Centers (US Department of Veterans Affairs VA - Veterans Health Administration VHA)
2974,P-VHA Medical Centers (US Department of Veterans Affairs VA - Veterans Health Administration VHA)
2975,"""VHA Medical Centers provide a wide range of services including traditional hospital-based services as well as medical and surgical specialty services for Veterans enrolled in the VA health care program.This program provides: - Surgery- Critical care- Mental health- Orthopedics- Pharmacy- Radiology- Physical therapySpecialty services may include: - Audiology- Speech pathology- Dermatology- Dental care- Geriatrics- Hospice care- Neurology- Oncology- Podiatry- Prosthetics- Urology- Vision careSome medical centers also offer advanced services such as organ transplants and plastic surgery.Patient advocates, available at every medical center, are highly trained professionals who can help resolve your concerns about any aspect of your health care experience, particularly those concerns that cannot be resolved at the point of care. Patient Advocates listen to any questions, problems, or special needs you have and refer your concerns to the appropriate Medical Center staff for resolution.To receive services, fill out an Application for Health Benefits (VA Form 10-10EZ), go to your nearest VA medical center or clinic and bring a your signed Application for Health Benefits (VA Form 10-10EZ) with you. You may also apply for benefits online or by mail. Call our toll-free hotline at 877-222-8387, Monday through Friday, 8:00 a.m. to 8:00 p.m. ET to get help with your application."""
2976,"""If you served in the active military, naval or air service and are separated under any condition other than dishonorable, you may qualify for VA health care benefits.', 'Current and former members of the Reserves or National Guard who were called to active duty (other than for training only) by a federal order and completed the full period for which they were called or ordered to active duty may be eligible for VA health care as well.', \""Most Veterans who enlisted after September 7, 1980, or entered active duty after October 16, 1981, must have served 24 continuous months or the full period for which they were called to active duty in order to be eligible. This minimum duty requirement may not apply to Veterans who were discharged for a disability incurred or aggravated in the line of duty, discharged for a hardship, or received an 'early out.' Since there are a number of other exceptions to the minimum duty requirements, VA enc\"""""
2977,Veterans Services (Vietnam Veterans Of America - Pennsylvania)
2978,40.0072877
2979,"""https://www.twitter.com/@VVAmerica"""
2980,"""https://www.facebook.com/VietnamVeteransofAmerica"""
2981,"""Veterans Services (Vietnam Veterans Of America - Pennsylvania)_6225840622272512"""
2982,"""Veterans Services (Vietnam Veterans Of America - Pennsylvania)"""
2983,"""1517 East Luzerne Street, Philadelphia, PA 19124"""
2984,AB-Veterans Services (Vietnam Veterans Of America - Pennsylvania)
2985,P-Veterans Services (Vietnam Veterans Of America - Pennsylvania)
2986,"""Vietnam Veterans of America promotes and supports the full range of issues important to Vietnam veterans, to create a new identity for this generation of veterans, and to change public perception of Vietnam veterans. This program provides:- Community fellowship - Outreach programs- Veterans advocacy- Financial literacy education- Assistance with claims, legislative action, and vet jobsNew members must submit a copy of the DD- 214 form along with the application and dues payment.Programs and services are funded by member dues and public donations."""
2987,"""Membership is open to U.S. armed forces veterans who served on active duty(for other than training purposes) in the Republic of Vietnam between February 28, 1961, and May 7, 1975, or in any duty location between August 5, 1964, and May 7, 1975."""
2988,Center City Philadelphia Vet Center (Center City Philadelphia Vet Center)
2989,39.9534084
2990,"""Center City Philadelphia Vet Center (Center City Philadelphia Vet Center)_5831275806982144"""
2991,"""Center City Philadelphia Vet Center (Center City Philadelphia Vet Center)"""
2992,"""801 Arch Street Suite 502, Philadelphia, PA 19107"""
2993,AB-Center City Philadelphia Vet Center (Center City Philadelphia Vet Center)
2994,P-Center City Philadelphia Vet Center (Center City Philadelphia Vet Center)
2995,"""tel:+1-215-627-0238"""
2996,"""The Bucks County Vet Center offers confidential assistance for Veterans, service members, and their families at no cost in a non-medical setting. Services include counseling for needs such as depression, posttraumatic stress disorder (PTSD), and the psychological effects of military sexual trauma (MST).This program provides:- Mental health care- Connections to additional supports within the VA and your community"""
2997,"""Tuesday from 08:00 to 16:30"""
2998,"""Have served on active military duty in any combat theater or area of hostility', 'Experienced a military sexual trauma', 'Provided direct emergent medical care or mortuary services, while serving on active military duty, to the casualties of war, or,Served as a member of an unmanned aerial vehicle crew that provided direct support to operations in a combat zone or area of hostility.', 'Vietnam Era veterans who have accessed care at a Vet Center prior to January 1, 2004"""
2999,"Crossroads Treatment Center of West Philadelphia (ARS Treatment Centers, P.C.)"
3000,39.9557736
3001,"""Crossroads Treatment Center of West Philadelphia (ARS Treatment Centers, P.C.)_6026331106967552"""
3002,"""Crossroads Treatment Center of West Philadelphia (ARS Treatment Centers, P.C.)"""
3003,"""323 South 60th Street, Philadelphia, PA 19143"""
3004,"AB-Crossroads Treatment Center of West Philadelphia (ARS Treatment Centers, P.C.)"
3005,"P-Crossroads Treatment Center of West Philadelphia (ARS Treatment Centers, P.C.)"
3006,"""""""Crossroads Treatment Center of West Philadelphia offers Buprenorphine treatment for individuals with Opioid Use DisorderThis program provides:- Addiction & Recovery- Medications for AddictionThis program may be full cost and/or accept some insurances, including Medicare and Medicaid. Please contact Crossroads for more information about cost"""""""
3007,"""Tuesday from 15:00 to 18:30"""
3008,Mental Health Services (Best Behavioral Healthcare)
3009,40.0212549
3010,"""Mental Health Services (Best Behavioral Healthcare)_5128979153944576"""
3011,"""Mental Health Services (Best Behavioral Healthcare)"""
3012,"""5043 Frankford Avenue, Philadelphia, PA 19124"""
3013,AB-Mental Health Services (Best Behavioral Healthcare)
3014,P-Mental Health Services (Best Behavioral Healthcare)
3015,"""tel:+1-215-744-4343"""
3016,"""Best Behavioral Healthcare provides outpatient services to children, adolescents and adults with mental and behavioral health needs.Services Include:- Therapy For Individual, Couples, Families - Group Therapy- Psychiatric Evaluation - Medication Management- Anger management - Stress management - Smoking cessationCall us to schedule an appointment.Best Behavioral Healthcare accepts Medicaid and Medicare."""
3017,"""Monday from 08:30 to 21:00"""
3018,"""Thursday from 08:30 to 21:00"""
3019,"""Wednesday from 08:30 to 21:00"""
3020,"""Tuesday from 08:30 to 21:00"""
3021,"""Friday from 08:30 to 21:00"""
3022,Family Based Mental Health Services FBMHS (Gemma Services)
3023,"""Family Based Mental Health Services FBMHS (Gemma Services)_5692369447288832"""
3024,"""Family Based Mental Health Services FBMHS (Gemma Services)"""
3025,AB-Family Based Mental Health Services FBMHS (Gemma Services)
3026,P-Family Based Mental Health Services FBMHS (Gemma Services)
3027,Community Residential Rehabilitation Services (Horizon House)
3028,"""Community Residential Rehabilitation Services (Horizon House)_5633415975534592"""
3029,"""Community Residential Rehabilitation Services (Horizon House)"""
3030,"""This program covers residents of the following counties: Chester County, PA, Delaware County, PA and Philadelphia County, PA."""
3031,AB-Community Residential Rehabilitation Services (Horizon House)
3032,P-Community Residential Rehabilitation Services (Horizon House)
3033,"""tel:+1-215-386-383812224"""
3034,"""Community Residential Rehabilitation Services program assists individuals with chronic a mental illness live in a group home setting. Services provided are evidenced-based and follow several key priorities including an individual’s willingness to participate in rehabilitation treatment, the need for structure, support, assistance to live and cooperate with others, and demonstrate the ability to live independently without intensive supports.This program provides:- Residential living- Daily life skills- Peer support- Rehabilitation treatmentHorizon House accepts Medicare and Medicaid. For services in Chester County, please call Chester County Department of Mental Health/Intellectual & Developmental Disabilities at 610-344-6265 or 800-692-1100, ext. 6265. For services in Delaware County, please call Delaware County Office of Behavioral Health at 610-713-2365. For services in Philadelphia County, please call Horizon House Residential Services at phone: 215-386-3838, ext. 12224."""
3035,"""This program serves people individuals with chronic mental illness.', 'Must have Medicare or Medicaid."""
3036,"Latina Domestic Violence Program (Congreso de Latinos Unidos, Inc.)"
3037,"""Latina Domestic Violence Program (Congreso de Latinos Unidos, Inc.)_5231651916349440"""
3038,"""Latina Domestic Violence Program (Congreso de Latinos Unidos, Inc.)"""
3039,"AB-Latina Domestic Violence Program (Congreso de Latinos Unidos, Inc.)"
3040,"P-Latina Domestic Violence Program (Congreso de Latinos Unidos, Inc.)"
3041,"""tel:+1-215-763-88701300"""
3042,Sleep Center (Children's Hospital of Philadelphia)
3043,"""Sleep Center (Children's Hospital of Philadelphia)_5407136340770816"""
3044,"""Sleep Center (Children's Hospital of Philadelphia)"""
3045,"""This program covers residents of the following counties: Camden County, NJ, Montgomery County, PA and Philadelphia County, PA."""
3046,AB-Sleep Center (Children's Hospital of Philadelphia)
3047,P-Sleep Center (Children's Hospital of Philadelphia)
3048,"""tel:+1-215-590-3749"""
3049,"""Children's Hospital of Philadelphia (CHOP) provides sleep specialist evaluations for children who have frequent or longer lasting sleep problems. The Sleep Center at CHOP uses a unique model of pairing a physician with a psychologist to diagnose and treat children with any type of sleep problem or sleep disorder whenever possible.This program provides:- Sleep evaluations and diagnosis- Sleep center psychosocial support services- Sleep laboratoriesThis program treats children with the following problems:- Obstructive sleep apnea- CPAP therapy- Apnea of infancy- Narcolepsy- Central hypo-ventilation- Bedtime problems- Frequent night wakings- Insomnia- Sleep walking- Night terrors- Circadian rhythm disorders- Movement disordersThis provider accepts medicare and medicaid and offers financial assistance for medically necessary and emergency care to eligible patients."""
3050,"""Must have Medicare or Medicaid.', 'OR must meet income guidelines, be uninsured or insured via CHOP, and prove medical necessity (to be eligible for financial assistance)."""
3051,Outpatient Mental Health (Elwyn)
3052,39.9569563
3053,"""https://www.facebook.com/elwynorg/"""
3054,"""https://www.twitter.com/@elwynorg"""
3055,"""Outpatient Mental Health (Elwyn)_6212058212466688"""
3056,"""Outpatient Mental Health (Elwyn)"""
3057,"""4040 Market Street, Philadelphia, PA 19104"""
3058,AB-Outpatient Mental Health (Elwyn)
3059,P-Outpatient Mental Health (Elwyn)
3060,"""tel:+1-215-895-5588"""
3061,"""Community based outpatient mental health services are headquartered at our Philadelphia 4040 Market Street location. Traditional psychiatry and therapy services are offered both individually and/or in groups for children (ages 5 and up) and adults. Services include:- Diagnostic evaluation/assessment- Testing- Therapy (group and individual)- Psychiatric medication management/ monitoringThe program accepts a wide range of insurances (call to check) and is able to provide services to individuals with medical assistance (MA) and/or Medicare. Intakes appointments include a comprehensive diagnostic evaluation that is a requirement to access all other outpatient services."""
3062,"""Must have Medical Assistance (MA) or Medicare."""
3063,Mental Health & Substance Abuse program (Pathways to Housing PA)
3064,"""Mental Health & Substance Abuse program (Pathways to Housing PA)_5728648493531136"""
3065,"""Mental Health & Substance Abuse program (Pathways to Housing PA)"""
3066,AB-Mental Health & Substance Abuse program (Pathways to Housing PA)
3067,P-Mental Health & Substance Abuse program (Pathways to Housing PA)
3068,Gender and Sexuality Program (Children's Hospital of Philadelphia)
3069,"""Gender and Sexuality Program (Children's Hospital of Philadelphia)_5119284349108224"""
3070,"""Gender and Sexuality Program (Children's Hospital of Philadelphia)"""
3071,AB-Gender and Sexuality Program (Children's Hospital of Philadelphia)
3072,P-Gender and Sexuality Program (Children's Hospital of Philadelphia)
3073,"""tel:+1-800-879-2467"""
3074,"""The Gender and Sexuality Development Program at Children’s Hospital of Philadelphia (CHOP) can help families by supporting children, youth and their families so they can live healthy and happy lives.This program provides:- Comprehensive gender assessment- Gender affirming medical care- Monthly support groups- Insurance advocacy- Legal support- Lending library for parents, children and adolescents- Connections to local stylists and salon owners who are LGBTQ friendly- School, church, community, and healthcare provider training- Referrals for ongoing outpatient therapy and/or psychiatric treatment- Surgical referrals- Innovative research projects that will contribute to best practices in careAfter the initial intake, you may request additional resources. Book recommendations, support group referrals, and mental health referrals can be provided.Note: At this time, the program is unable to provide ongoing outpatient therapy. However, there is an extensive list of gender competent and supportive providers. We can make referrals during intake and/or throughout our assessment process."""
3075,Adult Outpatient Services (Hispanic Community Counseling Services HCCS)
3076,39.9967308
3077,"""Adult Outpatient Services (Hispanic Community Counseling Services HCCS)_5373543795916800"""
3078,"""Adult Outpatient Services (Hispanic Community Counseling Services HCCS)"""
3079,"""3221 Kensington Avenue, Philadelphia, PA 19134"""
3080,AB-Adult Outpatient Services (Hispanic Community Counseling Services HCCS)
3081,P-Adult Outpatient Services (Hispanic Community Counseling Services HCCS)
3082,"""tel:+1-215-425-6900"""
3083,"""The Adult Outpatient Services provide assessment, diagnosis, and treatment to individuals requiring mental health or dual diagnosis treatment (treatment of mental health plus substance use). The outpatient treatment team consists of trained professionals including psychiatrists, licensed therapists, psychiatric technicians, counselors, and support staff. Focus areas include mental health and substance use assessment, psychiatric assessment and evaluation for medication, medication monitoring, limited individual counseling, group counseling, bilingual counseling services, interpreter services, benefits services, and community services referral.Common diagnoses for clients at HCCS include disorders of mood, anxiety, personality, addiction and psychosis. HCCS currently offers the following services within the traditional outpatient menu of services:- Psychiatric Evaluation- Medication Managemen- Individual Counseling- Family Therapy- Group Therapy- Psychological Testing and evaluation- Co-occurring Services - Mobile Therapy - Perinatal Depression Treatment servicesHispanic Community Counseling Services accepts Medicare and Medicaid."""
3084,"""Saturday from 08:00 to 16:00"""
3085,"""This program accepts Medicaid and Medicare."""
3086,Behavioral Health (The Health Annex)
3087,"""Behavioral Health (The Health Annex)_5734599157350400"""
3088,"""Behavioral Health (The Health Annex)"""
3089,AB-Behavioral Health (The Health Annex)
3090,P-Behavioral Health (The Health Annex)
3091,"""tel:+1-215-843-9720"""
3092,"""The Family Practice and Counseling Network (FPCN) recognizes that your emotional health is just as important as your physical health, and that there is a strong connection between mental and physical health. Recognizing the importance of attending to one’s emotional health and stability, FPCN offers Behavioral Health therapy services to help you live your life to the fullest.Services provided:- PsychotherapyWe work to empower people to reach their life goals and are skilled in treating trauma and loss, depression, anxiety, anger management, behavior problems, stress, attention deficit, and parenting challenges. Psychiatrists are available to those active in therapy to evaluate if medication might be helpful to a person’s treatment and to monitor its effectiveness.We accept Medicare and Medicaid. FPCN also offers services on a sliding scale."""
3093,"""Friday from 08:30 to 12:00"""
3094,"""Must have Medicare or Medicaid for reduced cost services."""
3095,Mental Health Crisis Response Center (Einstein Healthcare Network)
3096,"""Mental Health Crisis Response Center (Einstein Healthcare Network)_6345013326512128"""
3097,"""Mental Health Crisis Response Center (Einstein Healthcare Network)"""
3098,AB-Mental Health Crisis Response Center (Einstein Healthcare Network)
3099,P-Mental Health Crisis Response Center (Einstein Healthcare Network)
3100,Place Of Refuge (Place of Refuge)
3101,"""Place Of Refuge (Place of Refuge)_4789725290299392"""
3102,"""Place Of Refuge (Place of Refuge)"""
3103,AB-Place Of Refuge (Place of Refuge)
3104,P-Place Of Refuge (Place of Refuge)
3105,"PEACE Psychosis Education, Assessment, Care and Empowerment (Horizon House)"
3106,39.9599512
3107,"""PEACE Psychosis Education, Assessment, Care and Empowerment (Horizon House)_5175376235462656"""
3108,"""PEACE Psychosis Education, Assessment, Care and Empowerment (Horizon House)"""
3109,"""520 Delaware Avenue, Philadelphia, PA 19123"""
3110,"AB-PEACE Psychosis Education, Assessment, Care and Empowerment (Horizon House)"
3111,"P-PEACE Psychosis Education, Assessment, Care and Empowerment (Horizon House)"
3112,"""tel:+1-215-387-3223"""
3113,"""The PEACE program is designed to help people in the early stages of psychosis learn how to manage their symptoms and meet their life’s goals. PEACE provides multidisciplinary evidence based services to individuals. With the right tools and supports, individuals can learn to feel better, manage personal challenges, connect with peers, and move toward success in all areas of their lives, including work, school and relationships.Services include:- Coaching- Individualized therapy- Family Therapy- Psychoeducation- Peer supportHorizon House accepts Medicaid. For referrals, or for questions about the PEACE program, please call the Program Director."""
3114,"""This program helps people who are older than 14 years old.', 'Must have Medicaid or be eligible to receive Medicaid.', 'Must have been experiencing psychosis for the first time within the last 12 months."""
3115,Outpatient Mental Health Care (Belmont Behavioral Health System)
3116,"""Outpatient Mental Health Care (Belmont Behavioral Health System)_5711586992324608"""
3117,"""Outpatient Mental Health Care (Belmont Behavioral Health System)"""
3118,AB-Outpatient Mental Health Care (Belmont Behavioral Health System)
3119,P-Outpatient Mental Health Care (Belmont Behavioral Health System)
3120,"""tel:+1-844-245-0160"""
3121,"""tel:+1-844-979-4282"""
3122,"""Outpatient programming at Belmont Behavioral Hospital provides a full continuum of behavioral healthcare and substance abuse treatment services for children, adolescents, adults, and older adults. Each person’s needs and presenting concerns are evaluated during the initial assessment process, at which time the most appropriate level of care will be determined by our clinical staff and then recommended to the person in need of treatment.Services provided include:- Behavioral health treatment- Substance abuse treatment- Outpatient treatment options- 24/7 Triage and evaluation services- Speciality services such as Electroconvulsive Therapy (ECT) and Deep Transcranial magnetic Stimulation (DTMS)- Support groupsBelmont accepts all major forms of insurance, including Medicaid and Medicare."""
3123,Anxiety Behaviors Clinic (Children's Hospital of Philadelphia)
3124,39.959809
3125,"""Anxiety Behaviors Clinic (Children's Hospital of Philadelphia)_4617463453319168"""
3126,"""Anxiety Behaviors Clinic (Children's Hospital of Philadelphia)"""
3127,"""4601 Market Street, Philadelphia, PA 19139"""
3128,AB-Anxiety Behaviors Clinic (Children's Hospital of Philadelphia)
3129,P-Anxiety Behaviors Clinic (Children's Hospital of Philadelphia)
3130,"""The Anxiety Behaviors Clinic (ABC) provides evaluation, cognitive-behavioral therapy, and medication management for children and adolescents ages 4-18 with primary anxiety disorders, including separation anxiety disorder, phobias, OCD, social anxiety disorder, generalized anxiety disorder, and panic disorder. They also provide behavioral treatment for difficulties that frequently present with anxiety disorders, such as sleep problems, selective eating, and tic disorders. The emphasis is on providing evidence-based and empirically supported treatments that involve and engage the whole family.This program provides:- Individual Therapy- Group Therapy"""
3131,"""Must be either: uninsured or insured by an insurance company that participates with CHOP AND', 'Must reside in CHOP’s Primary Service Area', 'This program helps people with income at or below 400% of federal poverty guidelines."""
3132,"Crisis Residence (Citizens Acting Together Can Help, Inc.)"
3133,39.9722327
3134,"""Crisis Residence (Citizens Acting Together Can Help, Inc.)_4555293298393088"""
3135,"""Crisis Residence (Citizens Acting Together Can Help, Inc.)"""
3136,"""801 W Girard Avenue, Philadelphia, PA 19122"""
3137,"AB-Crisis Residence (Citizens Acting Together Can Help, Inc.)"
3138,"P-Crisis Residence (Citizens Acting Together Can Help, Inc.)"
3139,"""tel:+1-215-236-9414"""
3140,"""""""CATCH's Residence is an eight bed program designed for consumers who are homeless and have psychiatric or psychiatric/substance abuse issues. Using the Mental Health Recovery Model, their highly trained staff treats mental health/substance abuse issues and facilitates the transfer of consumers to longer care transitional housing programsThis program provides:- Residential treatment for mental health/substance dependency issuesThe length of stay and treatment is 30 to 90 days."""""""
3141,"""\""Must be referred to us from the City of Philadelphia’s Community Behavioral Health, Hospitals, Delegates, City of Philadelphia Department of Behavioral Health, and CATCH's own outreach initiative.\"", 'This program helps people who are older than 17 years old.', 'Must be chronically homeless and have a DSM-V Diagnosis."""
3142,Intensive Behavioral Health Services - Individual Services (Malvern Community Health Services)
3143,"""https://www.facebook.com/pbhsitrevose/"""
3144,"""Intensive Behavioral Health Services - Individual Services (Malvern Community Health Services)_6376344842928128"""
3145,"""Intensive Behavioral Health Services - Individual Services (Malvern Community Health Services)"""
3146,AB-Intensive Behavioral Health Services - Individual Services (Malvern Community Health Services)
3147,P-Intensive Behavioral Health Services - Individual Services (Malvern Community Health Services)
3148,"""""""Our Intensive Behavioral Health Services - Individual Services provide intensive behavioral health support for children and youth between the ages of 3 and 18, who have serious emotional or behavioral issues and their schools and families want on-location services. In some cases, eligibility may extend to age 21 for youth who are still in school and need behavioral supportThis program provides:- Prescriptions (Written Orders) for IBHS- Interventions provided in home, school, and/or community- Behavioral consultations for treatment planning and interventions- Mobile therapy services- Behavioral health technician staffThese services are funded by Pennsylvania Medical Assistance and select private insurance health plans.  If you do not have Medical Assistance, we can help with your eligibilityReferrals for services can be called into our office by the parent or legal guardian. You do not need a specialty referral from your primary healthcare provider."""""""
3149,"""This program helps people who are 3 to 21 years old."""
3150,Adult Outpatient Services (Community Council Health Systems)
3151,39.950242
3152,"""https://www.twitter.com/@CCHS4900"""
3153,"""Adult Outpatient Services (Community Council Health Systems)_5166565658460160"""
3154,"""Adult Outpatient Services (Community Council Health Systems)"""
3155,"""714 Market Street, Philadelphia, PA 19106"""
3156,AB-Adult Outpatient Services (Community Council Health Systems)
3157,P-Adult Outpatient Services (Community Council Health Systems)
3158,"""Community Council Health Systems provides outpatient mental health services to adults and their families who are experiencing psychiatric problems. These problems include, but are not limited to psychotic conditions which are active or in remission, mood disorders, anxiety disorders and other serious and persistent mental illness. This program provides: - Psychological assessments- Psychiatric evaluation- Individual therapy- Group and family therapy- Case management - Community outreachServices are offered in person at their main office and also virtually."""
3159,Adult Residential Services Program (Gaudenzia)
3160,39.9618338
3161,"""Adult Residential Services Program (Gaudenzia)_4607689074147328"""
3162,"""Adult Residential Services Program (Gaudenzia)"""
3163,"""This program covers residents of the following counties: District Of Columbia County, DC, New Castle County, DE, New Castle County, DE, Sussex County, DE, Baltimore County, MD, Baltimore City County, MD, Bucks County, PA, Chester County, PA, Dauphin County, PA, Erie County, PA, Lancaster County, PA, Lancaster County, PA, Philadelphia County, PA, Philadelphia County, PA and Philadelphia County, PA."""
3164,"""1306 Spring Garden Street, Philadelphia, PA 19123"""
3165,AB-Adult Residential Services Program (Gaudenzia)
3166,P-Adult Residential Services Program (Gaudenzia)
3167,"""Gaudenzia offers short, moderate, and long-term Substance Use Disorder (SUD) co-occurring and mental health services to adults, women with children, homeless individuals, and individuals with chronic medical conditions.Services provided:- Short, intermediate and long term substance abuse and mental health servicesGaudenzia accepts Medicare and Medicaid."""
3168,Counseling and Coaching (Seeds of Potential)
3169,39.9475718
3170,"""Counseling and Coaching (Seeds of Potential)_5942430668685312"""
3171,"""Counseling and Coaching (Seeds of Potential)"""
3172,"""This program covers residents of the following counties: Philadelphia County, PA and Burlington County, NJ."""
3173,"""4919 Pentridge Street, Philadelphia, PA 19143"""
3174,AB-Counseling and Coaching (Seeds of Potential)
3175,P-Counseling and Coaching (Seeds of Potential)
3176,"""tel:+1-267-571-9037"""
3177,"""Seeds of Potential offers creative and holistic counseling and coaching services alongside verbal counseling to provide a rich opportunity to meet individual and family needs.Services include:- Individual counseling- Family counseling- Group counseling - Mindfulness workshops- Dance/Movement Therapy- Creative Art Therapy- Play therapy- Sand Tray, sandbox or sand play therapy- Attachment TherapyEach therapist has a sliding scale to make therapy more affordable and available. Please contact us to discuss sliding scale options."""
3178,Bureau of Blindness and Visual Services BBVS (Pennsylvania Office of Vocational Rehabilitation)
3179,"""Bureau of Blindness and Visual Services BBVS (Pennsylvania Office of Vocational Rehabilitation)_4885098030956544"""
3180,"""Bureau of Blindness and Visual Services BBVS (Pennsylvania Office of Vocational Rehabilitation)"""
3181,AB-Bureau of Blindness and Visual Services BBVS (Pennsylvania Office of Vocational Rehabilitation)
3182,P-Bureau of Blindness and Visual Services BBVS (Pennsylvania Office of Vocational Rehabilitation)
3183,"""The BBVS provides assistance Pennsylvanians who are blind or visually impaired gain the skills necessary to live and work independently in their communities.Services offered:- Employment support- Information and referral- Independent living skills- Entrepreneurial skills and support Most services are free and some are income-based. Please call us for more information."""
3184,"""This program serves adult Pennsylvanians who are blind or visually impaired."""
3185,"Autism Services (Intercommunity Action, Inc.)"
3186,40.0337729
3187,SkillsAssessment
3188,"""https://www.facebook.com/IntercommunityAction/"""
3189,"""Autism Services (Intercommunity Action, Inc.)_5120515510632448"""
3190,"""Autism Services (Intercommunity Action, Inc.)"""
3191,"""This program covers residents of the following counties: Bucks County, PA and Philadelphia County, PA."""
3192,"""6012 Ridge Avenue, Philadelphia, PA 19128"""
3193,"AB-Autism Services (Intercommunity Action, Inc.)"
3194,"P-Autism Services (Intercommunity Action, Inc.)"
3195,"""tel:+1-215-487-0914"""
3196,"""Interact provides effective and evidence-based assessments and treatment to persons of all ages with an autism spectrum disorder. We combine the expertise and resources of our behavioral health and intellectual/developmental disabilities staff to offer the following:- Assessment and Diagnosis- Behavioral Health Treatment- Individual Counseling- Group Therapy- Transition services- Habilitation services - Employment- The program offers job development, placement analysis, individual training and on the job supports.Intercommunity Action, Inc. accepts Medicaid and offer services on a sliding fee scale."""
3197,Primary Care Services (AbsoluteCARE)
3198,39.9658365
3199,"""https://www.twitter.com/@AbsoluteCAREMed"""
3200,"""https://www.facebook.com/AbsoluteCareCorp"""
3201,"""Primary Care Services (AbsoluteCARE)_5108763615035392"""
3202,"""Primary Care Services (AbsoluteCARE)"""
3203,"""This program covers residents of the following counties: Baltimore County, MD, Prince Georges County, MD and Philadelphia County, PA."""
3204,AB-Primary Care Services (AbsoluteCARE)
3205,P-Primary Care Services (AbsoluteCARE)
3206,"""tel:+1-267-463-5800"""
3207,"""AbsoluteCARE is a primary care practice that provides health care to individuals with high utilization of emergency room visits. This Patient-Centered Medical Home focuses on each patient’s health goals through a team led by a primary care physician, and offers a full range of high-quality on-site services. This program provides:- Primary medical care- Pharmacy on-site- Social worker- Medication delivery within a 30-mile radius, if needed- Transportation, if needed- One-on-one mental health counseling- Support groups- Nutrition counseling- Diabetes education- Healthy cooking demonstrations- Walking groups- Personalized health assessments - Meal planningAbsoluteCARE accepts Medicare and Medicaid patients that qualify. If a patient would like to apply for services, they must call us with their insurance information so that staff can reach out to the primary care provider and determine if they qualify."""
3208,"""Must have Medicaid or Medicare.', 'Must be referred by PCP due to high utilization of ER services."""
3209,Behavior Health Rehabilitation Services (Philadelphia Mental Health Center)
3210,39.9453496
3211,"""https://www.facebook.com/PMHCCares/"""
3212,"""Behavior Health Rehabilitation Services (Philadelphia Mental Health Center)_5140850634129408"""
3213,"""Behavior Health Rehabilitation Services (Philadelphia Mental Health Center)"""
3214,"""1235 Pine Street, Philadelphia, PA 19107"""
3215,AB-Behavior Health Rehabilitation Services (Philadelphia Mental Health Center)
3216,P-Behavior Health Rehabilitation Services (Philadelphia Mental Health Center)
3217,"""tel:+1-215-735-9379"""
3218,"""Behavioral Health Rehabilitation Services (BHRS) is a service that focuses on the behavioral health needs of a child in his/her everyday environment. BHRS is client-centered yet family-focused, identifies the needs of the child in the home, school and community and develops a program which “wraps around” the child. Services provided include:- Weekly scheduled sessions with clinical team members in all settings relevant to their child- Clinical treatment by a well-rounded, certified team of psychologists and clinicians- A Service Specialist who can address any concerns that ariseBHRS is funded through Pennsylvania State Medical Assistance (PAMA), regardless of family income. BHRS is not exclusive, and can often be prescribed in conjunction with other behavioral health and intellectual disability services.To request our evaluation services, you can contact us by phone or fill out our on-line “intake” form. Office visits will be required to assess both the initial and ongoing needs of the child. These office visits average four times per year."""
3219,"""Sunday from 08:00 to 19:00"""
3220,"""Saturday from 08:00 to 19:00"""
3221,Community Integrated Recovery Center CIRC (JEVS Human Services)
3222,40.0684653
3223,"""Community Integrated Recovery Center CIRC (JEVS Human Services)_5088555084939264"""
3224,"""Community Integrated Recovery Center CIRC (JEVS Human Services)"""
3225,AB-Community Integrated Recovery Center CIRC (JEVS Human Services)
3226,P-Community Integrated Recovery Center CIRC (JEVS Human Services)
3227,"""JEVS Community Integrated Recovery Center assists individuals who have a serious mental illness by promoting wellness, socialization, independence, community integration, education and employment to help participants achieve their goals for recovery. It includes site-based activities, training and therapy, as well as community-based activities, training and connections. JEVS offers a specialized focus for individuals with co-occurring disabilities, as well as other services including prolonged exposure therapy, mobile psychiatric rehabilitation and outpatient support.This program provides:- Career exploration and employment volunteer opportunities - Assistance to develop natural supports and use of community resources- Travel training- Psycho-education groups- Evidence-based practices, including: Cognitive Enhancement Therapy (CET)*, Prolonged Exposure and Illness Management and Recovery - Psychiatric treatment, including medication management and therapy- Bereavement/grief/loss support- Support from Certified Peer Specialists- Skills training, including coping, socialization, communication and life skills- Problem-solving and decision-making skill development - JEVS fit gym and healthy eating/cooking skills trainingJEVS provides services at no cost for those who qualify for funding, a sliding fee scale for those who are not covered by one of these funding options"""
3228,"""Serves adults with a mental illness who meet Philadelphia County Office of Behavioral Health eligibility requirements, and qualify for funding from Community Behavioral Health."""
3229,The Bridge (Public Health Management Corporation)
3230,40.0169967
3231,"""The Bridge (Public Health Management Corporation)_5181712996761600"""
3232,"""The Bridge (Public Health Management Corporation)"""
3233,"""1100 Adams Avenue, Philadelphia, PA 19124"""
3234,AB-The Bridge (Public Health Management Corporation)
3235,P-The Bridge (Public Health Management Corporation)
3236,"""tel:+1-215-342-5000"""
3237,"""The Bridge provides quality, accessible treatment while preparing clients to re-enter their communities as drug-and alcohol-free members of society.  Individualized treatment plans are created to meet clients' needs and clients have access to the comprehensive addictions, mental health, educational and life skills services provided at The Bridge.This program provides:- Individual Counseling- Substance Abuse Counseling- Mental Health Care- Short term housing- Long term housing- Addiction & Recovery"""
3238,"""Sunday from 09:00 to 17:00"""
3239,"""This program helps people who are 14 to 18 years old.', 'Referral is required to access this program."""
3240,Inpatient Treatment for Adults (Fairmount Behavioral Health System)
3241,"""Inpatient Treatment for Adults (Fairmount Behavioral Health System)_4765349447467008"""
3242,"""Inpatient Treatment for Adults (Fairmount Behavioral Health System)"""
3243,AB-Inpatient Treatment for Adults (Fairmount Behavioral Health System)
3244,P-Inpatient Treatment for Adults (Fairmount Behavioral Health System)
3245,"""Fairmount Behavioral Health System offers a specialized level of psychiatric care designed to meet the individual treatment needs of adults.Services include:- Psychiatric evaluation- Psychosocial assessment- Nursing assessment- History and physical exam- Medical and surgical consults- Dietary consults- Psychological screening and testing (by referral)- Individual, family and group therapy- Diagnostic testing (lab, x-ray, EKG, MRI, CT, etc.)- Therapeutic recreation- Continuing care planning- Dental services- PsychopharmacologyWe accept Medicare and Medicaid. If a psychiatric disorder or chemical dependency affects you or a loved one, please call us. We are available 24 hours a day, seven days a week to perform no-cost assessments and answer questions on programs and admissions."""
3246,"""Must have Medicare or Medicaid.', 'This program helps people who are 18 to 65 years old."""
3247,Adult Outpatient Services (Northeast Community Center For Behavioral Health)
3248,"""Adult Outpatient Services (Northeast Community Center For Behavioral Health)_5708281859538944"""
3249,"""Adult Outpatient Services (Northeast Community Center For Behavioral Health)"""
3250,AB-Adult Outpatient Services (Northeast Community Center For Behavioral Health)
3251,P-Adult Outpatient Services (Northeast Community Center For Behavioral Health)
3252,"""tel:+1-215-831-2863"""
3253,"""Northeast Community Center For Behavioral Health's Adult Outpatient Services are strongly committed to helping individuals recover from mental illness and addiction. Confidential treatment services are provided which assist individuals with resolving conflicts and overcoming challenges in all aspects of their lives. Services include:- Individual therapy services- Family therapy services- Group therapy services and couples counseling.- Psychiatric evaluation (include medication consultation and ongoing medication management services)- Walk-in crisis management and intervention servicesNortheast Community Center For Behavioral Health accepts Medicare and offers income based sliding scale fee schedule for clients without insurance."""
3254,"""Wednesday from 05:00 to 18:00"""
3255,"""Tuesday from 05:00 to 18:00"""
3256,"""Friday from 05:00 to 15:00"""
3257,"""Thursday from 05:00 to 18:00"""
3258,"""Monday from 05:00 to 18:00"""
3259,"Substance Use Disorder Treatment (ETHOS Treatment, LLC)"
3260,39.9496409
3261,"""https://www.facebook.com/ethostreatment"""
3262,"""https://www.twitter.com/@ethostreatment"""
3263,"""Substance Use Disorder Treatment (ETHOS Treatment, LLC)_5611319545167872"""
3264,"""Substance Use Disorder Treatment (ETHOS Treatment, LLC)"""
3265,"""This program covers residents of the following counties: Berks County, PA, Chester County, PA, Delaware County, PA, Montgomery County, PA and Philadelphia County, PA."""
3266,"""1528 Walnut Street, Philadelphia, PA 19102"""
3267,"AB-Substance Use Disorder Treatment (ETHOS Treatment, LLC)"
3268,"P-Substance Use Disorder Treatment (ETHOS Treatment, LLC)"
3269,"""tel:+1-267-669-0300"""
3270,"""ETHOS welcomes individuals who struggle with all types of substance use disorder, as well as those with a process addiction. Their goal is for you to connect with others in a group to shed the shame and transition back to your normal life while steering clear of substances or behaviors that have negative impacts.This program provides:- Comprehensive assessment- Individual, small group, and family therapy sessions- Collaboration with other therapeutic support- Development of emotional regulation skills- Cognitive Behavioral Therapy- Licensed, experienced and compassionate counselorsServices vary for adolescents, young adults, and adults. Please visit their website to learn more."""
3271,"""Thursday from 09:00 to 22:00"""
3272,"""Sunday from 08:00 to 17:00"""
3273,"""Saturday from 09:00 to 22:00"""
3274,Adult Psychological Services (Equilibria Psychological and Consultation Services)
3275,39.9419044
3276,"""https://www.facebook.com/EquilibriaPsychology"""
3277,"""Adult Psychological Services (Equilibria Psychological and Consultation Services)_4788897239531520"""
3278,"""Adult Psychological Services (Equilibria Psychological and Consultation Services)"""
3279,"""This program covers residents of the following counties: Delaware County, PA, Montgomery County, PA and Philadelphia County, PA."""
3280,"""525 South 4th Street, Philadelphia, PA 19147"""
3281,AB-Adult Psychological Services (Equilibria Psychological and Consultation Services)
3282,P-Adult Psychological Services (Equilibria Psychological and Consultation Services)
3283,"""tel:+1-267-861-3685"""
3284,"""At Equilibria Psychological and Consultation Services we offer a wide range of therapy, assessment and psychological services to meet the various needs of their adult clients in Philadelphia and the surrounding communities.This program provides:- Individual Therapy- Group Therapy- Cognitive Behavioral Therapy- Marriage Counseling- Relationship Counseling- Parent and Co-Parent Coaching- Psychological EvaluationThey accept Medicare and offer a sliding scale for people with financial hardships."""
3285,Free Virtual Learning Resources (Kinney Center for Austism Education and Support)
3286,"""Free Virtual Learning Resources (Kinney Center for Austism Education and Support)_5508814662795264"""
3287,"""Free Virtual Learning Resources (Kinney Center for Austism Education and Support)"""
3288,AB-Free Virtual Learning Resources (Kinney Center for Austism Education and Support)
3289,P-Free Virtual Learning Resources (Kinney Center for Austism Education and Support)
3290,Youth Empowerment Program (Earths Keepers)
3291,39.9529853
3292,CommunityGardens
3293,"""Youth Empowerment Program (Earths Keepers)_5776042854711296"""
3294,"""Youth Empowerment Program (Earths Keepers)"""
3295,"""1515 Market Street, Philadelphia, PA 19102"""
3296,AB-Youth Empowerment Program (Earths Keepers)
3297,P-Youth Empowerment Program (Earths Keepers)
3298,"""tel:+1-800-237-5131"""
3299,"""Earth’s Keepers Youth Empowerment Entrepreneurship & Agriculture Program (YEEAP) assists youths within the Philadelphia County neighborhoods.This program provides:- Youth development- Mental health care- Nutrition education- Entrepreneurship services- Urban gardening"""
3300,"""This program serves youths within the Philadelphia County neighborhoods."""
3301,Steven A. Cohen Military Family Clinic at Penn (University of Pennsylvania Perelman School of Medicine)
3302,"""Steven A. Cohen Military Family Clinic at Penn (University of Pennsylvania Perelman School of Medicine)_5393277320953856"""
3303,"""Steven A. Cohen Military Family Clinic at Penn (University of Pennsylvania Perelman School of Medicine)"""
3304,"""3535 Market Street #670, Philadelphia, PA 19104"""
3305,AB-Steven A. Cohen Military Family Clinic at Penn (University of Pennsylvania Perelman School of Medicine)
3306,P-Steven A. Cohen Military Family Clinic at Penn (University of Pennsylvania Perelman School of Medicine)
3307,"""tel:+1-215-898-1699"""
3308,"""The Steven A. Cohen Military Family Clinic at the University of Pennsylvania provides no cost, high-quality, integrated mental health care for veterans and military family members in an independent, private setting. This program strives to improve the quality of life for military families and veterans, including those from the National Guard and Reserves, regardless of role or discharge status.This program provides:- Personalized, evidence-based behavioral health care- Medication managementMental health treatment is available at no cost and with no long waits for veterans and their family members. This program offers early morning and evening hours as well as transportation assistance in order to help military families access the care they deserve.Veteran's outside of the Philadelphia area and live in Pennsylvania can obtain services via telehealth. Call the Cohen Clinic at Penn to learn more about our services or to schedule an appointment."""
3309,"""Must be a Veteran (including those from the National Guard and Reserves) or military family member', 'Must live in Pennsylvania."""
3310,Behavioral Health Services (Spectrum Health Services)
3311,39.9654529
3312,"""https://www.twitter.com/https://twitter.com/SpectrumHSInc"""
3313,"""https://www.facebook.com/SHSInc/"""
3314,"""Behavioral Health Services (Spectrum Health Services)_6107635209207808"""
3315,"""Behavioral Health Services (Spectrum Health Services)"""
3316,"""5201 Haverford Ave, Philadelphia, PA 19139"""
3317,AB-Behavioral Health Services (Spectrum Health Services)
3318,P-Behavioral Health Services (Spectrum Health Services)
3319,"""tel:+1-215-471-2761"""
3320,"""Behavioral Health Services program provides mental healthcare to adults and teens diagnosed with a mental health condition, including depression, anxiety, and bipolar disorder.Services include:- Mental Health Services"""
3321,"""Saturday from 08:30 to 13:00"""
3322,"""Anyone may access this program."""
3323,"Behavioral Health Services for Children, Adolescents, and Families (Family Practice & Counseling Network)"
3324,"""Behavioral Health Services for Children, Adolescents, and Families (Family Practice & Counseling Network)_5942706049384448"""
3325,"""Behavioral Health Services for Children, Adolescents, and Families (Family Practice & Counseling Network)"""
3326,"""3901 Market Street, Philadelphia, PA 19104"""
3327,"AB-Behavioral Health Services for Children, Adolescents, and Families (Family Practice & Counseling Network)"
3328,"P-Behavioral Health Services for Children, Adolescents, and Families (Family Practice & Counseling Network)"
3329,"""tel:+1-267-350-5150"""
3330,"""In the Outpatient Behavioral Health Department at FPCN, our licensed clinicians provide psychotherapy for adults, adolescents, and children using individual, group, couple, and family modalities.  We work to empower people to reach their life goals and are skilled in treating trauma and loss, depression, anxiety, anger management, behavior problems, stress, attention deficit, and parenting challenges.  Psychiatrists are available to those active in therapy to evaluate if medication might be helpful to a person’s treatment and to monitor its effectiveness.Services: - Mental health assessment- Therapy for Children, Adolescents, and Families- Play therapy to help children cope with emotions and learn new skills- Therapists work closely with parents or caregivers to help address the child’s needs- Medication for mental illness- Services and accommodations for people who do not speak English such as in-house staff translators or a language translation telecommunication serviceNo one will be turned away for inability to pay. FPCN offers services on a sliding scale, and accepts Medicaid and Medicare. Please bring the required documents with you for your first visit."""
3331,Rearing Successful Sons (Presbytery of Philadelphia)
3332,39.9378617
3333,AfterSchoolCare
3334,"""https://www.twitter.com/@Presby_Phl"""
3335,"""https://www.facebook.com/pages/Presbytery-of-Philadelphia/220169698151940"""
3336,"""Rearing Successful Sons (Presbytery of Philadelphia)_6229254958350336"""
3337,"""Rearing Successful Sons (Presbytery of Philadelphia)"""
3338,"""1201 South 23rd Street, Philadelphia, PA 19146"""
3339,AB-Rearing Successful Sons (Presbytery of Philadelphia)
3340,P-Rearing Successful Sons (Presbytery of Philadelphia)
3341,"""tel:+1-215-389-5504"""
3342,"""Rearing Successful Sons is an innovative faith-based initiative designed and planned to teach, guide, model and mentor young African-American males ages 9 -17 in South Philadelphia’s Point Breeze community. Trained volunteers guide participants through a series of self-directed learning modules that focus on spirituality, financial literacy, meaning of family, emotional and physical health, education, career development and social engagement.This program provides: - Life skills and communication training- Culturally competent mentorship- Networking and enrichment opportunities- Healthcare services that help to address underlying behavioral issues- Field trips- Activities- Case managementThis program is conducted four days a week after school."""
3343,"""This program helps people who are 9 to 17 years old.', 'This program supports young African-American males in South Philadelphia’s Point Breeze community."""
3344,Family Self-Sufficiency Program (ACHIEVEability)
3345,BabySupplies
3346,TaxPreparation
3347,HelpPayForSchool
3348,"""Family Self-Sufficiency Program (ACHIEVEability)_5665724315205632"""
3349,"""Family Self-Sufficiency Program (ACHIEVEability)"""
3350,AB-Family Self-Sufficiency Program (ACHIEVEability)
3351,P-Family Self-Sufficiency Program (ACHIEVEability)
3352,"""ACHIEVEability's Family Self-Sufficiency Program (FSSP) offers affordable housing and wrap around coaching supports to families experiencing housing instability. Through FSSP, professional coaches with a background in social work will provide clients with one-on-one counseling and guidance on career, education, financial, parenting, and personal goals. These supports add structure while parents go back to school for a better degree, navigate the start of a career,  establish next steps in housing, and step into a homebuying pipeline to secure generational wealth for their family."""
3353,"""Single parent with custody of child(ren) 17 years old or younger', 'Working 30 hours a week, making $1,500 a month', 'Looking to go back to school to obtain a degree"""
3354,Substance Abuse Treatment (CORA Services)
3355,"""Substance Abuse Treatment (CORA Services)_5670963753779200"""
3356,"""Substance Abuse Treatment (CORA Services)"""
3357,AB-Substance Abuse Treatment (CORA Services)
3358,P-Substance Abuse Treatment (CORA Services)
3359,"""""""CORA Services Community Services Division provides PA Licensed drug-free, outpatient drug and alcohol treatment programs for children, adolescents, adults, and their families in Philadelphia CountyServices include:- Initial assessment- Service planning- Individual, group and family therapy- Case management (adolescents only)- Service and resource referralsCORA accepts Medicaid for this service as well as private commercial insurances."""""""
3360,"""Must live in Philadelphia County."""
3361,The Grow Clinic (Center for Hunger Free Communities)
3362,40.0075861
3363,"""The Grow Clinic (Center for Hunger Free Communities)_5118331347795968"""
3364,"""The Grow Clinic (Center for Hunger Free Communities)"""
3365,"""East Erie Avenue and North Front Street, Philadelphia, PA 19134"""
3366,AB-The Grow Clinic (Center for Hunger Free Communities)
3367,P-The Grow Clinic (Center for Hunger Free Communities)
3368,"""tel:+1-215-427-4769"""
3369,"""The Grow Clinic provides integrative medical care for young children with “failure to thrive.\"" The Clinic works to prevent the long-term health and developmental effects in young children caused by inadequate nutrition.Services provided:- healthcare evaluation and treatment- psychosocial treatment- social services assessment- developmental assessment- behavioral counseling- social work servicesAt the GROW Clinic, we work with you to get your baby’s growth on track. We accept Medicaid and Medicare."""
3370,"""This program helps people who are younger than 3 years old.', 'Must have Medicare or Medicaid."""
3371,Outpatient Mental Health Services (Bethanna)
3372,39.9583437
3373,"""https://www.facebook.com/BethannaCS/"""
3374,"""Outpatient Mental Health Services (Bethanna)_5842773518581760"""
3375,"""Outpatient Mental Health Services (Bethanna)"""
3376,"""This program covers residents of the following counties: Bucks County, PA, Montgomery County, PA and Philadelphia County, PA."""
3377,"""1212 Wood Street, Philadelphia, PA 19107"""
3378,AB-Outpatient Mental Health Services (Bethanna)
3379,P-Outpatient Mental Health Services (Bethanna)
3380,"""tel:+1-800-394-6500"""
3381,"""Bethanna's Outpatient Clinics provide services to children, youth and their families, who have experienced various forms of trauma, struggle to maintain secure attachments and need help to utilize healthy coping skills to navigate life’s challenges. Interventions reflect an understanding of child development, the effects of attachment disruptions, and the belief that a nurturing living environment creates security and stability. Services:- Comprehensive Evaluations with a Child Psychiatrist or Psychologist- Individual and Family Therapy- Trauma-Focused Cognitive Behavioral Therapy (TF-CBT)- Ecosystem Family Therapy (ESFT)- Parent-Child Interaction (PCIT)- Art, Play and other Creative Therapies- Group Therapy- Medication  Evaluation and Monitoring- All clinical services are overseen by psychiatrists and licensed behavioral health professionals.This program accepts Medicaid."""
3382,"""Saturday from 09:00 to 21:00"""
3383,"""Must have Medicaid', 'Must have Axis I diagnosis in order to be eligible for services."""
3384,"Community Outreach, Recovery, & Empowerment (Horizon House)"
3385,"""https://www.facebook.com/horizonhouseinc/"""
3386,"""Community Outreach, Recovery, & Empowerment (Horizon House)_6023043218931712"""
3387,"""Community Outreach, Recovery, & Empowerment (Horizon House)"""
3388,"AB-Community Outreach, Recovery, & Empowerment (Horizon House)"
3389,"P-Community Outreach, Recovery, & Empowerment (Horizon House)"
3390,"""Community Outreach Recovery & Empowerment (CORE) is designed to assist individuals with long histories of serious mental illness achieve and maintain stability while minimizing their use of emergency behavioral health systems. Services provided:- Case management- Psychiatric services- Individual and group outpatient therapy- Self–help groups- Medication management- Skill buildingPlease call for more information about services. Medicare and Medicaid are accepted."""
3391,"""We serve individuals with long histories of serious mental illness.', 'Must have Medicare or Medicaid."""
3392,"Continuity of Care (The Consortium, Inc.)"
3393,"""Continuity of Care (The Consortium, Inc.)_5827818778001408"""
3394,"""Continuity of Care (The Consortium, Inc.)"""
3395,"AB-Continuity of Care (The Consortium, Inc.)"
3396,"P-Continuity of Care (The Consortium, Inc.)"
3397,"""Continuity of Care serves individuals who have been discharged from psychiatric hospitals and their families. We assist with:- Accessing community services- Consulting with in-patient staff- Discharge planningThe Consortium accepts Medicaid and offers a sliding scale fee for low-income individuals. We don't turn anyone away."""
3398,"""Must meet income requirements or have Medicaid."""
3399,Rearing Successful Sons RSS (Presbytery of Philadelphia)
3400,"""Rearing Successful Sons RSS (Presbytery of Philadelphia)_6229254958350336"""
3401,"""Rearing Successful Sons RSS (Presbytery of Philadelphia)"""
3402,AB-Rearing Successful Sons RSS (Presbytery of Philadelphia)
3403,P-Rearing Successful Sons RSS (Presbytery of Philadelphia)
3404,Outpatient Behavioral Health Services (Malvern Community Health Services)
3405,"""Outpatient Behavioral Health Services (Malvern Community Health Services)_4856424105771008"""
3406,"""Outpatient Behavioral Health Services (Malvern Community Health Services)"""
3407,AB-Outpatient Behavioral Health Services (Malvern Community Health Services)
3408,P-Outpatient Behavioral Health Services (Malvern Community Health Services)
3409,"Outpatient Treatment at The Welcome Center (COMHAR, Inc.)"
3410,"""Outpatient Treatment at The Welcome Center (COMHAR, Inc.)_6496970945593344"""
3411,"""Outpatient Treatment at The Welcome Center (COMHAR, Inc.)"""
3412,"AB-Outpatient Treatment at The Welcome Center (COMHAR, Inc.)"
3413,"P-Outpatient Treatment at The Welcome Center (COMHAR, Inc.)"
3414,PeerNet Philadelphia (Mental Health Partnerships)
3415,39.9943627
3416,MentallyIncapacitated
3417,"""https://www.facebook.com/pg/mhphope.org"""
3418,"""https://www.twitter.com/@MHPHope"""
3419,"""PeerNet Philadelphia (Mental Health Partnerships)_5768252828155904"""
3420,"""PeerNet Philadelphia (Mental Health Partnerships)"""
3421,"""This program covers residents of the following counties: Philadelphia County, PA and Bucks County, PA."""
3422,"""2709 North Broad Street, Philadelphia, PA 19132"""
3423,AB-PeerNet Philadelphia (Mental Health Partnerships)
3424,P-PeerNet Philadelphia (Mental Health Partnerships)
3425,"""tel:+1-267-507-3470"""
3426,"""The Recovery Coach team provides enhanced Peer Support Services on a one to one basis in an effort to assist participants to move forward in their recovery, encourage the use of natural supports and community integration and empower individuals to self- direct their own recovery journey.Services:- Peer Support- Peer Recovery CoachingPlease call or stop by to inquire about our services. There is no cost to qualifying individuals. The referral form can be sent out once the perspective participant or the LPHA requests it."""
3427,"""Must be deemed eligible under CBH managed care and have a serious mental health challenge.', 'Referral form would need to be submitted/completed by a Licensed practitioner of the healing arts (LPHA) once  eligibility is confirmed."""
3428,FamilyBased Mental Health Services FBMHS (WES Health System)
3429,"""FamilyBased Mental Health Services FBMHS (WES Health System)_5689617321033728"""
3430,"""FamilyBased Mental Health Services FBMHS (WES Health System)"""
3431,AB-FamilyBased Mental Health Services FBMHS (WES Health System)
3432,P-FamilyBased Mental Health Services FBMHS (WES Health System)
3433,"""FBMHS provides intense therapeutic interventions and support services to families of children or adolescents who have emotional disturbances. Our team works in close partnership with the child and his or her family to identify strengths, assess any areas of need, and collaborate to develop a treatment plan.Services offered:- Intense therapeutic interventions - Support services that further empower the familyWES Health System accepts Medicaid and Medicare.Potential clients need to be evaluated by WES’ Assessment & Evaluation Center in order to determine which service(s) should be utilized. For more information, please call the Assessment & Evaluation Center."""
3434,"Community Integrated Recovery Centers CIRCs at Carlisle (Citizens Acting Together Can Help, Inc.)"
3435,"""Community Integrated Recovery Centers CIRCs at Carlisle (Citizens Acting Together Can Help, Inc.)_5113735971864576"""
3436,"""Community Integrated Recovery Centers CIRCs at Carlisle (Citizens Acting Together Can Help, Inc.)"""
3437,"AB-Community Integrated Recovery Centers CIRCs at Carlisle (Citizens Acting Together Can Help, Inc.)"
3438,"P-Community Integrated Recovery Centers CIRCs at Carlisle (Citizens Acting Together Can Help, Inc.)"
3439,Behavioral Health - Partial Hospitalization (Northern Children's Services)
3440,40.0210131
3441,"""https://www.twitter.com/@NorthernHomeFC"""
3442,"""https://www.facebook.com/northernchildren"""
3443,"""Behavioral Health - Partial Hospitalization (Northern Children's Services)_5540660795932672"""
3444,"""Behavioral Health - Partial Hospitalization (Northern Children's Services)"""
3445,"""5301 Ridge Avenue, Philadelphia, PA 19128"""
3446,AB-Behavioral Health - Partial Hospitalization (Northern Children's Services)
3447,P-Behavioral Health - Partial Hospitalization (Northern Children's Services)
3448,"""tel:+1-215-482-1423"""
3449,"""Our Partial Hospitalization Program (PHP) offers intensive and individualized services that integrate therapeutic interventions and academic support. The majority of students referred typically display behavioral challenges that manifest as multiple school suspensions, poor academic performance, impulsivity, and difficulty responding appropriately to school structure and authority figures. One of the primary objectives of Northern’s PHP programs is to decrease behaviors that interfere with classroom learning and problem solving.Our programs offer: - Intensive and individualized therapeutic interventionsParticipants of this program will also receive individual therapy, family and group therapy skills, social skill development, homework help and tutoring, and job counseling. We do accept Medicaid and Medicare for this program."""
3450,"""This program helps people who are 8-14 years old."""
3451,Psychosis Treatment (University of Pennsylvania - Perelman School of Medicine - Psychosis Evaluation & Recovery Center)
3452,39.950044
3453,"""Psychosis Treatment (University of Pennsylvania - Perelman School of Medicine - Psychosis Evaluation & Recovery Center)_5140775259340800"""
3454,"""Psychosis Treatment (University of Pennsylvania - Perelman School of Medicine - Psychosis Evaluation & Recovery Center)"""
3455,"""3400 Spruce Street, Philadelphia, PA 19104"""
3456,AB-Psychosis Treatment (University of Pennsylvania - Perelman School of Medicine - Psychosis Evaluation & Recovery Center)
3457,P-Psychosis Treatment (University of Pennsylvania - Perelman School of Medicine - Psychosis Evaluation & Recovery Center)
3458,"""tel:+1-215-662-2826"""
3459,"""PERC's multi-disciplinary program offers consultations on diagnosis, treatment, support and skill development for adolescents and young adults (ages 16-30 years) who exhibit warning signs of emerging psychosis or early psychosis, and their families. Our assessment can determine the appropriate prompt and effective treatment for the recovery and long-term outcome of these individuals.The assessment typically includes the following:- Interview and evaluation by a psychiatric expert in early psychosis.- Standard physical and neurological examination, and blood work testing to detect possible medical disorders that may produce behavioral symptoms.- Review of medical records, prior treatments and responses.- Formulation and discussion of treatment and support plan.The program is supported by a Mental Health Block Grant provided through the State of Pennsylvania (for Pennsylvania residents only).Please call the PERC to schedule an appointment. For more information or questions, please email our team. Referred individuals are screened over the phone within 24-48 hours. For those appropriate for the program, an in-person assessment typically occurs within 7-14 business days."""
3460,"""This program helps people who are 16-30 years old.', 'Must be a Pennsylvania resident."""
3461,Adult Outpatient Services (Hispanic Community Counseling Services)
3462,39.9962947
3463,"""Adult Outpatient Services (Hispanic Community Counseling Services)_5373543795916800"""
3464,"""Adult Outpatient Services (Hispanic Community Counseling Services)"""
3465,"""3156 Kensington Avenue, Philadelphia, PA 19134"""
3466,AB-Adult Outpatient Services (Hispanic Community Counseling Services)
3467,P-Adult Outpatient Services (Hispanic Community Counseling Services)
3468,"""tel:+1-215-291-8151"""
3469,"""Saturday from 08:00 to 18:00"""
3470,Caring Together Program (Department of Psychiatry at Drexel Universtiy College of Medicine)
3471,"""Caring Together Program (Department of Psychiatry at Drexel Universtiy College of Medicine)_5352792247631872"""
3472,"""Caring Together Program (Department of Psychiatry at Drexel Universtiy College of Medicine)"""
3473,AB-Caring Together Program (Department of Psychiatry at Drexel Universtiy College of Medicine)
3474,P-Caring Together Program (Department of Psychiatry at Drexel Universtiy College of Medicine)
3475,Stephen Klein Wellness Center (Project HOME)
3476,39.9802174
3477,"""https://www.twitter.com/@projecthome"""
3478,"""Stephen Klein Wellness Center (Project HOME)_4742053511561216"""
3479,"""Stephen Klein Wellness Center (Project HOME)"""
3480,"""2144 Cecil B. Moore Avenue, Philadelphia, PA 19121"""
3481,AB-Stephen Klein Wellness Center (Project HOME)
3482,P-Stephen Klein Wellness Center (Project HOME)
3483,"""tel:+1-215-320-6187"""
3484,"""The Stephen Klein Wellness Center is committed to addressing the health and wellness needs of people who are currently homeless, formerly homeless, and people of all ages, with or without insurance, living in our North Philadelphia community.This program provides:- Primary medical care (including pediatrics and family planning)- Integrated behavioral health care- Dental care- Phlebotomy (blood draws)- Wellness classes/programs- Mobile nurse street outreach services- YMCA-operated fitness facility- Physical therapy- Legal clinic- Emergency food pantry for patients- Hospitality showers- Referrals to specialty care- Assistance with applying for health insuranceDue to COVID-19, we are asking all clients to call before coming in, in order to figure out how to best meet your needs and ensure safety. Dental services will now only be provided for urgent dental needs or emergencies, based on guidelines set by the PA Department of Health and American Dental Association. New or established patients with urgent needs should call us for phone triage by a dentist. Dental services at the Hub of Hope will remain closed until further notice.Project HOME's Healthcare Services is a Federally Qualified Health Center (FQHC) and we are able to provide our services regardless of a person’s ability to pay for the services. In cases where an individual lacks health insurance, we offer a discounted sliding fee program based on income and family size. As is the case with all services rendered by Project HOME Healthcare Services patients will not be denied services based on the inability to pay the sliding fee."""
3485,"Functional Family Therapy (The Consortium, Inc.)"
3486,"""Functional Family Therapy (The Consortium, Inc.)_6699148322799616"""
3487,"""Functional Family Therapy (The Consortium, Inc.)"""
3488,"AB-Functional Family Therapy (The Consortium, Inc.)"
3489,"P-Functional Family Therapy (The Consortium, Inc.)"
3490,"""Functional Family Therapy (FFT) is a strength-based model built on a foundation of acceptance and respect. FFT is a short-term, high-quality intervention program with an average of 12 to 14 sessions over three to five months. FFT works primarily with 11 to 18-year-old youth who have been referred for behavioral or emotional problems by the juvenile justice, mental health, school or child welfare systems.Services are conducted in the home settings but not limited to schools, child welfare facilities, probation offices/aftercare systems and mental health facilities. We focus on:- Assessment- InterventionThe Consortium accepts Medicaid and offers a sliding scale fee for low-income individuals. We don't turn anyone away."""
3491,Outpatient Mental Health Services (NorthEast Treatment NET Centers)
3492,"""Outpatient Mental Health Services (NorthEast Treatment NET Centers)_6548649078161408"""
3493,"""Outpatient Mental Health Services (NorthEast Treatment NET Centers)"""
3494,AB-Outpatient Mental Health Services (NorthEast Treatment NET Centers)
3495,P-Outpatient Mental Health Services (NorthEast Treatment NET Centers)
3496,"""NorthEast Treatment Centers Outpatient Mental Health services address the issues of children, adolescents and families exposed to abuse, neglect, violence and other catastrophic life events.Services include:- Individualized treatment to meet client needs- Psychiatric assessment- Medication management - Evidence-based trauma treatment to children ages 2-5 and their caregiversNorthEast Treatment Centers accepts Medicaid."""
3497,"""Must have Medicaid.', 'This program helps people who are older than 1 years old."""
3498,"Crossroads Treatment Center of Philadelphia West Tabor (ARS Treatment Centers, P.C.)"
3499,"""Crossroads Treatment Center of Philadelphia West Tabor (ARS Treatment Centers, P.C.)_4569432633245696"""
3500,"""Crossroads Treatment Center of Philadelphia West Tabor (ARS Treatment Centers, P.C.)"""
3501,"AB-Crossroads Treatment Center of Philadelphia West Tabor (ARS Treatment Centers, P.C.)"
3502,"P-Crossroads Treatment Center of Philadelphia West Tabor (ARS Treatment Centers, P.C.)"
3503,"""tel:+1-855-694-8288"""
3504,Temple Pediatrics (Temple Health)
3505,40.002206
3506,VisionCare
3507,"""https://www.twitter.com/@TempleHealth"""
3508,"""Temple Pediatrics (Temple Health)_5762952194686976"""
3509,"""Temple Pediatrics (Temple Health)"""
3510,"""3223 North Broad Street, Philadelphia, PA 19140"""
3511,AB-Temple Pediatrics (Temple Health)
3512,P-Temple Pediatrics (Temple Health)
3513,"""tel:+1-215-707-5437"""
3514,"""Temple Health offers high-quality, full-service medical care to children and teens. This program provides:- Pediatric medical careSpecific services:- Annual well-child check-ups- Sick-child visits (common infections, colds, flu, etc.)- Immunizations and preventive care- Management of chronic diseases such as asthma- Hearing and vision screenings- Mental health screenings- Sports physicals- Weight managementTemple Health accepts Medicare and Medicaid, and offers financial assistance for families without insurance."""
3515,"""Must meet income eligibility requirements."""
3516,Teach Recovery Education Empowerment TREE IOP (The Institute for Community Justice)
3517,39.9478751
3518,"""Teach Recovery Education Empowerment TREE IOP (The Institute for Community Justice)_6139716755783680"""
3519,"""Teach Recovery Education Empowerment TREE IOP (The Institute for Community Justice)"""
3520,"""1233 Locust Street 3rd floor, Philadelphia, PA 19107"""
3521,AB-Teach Recovery Education Empowerment TREE IOP (The Institute for Community Justice)
3522,P-Teach Recovery Education Empowerment TREE IOP (The Institute for Community Justice)
3523,"""Philadelphia Fight offers the Teach Recovery Education Empowerment (TREE) IOP, a recovery-oriented program designed to help individuals struggling with Drug and Alcohol Use Disorder to establish and maintain recovery by offering individualized and person-centered treatment.We offer:- Intensive outpatient programTREE is an intensive nine to twelve month program based on the individual."""
3524,Therapy (Modern Intervention Strategies)
3525,"""Therapy (Modern Intervention Strategies)_6619457166639104"""
3526,"""Therapy (Modern Intervention Strategies)"""
3527,AB-Therapy (Modern Intervention Strategies)
3528,P-Therapy (Modern Intervention Strategies)
3529,HIV Care (Mazzoni Center)
3530,"""HIV Care (Mazzoni Center)_5249334304047104"""
3531,"""HIV Care (Mazzoni Center)"""
3532,AB-HIV Care (Mazzoni Center)
3533,P-HIV Care (Mazzoni Center)
3534,"""tel:+1-215-563-0658"""
3535,"""The HIV Care program is committed to caring for the whole person: helping patients identify their individual health and wellness needs and access the specific care and resources that will be of greatest benefit.  This program provides:- Routine physicals- Medication management- Prophylactic treatments- Treatment adherence counseling- Direct referrals to other Mazzoni Center supportive services, as neededThe Mazzoni Center accepts Medicaid and Medicare for these services. For non-insured clients they offer low cost co-pays on a sliding-scale, based on annual income and number of dependents."""
3536,Free Veteran Service Dog (Alpha Bravo Canine)
3537,40.068629
3538,SupportAndServiceAnimals
3539,"""https://www.facebook.com/AlphaBravoCanine/"""
3540,"""Free Veteran Service Dog (Alpha Bravo Canine)_5064017478025216"""
3541,"""Free Veteran Service Dog (Alpha Bravo Canine)"""
3542,"""This program covers residents of the following counties: Salem County, NJ, Camden County, NJ, Burlington County, NJ, Gloucester County, NJ, Bucks County, PA, Montgomery County, PA, Delaware County, PA, Chester County, PA, New Castle County, DE, Cecil County, MD and Philadelphia County, PA."""
3543,"""PO Box 16030, Philadelphia, PA 19114"""
3544,AB-Free Veteran Service Dog (Alpha Bravo Canine)
3545,P-Free Veteran Service Dog (Alpha Bravo Canine)
3546,"""tel:+1-267-689-1593"""
3547,"""Alpha Bravo Canine trains and donates service dogs to U.S. military veterans who suffer from post-traumatic stress disorder (PTSD), traumatic brain injury (TBI), and other combat-related disabilities.This program provides:- Trained service dogVisit the website for more information and to apply. The wait time to receive a service dog varies anywhere from 6 months to 2 years."""
3548,"""Must be a U.S. military combat veteran. Cannot be currently on active duty or discharged within six months.', 'Must live in a permanent residence for at least 12 months prior to submitting an application. Those currently living within an inpatient setting do not qualify to apply at this time.', 'Must be able to provide a stable, safe environment for a dog which includes love, exercise, medical care and food, and ongoing training.', 'Must have a combat-related, such as PTSD or TBI."""
3549,Mental Health Case Management (African Cultural alliance of North America Inc.)
3550,"""Mental Health Case Management (African Cultural alliance of North America Inc.)_5518928626450432"""
3551,"""Mental Health Case Management (African Cultural alliance of North America Inc.)"""
3552,AB-Mental Health Case Management (African Cultural alliance of North America Inc.)
3553,P-Mental Health Case Management (African Cultural alliance of North America Inc.)
3554,VA Mental Health Services (US Department of Veterans Affairs VA - Veterans Health Administration VHA)
3555,DisabilityBenefits
3556,"""https://www.facebook.com/pg/VeteransHealth/"""
3557,"""VA Mental Health Services (US Department of Veterans Affairs VA - Veterans Health Administration VHA)_5467518469799936"""
3558,"""VA Mental Health Services (US Department of Veterans Affairs VA - Veterans Health Administration VHA)"""
3559,"""This program covers residents of the following states: AK, AL, AR, AZ, CA, CO, CT, DC, DE, FL, GA, HI, IA, ID, IL, IN, KS, KY, LA, MA, MD, ME, MI, MN, MO, MS, MT, NC, ND, NE, NH, NJ, NM, NV, NY, OH, OK, OR, PA, PR, RI, SC, SD, TN, TX, UT, VA, VT, WA, WI, WV and WY."""
3560,AB-VA Mental Health Services (US Department of Veterans Affairs VA - Veterans Health Administration VHA)
3561,P-VA Mental Health Services (US Department of Veterans Affairs VA - Veterans Health Administration VHA)
3562,"""tel:+1-877-222-8387"""
3563,"""Veterans are able to receive a range of mental health services through the VA in order to help cope with post traumatic stress disorder (PTSD), psychological effects of military sexual trauma (MST), depression, grief, anxiety, and other mental health needs. This program provides:- Mental health servicesThe VA provides a range of mental health services such as:- Short-term, inpatient care- Outpatient care- Regular outpatient care- Telehealth appointments - Rehabilitation treatment and residential programs- Primary care - Supported work settings- Peer support services- Crisis services through VA Medical centers and a crisis lineAny Veteran is able to get connected with mental health care no matter their discharge status, service history, or eligibility for VA health care. VA also offers mental health resources for family, friends, and caregivers of Veterans. For Veterans in a crisis: call 800-273-8255 and select 1, text 838255, start a confidential chat on their website, or call 800-799-4889 (TTY) if you have hearing loss. Help is available 24/7."""
3564,"""Any Veteran is eligible for mental health services through the VA."""
3565,"Recovery Support Services (Council of Southeast Pennsylvania, Inc.)"
3566,"""Recovery Support Services (Council of Southeast Pennsylvania, Inc.)_5074246054707200"""
3567,"""Recovery Support Services (Council of Southeast Pennsylvania, Inc.)"""
3568,"AB-Recovery Support Services (Council of Southeast Pennsylvania, Inc.)"
3569,"P-Recovery Support Services (Council of Southeast Pennsylvania, Inc.)"
3570,"""tel:+1-215-223-7700"""
3571,Philly LIFTS (The City of Philadelphia Department of Behavioral Health and Intellectual disAbility Services)
3572,"""https://www.facebook.com/phillyhealth"""
3573,"""https://www.twitter.com/@PHLPublicHealth"""
3574,"""Philly LIFTS (The City of Philadelphia Department of Behavioral Health and Intellectual disAbility Services)_4955811242704896"""
3575,"""Philly LIFTS (The City of Philadelphia Department of Behavioral Health and Intellectual disAbility Services)"""
3576,AB-Philly LIFTS (The City of Philadelphia Department of Behavioral Health and Intellectual disAbility Services)
3577,P-Philly LIFTS (The City of Philadelphia Department of Behavioral Health and Intellectual disAbility Services)
3578,"""tel:+1-215-776-4406"""
3579,"""Philly LIFTS provides free short-term counseling to children and teens of families affected by substance use. This counseling service provides up to 12 sessions, virtual or in-person, each lasting roughly 50-60 minutes. This program provides: - Individual counseling- Family counseling- Support group for moms"""
3580,"""This program helps people who are 4 to 21 years old.', 'A member of your immediate family must have been diagnosed by a Philadelphia birthing center with Neonatal Abstinence Syndrome (NAS) as a newborn."""
3581,Centennial Pharmacy Services Prescription Medication (Centennial Pharmacy Services)
3582,39.965541
3583,"""https://www.twitter.com/@CentennialPharm"""
3584,"""Centennial Pharmacy Services Prescription Medication (Centennial Pharmacy Services)_4648573583097856"""
3585,"""Centennial Pharmacy Services Prescription Medication (Centennial Pharmacy Services)"""
3586,"""1020 North Delaware Avenue, Philadelphia, PA 19125"""
3587,AB-Centennial Pharmacy Services Prescription Medication (Centennial Pharmacy Services)
3588,P-Centennial Pharmacy Services Prescription Medication (Centennial Pharmacy Services)
3589,"""tel:+1-844-638-0692"""
3590,"""Centennial Pharmacy Services' Care Cycle program synchronizes all Prescription Pills, Inhalers, Creams, Injectables, Vitamins, and Herbals can be organized for clients to receive on one date every month. Delivery of medications is provided at no charge. There is no additional change for this program."""
3591,"Counseling Services (The Center, LLC)"
3592,"""Counseling Services (The Center, LLC)_6434633803366400"""
3593,"""Counseling Services (The Center, LLC)"""
3594,"AB-Counseling Services (The Center, LLC)"
3595,"P-Counseling Services (The Center, LLC)"
3596,"""tel:+1-610-878-9330"""
3597,"""The Center provides counseling services which help people learn how to deal more effectively with situations in their lives such as depression, addiction and substance abuse, stress, problems with self-esteem, grief, issues related to mental and emotional health, and relational problems.Services provided include:- Individual therapy - Family therapy - Group therapy - Couples therapy - Child therapy - Nutritional counselingThe Center, LLC accepts Medicare and private insurances. We are offering telehealth appointments at this time."""
3598,Outpatient Treatment Program (Greater Philadelphia Asian Social Service Center)
3599,40.0269374
3600,"""https://www.facebook.com/gpass19120/"""
3601,"""https://www.twitter.com/@gpass19120"""
3602,"""Outpatient Treatment Program (Greater Philadelphia Asian Social Service Center)_5518091445075968"""
3603,"""Outpatient Treatment Program (Greater Philadelphia Asian Social Service Center)"""
3604,"""This program covers residents of the following postal codes: 19111, 19125, 19138, 19140, 19141 and 19144."""
3605,"""4943 North 5th Street, Philadelphia, PA 19120"""
3606,AB-Outpatient Treatment Program (Greater Philadelphia Asian Social Service Center)
3607,P-Outpatient Treatment Program (Greater Philadelphia Asian Social Service Center)
3608,"""tel:+1-215-456-1662"""
3609,"""Greater Philadelphia Asian Social Service Center offers Outpatient Treatment and Intensive Outpatient Treatment to individuals struggling with struggling with substance abuse, depending on the level of care needed. Clients take part in group and individual therapy sessions that are tailored to equipping them with the coping skills that are necessary to achieve and maintain a lasting recovery.Services include:- Individual counseling- Group counselingIf you feel you require substance abuse treatment, please call and discuss your concerns with a staff member. You will be scheduled for an intake appointment.Greater Philadelphia Asian Social Service Center accepts Medicare and Medicaid."""
3610,"""Must live in Logan/Olney, North Kensington, Germantown, Lawndale and Hunting Park areas.', 'This program primarily serves first and second generation immigrant communities."""
3611,"Crossroads Treatment Center of South Philadelphia (ARS Treatment Centers, P.C.)"
3612,39.9416961
3613,"""Crossroads Treatment Center of South Philadelphia (ARS Treatment Centers, P.C.)_6194943243452416"""
3614,"""Crossroads Treatment Center of South Philadelphia (ARS Treatment Centers, P.C.)"""
3615,"""504 South Street, Philadelphia, PA 19147"""
3616,"AB-Crossroads Treatment Center of South Philadelphia (ARS Treatment Centers, P.C.)"
3617,"P-Crossroads Treatment Center of South Philadelphia (ARS Treatment Centers, P.C.)"
3618,"""""""Crossroads Treatment Center of South Philadelphia offers Buprenorphine, Sublocade, Vivitrol and Brixadi to treat Opioid Use DisorderThis program provides:- Addiction & Recovery- Medications for AddictionThis program may be full cost and/or accept some insurances, including Medicare and Medicaid. Please contact Crossroads for more information about cost."""""""
3619,"""Friday from 08:30 to 10:00"""
3620,"""Friday from 08:30 to 22:30"""
3621,"""Saturday from 14:00 to 17:00"""
3622,"""Tuesday from 08:00 to 13:00"""
3623,"""Wednesday from 08:00 to 12:00"""
3624,Inpatient Treatment (Malvern Treatment Centers)
3625,39.926294
3626,"""https://www.twitter.com/https://twitter.com/malvrninstitute"""
3627,"""https://www.facebook.com/malverninstituteC/"""
3628,"""Inpatient Treatment (Malvern Treatment Centers)_5184736817577984"""
3629,"""Inpatient Treatment (Malvern Treatment Centers)"""
3630,"""This program covers residents of the following counties: Chester County, PA, Montgomery County, PA and Philadelphia County, PA."""
3631,"""1930 South Broad Street, Philadelphia, PA 19145"""
3632,AB-Inpatient Treatment (Malvern Treatment Centers)
3633,P-Inpatient Treatment (Malvern Treatment Centers)
3634,"""tel:+1-610-625-8376"""
3635,"""The Malvern Inpatient Treatment program allows patients to achieve lasting sobriety by providing them with all the skills and knowledge they need to remain sober indefinitely. This program provides:  - Psychotherapy - Substance use treatment Services also include: - Personalized treatment plan - Psychoeducation - Therapy"""
3636,"""Must have Medicaid or other insurance.', 'This program helps people who are older than 17 years old."""
3637,Intensive Prevention Services IPS (CORA Services)
3638,"""Intensive Prevention Services IPS (CORA Services)_4704997889802240"""
3639,"""Intensive Prevention Services IPS (CORA Services)"""
3640,AB-Intensive Prevention Services IPS (CORA Services)
3641,P-Intensive Prevention Services IPS (CORA Services)
3642,"""""""The Intensive Prevention Services (IPS) program is an early intervention program for youth ages 10 to 17 years old who exhibit high-risk or at-risk behaviors. IPS is designed to work with youth and families to prevent truancy, steer youth away from delinquency, improve school performance, enhance life and social skills, and strengthen family relationships. CORA takes a comprehensive approach, offering individual, group and family counseling complemented by group activities and case management. Our staff make school and home visits to determine what supports each participant requires to be successful and to work with parents/guardians to address issues that might be contributing to truant or delinquent behaviorServices:- Individual and family counseling- Home and school visits- Case management- Professional Consultation with clients’ schools, other service systems or service providersAfter-school group programming three days/week:- Academic support- Individual and group counseling- Social-emotional competency building- Mentoring- Educational recreation- Work-ready activities- Community service/engagementYouth between the ages of 10 and 17, who reside in Philadelphia County, and present with at least one of the following characteristics is eligible:- Chronically truant- Suspended from school 3 or more times or expelled in last 12 months- Arrested within the past 12 months- History of running away- First time infraction on school groundsYouth may be referred for service by a parent/guardian, an IPS program partner, or another agency."""""""
3643,"""Must be approved for service by the funder: Phila DHS', 'This program helps people who are 10 to 17 years old.', 'Must reside in Philadelphia County"""
3644,Medication-Assisted Treatment (CleanSlate)
3645,"""Medication-Assisted Treatment (CleanSlate)_6155816684224512"""
3646,"""Medication-Assisted Treatment (CleanSlate)"""
3647,AB-Medication-Assisted Treatment (CleanSlate)
3648,P-Medication-Assisted Treatment (CleanSlate)
3649,"""tel:+1-267-238-2406"""
3650,Short Term Rehabilitation (Liberty Center For Rehabilitation And Nursing)
3651,40.0699662
3652,"""19150"""
3653,"""https://www.facebook.com/libertyhealthcareandrehab"""
3654,"""Short Term Rehabilitation (Liberty Center For Rehabilitation And Nursing)_5577351221739520"""
3655,"""Short Term Rehabilitation (Liberty Center For Rehabilitation And Nursing)"""
3656,"""7310 Stenton Avenue, Philadelphia, PA 19150"""
3657,AB-Short Term Rehabilitation (Liberty Center For Rehabilitation And Nursing)
3658,P-Short Term Rehabilitation (Liberty Center For Rehabilitation And Nursing)
3659,19150
3660,"""tel:+1-215-693-3100"""
3661,"""Our Short Term Rehabilitation program works to restore the residents to their prior level of functioning allowing them to return to their homes in the community. In addition to their rehabilitation we provide them with emotional support to help them through this difficult period in their life.Care provided:- Physical therapy- Occupational therapy- Speech therapy and audiology- Post-operative orthopedic care- Post-stroke training in self-care- Post cardiac care  - Rehabilitation and restorative nursing careLiberty Center For Rehabilitation And Nursing accepts Medicare and Medicaid."""
3662,Primary Care (Family Practice & Counseling Network)
3663,39.9670062
3664,"""https://www.facebook.com/TheFamilyPracticeandCounselingNetwork/"""
3665,"""Primary Care (Family Practice & Counseling Network)_5939607851237376"""
3666,"""Primary Care (Family Practice & Counseling Network)"""
3667,"""807 North 48th Street, Philadelphia, PA 19139"""
3668,AB-Primary Care (Family Practice & Counseling Network)
3669,P-Primary Care (Family Practice & Counseling Network)
3670,"""FPCN’s Nurse Practitioners and other Primary Care staff provide patient-centered care, including medical care for pediatrics, adolescents, adults, and older adults.  Services provided include:- Well child exams- Physicals- Immunizations- Health screenings - Family planning- Gynecology, prenatal, and postpartum care for women- Referrals to specialty treatment as necessaryPrimary Care staff offer age-appropriate counseling and education in areas including but not limited to: - Pregnancy- Parenting- Behavioral health- Weight management- Nutrition- Diabetes- Sexually transmitted infections- Tobacco and substance useMedicare, Medicaid, and most major insurances are accepted. For those without insurance, services are offered on a sliding scale."""
3671,"Making Homes Affordable - Housing Counseling Program (Intercultural Family Services, Inc.)"
3672,HomeOwners
3673,HomeRenters
3674,HousingAdvice
3675,"""https://www.facebook.com/pages/Intercultural-Family-Services-Inc/163370949918"""
3676,"""Making Homes Affordable - Housing Counseling Program (Intercultural Family Services, Inc.)_6739527616954368"""
3677,"""Making Homes Affordable - Housing Counseling Program (Intercultural Family Services, Inc.)"""
3678,"AB-Making Homes Affordable - Housing Counseling Program (Intercultural Family Services, Inc.)"
3679,"P-Making Homes Affordable - Housing Counseling Program (Intercultural Family Services, Inc.)"
3680,"""Intercultural's Housing Counseling Program (HCP) successful encourages and assists participants to become – and importantly – remain homeowners. HCP enhances home management skills, to sustain your family in a stable housing environment, and to help individuals become successful homeowners through wise money management and budgeting. The main focus of the program is foreclosure prevention counseling in response to the current housing crisis and its impact on Philadelphia's low-income families.This program provides:- Housing Counseling- Homeowner Counseling- Financial Education"""
3681,"""This program serves low-income homeowners and renters in Philadelphia."""
3682,Therapy Services (Center For Families And Relationships)
3683,"""Therapy Services (Center For Families And Relationships)_5421489638866944"""
3684,"""Therapy Services (Center For Families And Relationships)"""
3685,"""7901 Bustleton Avenue, Philadelphia, PA 19152"""
3686,AB-Therapy Services (Center For Families And Relationships)
3687,P-Therapy Services (Center For Families And Relationships)
3688,Child & Adolescent Services (Springfield Psychological)
3689,"""https://www.facebook.com/SpringfieldPsychological/"""
3690,"""Child & Adolescent Services (Springfield Psychological)_5380610828533760"""
3691,"""Child & Adolescent Services (Springfield Psychological)"""
3692,"""This program covers residents of the following counties: Berks County, PA, Chester County, PA, Delaware County, PA, Montgomery County, PA, Philadelphia County, PA, Monmouth County, NJ and Ocean County, NJ."""
3693,AB-Child & Adolescent Services (Springfield Psychological)
3694,P-Child & Adolescent Services (Springfield Psychological)
3695,"""Springfield Psychological's child & adolescent services strive to achieve long-term improvement for children with emotional challenges, ADHD, or learning disabilities with a multi-level approach.Services include:- Psychotherapy- Parent, teacher, and pediatrician consulting- Coping skills developmentWe accept most insurance plans including Medicare (but not if Medicaid is your secondary).Springfield Psychological is now providing Telehealth Services for both outpatient therapy and medication management to support new and existing patients from the comfort of your own home during the Coronavirus outbreak. Telehealth services are now covered by ALL commercial insurance and Medicare."""
3696,"""This program serves children, teens, and their families."""
3697,"Maria de los Santos Health Center (Delaware Valley Community Health, Inc.)"
3698,"""Maria de los Santos Health Center (Delaware Valley Community Health, Inc.)_5202634877960192"""
3699,"""Maria de los Santos Health Center (Delaware Valley Community Health, Inc.)"""
3700,"AB-Maria de los Santos Health Center (Delaware Valley Community Health, Inc.)"
3701,"P-Maria de los Santos Health Center (Delaware Valley Community Health, Inc.)"
3702,"""tel:+1-215-291-2509"""
3703,Drug and Alcohol Substance Use Disorder Residential Rehabilitation (Horizon House)
3704,"""Drug and Alcohol Substance Use Disorder Residential Rehabilitation (Horizon House)_5145071801860096"""
3705,"""Drug and Alcohol Substance Use Disorder Residential Rehabilitation (Horizon House)"""
3706,AB-Drug and Alcohol Substance Use Disorder Residential Rehabilitation (Horizon House)
3707,P-Drug and Alcohol Substance Use Disorder Residential Rehabilitation (Horizon House)
3708,Therapy Services (Philadelphia Mental Health Center)
3709,"""Therapy Services (Philadelphia Mental Health Center)_5503617131085824"""
3710,"""Therapy Services (Philadelphia Mental Health Center)"""
3711,AB-Therapy Services (Philadelphia Mental Health Center)
3712,P-Therapy Services (Philadelphia Mental Health Center)
3713,"""Philadelphia Mental Health Center's Therapy Services support all age groups in the identification, diagnosis and treatment of mental health issues. Services include:- Evaluation- Mental health education- Individual Therapy- Family Therapy- Couples Therapy- Psychiatric services as necessaryPhiladelphia Mental Health Center accepts Medicaid.If you are interested in more information please fill out our Request for Services form found on our website, or give us a call."""
3714,Behavior Health Rehabilitative Services (Community Council Health Systems)
3715,"""Behavior Health Rehabilitative Services (Community Council Health Systems)_5423845778128896"""
3716,"""Behavior Health Rehabilitative Services (Community Council Health Systems)"""
3717,AB-Behavior Health Rehabilitative Services (Community Council Health Systems)
3718,P-Behavior Health Rehabilitative Services (Community Council Health Systems)
3719,Behavioral Health Outpatient Services (Northern Children's Services)
3720,"""Behavioral Health Outpatient Services (Northern Children's Services)_6667230717673472"""
3721,"""Behavioral Health Outpatient Services (Northern Children's Services)"""
3722,AB-Behavioral Health Outpatient Services (Northern Children's Services)
3723,P-Behavioral Health Outpatient Services (Northern Children's Services)
3724,"""Northern Children's Services' Behavioral Health Outpatient Services offer individual, family and group therapy depending on the needs of the child and youth experiencing difficulties such as trauma, academic, emotional or social stress. Participants will work together with a therapist to work towards overall well-being.Services include:- Skilled and trained staff- Therapy and counseling to suit clients needsNorthern Children's Services accepts Medicaid."""
3725,"""This program helps people who are 5 to 21 years old."""
3726,"East Division Crime Victim Advocacy Project (Congreso de Latinos Unidos, Inc.)"
3727,"""East Division Crime Victim Advocacy Project (Congreso de Latinos Unidos, Inc.)_6727523800055808"""
3728,"""East Division Crime Victim Advocacy Project (Congreso de Latinos Unidos, Inc.)"""
3729,"AB-East Division Crime Victim Advocacy Project (Congreso de Latinos Unidos, Inc.)"
3730,"P-East Division Crime Victim Advocacy Project (Congreso de Latinos Unidos, Inc.)"
3731,Pediatric Illness Support Network (Chai-Life Line)
3732,39.9536376
3733,AllCancerTypes
3734,TerminalIllness
3735,RecentlyDiagnosed
3736,OvernightCamp
3737,ChildhoodCancerSurvivors
3738,ReliefForCaregivers
3739,"""https://www.twitter.com/@Chai_Lifeline"""
3740,"""https://www.facebook.com/ChaiLifeline"""
3741,"""Pediatric Illness Support Network (Chai-Life Line)_6616973416857600"""
3742,"""Pediatric Illness Support Network (Chai-Life Line)"""
3743,"""3434 Sansom Street, Philadelphia, PA 19104"""
3744,AB-Pediatric Illness Support Network (Chai-Life Line)
3745,P-Pediatric Illness Support Network (Chai-Life Line)
3746,"""tel:+1-212-465-1300"""
3747,"""Chai Lifeline truly is a local organization meeting the emotional, social, and financial needs of seriously ill children and their families. We help when families need us most by assigning a case manager who stays with the family for as long as the family needs our assistance. These relationships endure for years.Service:- Case managementIn addition to professional case management we offer Big Brothers and Big Sisters, special events, sibling programs, advocacy and information, insurance support services,  counseling, meals and hospital visits, retreats and family respite vacations, family days, and holiday parties, tutoring, crisis intervention and bereavement services.Chai Lifeline understands that serious illness impacts the entire family. Therefore our programs are geared towards everyone and services are developed to meet the changing needs of our families.All Chai Lifeline programs and services are available free of charge. Call us for more information or if there is a family that needs our help."""
3748,"Community Outreach, Recovery, & Empowerment CORE (Horizon House)"
3749,"""Community Outreach, Recovery, & Empowerment CORE (Horizon House)_6023043218931712"""
3750,"""Community Outreach, Recovery, & Empowerment CORE (Horizon House)"""
3751,"AB-Community Outreach, Recovery, & Empowerment CORE (Horizon House)"
3752,"P-Community Outreach, Recovery, & Empowerment CORE (Horizon House)"
3753,Behavioral Health Services (Dr. Robin Lowey & Associates LLC)
3754,39.9494256
3755,"""https://www.twitter.com/@DrLoweyPsych"""
3756,"""https://www.facebook.com/pages/Dr-Robin-Lowey-Associates-LLC/1500703420179925?ref=hl"""
3757,"""Behavioral Health Services (Dr. Robin Lowey & Associates LLC)_6200794102890496"""
3758,"""Behavioral Health Services (Dr. Robin Lowey & Associates LLC)"""
3759,"""1518 Walnut Street, Philadelphia, PA 19102"""
3760,AB-Behavioral Health Services (Dr. Robin Lowey & Associates LLC)
3761,P-Behavioral Health Services (Dr. Robin Lowey & Associates LLC)
3762,"""tel:+1-215-625-9655"""
3763,"""Our Behavioral Health Services treat clients of all ages and with a wide range of difficulties, from those experiencing situational crisis or adjustment difficulty, to those with serious emotional disturbance.We provide:- Psychotherapy (Child, family, individual, couples, art)- Counseling- Assessments and evaluationsWe can help you with a variety of difficulties, including, but not limited to:- Depression- Anxiety- Trauma- Bereavement- Relationship Conflict- Self-Esteem Issues- Transgender/Gender Nonconforming Individuals- Childhood Problems- Defiant Behavior- Attention Deficit Hyperactivity Disorder- Other School and Academic ProblemsDr. Robin Lowey & Associates LLC accepts Medicare."""
3764,Pediatric Primary Care (Nemours Children's Health System)
3765,39.9501406
3766,"""https://www.facebook.com/nemours"""
3767,"""https://www.twitter.com/@Nemours"""
3768,"""Pediatric Primary Care (Nemours Children's Health System)_4769717072691200"""
3769,"""Pediatric Primary Care (Nemours Children's Health System)"""
3770,"""This program covers residents of the following counties: Kent County, DE, New Castle County, DE, Sussex County, DE, Brevard County, FL, Indian River County, FL, Lake County, FL, Orange County, FL, Osceola County, FL, Polk County, FL, Seminole County, FL, Sumter County, FL, Chester County, PA, Delaware County, PA, Montgomery County, PA and Philadelphia County, PA."""
3771,AB-Pediatric Primary Care (Nemours Children's Health System)
3772,P-Pediatric Primary Care (Nemours Children's Health System)
3773,"""Nemours Children's Health System provides a full range of quality services to keep children and adolescents healthy. Nemours offers the best of both worlds – the comfort of knowing your child is being cared for by board-certified pediatric experts and the convenience of care that’s close to home.This program provides:- Newborn care- Well-child exams- Sick-child visits- Treatment of injuries- Immunizations- School and sports physicals- Laboratory testing- ADD/ADHD evaluations- Behavioral evaluations- Vision screenings- Hearing screenings- Coordination of careWhether it's an annual check-up or treatment for a serious illness, their pediatricians take your child's health as seriously as you do. Interpreter services are available for most languages and available for hearing impaired with advance notice.Nemours accepts Medicaid. If you can’t afford private health insurance, and you don’t qualify for state or federal government health care programs, you might be eligible for Nemours-funded financial assistance. It’s Nemours Children's Health System's policy to provide care, either at a discounted rate or at no charge, for those patients who participate in the Nemours Financial Assistance Program (NFAP). Nemours financial counselors will be able to help guide you through the application process."""
3774,"""Saturday from 09:00 to 12:00"""
3775,"""Must have Medicaid or qualify for Nemours Financial Assistance Program (NFAP)."""
3776,Camp Achieve (Epilepsy Foundation Eastern Pennsylvania)
3777,39.9486873
3778,DayCamp
3779,Seizures
3780,"""https://www.twitter.com/@EFEPA"""
3781,"""https://www.facebook.com/EpilepsyFoundationEasternPA"""
3782,"""Camp Achieve (Epilepsy Foundation Eastern Pennsylvania)_6303744211812352"""
3783,"""Camp Achieve (Epilepsy Foundation Eastern Pennsylvania)"""
3784,"""919 Walnut St, Philadelphia, PA 19107"""
3785,AB-Camp Achieve (Epilepsy Foundation Eastern Pennsylvania)
3786,P-Camp Achieve (Epilepsy Foundation Eastern Pennsylvania)
3787,"""tel:+1-215-629-5003110"""
3788,"""Camp Achieve is a uniquely designed program tailored to the special needs of youths with epilepsy. Campers can enjoy all of the fun and community building that a summer camp offers because of our trained medical staff and counselors who provide a safe environment in which to grow. Combined with epilepsy education activities, Camp Achieve is a unique place both to learn new skills and make lasting memories. There is no application fee but, if accepted, there is a registration fee of $325. Full and partial scholarships are available for eligible applicants."""
3789,"""Applications are open for any child aged 8 to 17 with a primary diagnosis of epilepsy.  Campers are expected to be able to perform all activities of daily living independently.', 'Eligible campers have a primary diagnosis of epilepsy and see a neurologist for regular appointments. Campers are able to participate in physical activities like walking, sports, and crafts.  Campers are able to socialize and participate in group activities effectively. All camper applications and medical forms are reviewed by a Medical Committee to determine eligibility."""
3790,Family Support Services (Philadelphia Family Voices)
3791,40.0120399
3792,"""https://www.facebook.com/philadelphiafamilyvoices"""
3793,"""Family Support Services (Philadelphia Family Voices)_4667761185390592"""
3794,"""Family Support Services (Philadelphia Family Voices)"""
3795,"""841 East Hunting Park Avenue, Philadelphia, PA 19124"""
3796,AB-Family Support Services (Philadelphia Family Voices)
3797,P-Family Support Services (Philadelphia Family Voices)
3798,"""tel:+1-484-228-1229"""
3799,"""""""Family Peer Support Specialists offer resources, provide advocacy, and help facilitate access to educational, behavioral health, autism, Juvenile Justice and other child welfare services in PhiladelphiaThis program provides:- One-on-one support- Resource navigation- Advocacy- Legal education, information and support"""""""
3800,"""This program serves families with children who are facing emotional, social, behavioral and mental health challenges AND/OR autism', 'Must be a Philadelphia, PA resident."""
3801,Outpatient Mental and Behavioral Health Therapy Services (Einstein Healthcare Network)
3802,40.0371815
3803,"""Outpatient Mental and Behavioral Health Therapy Services (Einstein Healthcare Network)_5366916094099456"""
3804,"""Outpatient Mental and Behavioral Health Therapy Services (Einstein Healthcare Network)"""
3805,"""1200 W. Tabor Rd., Philadelphia, PA 19141"""
3806,AB-Outpatient Mental and Behavioral Health Therapy Services (Einstein Healthcare Network)
3807,P-Outpatient Mental and Behavioral Health Therapy Services (Einstein Healthcare Network)
3808,"""tel:+1-215-456-9850"""
3809,"""Mental and behavioral health therapy treatment at Einstein is customized to fit an individual patient and diagnosis. Einstein Health offers a wide range of programs and counseling options to meet a variety of mental health needs.Services:- Diagnostic re-evaluation- Family consultation- Pharmacotherapy and education about medication- Internal medicine consultation and pharmacotherapy- Couples or Family Therapy & Counseling- Prolonged Exposure Therapy for PTSD- Cognitive behavior therapy - CBT- Electroconvulsive therapy (ECT) - LGBTQ+ competent psychiatry and mental health therapy- Mental health group therapyWe accept Medicaid and Medicare and offer financial assistance for patients without insurance."""
3810,Behavioural Health Services - Youth and Family (Public Health Management Corporation)
3811,39.965674
3812,"""Behavioural Health Services - Youth and Family (Public Health Management Corporation)_4781042879692800"""
3813,"""Behavioural Health Services - Youth and Family (Public Health Management Corporation)"""
3814,"""This program covers residents of the following counties: Philadelphia County, PA, Delaware County, PA, Bucks County, PA, Chester County, PA and Montgomery County, PA."""
3815,"""1500 Market Street Suite 1500, Philadelphia, PA 19102"""
3816,AB-Behavioural Health Services - Youth and Family (Public Health Management Corporation)
3817,P-Behavioural Health Services - Youth and Family (Public Health Management Corporation)
3818,"""tel:+1-215-985-2500"""
3819,"""Our behavioral health treatment program aims to help children and adolescents successfully manage their behaviors and emotions by providing individual supports and treatment in the settings where they need it more. BHRS provides behavioral specialist consultation, therapeutic support staff, mobile therapy and support strategies for parents/guardians, teachers and other adults.Services provided:- Behavioral health treatment and services at home, school, or community setting"""
3820,"""This program helps people with income at or below 300% of federal poverty guidelines.', 'This program helps individuals who live within one of the five Philadelphia metropolitan counties (i.e. Bucks, Chester, Delaware, Montgomery, or Philadelphia).', 'This program helps individuals who are uninsured, underinsured, or have exhausted his or her insurance benefits."""
3821,Senior Behavioral Health Inpatient Treatment (Friends Hospital)
3822,"""Senior Behavioral Health Inpatient Treatment (Friends Hospital)_5708794115129344"""
3823,"""Senior Behavioral Health Inpatient Treatment (Friends Hospital)"""
3824,AB-Senior Behavioral Health Inpatient Treatment (Friends Hospital)
3825,P-Senior Behavioral Health Inpatient Treatment (Friends Hospital)
3826,"""Friends Hospital's Short-Term Older Adult Program's mission is to help older patients begin the journey to wellness by identifying and understanding the physical and social stressors that affect older adults. Our age-sensitive treatment and discharge planning help our patients regain a sense of independence and preserve their quality of life. Services Provided:-Treatment for all major psychiatric disorders including behavioral symptoms related to dementia-Holistic and patient-centered approach specifically designed for older adults-Age-sensitive, individualized treatment-Wellness and discharge plans-Treatment for co-occurring substance issues-Individual, group and family therapy-Private bedrooms with unit access to an enclosed outside courtyardWe accept almost all major health insurances, including Medicaid and Medicare. It is the policy of Friends Hospital not to create a financial hardship for any patient. If necessary, a payment plan appropriate to the patient’s financial status can be established.To make the admission process go as smoothly as possible, please download and complete our authorization completion instructions and authorization to obtain or release protected health information form. To schedule a confidential assessment or learn more about the admission process, please call our admission department."""
3827,Child & Youth Outpatient Services (Hispanic Community Counseling Services)
3828,39.9940795
3829,"""Child & Youth Outpatient Services (Hispanic Community Counseling Services)_5816207188688896"""
3830,"""Child & Youth Outpatient Services (Hispanic Community Counseling Services)"""
3831,"""1952 East Allegheny Avenue, Philadelphia, PA 19134"""
3832,AB-Child & Youth Outpatient Services (Hispanic Community Counseling Services)
3833,P-Child & Youth Outpatient Services (Hispanic Community Counseling Services)
3834,"""HCCS provides outpatient services to kids who are struggling with anxiety and depression, abuse, family problems, drug and alcohol use, problems at school, and much more.Services:- Individual therapy- Skill-building and support for behavior change- Family-centered therapy and parenting strategies- Substance use assessments- Connection to resources- Medication management- Psychiatric evaluationsHispanic Community Counseling Services accepts Medicare and Medicaid."""
3835,"""Must have Medicaid.', 'This program helps people who are 5 to 17 years old."""
3836,Older Adult and Senior Counseling (Jewish Family and Children's Service of Greater Philadelphia)
3837,39.9556566
3838,"""https://www.twitter.com/@JFCS_Philly"""
3839,"""https://www.facebook.com/JFCSPhilly"""
3840,"""Older Adult and Senior Counseling (Jewish Family and Children's Service of Greater Philadelphia)_6199634183061504"""
3841,"""Older Adult and Senior Counseling (Jewish Family and Children's Service of Greater Philadelphia)"""
3842,"""2100 Arch St, Philadelphia, PA 19103"""
3843,AB-Older Adult and Senior Counseling (Jewish Family and Children's Service of Greater Philadelphia)
3844,P-Older Adult and Senior Counseling (Jewish Family and Children's Service of Greater Philadelphia)
3845,"""tel:+1-866-532-7669"""
3846,"""The Jewish Family and Children’s Service of Greater Philadelphia offers a range of Older Adult and Senior Counseling including individual counseling, as well as moderated support groups.This program provides:- Individual Counseling- Support GroupsTopics that are addressed:- Bereavement and loss- Changes in health- Aging- Retirement- Intimacy- Financial challenges- LGBTQ- Reduce isolation- Changes in living arrangements- Trauma- Abuse and neglect- Elder abuse- Mental health challenges- Spiritual needs- Caregiving fatigue- Transportation barriers"""
3847,"""This program serves older adults."""
3848,Family First (Child Guidance Resource Centers)
3849,"""Family First (Child Guidance Resource Centers)_4984898546040832"""
3850,"""Family First (Child Guidance Resource Centers)"""
3851,AB-Family First (Child Guidance Resource Centers)
3852,P-Family First (Child Guidance Resource Centers)
3853,"""Family First believes that the most effective way to help troubled children and adolescents is through a family-focused, home-based model designed to recognize struggles and build on family strengths. Services:- Family therapy- Individual counseling- Parent education- Case management- Family support- 24-hour on-call supportFamily First is a 32 week process. Your family is assigned a team of two Master’s level clinicians who work closely with you in the home, school and community to address not only your child’s emotional struggles but the larger systemic issues contributing to troublesome behavior. The flexibility of being in the home and community allows your therapists to address the root of your struggles and create long-term positive change.Medical Assistance (Medicaid) is accepted for these services."""
3854,"""Must have PA Medical Assistance."""
3855,Substance Use Treatment (APM)
3856,"""Substance Use Treatment (APM)_5348732074983424"""
3857,"""Substance Use Treatment (APM)"""
3858,AB-Substance Use Treatment (APM)
3859,P-Substance Use Treatment (APM)
3860,Integrated Services Supporting Independence ISSI (Volunteers of America Delaware Valley)
3861,39.9923325
3862,"""https://www.facebook.com/pages/VOLUNTEERS-OF-AMERICA-DELAWARE-VALLEY/115089443808"""
3863,"""https://www.twitter.com/@voadv"""
3864,"""Integrated Services Supporting Independence ISSI (Volunteers of America Delaware Valley)_5868569196232704"""
3865,"""Integrated Services Supporting Independence ISSI (Volunteers of America Delaware Valley)"""
3866,"""2601 North Broad Street, Philadelphia, PA 19132"""
3867,AB-Integrated Services Supporting Independence ISSI (Volunteers of America Delaware Valley)
3868,P-Integrated Services Supporting Independence ISSI (Volunteers of America Delaware Valley)
3869,"""tel:+1-856-854-4660"""
3870,"""Integrated Services Supporting Independence (ISSI) 14-bed residential program for mentally ill with co-occuring disorders providing case management, an integrated approach to treatment and rehabilitation, continuation of treatment and extended aftercare reintegration services as well as 24-hour case management. Due to Covid-19 visitation and access to the facilities is restricted until further notice."""
3871,"""This program helps people who are older than 17 years old.', 'Must be a Philadelphia resident for at least six months.', 'Must be diagnosed with adult priority  targeted mental illness and referred by The Department of Behavioral Health.', 'Must be clean and sober for at least nine months and demonstrate a minimum proficiency in independent living."""
3872,"Maternal Addiction Treatment, Education and Research MATER - Family Center (Jefferson Health)"
3873,39.9479892
3874,"""https://www.facebook.com/jeffersonhospital"""
3875,"""Maternal Addiction Treatment, Education and Research MATER - Family Center (Jefferson Health)_5993992326742016"""
3876,"""Maternal Addiction Treatment, Education and Research MATER - Family Center (Jefferson Health)"""
3877,"AB-Maternal Addiction Treatment, Education and Research MATER - Family Center (Jefferson Health)"
3878,"P-Maternal Addiction Treatment, Education and Research MATER - Family Center (Jefferson Health)"
3879,"""Family Center is our outpatient treatment program designed exclusively for pregnant and parenting women. Family Center offers intensive outpatient care and long-term support for outpatient care with access to comprehensive medical, psychological and social service support.This program provides:- Care Coordination and Case Management- Prenatal care- Delivery care - Coordination of specialist and general medical care for you and your child(ren)- Mental Health Care- Individual Therapy and Peer Support- Group Therapy- Child Care- Medications for Opioid Use Disorder (methadone and buprenorphine)MATER offers an outpatient and residential program called The Family Center. This treatment program accepts Medicaid. Please call the Family Center for more information or to make an appointment."""
3880,"""This program helps people who are older than 17 years old.', 'Must be a pregnant or parenting female.', 'Must be in need of treatment for substance problems.', 'Must have Medicaid."""
3881,"Fairmount Primary Care Center at Girard Medical Center (Delaware Valley Community Health, Inc.)"
3882,39.9711839
3883,"""https://www.facebook.com/DVCHInc/"""
3884,"""Fairmount Primary Care Center at Girard Medical Center (Delaware Valley Community Health, Inc.)_5305447737982976"""
3885,"""Fairmount Primary Care Center at Girard Medical Center (Delaware Valley Community Health, Inc.)"""
3886,"""820 West Thompson Street, Philadelphia, PA 19122"""
3887,"AB-Fairmount Primary Care Center at Girard Medical Center (Delaware Valley Community Health, Inc.)"
3888,"P-Fairmount Primary Care Center at Girard Medical Center (Delaware Valley Community Health, Inc.)"
3889,"""tel:+1-215-827-8010"""
3890,"""The Fairmount Primary Care Center at Girard Medical Center (FPCC-GMC) brings comprehensive primary care medical services to the patients of Girard Medical Center, furthering our commitment to making healthcare accessible to patients of all needs.This program provides:- Adult Medicine- Gynecology- HIV/HEP C Care- Medication Assisted TreatmentA sliding fee scale is available to eligible patients."""
3891,"""Friday from 07:30 to 16:00"""
3892,"""Tuesday from 07:30 to 16:00"""
3893,"""Thursday from 07:30 to 16:00"""
3894,"""Wednesday from 07:30 to 16:00"""
3895,"""Monday from 07:30 to 16:00"""
3896,Mobile Mental Health Services (Philadelphia Mental Health Center)
3897,"""Mobile Mental Health Services (Philadelphia Mental Health Center)_6386179860856832"""
3898,"""Mobile Mental Health Services (Philadelphia Mental Health Center)"""
3899,AB-Mobile Mental Health Services (Philadelphia Mental Health Center)
3900,P-Mobile Mental Health Services (Philadelphia Mental Health Center)
3901,"""Our Mobile Mental Health Services is individual therapy that is provided in the home. This service is available to adults who has a medical condition or disability that limits his/her ability to come into the office for regular sessions. Mobile Mental Health is performed by a qualified Master’s-Level or Doctoral Level clinician.Services include:- Trained professional staff- Individual therapyPhiladelphia Mental Health Center accepts Medical Assistance (Medicaid)."""
3902,"""Must have Medical Assistance (Medicaid).', 'This program serves adults who have a medical condition or disability that limits their ability to come into the office for regular sessions."""
3903,Anxiety Behaviors Clinic ABC (Children's Hospital of Philadelphia)
3904,"""Anxiety Behaviors Clinic ABC (Children's Hospital of Philadelphia)_4617463453319168"""
3905,"""Anxiety Behaviors Clinic ABC (Children's Hospital of Philadelphia)"""
3906,AB-Anxiety Behaviors Clinic ABC (Children's Hospital of Philadelphia)
3907,P-Anxiety Behaviors Clinic ABC (Children's Hospital of Philadelphia)
3908,"Adult Outpatient Services (The Consortium, Inc.)"
3909,"""Adult Outpatient Services (The Consortium, Inc.)_4507013050793984"""
3910,"""Adult Outpatient Services (The Consortium, Inc.)"""
3911,"AB-Adult Outpatient Services (The Consortium, Inc.)"
3912,"P-Adult Outpatient Services (The Consortium, Inc.)"
3913,Integrated Services Supporting Independence (Volunteers of America Delaware Valley)
3914,"""Integrated Services Supporting Independence (Volunteers of America Delaware Valley)_5868569196232704"""
3915,"""Integrated Services Supporting Independence (Volunteers of America Delaware Valley)"""
3916,AB-Integrated Services Supporting Independence (Volunteers of America Delaware Valley)
3917,P-Integrated Services Supporting Independence (Volunteers of America Delaware Valley)
3918,"""tel:+1-215-229-6434"""
3919,Adult Counseling (Jewish Family and Children's Service of Greater Philadelphia)
3920,39.9556178
3921,"""Adult Counseling (Jewish Family and Children's Service of Greater Philadelphia)_6567655386644480"""
3922,"""Adult Counseling (Jewish Family and Children's Service of Greater Philadelphia)"""
3923,"""2100 Arch Street, Philadelphia, PA 19103"""
3924,AB-Adult Counseling (Jewish Family and Children's Service of Greater Philadelphia)
3925,P-Adult Counseling (Jewish Family and Children's Service of Greater Philadelphia)
3926,"""Jewish Family and Children’s Service of Greater Philadelphia provides counseling services for adults. The counselors take a holistic approach as they help clients sort through feelings and work through problems. They provide a full spectrum of supportive services. Their licensed clinical social workers use several established techniques and an eclectic approach to evidence-based interventions.This program provides:- Individual and group counselingFees are established on a case-by-case basis and may include a sliding scale, Medicare and/or additional assistance, you should not let your financial situation get in the way of seeking help."""
3927,Mental Health Services (Philadelphia Consultation Center)
3928,39.9468198
3929,Persian
3930,"""https://www.facebook.com/Philadelphia-Consultation-Center-133865143332142/"""
3931,"""Mental Health Services (Philadelphia Consultation Center)_4616740875272192"""
3932,"""Mental Health Services (Philadelphia Consultation Center)"""
3933,"""313 South 16th Street, Philadelphia, PA 19102"""
3934,AB-Mental Health Services (Philadelphia Consultation Center)
3935,P-Mental Health Services (Philadelphia Consultation Center)
3936,"""tel:+1-215-732-8244611"""
3937,"""Philadelphia Consultation Center's Mental Health services address a wide range of mental health issues through counseling and support.This program provides:- Individual therapyServices can address:- Anxiety and depression- Phobias- Abusive or traumatic life experiences- Anger- Eating disorders- Schizophrenia, OCD, PTSD, bi-polar, and severe depressionPhiladelphia Consultation Center accepts Medicaid and Medicare. Please call to complete an intake. If nobody answers, leave a message and someone will return your call within 2 business days."""
3938,"""Must have Medicaid or Medicare to receive reduced cost services."""
3939,Behavioral Health Services (Covenant House Inc.)
3940,"""Behavioral Health Services (Covenant House Inc.)_5683092086849536"""
3941,"""Behavioral Health Services (Covenant House Inc.)"""
3942,"""251 E Bringhurst St, Philadelphia, PA 19144"""
3943,AB-Behavioral Health Services (Covenant House Inc.)
3944,P-Behavioral Health Services (Covenant House Inc.)
3945,"""tel:+1-215-844-0181"""
3946,Dental Services (Family Practice & Counseling Network)
3947,"""Dental Services (Family Practice & Counseling Network)_5927815682981888"""
3948,"""Dental Services (Family Practice & Counseling Network)"""
3949,AB-Dental Services (Family Practice & Counseling Network)
3950,P-Dental Services (Family Practice & Counseling Network)
3951,"""The Family Practice and Counseling Network’s Dental Department is dedicated to providing high quality, affordable, and comprehensive oral health services to a culturally diverse community. The Dental staff is comprised of committed professionals who enjoy working together to support our patients, each other, and our mission.Preventative services provided include:- Comprehensive and periodic oral exams- Digital x-rays- Emergency treatment- Adult and children’s cleanings- Sealants- Fluoride treatment- Space maintainers- Tobacco counseling- Oral hygiene instructionRestorative and comprehensive services provided include:- Fillings - amalgam (silver) and composite (tooth colored)- Crowns (caps)- Bridges- Dentures- Extractions- Periodontal cleaning (scaling)- Pulpotomies (Emergency root therapy)- Tooth whitening (bleaching)We accept Medicaid, Medicare, and most major insurances. We also participate with many PPO plans and offers sliding fees for our uninsured patients."""
3952,Behavioral Health Rehabilitation Services BHRS (Pennsylvania Mentor)
3953,40.027819
3954,"""19135"""
3955,"""Behavioral Health Rehabilitation Services BHRS (Pennsylvania Mentor)_5900742832685056"""
3956,"""Behavioral Health Rehabilitation Services BHRS (Pennsylvania Mentor)"""
3957,"""This program covers residents of the following counties: Bucks County, PA, Delaware County, PA, Lehigh County, PA, Montgomery County, PA, Northampton County, PA and Philadelphia County, PA."""
3958,"""6212 Frankford Avenue, Philadelphia, PA 19135"""
3959,AB-Behavioral Health Rehabilitation Services BHRS (Pennsylvania Mentor)
3960,P-Behavioral Health Rehabilitation Services BHRS (Pennsylvania Mentor)
3961,19135
3962,"""tel:+1-215-552-5079"""
3963,"""Pennsylvania Mentor provides Behavioral Health Rehabilitation Services (BHRS) to children with behavioral and emotional disorders and to children and youth living with Autism and Autism Spectrum Disorder. We work one-on-one with the child to help them grow and learn to the best of their abilities.Services offered:- Mentoring- Behavioral Health- Rehabilitation- Skill development- Therapeutic treatmentPennsylvania Mentor accepts Medicaid, and no one will be turned away regardless of ability to pay."""
3964,"""Children with behavioral and emotional disorders and to children and youth living with Autism and Autism Spectrum Disorder."""
3965,Marconi Older Adult Program (Caring People Alliance)
3966,39.9200204
3967,"""https://www.facebook.com/caringpeoplealliance/"""
3968,"""https://www.twitter.com/@cpalliance"""
3969,"""Marconi Older Adult Program (Caring People Alliance)_5718361092653056"""
3970,"""Marconi Older Adult Program (Caring People Alliance)"""
3971,"""2433 South 15th Street, Philadelphia, PA 19145"""
3972,AB-Marconi Older Adult Program (Caring People Alliance)
3973,P-Marconi Older Adult Program (Caring People Alliance)
3974,"""tel:+1-215-545-5230"""
3975,"""tel:+1-215-218-0800"""
3976,"""The Marconi Older Adult Program offers meals and wide-ranging educational, social and recreational activities. Members take part in dance, art, theater, games, discussions and more to adults age 50 and over.Senior centers offer a wide variety of programs and services, including:- Meal and nutrition programs- Information and assistance- Health, fitness, and wellness programs- Transportation services- Technology classes- Group counseling- Trips- Social and recreational activities- Educational and arts programs- Intergenerational prograhey ask for a suggested yearly contribution of $25."""
3977,"""The Marconi Older Adult Program offers meals and wide-ranging educational, social and recreational activities. Members take part in dance, art, theater, games, discussions and more to adults age 50 and over.Senior centers offer a wide variety of programs and services, including:- Meal and nutrition programs- Information and assistance- Health, fitness, and wellness programs- Transportation services- Technology classes- Group counseling- Trips- Social and recreational activities- Educational and arts programs- Intergenerational programsThey ask for a suggested yearly contribution of $25."""
3978,"""This program helps people who are older than 49 years old."""
3979,"Community Integrated Recovery Center (CIRC) at Penrose (Citizens Acting Together Can Help, Inc.)"
3980,"""Community Integrated Recovery Center (CIRC) at Penrose (Citizens Acting Together Can Help, Inc.)_4815968842022912"""
3981,"""Community Integrated Recovery Center (CIRC) at Penrose (Citizens Acting Together Can Help, Inc.)"""
3982,"AB-Community Integrated Recovery Center (CIRC) at Penrose (Citizens Acting Together Can Help, Inc.)"
3983,"P-Community Integrated Recovery Center (CIRC) at Penrose (Citizens Acting Together Can Help, Inc.)"
3984,Short Term Rehabilitation (Willow Terrace Nursing and Rehabilitation Center)
3985,"""Short Term Rehabilitation (Willow Terrace Nursing and Rehabilitation Center)_5307958726230016"""
3986,"""Short Term Rehabilitation (Willow Terrace Nursing and Rehabilitation Center)"""
3987,AB-Short Term Rehabilitation (Willow Terrace Nursing and Rehabilitation Center)
3988,P-Short Term Rehabilitation (Willow Terrace Nursing and Rehabilitation Center)
3989,Substance Abuse Intervention (CORA Services)
3990,"""Substance Abuse Intervention (CORA Services)_5758080384237568"""
3991,"""Substance Abuse Intervention (CORA Services)"""
3992,AB-Substance Abuse Intervention (CORA Services)
3993,P-Substance Abuse Intervention (CORA Services)
3994,"""""""Substance Abuse Intervention is designed to provide access to counseling and related services for Philadelphia County youth ages 10-21 with pre-diagnostic levels of use and/or experiencing a family member’s substance use and/or higher degrees of exposure to substances that may increase their own risk for new or continued useServices include:- Initial assessment- Service planning- Individual, group and family counseling- Service and resource referrals- Professional Consultation with clients’ schools, other service systems or service providersThis program also serves adolescents whose substance does not meet diagnostic criteria for treatment and is available to youth at greater risk for involvement with court, truancy, dependency or delinquency systems as these factors are also highly correlated with youthful substance use. Parents/caregivers and siblings of affected youth are also invited to participate in this service."""""""
3995,"""Must be residents of Phila County', 'This program helps people who are 10 to 21 years old.', 'This program serves youth with pre-diagnostic levels of use, significant exposure to use, or at higher risk of use and their families."""
3996,"Breastfeeding Support (Congreso De Latinos Unidos, Inc.)"
3997,"""Breastfeeding Support (Congreso De Latinos Unidos, Inc.)_5007305272721408"""
3998,"""Breastfeeding Support (Congreso De Latinos Unidos, Inc.)"""
3999,"AB-Breastfeeding Support (Congreso De Latinos Unidos, Inc.)"
4000,"P-Breastfeeding Support (Congreso De Latinos Unidos, Inc.)"
4001,Mental Health Services (Mazzoni Center)
4002,"""Mental Health Services (Mazzoni Center)_5571102987255808"""
4003,"""Mental Health Services (Mazzoni Center)"""
4004,AB-Mental Health Services (Mazzoni Center)
4005,P-Mental Health Services (Mazzoni Center)
4006,"""Mazzoni Center provides quality professional, accessible and culturally affirming psychotherapy and psychiatric services for LGBTQ+ individuals, couples, and families. This program offers an array of outpatient therapeutic services including individual, couples/relationship and family therapy. Out staff has expertise in helping to address  many issues including depression, anxiety, trauma,  exploration of gender identity, sexuality and sexual health, all through the lens of social justice and LGBTQ+ affirmation.This program provides:- Supportive recovery oriented counseling & groups- Psychiatric evaluation- Medication management- Peer recovery support- Referrals to community based servicesThis provider accepts most major insurance plans, as well as Medicaid and Medicare. Sliding scale is available to those who are uninsured and/or not eligible for other coverage."""
4007,"""This program serves LGBTQ+ adolescents and adults."""
4008,Adolescent Medicine (Children's Hospital of Philadelphia)
4009,39.9557465
4010,"""Adolescent Medicine (Children's Hospital of Philadelphia)_6028853140258816"""
4011,"""Adolescent Medicine (Children's Hospital of Philadelphia)"""
4012,AB-Adolescent Medicine (Children's Hospital of Philadelphia)
4013,P-Adolescent Medicine (Children's Hospital of Philadelphia)
4014,"""tel:+1-215-590-1000"""
4015,"""The Craig Dalsimer Division of Adolescent Medicine provides comprehensive care for youth aged 10 to 24. CHOP strives to provide high-quality medical care to youth throughout the adolescent years, with a focus on respecting individuality, supporting physical and emotional growth and development, and educating and empowering teens to ultimately take ownership of their healthcare and life decisions.   This program provides:- Evaluation of organic causes of mood disorders- Support for diagnosis and medical management of uncomplicated depression and anxiety- Medical evaluation of malnutrition- Young men's health services- Contraception- Contraceptive counseling- Sexually transmitted disease (STD) testing and treatment- Reproductive health visitsCare is provided for:- Adolescent issues related to complex chronic medical conditions- Menstrual problems- Ovarian cysts- Polycystic ovarian syndrome- Vaginal discharge- Eating and feeding disorders- Hirsutism- Gender identity and sexual development issues- Delayed puberty/delayed sexual developmentThis program accepts Medicare and Medical Assistance of PA and NJ."""
4016,"""Tuesday from 00:00 to 23:59"",""Thursday from 00:00 to 23:59"""
4017,"""This program helps people who are 10 to 24 years old.', 'Must have Medical Assistance or Medicare."""
4018,MST-PSB Multisystemic Therapy for Problem Sexual Behavior (Public Health Management Corporation)
4019,39.9523167
4020,"""MST-PSB Multisystemic Therapy for Problem Sexual Behavior (Public Health Management Corporation)_4927571165446144"""
4021,"""MST-PSB Multisystemic Therapy for Problem Sexual Behavior (Public Health Management Corporation)"""
4022,"""1500 Market St, Philadelphia, PA, United States, 19102"""
4023,AB-MST-PSB Multisystemic Therapy for Problem Sexual Behavior (Public Health Management Corporation)
4024,P-MST-PSB Multisystemic Therapy for Problem Sexual Behavior (Public Health Management Corporation)
4025,"""tel:+1-215-764-2387"""
4026,"""MST-PSB serves youth 11-17 years old who have engaged in harmful sexual behavior by providing intensive, family-driven therapy delivered in the individual’s home, school or community. Families participate in regular sessions to address the multiple systemic factors associated with youth who have committed sexual offenses.We provide: - Intensive therapy in youth’s natural environment (average of three sessions per week)- 24/7 crisis supportBasic components of the model include:- Assessment and Evaluation- Safety Planning- Addressing Denial and Minimization- Grooming and Cognitive Variables- Clarification Work- Managing the Youth’s Own Victimization and Trauma- Skills Training and Development of Pro-Social Behaviors and Peer Group- Reunification (when appropriate) The average duration of services is 5-7 months. Caregivers must be willing to participate in family therapy, to enforce the safety plan, and to acknowledge that the youth has engaged in problem sexual behavior.MST-PSB accepts Medical Assistance (MA)/Pennsylvania Medicaid. The Referral Form may be downloaded from our website, and completed and faxed back to us. Clients must have an evaluation signed by a licensed psychologist or psychiatrist specifically recommending MSTPSB services. If the referral does not have an evaluation recommending MST-PSB services, we can schedule an appointment with our doctor to determine medical necessity."""
4027,"""This program helps people who are 11 to 17 years old.', 'Must be experiencing problem sexual behaviors that involve a victim or victims.', 'Must be living with a permanent guardian or preparing for transition to live with a permanent guardian.', 'Must have a caregiver who is willing to participate in family therapy, to enforce the safety plan and who acknowledges that the youth has engaged in problem sexual behavior.', 'Must be MA eligible.', 'Must have an evaluation signed by a licensed psychologist or psychiatrist specifically recommending MSTPSB services.', 'The youth must not: Be actively suicidal, homicidal or psychotic, Be on the Autism Spectrum, Have an IQ less than 70 (some exceptions may apply), or Be in an out-of-home placement with no plan to be reunified with his or her caregiver."""
4028,Residential Treatment Program (The Bridge)
4029,40.0171274
4030,"""Residential Treatment Program (The Bridge)_5683547543961600"""
4031,"""Residential Treatment Program (The Bridge)"""
4032,AB-Residential Treatment Program (The Bridge)
4033,P-Residential Treatment Program (The Bridge)
4034,"""The Bridge provides residential treatment to adolescents (ages 14-18) with substance abuse disorders or co-occurring mental health and substance abuse problems. Our program incorporates an on-site school, and our Hands-On Learning Initiatives give clients the opportunity to explore career options through local businesses and technical schools. We provide: - Residential addiction treatment for approximately 3 to 9 monthsServices include: - Individual therapy- Group therapy- Family therapy- Health & psychiatric services- Behavior modification- Anger management/conflict resolution- Animal assisted therapy- After-case case management- Family psych-education- Family nights- Outpatient counseling- Educational and Skills Building- Hands-on Learning InitiativesThe Bridge accepts Medicare and Medicaid, and offers a sliding fee scale based on income to uninsured patients. A referral can be made by calling the program directly or online. Admissions staff conducts an intake psychosocial assessment and meets with family members to confirm the child’s appropriateness for the program."""
4035,"""This program helps people who are 14 to 18 years old.', 'Must have a diagnosis of substance abuse or dependence, or co-occurring mental health and substance abuse diagnoses."""
4036,Personal Recovery Services PRS (Project HOME)
4037,39.9674503
4038,"""Personal Recovery Services PRS (Project HOME)_6496190498603008"""
4039,"""Personal Recovery Services PRS (Project HOME)"""
4040,"""1515 Fairmount Ave, Philadelphia, PA 19130"""
4041,AB-Personal Recovery Services PRS (Project HOME)
4042,P-Personal Recovery Services PRS (Project HOME)
4043,"""tel:+1-215-235-31105640"""
4044,"""Personal Recovery Services (PRS) Program provides services that are commonly known as psychiatric rehabilitation services, which is an evidence-based practice. Our staff assists with:- Developing a specific and individualized plan- One-on-One SupportThe PRS staff member works in relationship with a specific resident, who chooses his or her goals. The emphasis is on personal growth, individual choice, empowerment, and developing strengths and hope that can translate into real success."""
4045,"""Must choose to participate.', 'Must have presence or history of a serious mental illness', 'Must have impairment(s) in living, learning, working and/or socializing that is a result of mental illness', 'This program helps people who are older than 17 years old."""
4046,"Outpatient Program (Citizens Acting Together Can Help, Inc.)"
4047,"""Outpatient Program (Citizens Acting Together Can Help, Inc.)_4611405186859008"""
4048,"""Outpatient Program (Citizens Acting Together Can Help, Inc.)"""
4049,"AB-Outpatient Program (Citizens Acting Together Can Help, Inc.)"
4050,"P-Outpatient Program (Citizens Acting Together Can Help, Inc.)"
4051,"""""""Our Outpatient Mental Health Program addresses the behavioral health needs of children, adolescents, and adults. Our highly trained staff uses an array of modalities, including Behavior Modification, Person-Centered, and Trauma-FocusedThe consumer’s treatment goals are tailored to their individual needs. Services may include psychological testing, comprehensive behavioral health evaluation, individual therapy, medication consultation, and management. We employ three adult psychiatrists, one Board Certified Child psychiatrist, and one full-time licensed psychologist who is also a board-certified school psychologist. Our psychologist also facilitates a voluntary clinical supervision group for individuals who seek specialized licensure."""""""
4052,"""This program helps people who are older than 4 years old.', 'Must be a resident of Philadelphia', 'Insurances Accepted: CBH (Community Behavioral Health), DBH (Department of Behavioral Health),  Medicare (We DO NOT accept Medicare Advantage Plans)"""
4053,Addiction Medicine And Health Advocates (African Cultural Alliance of North America Inc. ACANA)
4054,39.9510066
4055,"""Addiction Medicine And Health Advocates (African Cultural Alliance of North America Inc. ACANA)_5185303560585216"""
4056,"""Addiction Medicine And Health Advocates (African Cultural Alliance of North America Inc. ACANA)"""
4057,"""928 Market St, Philadelphia, PA 19107"""
4058,AB-Addiction Medicine And Health Advocates (African Cultural Alliance of North America Inc. ACANA)
4059,P-Addiction Medicine And Health Advocates (African Cultural Alliance of North America Inc. ACANA)
4060,"""tel:+1-215-923-4202"""
4061,"""Addiction Medicine and Health Advocates, Inc. (AMHA) provides evidence-based substance abuse treatment, which is continuously responsive to the needs of the patients and their families. AMHA is an outpatient facility consisting of two levels of care: Outpatient and Intensive Outpatient. Methadone Maintenance is provided on both levels of care.Services provided include:• Assessment and intake• Medication-assisted treatment (methadone maintenance)• Individual counseling & psychotherapy• Group psychotherapy• Psycho education• Medical & psychiatric evaluations • Aftercare & follow up services • Referrals (educational, medical, vocational, psychiatric, higher levels of care)• Couples & family therapy• Drug screening To begin the admissions process, please contact us. You may also come in person between the hours of 9 am and 4 pm, Monday through Friday. You will be asked to complete a short screening interview and if initial eligibility criteria is met, you will be scheduled for an assessment.At the time of your assessment, you will need to bring:• Current, state-issued photo ID• Insurance cardAMHA is a private not-for-profit organization dependent upon patient fees for its continuance. Most of our patients have some form of insurance or medical assistance that pays for medication-assisted treatment services. Individuals who do not have insurance are responsible for payment or they may be eligible for county funding."""
4062,"""Friday from 06:00 to 14:00"""
4063,"""Monday from 06:00 to 14:00"""
4064,"""Sunday from 06:00 to 11:45"""
4065,"""Wednesday from 06:00 to 14:00"""
4066,"""Thursday from 06:00 to 14:00"""
4067,"""Tuesday from 06:00 to 14:00"""
4068,"""Saturday from 06:00 to 11:45"""
4069,Addiction Services (University of Pennsylvania Perelman School of Medicine)
4070,"""https://www.twitter.com/@MFCPenn"""
4071,"""Addiction Services (University of Pennsylvania Perelman School of Medicine)_5001274926563328"""
4072,"""Addiction Services (University of Pennsylvania Perelman School of Medicine)"""
4073,AB-Addiction Services (University of Pennsylvania Perelman School of Medicine)
4074,P-Addiction Services (University of Pennsylvania Perelman School of Medicine)
4075,"""tel:+1-215-662-8747"""
4076,"""Penn Presbyterian Medical Center offers a wide range of behavior health services, including inpatient and outpatient services for mental health and addiction treatments, and specialty mental health programs for older adults.This program provides:- Individual and Group counseling- Educational materials and support- Relapse prevention groupsFamily support and orientation meetings are available for all patients.University of Pennsylvania Perelman School of Medicine accepts Medicaid."""
4077,"""This program helps people who are older than 17 years old', 'Must have Medicaid."""
4078,"Residential Behavioral Health (The Consortium, Inc.)"
4079,39.9485212
4080,"""Residential Behavioral Health (The Consortium, Inc.)_4815102533697536"""
4081,"""Residential Behavioral Health (The Consortium, Inc.)"""
4082,"""5205 Webster Street, Philadelphia, PA 19143"""
4083,"AB-Residential Behavioral Health (The Consortium, Inc.)"
4084,"P-Residential Behavioral Health (The Consortium, Inc.)"
4085,"""tel:+1-215-747-6644"""
4086,"""The Consortium, Inc. offers a Residential Behavioral health program called The Webster Street Community Residential Rehabilitation program (CRR) for adults 18 years or older who have severe and persistent mental illness.CRR provides:- Skills for independent living- Mental health servicesThe home is staffed 24 hours a day, seven days a week and is handicap accessible. All referrals come through the Department of Behavioral Health.The Consortium accepts Medicaid and offers a sliding scale fee for low-income individuals. We don't turn anyone away. All services are provided without regard to race, color, sex gender, religious creed, ancestry, national origin, disability or sexual orientation."""
4087,"""Must have a referral from the Department of Behavioral Health.', 'Must meet income requirements or have Medicaid."""
4088,Adult Behavioral Health Services (Family Practice & Counseling Network)
4089,"""Adult Behavioral Health Services (Family Practice & Counseling Network)_4868809086468096"""
4090,"""Adult Behavioral Health Services (Family Practice & Counseling Network)"""
4091,AB-Adult Behavioral Health Services (Family Practice & Counseling Network)
4092,P-Adult Behavioral Health Services (Family Practice & Counseling Network)
4093,"""In the Outpatient Behavioral Health Department at FPCN, our licensed clinicians provide psychotherapy for adults using individual, group, couple, and family modalities.  We work to empower people to reach their life goals and are skilled in treating trauma and loss, depression, anxiety, anger management, behavior problems, stress, attention deficit, and parenting challenges. Psychiatrists are available to those active in therapy to evaluate if medication might be helpful to a person’s treatment and to monitor its effectiveness.Services: - Mental health assessment- Individual and Couples Therapy - Medication for mental illness- Services and accommodations for people who do not speak English such as in-house staff translators or a language translation telecommunication service.   No one will be turned away for inability to pay. FPCN offers services on a sliding scale, and accepts Medicaid and Medicare. Please bring the required documents with you for your first visit."""
4094,Autism Services (SPIN)
4095,40.0883064
4096,"""19154"""
4097,"""https://www.facebook.com/SPINInc/"""
4098,"""Autism Services (SPIN)_5997417293152256"""
4099,"""Autism Services (SPIN)"""
4100,"""10541 Drummond Road, Philadelphia, PA 19154"""
4101,AB-Autism Services (SPIN)
4102,P-Autism Services (SPIN)
4103,19154
4104,"""tel:+1-844-774-6226"""
4105,"""""""The Autism Center for Excellence offers help and hope for your child and family. Whether you wonder if your child may have Autism or are trying to find the best services to help your child make progress after diagnosis, our professional team is here for you every step of the way. SPIN knows that every child will grow and develop to their best potential when professionals and families work in partnership. SPIN’s intervention services focus on building skills with parents, teachers, and community members so that the child will achieve the greatest possible level of independence and community inclusionServices:- Evaluation for autism- Social skills treatment groups- Outpatient therapy- Psychiatric medication management for children and adolescents- Applied behavioral analysis (ABA)- Intensive Behavioral Health Services (IBHS)- Blended Case Management- Parent Support GroupsWe accept Medicaid for these services."""""""
4106,"""Monday from 08:00 to 17:30"""
4107,"""Friday from 08:00 to 17:30"""
4108,"""Thursday from 08:00 to 17:30"""
4109,"""Wednesday from 08:00 to 17:30"""
4110,"""Tuesday from 08:00 to 17:30"""
4111,"Community Integrated Recovery Center CIRC at Packer (Citizens Acting Together Can Help, Inc.)"
4112,"""Community Integrated Recovery Center CIRC at Packer (Citizens Acting Together Can Help, Inc.)_5687081289646080"""
4113,"""Community Integrated Recovery Center CIRC at Packer (Citizens Acting Together Can Help, Inc.)"""
4114,"AB-Community Integrated Recovery Center CIRC at Packer (Citizens Acting Together Can Help, Inc.)"
4115,"P-Community Integrated Recovery Center CIRC at Packer (Citizens Acting Together Can Help, Inc.)"
4116,Philadelphia Vet Center NE (U.S. Department of Veterans Affairs)
4117,40.0370692
4118,"""Philadelphia Vet Center NE (U.S. Department of Veterans Affairs)_6197440190349312"""
4119,"""Philadelphia Vet Center NE (U.S. Department of Veterans Affairs)"""
4120,"""101 East Olney Avenue, Philadelphia, PA 19120"""
4121,AB-Philadelphia Vet Center NE (U.S. Department of Veterans Affairs)
4122,P-Philadelphia Vet Center NE (U.S. Department of Veterans Affairs)
4123,"""tel:+1-215-924-4670"""
4124,"""Vet Centers across the country provide a broad range of counseling, outreach, and referral services to combat Veterans and their families. Readjustment counseling is a wide range of psychosocial services offered to eligible Veterans, service members, and their families in the effort to make a successful transition from military to civilian life. Services include:- Individual and group counseling for veterans, service members, and their families- Family counseling for military related issues- Bereavement counseling for families who experience an active duty death- Military sexual trauma counseling and referrals- Substance abuse assessment and referrals- Employment assessment & referrals- VBA benefits explanation and referrals- Screening & referral for medical issues including TBI, depression, etc.If you, or a family member, served in any combat zone and received a military campaign ribbon (Vietnam, Southwest Asia, OEF, OIF, etc.) then both you and your family are eligible for Vet Center services.All services are free of cost and are strictly confidential."""
4125,"""This program serves veterans and their families."""
4126,Phone Counseling (Women In Transition)
4127,39.952472
4128,"""https://www.facebook.com/Women-In-Transition-168983453161507/"""
4129,"""Phone Counseling (Women In Transition)_4832596328972288"""
4130,"""Phone Counseling (Women In Transition)"""
4131,"""718 Arch Street, Suite 401N, Philadelphia, PA, United States, Pennsylvania"""
4132,AB-Phone Counseling (Women In Transition)
4133,P-Phone Counseling (Women In Transition)
4134,"""Women in Transition offers phone counseling for women in need of support and to talk through what's going on in their life. They also welcome calls from family members, friends, and third-­party professionals who are concerned about someone in their lives who may be experiencing abuse. This program provides:- Supportive counseling- Resource referrals- Safety planning- Advocacy- Information about domestic violence and/or substance abuseLifeLine counselors are trained, trauma-informed staff and volunteers available to speak to you Monday to Friday, from 9 a.m. to 5 p.m."""
4135,"""This program serves women going through domestic violence and or substance abuse."""
4136,Hospice and Palliative care (Maplewood Nursing & Rehabilitation Center)
4137,40.0326252
4138,EndOfLifeCare
4139,Hospice
4140,FacingEndOfLife
4141,"""Hospice and Palliative care (Maplewood Nursing & Rehabilitation Center)_5217369276022784"""
4142,"""Hospice and Palliative care (Maplewood Nursing & Rehabilitation Center)"""
4143,"""125 West School House Lane, Philadelphia, PA 19144"""
4144,AB-Hospice and Palliative care (Maplewood Nursing & Rehabilitation Center)
4145,P-Hospice and Palliative care (Maplewood Nursing & Rehabilitation Center)
4146,"""tel:+1-215-844-8806"""
4147,"""Maplewood Nursing & Rehabilitation Center’s hospice care is designed to support patients and their loved ones during the final phase of terminal illness. Our services focus on  comfort and quality of life, enabling patients to live each day as alert,  pain-free, and fully as possible.Services include:- End-of-life CareMaplewood Nursing & Rehabilitation Center accepts Medicare & Medicaid."""
4148,"Crossroads Treatment Center of Philadelphia N. Broad Street (ARS Treatment Centers, P.C.)"
4149,"""Crossroads Treatment Center of Philadelphia N. Broad Street (ARS Treatment Centers, P.C.)_5823788208750592"""
4150,"""Crossroads Treatment Center of Philadelphia N. Broad Street (ARS Treatment Centers, P.C.)"""
4151,"AB-Crossroads Treatment Center of Philadelphia N. Broad Street (ARS Treatment Centers, P.C.)"
4152,"P-Crossroads Treatment Center of Philadelphia N. Broad Street (ARS Treatment Centers, P.C.)"
4153,"""tel:+1-877-848-9810"""
4154,"""Friday from 10:00 to 15:00"""
4155,Women's Trauma Unit (Fairmount Behavioral Health System)
4156,"""Women's Trauma Unit (Fairmount Behavioral Health System)_4789735063814144"""
4157,"""Women's Trauma Unit (Fairmount Behavioral Health System)"""
4158,AB-Women's Trauma Unit (Fairmount Behavioral Health System)
4159,P-Women's Trauma Unit (Fairmount Behavioral Health System)
4160,"""The Women's Trauma Unit is a gender-specific unit designed for women who have a history of trauma, abuse or other sensitive issues including unhealthy relationships, grief and self-harm. Treatment on this unit is trauma-informed, recovery-oriented and provides women with a secure place in which to heal.This program provides:- Mental health careThe specialized group therapy curriculum was developed using well-researched treatment models and is designed to teach women a variety of skills to help manage a range of psychiatric and trauma-related symptoms. These skills include mindfulness, distress tolerance, emotion regulation and interpersonal effectiveness. In addition to learning therapeutic skills, they teach women about the nature of traumatic experiences and their effect on mental health and wellness. In a group setting, women have the opportunity to bond and learn from one another.Fairmount Behavioral Health System hope to provide a structured environment in which women feel supported and can build the trust necessary to address difficult experiences and problematic behaviors. Women tell they leave treatment with new skills and a sense of stability, better equipped to face life’s daily challenges and continue their journey of recovery.Fairmount Behavioral Health System accept Medical Assistance PA and NJ (must be under 20) as well as Medicare for the services."""
4161,"""This program helps women.', 'Must have Medicare or Medical Assistance."""
4162,Behavioral Health Services (APM)
4163,"""Behavioral Health Services (APM)_6715666236178432"""
4164,"""Behavioral Health Services (APM)"""
4165,AB-Behavioral Health Services (APM)
4166,P-Behavioral Health Services (APM)
4167,Greater Philadelphia Association For Recovery Education (Greater Philadelphia Association For Recovery Education)
4168,40.0264394
4169,"""Greater Philadelphia Association For Recovery Education (Greater Philadelphia Association For Recovery Education)_5753645203193856"""
4170,"""Greater Philadelphia Association For Recovery Education (Greater Philadelphia Association For Recovery Education)"""
4171,"""4101 Freeland Avenue , Philadelphia, PA 19128"""
4172,AB-Greater Philadelphia Association For Recovery Education (Greater Philadelphia Association For Recovery Education)
4173,P-Greater Philadelphia Association For Recovery Education (Greater Philadelphia Association For Recovery Education)
4174,"""tel:+1-267-437-2194"""
4175,"""Greater Philadelphia Association For Recovery Education offers a strong academic program to high school students who are in grades 9 - 12 in recovery allowing them to focus on learning and providing a community that requires and supports sobriety.This program provides:- High school credits for all core subjects necessary for graduation- Placement services for transfer, college or employment- Daily group meetings- Learning support services for educational needs- On-site guidance and crisis counseling- Referral services for long-term counseling and/or treatment"""
4176,"""This program serves students in grades 9 through 12."""
4177,"Counseling Services (Antonia Cianfrani, MA, ATR-BC, LPC)"
4178,"""Counseling Services (Antonia Cianfrani, MA, ATR-BC, LPC)_5203429905530880"""
4179,"""Counseling Services (Antonia Cianfrani, MA, ATR-BC, LPC)"""
4180,"""1901 South 9th Street, Philadelphia, PA 19146"""
4181,"AB-Counseling Services (Antonia Cianfrani, MA, ATR-BC, LPC)"
4182,"P-Counseling Services (Antonia Cianfrani, MA, ATR-BC, LPC)"
4183,"""Antonia Cianfrani Counseling Services help people learn how to deal more effectively with situations in their lives such as depression, addiction and substance abuse, stress, problems with self- esteem, grief, issues related to mental and emotional health, and relational problems.This program provides:- Individual Counseling- Group Therapy- Child and Adolescent Counseling- Art TherapyThis program offers sliding scale rates to low-income individuals and has specific times of the day to see such clients. Please email or use their website to contact for more information."""
4184,Philadelphia Senior Centers (NewCourtland Network)
4185,40.002007
4186,"""https://www.facebook.com/NewCourtland/"""
4187,"""Philadelphia Senior Centers (NewCourtland Network)_6742937877348352"""
4188,"""Philadelphia Senior Centers (NewCourtland Network)"""
4189,"""1900 West Allegheny Avenue, Philadelphia, PA 19132"""
4190,AB-Philadelphia Senior Centers (NewCourtland Network)
4191,P-Philadelphia Senior Centers (NewCourtland Network)
4192,"""tel:+1-215-546-5879"""
4193,"""tel:+1-267-286-1455"""
4194,"""NewCourtland Philadelphia Senior Centers provides recreation, group meals, health & wellness education and other supportive services for adults 55 and older.Services can include:- Health Care- Transportation- Nutritional Support- Mental Health Care- Meals- Recreation"""
4195,"""This program helps people who are older than 54 years old."""
4196,Supportive Services for Veteran Families SSVF (Veterans Multi-Service Center VMC)
4197,39.9546111
4198,"""https://www.twitter.com/@VM_Center"""
4199,"""https://www.facebook.com/VeteranCenter"""
4200,"""Supportive Services for Veteran Families SSVF (Veterans Multi-Service Center VMC)_6585237107638272"""
4201,"""Supportive Services for Veteran Families SSVF (Veterans Multi-Service Center VMC)"""
4202,"""This program covers residents of the following counties: Atlantic County, NJ, Burlington County, NJ, Camden County, NJ, Cape May County, NJ, Cumberland County, NJ, Gloucester County, NJ, Salem County, NJ, Kent County, DE, New Castle County, DE, Sussex County, DE, Berks County, PA, Bucks County, PA, Cameron County, PA, Centre County, PA, Chester County, PA, Clinton County, PA, Dauphin County, PA, Delaware County, PA, Franklin County, PA, Fulton County, PA, Juniata County, PA, Lancaster County, PA, Lebanon County, PA, Lycoming County, PA, Mifflin County, PA, Montgomery County, PA, Northumberland County, PA, Philadelphia County, PA, Potter County, PA, Schuylkill County, PA, Snyder County, PA, Tioga County, PA and Union County, PA."""
4203,"""213 North 4th Street, Philadelphia, PA 19106"""
4204,AB-Supportive Services for Veteran Families SSVF (Veterans Multi-Service Center VMC)
4205,P-Supportive Services for Veteran Families SSVF (Veterans Multi-Service Center VMC)
4206,"""tel:+1-215-923-2600"""
4207,"""The Supportive Services for Veteran Families (SSVF) program provides comprehensive supportive services to low-income Veterans and their families who are currently experiencing homelessness or are at-risk of losing their leased homes.This program provides:  - Case management- Housing counseling- Legal support- Temporary financial assistance- Time-limited financial assistance for rent, utilities and security depositsThere are no costs to access programs and VMC may be able to help you obtain the documents you need to apply."""
4208,"""Serves very low income Veterans and their families."""
4209,Multiple Pathways (The School District of Philadelphia)
4210,39.9607252
4211,"""https://www.facebook.com/PhillySchools/"""
4212,"""https://www.twitter.com/@PHLschools"""
4213,"""Multiple Pathways (The School District of Philadelphia)_6157996095438848"""
4214,"""Multiple Pathways (The School District of Philadelphia)"""
4215,"""440 North Broad Street, Philadelphia, PA 19130"""
4216,AB-Multiple Pathways (The School District of Philadelphia)
4217,P-Multiple Pathways (The School District of Philadelphia)
4218,"""tel:+1-215-400-4000"""
4219,"""The Multiple Pathways program was designed to help individuals obtain their high school diploma or GED.Services provided include:- Counseling- Placement services- Access to information leading to achievement of a high school diploma or GEDIf you’re interested in the Multiple Pathways options, the Re-Engagement Center should be your first stop. Please feel free to call or visit the Re-Engagement Center during business hours, an appointment is not necessary."""
4220,"""Tuesday from 09:00 to 15:00"""
4221,"""Wednesday from 09:00 to 15:00"""
4222,"""Thursday from 09:00 to 15:00"""
4223,"""Monday from 09:00 to 15:00"""
4224,"""Must reside in The School District of Philadelphia area."""
4225,Pregnancy Testing and Services (Spectrum Health Services)
4226,39.9654626
4227,PregnancyTests
4228,Fertility
4229,"""Pregnancy Testing and Services (Spectrum Health Services)_5689553929895936"""
4230,"""Pregnancy Testing and Services (Spectrum Health Services)"""
4231,"""5201 Haverford Avenue, Philadelphia, PA 19139"""
4232,AB-Pregnancy Testing and Services (Spectrum Health Services)
4233,P-Pregnancy Testing and Services (Spectrum Health Services)
4234,"""Spectrum Health Services offers pregnancy tests, counseling, and other services related to pregnancy options, fertility, prenatal care, and pregnancy loss to women in Pennsylvania County.Services include but are not limited to:- Pregnancy testing- Adoption referrals- Fertility awareness education- Pregnancy planning services- Prenatal services- Postpartum exams-Trained staff to discuss options if you are pregnant- Trained staff to talk with you about early pregnancy loss (miscarriage)SHS offers access to quality health care for patients who do not have insurance or do not have enough insurance through a sliding fee discount program, with discounts available based on your current family size and income. Patients insured by Medicare are eligible for Sliding Fee Discounts to their copayments and deductibles.Please visit our website for a list of documents to bring to your appointment.Our locations do not offer walk-in service at this time, call for Telehealth appointment"""
4235,Good Shepherd (Catholic Social Services of the Archdiocese of Philadelphia - Saint John's Hospice)
4236,39.9561156
4237,"""https://www.facebook.com/saintjohnshospice"""
4238,"""https://www.twitter.com/@saintjohnshosp"""
4239,"""Good Shepherd (Catholic Social Services of the Archdiocese of Philadelphia - Saint John's Hospice)_5922109384294400"""
4240,"""Good Shepherd (Catholic Social Services of the Archdiocese of Philadelphia - Saint John's Hospice)"""
4241,"""1221 Race St, Philadelphia, PA 19107"""
4242,AB-Good Shepherd (Catholic Social Services of the Archdiocese of Philadelphia - Saint John's Hospice)
4243,P-Good Shepherd (Catholic Social Services of the Archdiocese of Philadelphia - Saint John's Hospice)
4244,"""tel:+1-215-563-7763"""
4245,"""Good Shepherd provides a drug and alcohol-free, 12-bed residence for medically fragile, homeless men. The Good Shepherd Program focuses on transition from homeless to independent living, while also working with its clients to manage their specific healthcare needs.This program provides:- Short-Term Housing- Case Management- Counseling"""
4246,"""This program serves medically fragile, homeless men."""
4247,Behavioral Health Services (La Puerta Abierta LPA)
4248,39.9305946
4249,"""https://www.facebook.com/icfamwell/"""
4250,"""Behavioral Health Services (La Puerta Abierta LPA)_5476463106326528"""
4251,"""Behavioral Health Services (La Puerta Abierta LPA)"""
4252,"""1700 Fernon Street, Philadelphia, PA 19145"""
4253,AB-Behavioral Health Services (La Puerta Abierta LPA)
4254,P-Behavioral Health Services (La Puerta Abierta LPA)
4255,"""tel:+1-610-745-1952"""
4256,"""La Puerta Abierta (LPA) believes that all individuals have the right to seek and work on emotional grounding to improve their overall functioning and to instill healing and hope for themselves and their significant relationships. Bilingual volunteer clinicians focus on the strength and resource that each individual brings into counseling as the process of healing begins. Our services include:- Family Counseling- Individual Counseling- Group TherapyLa Puera Abierta provides services free of charge to those in need."""
4257,FamilyBased Mental Health Services (WES Health System)
4258,"""FamilyBased Mental Health Services (WES Health System)_5689617321033728"""
4259,"""FamilyBased Mental Health Services (WES Health System)"""
4260,AB-FamilyBased Mental Health Services (WES Health System)
4261,P-FamilyBased Mental Health Services (WES Health System)
4262,VA Social Work Services (Department Of Veterans Affairs VA - Veterans Health Administration VHA)
4263,Hospitalized
4264,"""https://www.twitter.com/@VeteransHealth"""
4265,"""VA Social Work Services (Department Of Veterans Affairs VA - Veterans Health Administration VHA)_5083103056625664"""
4266,"""VA Social Work Services (Department Of Veterans Affairs VA - Veterans Health Administration VHA)"""
4267,AB-VA Social Work Services (Department Of Veterans Affairs VA - Veterans Health Administration VHA)
4268,P-VA Social Work Services (Department Of Veterans Affairs VA - Veterans Health Administration VHA)
4269,"""tel:+1-800-949-1001"""
4270,"""The VA's Social Work Services provide support to service members, veterans, and their families in need of assistance. The trained staff are here to help you and your family with a wide variety of issues and any questions you may have.This program provides:- Assessment to develop treatment plans- Crisis intervention and counseling- High-risk screening- Discharge planning- Case management - Advocacy- Education on the Veteran system- Psychotherapy (individual, group, and family)If any of these situations apply to you or your family, ask to see the social worker at your VA Medical Center. You must be enrolled in VA Healthcare Benefits to receive these services."""
4271,"""Need to enroll with VHA. Veteran will need DD214 for enrollment.', 'Must have served in the active military, naval or air service and are separated under any condition other than dishonorable.', 'Current and former members of the Reserves or National Guard who were called to active duty (other than for training only) by a federal order and completed the full period for which they were called or ordered to active duty may be eligible for VA health care as well.', 'This program serves veterans, their families and caregivers."""
4272,Family Stress and Illness Program FSIP (Children’s Hospital of Philadelphia)
4273,39.9557137
4274,"""Family Stress and Illness Program FSIP (Children’s Hospital of Philadelphia)_4792983871553536"""
4275,"""Family Stress and Illness Program FSIP (Children’s Hospital of Philadelphia)"""
4276,AB-Family Stress and Illness Program FSIP (Children’s Hospital of Philadelphia)
4277,P-Family Stress and Illness Program FSIP (Children’s Hospital of Philadelphia)
4278,"""Our FSIP team provides individual and family therapy for children and adolescents ages 3 to 18 with acute or chronic illness. Our goal is to optimize your child’s care and health outcomes and family adjustment.To develop a customized plan for your family, our experts will:  - Meet with your family to better understand your needs and concerns- Consult with your child’s doctor(s) to assess existing and potential challenges in the management of your child’s illness- Provide counseling that supports your family as you move forward with implementing changesCHOP accepts Medicare and Medical Assistance (Medicaid) of New Jersey and Pennsylvania. Financial Assistance is also available to families with health insurance to help them pay for healthcare bills not covered by insurance, or to help uninsured families pay for services."""
4279,"""This program provides services for children and adolescents ages 3 to 18 with acute or chronic illness and their families."""
4280,Behavioral Health Rehabilitation Services BHRS (Bethanna)
4281,39.9376288
4282,"""Behavioral Health Rehabilitation Services BHRS (Bethanna)_6431843584049152"""
4283,"""Behavioral Health Rehabilitation Services BHRS (Bethanna)"""
4284,"""This program covers residents of the following counties: Allegheny County, PA, Bucks County, PA, Delaware County, PA, Montgomery County, PA and Philadelphia County, PA."""
4285,"""2147 Manton Street, Philadelphia, PA 19146"""
4286,AB-Behavioral Health Rehabilitation Services BHRS (Bethanna)
4287,P-Behavioral Health Rehabilitation Services BHRS (Bethanna)
4288,"""Behavioral Health Rehabilitative Services (BHRS), a community-based approach provided in Philadelphia, Bucks, Montgomery and Delaware Counties, helps children/youth and families develop the skills, capacity, confidence, and self-sufficiency needed to handle the challenges that life offers.Services include:- Comprehensive Evaluations by a Psychologist- Functional Behavioral Assessments- Licensed Behavioral Specialist Consultation to provide behavioral planning and intervention- Mobile Therapy to provide individual or family therapy- Therapeutic Support Services to provide 1:1 Modeling and Coaching- Connection with Medication Management Services- Transition to natural supports and other appropriate services as neededBHRS are provided in the home, school and/or community for those children and youth who need more support than outpatient services can offer to maintain stability in one or more life domain while also developing the natural supports needed to sustain the skills gained."""
4289,Recovery Housing Program (Public Health Management Corporation)
4290,AlternativeMedicine
4291,BeforeSchoolCare
4292,"""Recovery Housing Program (Public Health Management Corporation)_5484660293369856"""
4293,"""Recovery Housing Program (Public Health Management Corporation)"""
4294,AB-Recovery Housing Program (Public Health Management Corporation)
4295,P-Recovery Housing Program (Public Health Management Corporation)
4296,"""Recovery Housing Program is a residential treatment program for women with substance abuse and mental health disorders and their children.Our residential treatment program provides the following services:- Substance abuse treatment- Mental health treatment- Recreation activities- Spirituality groups- Anger and stress management classes- Yoga- Physical fitness- Nutrition Classes- Vocational Training- GED PreparationServices for children include an on-site clinical pre-school and after-school program. The program serves up to 20 pregnant and parenting women, and up to 45 children under the age of 12."""
4297,"""Children must be under the age of 12 to stay in the facility with their legal guardian.', 'Must be a woman 18 years of age or older, dependent on alcohol and/or other drugs or with a recent history of substance abuse and meet the American Society of Addiction Medicine (ASAM) criteria for the specific level of care you are requesting."""
4298,Outpatient Program (The Center for Autism)
4299,39.9999897
4300,"""https://www.twitter.com/@cfaphilly"""
4301,"""https://www.facebook.com/cfaphilly"""
4302,"""Outpatient Program (The Center for Autism)_5156015441969152"""
4303,"""Outpatient Program (The Center for Autism)"""
4304,"""3905 Ford Road, Philadelphia, PA 19131"""
4305,AB-Outpatient Program (The Center for Autism)
4306,P-Outpatient Program (The Center for Autism)
4307,"""tel:+1-215-878-3400"""
4308,"""The Outpatient Program provides therapy for individuals with autism and their family. Sessions are typically scheduled weekly and aim to address each individual's developmental needs and build upon strengths. Services include:- One-on-one therapy- Small group therapy sessions for familiesWe accept Medical Assistance and Medicare."""
4309,Social Services Program (Salvation Army Eastern Pennsylvania & Delaware)
4310,39.9610016
4311,"""Social Services Program (Salvation Army Eastern Pennsylvania & Delaware)_4620877509427200"""
4312,"""Social Services Program (Salvation Army Eastern Pennsylvania & Delaware)"""
4313,"""Social Services Program (Salvation Army Eastern Pennsylvania and Delaware)"""
4314,"""This program covers residents of the following cities: Dover, DE, Seaford, DE, Wilmington, DE, Allentown, PA, Berwick, PA, Bethlehem, PA, Boyertown, PA, Carlisle, PA, Chambersburg, PA, Chester, PA, Coal Township, PA, Coatesville, PA, Darby, PA, East Stroudsburg, PA, Easton, PA, Harrisburg, PA, Hazleton, PA, Lancaster, PA, Lebanon, PA, Levittown, PA, Lewistown, PA, Lock Haven, PA, Milton, PA, Norristown, PA, Pen Argyl, PA, Philadelphia, PA, Pottstown, PA, Pottsville, PA, Reading, PA, Scranton, PA, State College, PA, Sunbury, PA, Tamaqua, PA, West Chester, PA, Wilkes Barre, PA, Williamsport, PA and York, PA."""
4315,"""5501 Market Street, Philadelphia, PA 19139"""
4316,AB-Social Services Program (Salvation Army Eastern Pennsylvania & Delaware)
4317,P-Social Services Program (Salvation Army Eastern Pennsylvania & Delaware)
4318,"""tel:+1-215-474-1010"""
4319,"""Salvation Army Eastern Pennsylvania & Delaware social workers provide social services to meet the needs of the community. This program provides:- Access to nutritious food- Counseling Services- Financial Education- Spiritual Support- Referrals- Help find work- Resume Building- Interview skills- Job placement- Toys & Gifts (Holiday season)- Clothing (all ages)- Men's and women's support groupsServices offered may change depending on location. Please contact the nearest office for more information."""
4320,"""Sunday from 09:00 to 16:00"""
4321,"""This program serves residents of Pennsylvania."""
4322,Adult Behavioral Health Services (University of Pennsylvania Perelman School of Medicine)
4323,"""Adult Behavioral Health Services (University of Pennsylvania Perelman School of Medicine)_4967396137893888"""
4324,"""Adult Behavioral Health Services (University of Pennsylvania Perelman School of Medicine)"""
4325,AB-Adult Behavioral Health Services (University of Pennsylvania Perelman School of Medicine)
4326,P-Adult Behavioral Health Services (University of Pennsylvania Perelman School of Medicine)
4327,"""Hall-Mercer Community Mental Health Center offers a variety of adult behavioral health services to meet the needs of the community.This program provides:- Intake & Continuity of Care Cervices- Blended Case Management- ACCESS Intensive Case Management- Prevention & Recovery Services (PARS-RC)- Homeless Outreach Services"""
4328,"""This program serves adults (18+)."""
4329,GrandFamily Resource Center (Connectedly)
4330,40.0222463
4331,"""19127"""
4332,"""GrandFamily Resource Center (Connectedly)_5833492055982080"""
4333,"""GrandFamily Resource Center (Connectedly)"""
4334,"""4100 Main Street, Philadelphia, PA 19127"""
4335,AB-GrandFamily Resource Center (Connectedly)
4336,P-GrandFamily Resource Center (Connectedly)
4337,19127
4338,"""tel:+1-215-487-3000"""
4339,"""""""Connectedly offers a resource center to help grandparents raise their grandchildren and strive towards a stable home life. A variety of services are provided that ensure school enrollment, health care, and the well-being of the grandparentsThis program provides:- Individual counseling- Group counseling- Information and referral- Parenting education-Case Management- Peer mentorship- Advocacy"""""""
4340,"""Must be a resident of Philadelphia.', 'This program serves grandparents who have become caregivers of their grandchildren."""
