Service_Name,Service_URL,Main_Services,Other_Services,Serving,Phone_Number,Website,Location_Address,Location_URL_Map,Eligibility,Availability,Description,Languages,Cost,Google_Review,Facebook_URL,Twitter_URL,Coverage,Latitude,Longitude,Zipcode,24hour,Monday,Tuesday,Wednesday,Thursday,Friday,Saturday,Sunday,Google_Rating,Service_type
Free Food for the People (The West Philly Bunny Hop),https://www.auntbertha.com//the-west-philly-bunny-hop--yeadon-pa--free-food-for-the-people/6566876511207424?postal=19125,"['emergency food', 'food pantry']","['emergency food', 'food pantry']","['anyone in need', 'all ages', 'individuals', 'families']",484-238-0437,https://www.bunnyhopphl.com/events,"6250 Baltimore Avenue West Philadelphia Philadelphia Lower Merion Township, PA 19050","https://www.google.com/maps/place/The+West+Philly+Bunny+Hop/@39.9420674,-75.2498131,17z/data=!3m1!4b1!4m6!3m5!1s0x89c6c6b2d096eddb:0x7e432ec0671a1e7f!8m2!3d39.9420674!4d-75.2472382!16s%2Fg%2F11kptf2n4m?entry=ttu",['Anyone can access this program.'],available,"The West Philly Bunny Hop distributes food to anyone in need at walk-up sites in Philadelphia. This program provides:- Food to meet basic nutritional needs Walk-up sites are first come, first serve.",['English'],Free,No,https://www.facebook.com/bunnyhopphl/,None,"This program covers residents of the following cities: Philadelphia, PA.",39.9420674,-75.2498131,19050,No,8:00AM - 5:00PM,8:00AM - 5:00PM,8:00AM - 5:00PM,8:00AM - 5:00PM,8:00AM - 5:00PM,Closed,Closed,0,Food
Food Pantry (The Salvation Army of Greater Philadelphia),https://www.auntbertha.com//the-salvation-army-of-greater-philadelphia--philadelphia-pa--food-pantry/5312579722018816?postal=19134,['emergency food'],['emergency food'],"['all ages', 'individuals', 'families']",570-421-3050,https://easternusa.salvationarmy.org/eastern-pennsylvania/alleviate-hunger/,"1340 Brown Street, Philadelphia, PA 19123","https://www.google.com/maps/?q=1340+Brown+Street,+Philadelphia,+PA+19123/",['Must live within our service area.'],available,The Salvation Army provides food supplies to individuals and families in need of assistance. This program provides:- Food to meet basic nutritional needs You must be registered for the food pantry 2 weeks prior.,['English'],Free,No,https://www.facebook.com/SalvationArmyPhiladelphia,https://www.twitter.com/@SalArmyPhilly,"This program covers residents of the following cities: Philadelphia, PA.",39.9677192,-75.159372,19123,No,7:00AM - 4:00PM,7:00AM - 4:00PM,7:00AM - 4:00PM,7:00AM - 4:00PM,Closed,Closed,Closed,0,Food
Food Distribution (The Greater Philadelphia Community Alliance),https://www.auntbertha.com//the-greater-philadelphia-community-alliance--philadelphia-pa--food-distribution/5802794918608896?postal=19134,"['emergency food', 'food pantry']","['emergency food', 'food pantry']","['anyone in need', 'all ages', 'low-income']",215-468-1645,https://gpca-phila.org/,"2029 South 8th Street, Philadelphia, PA 19148","https://www.google.com/maps/?q=2029+South+8th+Street,+Philadelphia,+PA+19148/",[Follow the Next Steps to find out if this program has eligibility criteria.],available,"We are currently signing up seniors who are 60 years+ for FREE SENIOR FOOD BOXES from our Houston Center location - 2029 S 8th St. Please reach out to us to sign up!

Houston Center 
2029 S 8th St 
215-468-1645

SOUTH PHILLY FOOD DISTRIBUTION SITES 
SEAMAAC - 1711 S Broad St - Mondays and Tuesdays 10-2pm - 215-467-0690

South Philadelphia High School - 2101 Broad St - Fridays 2-3:30pm - 215-847 -5154

Church of Pentecost - 2530 Wharton St - Wednesdays through Fridays 11am-2pm - 215-372-7307

Young Chances Foundation - 2703 Tasker St - Thursdays 11am-4pm - 267-585-2923

Mighty Writers El Futuro - 1025 S 9th St - Mondays through Fridays 11:30am-1pm - 215-602-0236

Macaroni Older Adult Program (60 or older must reserve ahead) - 2433 S 15th St - 215-765-9040

South Philly Older Adult Center (55 or older, no reservation necessary) - 1430 E Passyunk Ave - 215-685-1697

Philadelphia Senior Center Avenue of the Arts - 509 S Broad St (60 or older) - 509 S Broad St - 215-546-5879

St Edmonds Senior Community Center (60 or older) - 2130 S 21st St - 215-790-9530","['American Sign Language', 'English', 'Khmer', 'Spanish', 'Vietnamese']",Free,Yes,https://www.facebook.com/UCSEP,https://www.twitter.com/@UCPhilly,"This program covers residents of the following cities: Philadelphia, PA.",39.923234,-75.1595316,19148,No,8:30AM - 6:00PM,8:30AM - 6:00PM,8:30AM - 6:00PM,8:30AM - 6:00PM,8:30AM - 6:00PM,Closed,Closed,4.4,Food
Homeless Shelter (Stenton Family Manor),https://www.auntbertha.com//stenton-family-manor--philadelphia-pa--homeless-shelter/5186727883833344?postal=19114,['temporary shelter'],"['meals', 'personal hygiene']","['all ages', 'homeless']",215-685-2800,None,"1300 East Tulpehocken Street,  Philadelphia,  PA  19138","https://www.google.com/maps/?q=1300+East+Tulpehocken+Street,+Philadelphia,+PA+19138/","['For homeless individuals residing in the Philadelphia, PA area.']",available,Stenton Family Manor offers a homeless shelter to those in need of a place to stay.This program provides:- Temporary shelter Intake process is done at the Apple Tree Family Center.,"['English', 'Haitian']",Free,Yes,https://www.facebook.com/StentonFamilyManor,None,"This program covers residents of the following counties: Philadelphia County, PA.",40.0559837,-75.1647762,19119,No,9:00AM - 5:00PM,9:00AM - 5:00PM,9:00AM - 5:00PM,9:00AM - 5:00PM,9:00AM - 5:00PM,Closed,Closed,3.5,Food
Food Baskets (St. Barbara's Roman Catholic Church),https://www.auntbertha.com//st.-barbara%2527s-roman-catholic-church--philadelphia-pa--food-baskets/5175494499368960?postal=19125,['emergency food'],['emergency food'],"['anyone in need', 'all ages', 'individuals', 'families']",215-473-1044,https://stbarbphila.org/events/food-pantry-ph,"5359 Lebanon Avenue, Philadelphia, PA 19131","https://www.google.com/maps/?q=5359+Lebanon+Avenue,+Philadelphia,+PA+19131/",[Follow the Next Steps to find out if this program has eligibility criteria.],temporarily closed,"St. Barbara's Roman Catholic Church helps alleviate hunger in the community in an environment of respect, care and hospitality. This program provides:  - Food to meet basic nutritional needsPlease call for any updated information.",['English'],Free,Yes,https://www.facebook.com/Saint-Barbara-Church-Phila-327434157812615,https://www.twitter.com/@SaintBarbPhilly,"This program covers residents of the following cities: Philadelphia, PA.",39.9879752,-75.2314405,19131,No,Closed,9:00AM - 8:00PM,9:00AM - 8:00PM,9:00AM - 8:00PM,6:30PM - 8:00PM,12:00PM - 6:00PM,Closed,4.4,Food
Emergency Disaster Services (Salvation Army Eastern Pennsylvania and Delaware),https://www.auntbertha.com//salvation-army-eastern-pennsylvania-%2526-delaware--philadelphia-pa--emergency-disaster-services/5161629360586752?postal=19134,"['disaster response', 'emergency food', 'temporary shelter', 'clothing', 'spiritual support']","['disaster response', 'emergency food', 'temporary shelter', 'clothing', 'spiritual support']","['all ages', 'natural disaster survivors', 'emergency']",215-825-4631,https://easternusa.salvationarmy.org/eastern-pennsylvania/help-disaster-survivors/,"701 North Broad Street, Philadelphia, PA 19123","https://www.google.com/maps/?q=701+North+Broad+Street,+Philadelphia,+PA+19123/",[Follow the Next Steps to find out if this program has eligibility criteria.],available,"When disaster strikes, The Salvation Army is oftenAMong the first on the scene. In disaster relief operation, The Salvation Army's first aim is to meet the basic needs of those affected _ both survivors and first responders.This program provides:- Food- Disaster shelter- Financial assistance- Spiritual care- Emotional carePlease call this provider for more information.",['English'],Free,Yes,https://www.facebook.com/SalArmyEDS,https://www.twitter.com/@SalArmyEDS,"This program covers residents of the following counties: Adams County, PA, Berks County, PA, Bradford County, PA, Bucks County, PA, Carbon County, PA, Centre County, PA, Chester County, PA, Clinton County, PA, Columbia County, PA, Cumberland County, PA, Dauphin County, PA, Delaware County, PA, Franklin County, PA, Juniata County, PA, Lackawanna County, PA, Lancaster County, PA, Lebanon County, PA, Lehigh County, PA, Luzerne County, PA, Lycoming County, PA, Mifflin County, PA, Monroe County, PA, Montgomery County, PA, Montour County, PA, Northampton County, PA, Northumberland County, PA, Perry County, PA, Philadelphia County, PA, Pike County, PA, Potter County, PA, Schuylkill County, PA, Snyder County, PA, Sullivan County, PA, Susquehanna County, PA, Tioga County, PA, Union County, PA, Wayne County, PA, Wyoming County, PA and York County, PA.",39.9672863,-75.1599648,19123,No,8:00AM - 5:00PM,8:00AM - 5:00PM,8:00AM - 5:00PM,8:00AM - 5:00PM,8:00AM - 5:00PM,Closed,Closed,3.5,Food
Saint Helena Parish Food Cupboard (Saint Helena),https://www.auntbertha.com//saint-helena--philadelphia-pa--st.-helena-food-cupboard/5017006984921088?postal=19126,"['emergency food', 'food pantry']","['emergency food', 'food pantry']","['anyone in need', 'all ages', 'individuals', 'families']",267-900-5935,https://sainthelenaparish.net/act/food-cupboard/,"6161 North 5th Street, Philadelphia, PA 19120","https://www.google.com/maps/?q=6161+North+5th+Street,+Philadelphia,+PA+19120/","['Must live in postal code 19111, 19120 or 19126.']",available,The Saint Helena Food Bank provides critical food resources to those in need. The nutrition they supply is critical to individuals and families who may otherwise go hungry.This program provides:- Food to meet nutritional needs- Specially designed Senior BoxesClients can visit once per month. Please call us for more information.,['English'],Free,Yes,https://www.facebook.com/sainthelenaparish,None,"This program covers residents of the following postal codes: 19111, 19120 and 19126.",40.0453383,-75.128017,19120,No,9:00AM - 5:00PM,9:00AM - 5:00PM,9:00AM - 5:00PM,9:00AM - 5:00PM,9:00AM - 5:00PM,Closed,Closed,4.6,Food
Food Pantry (Rock Ministries of Philadelphia),https://www.auntbertha.com//rock-ministries-of-philadelphia--philadelphia-pa--food-pantry/5640139036164096?postal=19134,"['emergency food', 'food pantry', 'clothing', 'navigating the system', 'spiritual support']","['help find housing', 'addiction & recovery']","['anyone in need', 'all ages', 'individuals', 'families', 'homeless', 'substance dependency', 'alcohol dependency']",215-739-3927,https://www.therockphilly.org/,"2755 Kensington Avenue, Philadelphia, PA 19134","https://www.google.com/maps/?q=2755+Kensington+Avenue,+Philadelphia,+PA+19134/",['Anyone can access this program.'],available,"Rock Ministries of Philadelphia offers their food pantry and community outreach services to supply food, clothing, and resources to all people in need.This program provides:- Food distribution- Clothing- Help finding treatment options, such as detox- Help finding shelter- Faith based supportAnyone in need of emergency food or clothing can call to request assistance. Those in need of non-emergency food or clothing can visit the church after service on Sunday to sign up. After signing up, individuals can pick up the items on the following Wednesday.",['English'],Free,Yes,https://www.facebook.com/therockministry,None,"This program covers residents of the following cities: Philadelphia, PA.",39.9907975,-75.1232852,19124,No,8:00AM - 5:00PM,8:00AM - 5:00PM,8:00AM - 5:00PM,8:00AM - 5:00PM,8:00AM - 5:00PM,Closed,Closed,4.7,Food
Grab and Go Meals (Old Pine Community Center),https://www.auntbertha.com//old-pine-community-center-%2528opcc%2529--philadelphia-pa--grab-and-go-meals/5481658659373056?postal=19134,"['emergency food', 'food pantry']","['emergency food', 'food pantry']","['anyone in need', 'all ages', 'individuals', 'families']",215-627-2493,https://oldpinecommunitycenter.org/programs-services/#food,"401 Lombard Street, Philadelphia, PA 19147","https://www.google.com/maps/?q=401+Lombard+Street,+Philadelphia,+PA+19147/",['Anyone can access this service.'],available,The Old Pine Community Center provides Grab and Go Meals to those who need them. They supply critical nutrition to hungry individuals.This program provides:- Meals to meet basic nutritional needs,['English'],Free,Yes,https://www.facebook.com/OldPineCommunityCenter/,None,"This program covers residents of the following cities: Philadelphia, PA.",39.9430397,-75.1495234,19146,No,8:00AM - 5:00PM,8:00AM - 5:00PM,8:00AM - 5:00PM,8:00AM - 5:00PM,8:00AM - 5:00PM,Closed,Closed,4.6,Food
Food Cupboard (Neighbor to Neighbor Community Development Corporation Inc),https://www.auntbertha.com//neighbor-to-neighbor-community-development-corporation%252C-inc.--sharon-hill-pa--food-cupboard/5147295688687616?postal=19113,"['emergency food', 'food pantry']","['emergency food', 'food pantry']","['all ages', 'individuals', 'families', 'low-income']",610-461-8140,https://n2ncdc.org/programs-services.html,"814 Clifton Avenue, Sharon Hill, PA 19079","https://www.google.com/maps/?q=814+Clifton+Avenue,+Sharon+Hill,+PA+19079/",['This program serves Delaware County residents.'],available,"Neighbor to Neighbor's Food Cupboard, a food program, for Delaware County residents, delivers urgently needed food to low-income community residents. Each food package provides breakfast, lunch and dinner.This program provides:- Fresh vegetables & fruits- Dairy items- Eggs- Canned goods- Baked goods & pastries- Cereal- Poultry, fish, & meatWhen available, infant foods dietary supplements are distributed.Eligible households receive food packages one Thursday per month. Food packages may also be distributed on an emergency or one-time basis for any community household in need.In response to the COVID-19 pandemic, Neighbor to Neighbor Community Development Corporation, Inc. is no longer permitting non-essential staff inside of our building. When you arrive to utilize the food pantry. Please remain outside and a staff member will come to you.",['English'],Free,Yes,https://www.facebook.com/pages/category/Community-Organization/Neighbor-2-Neighbor-Darby-Twp-Sharon-Hill-1925119057550479/,None,"This program covers residents of the following counties: Delaware County, PA.",39.8999092,-75.2691693,19079,No,8:00AM - 5:00PM,8:00AM - 5:00PM,8:00AM - 5:00PM,8:00AM - 5:00PM,8:00AM - 5:00PM,Closed,Closed,4,Food
Jane Addams Place (Lutheran Settlement House),https://www.auntbertha.com//lutheran-settlement-house--philadelphia-pa--jane-addams-place/5730442313465856?postal=19114,"['temporary shelter', 'case management']","['health education', 'parenting education', 'medical care', 'mental health care', 'recreation', 'navigating the system', 'help find housing']","['all ages', 'female', 'families', 'with children', 'homeless', 'mothers']",215-387-2587,https://www.lutheransettlement.org/lsh-programs/housing-support/,"1007 West Lehigh Avenue,  Philadelphia, PA 19104","https://www.google.com/maps/?q=1007+West+Lehigh+Avenue,+Philadelphia,+PA+19104/",['Centralized Homeless Intake assessment of eligibility required.'],full,"Jane Addams Place clients are admitted through Centralized Homeless Intake Services operated by the Office of Supportive Housing at the Appletree Family Center at 1430 Cherry Street, 215-686-7150. You must go through central intake for an initial assessment of your housing needs before placement. If you are currently experiencing homelessness, please visit the intake center.",['English'],Free,Yes,https://www.facebook.com/pages/Lutheran-Settlement-House/152800584747421,https://www.twitter.com/@LSH1902,"This program covers residents of the following counties: Philadelphia County, PA.",39.9935476,-75.1482898,19133,Yes,0:00AM - 11:59PM,0:00AM - 11:59PM,0:00AM - 11:59PM,0:00AM - 11:59PM,0:00AM - 11:59PM,0:00AM - 11:59PM,0:00AM - 11:59PM,3.9,Food
KITHS Kitchen and Garden (KITHS),https://www.auntbertha.com//kiths--philadelphia-pa--kiths-kitchen-and-garden/5480325573640192?postal=19134,"['emergency food', 'food pantry', 'nutrition education', 'navigating the system']","['emergency food', 'food pantry', 'nutrition education', 'navigating the system']","['all ages', 'immigrants', 'refugees', 'individuals', 'families', 'asian']",215-278-6222,https://www.kithservices.org/kiths-kitchen-and-garden,"4923 Old York Road, Philadelphia, PA 19141","https://www.google.com/maps/?q=4923+Old+York+Road,+Philadelphia,+PA+19141/",[Follow the Next Steps to find out if this program has eligibility criteria.],available,"KITHS Kitchen provides a culturally affirming stock pantry, supplied with food items reflective of what Cambodian refugees and Southeast Asians normally consume, such as canned baby corn, rice, seafood-based staples that are reminiscent of cuisines from their native countries (e.g., fish sauce, oyster sauce, etc.).This program provides:- Food distribution- Nutrition education- Information about food access opportunities- Emergency pantryKITHS cannot guarantee services without an appointment. Please call for more information.",['English'],Free,Yes,https://www.facebook.com/kithsnonprofit/,None,"This program covers residents of the following counties: Philadelphia County, PA.",40.0280863,-75.1461026,19141,No,Closed,9:00AM - 8:00PM,9:00AM - 8:00PM,9:00AM - 8:00PM,6:30PM - 8:00PM,12:00PM - 6:00PM,Closed,5,Food
Food Distribution (Kingdom Life Christian Center),https://www.auntbertha.com//kingdom-life-christian-center--philadelphia-pa--food-distribution/6213025361821696?postal=19134,"['emergency food', 'food pantry']","['emergency food', 'food pantry']","['anyone in need', 'all ages', 'individuals', 'families']",267-343-5183,https://kingdomlifechristiancenter.snappages.site/20-years-of-harvest,"6325 Frankford Avenue, Philadelphia, PA 19135","https://www.google.com/maps/?q=6325+Frankford+Avenue,+Philadelphia,+PA+19135/",['Anyone can access this program.'],available,"Kingdom Life Christian Center provides food assistance to anyone in the community. We also provide diapers and formula, available while supplies last.This program provides:- Food to meet basic nutritional requirements Check website to see when the food distribution is offered as the times and dates are subject to change.",['English'],Free,Yes,https://www.facebook.com/Kingdom-Life-Christian-Center-NE-148467495247846/,None,"This program covers residents of the following cities: Philadelphia, PA.",40.0277668,-75.0588362,19149,No,8:00AM - 5:00PM,8:00AM - 5:00PM,8:00AM - 5:00PM,8:00AM - 5:00PM,8:00AM - 5:00PM,Closed,Closed,4.9,Food
Food Assistance and Relief (Jewish Relief Agency),https://www.auntbertha.com//jewish-relief-agency--philadelphia-pa--food-assistance-and-relief/4873770804707328?postal=19135,"['emergency food', 'food delivery', 'baby supplies', 'personal care items']","['emergency food', 'food delivery', 'baby supplies', 'personal care items']","['all ages', 'all disabilities', 'individuals', 'families', 'low-income', 'emergency']",610-660-0190,https://jewishrelief.org/request-services,"10980 Dutton Road, Philadelphia, PA 19154","https://www.google.com/maps/?q=10980+Dutton+Road,+Philadelphia,+PA+19154/",['This program helps people with income at or below 150% of federal poverty guidelines.\nMust live in one of the zip codes we service.'],available,"JRA delivers a 15 lbs. box of food monthly via a no-contact drop-off. This program provides:- A monthly supplemental box of kosher pantry staples and fresh produce (from October to April) delivered directly to your door by one of our friendly volunteers. (Knock, Drop, and Go). - A supplemental bag of kid-friendly food items for families with children ages 18 and under. - Donated household items, toiletries, kids' apparel (through a partnership with Cradles to Crayons) diapers and adult incontinence supplies (through a partnership with The Greater Philadelphia Diaper Bank).Some exceptions may apply. For questions, information, or to request services please contact us at (610) 660-0190 or gethelp@jewishrelief.org.","['English', 'Hebrew', 'Russian', 'Spanish']",Free,Yes,https://www.facebook.com/JewishReliefAgency/,https://www.twitter.com/@Jewish_Relief,"This program covers residents of the following postal codes: 18940, 18954, 18966, 18974, 19001, 19002, 19003, 19004, 19006, 19007, 19008, 19010, 19012, 19016, 19018, 19020, 19026, 19027, 19030, 19038, 19040, 19041, 19044, 19046, 19047, 19050, 19053, 19054, 19056, 19057, 19063, 19064, 19066, 19067, 19072, 19082, 19083, 19085, 19087, 19090, 19096, 19102, 19103, 19104, 19107, 19109, 19111, 19114, 19115, 19116, 19118, 19119, 19120, 19123, 19124, 19125, 19126, 19128, 19129, 19130, 19131, 19135, 19136, 19137, 19138, 19143, 19144, 19146, 19147, 19148, 19149, 19150, 19151, 19152, 19154, 19401, 19403, 19406, 19422, 19428, 19438, 19454, 19460 and 19462.",40.0913701,-74.9877659,19154,No,8:00AM - 5:00PM,8:00AM - 5:00PM,8:00AM - 5:00PM,8:00AM - 5:00PM,8:00AM - 5:00PM,Closed,Closed,4.7,Food
Our Closet in Your Neighborhood (Jewish Family and Children's Service of Greater Philadelphia),https://www.auntbertha.com//jewish-family-and-children%2527s-service-of-greater-philadelphia-%2528jfcs%2529--philadelphia-pa--our-closet-in-your-neighborhood-%2528ociyn%2529/5062487914577920?postal=19134,"['emergency food', 'food pantry', 'help find housing', 'housing advice', 'clothing', 'navigating the system']","['emergency food', 'food pantry', 'help find housing', 'housing advice', 'clothing', 'navigating the system']","['anyone in need', 'all ages', 'individuals', 'families']",267-256-2179,https://jfcsphilly.org/our-closet-in-your-neighborhood/,"601 East Indiana Avenue, Philadelphia, PA 19134","https://www.google.com/maps/?q=601+East+Indiana+Avenue,+Philadelphia,+PA+19134/",['Anyone can access this program.'],available,"Our Closet In Your Neighborhood (OCIYN) is a free mobile program that provides basic necessities of food and clothing, as well as access to services and benefits, to families and individuals in need. The bus visits host sites in under-resourced neighborhoods and central locations with fresh, healthy produce and pantry staples, a mini pop-up clothing shop, and an onsite social worker. 

This program provides: 

- Food
- Clothing
- Navigation services

Visitors receive fresh, locally-sourced produce and pantry staples and are welcome to shop for 10 free, quality items of clothing, shoes, and accessories per person (with a limit of 25 total per family to allow for all to receive what they need). A JFCS social worker is present at every OCIYN event to connect those in need to additional services and benefits for which they may be eligible.

OCIYN also provides customized packages of emergency clothing delivered straight to those in need, as well as food package delivery to homebound clients. 

To learn more about these services or upcoming pop-up events, contact 267-256-2179 or [email_protected].",['English'],Free,Yes,https://www.facebook.com/OurClosetIYN/,https://www.twitter.com/@OurClosetIYN,"This program covers residents of the following cities: Philadelphia, PA.",39.9948061,-75.1189178,19134,No,8:00AM - 5:00PM,8:00AM - 5:00PM,8:00AM - 5:00PM,8:00AM - 5:00PM,8:00AM - 5:00PM,Closed,Closed,3,Food
Social Services -Basic Needs Assistance (Helping Hands Ministry Inc),https://www.auntbertha.com//helping-hands-ministry%252C-inc.--philadelphia-pa--social-services---basic-needs-assistance/6453846037626880?postal=19135,"['emergency food', 'home goods', 'personal care items', 'toys & gifts']","['emergency food', 'home goods', 'personal care items', 'toys & gifts']","['seniors', 'individuals', 'families', 'low-income', 'in crisis']",267-595-9000,https://www.helpinghandsministryinc.com/how-can-we-serve-you,"5926 Webster Street, Philadelphia, PA 19143","https://www.google.com/maps/?q=5926+Webster+Street,+Philadelphia,+PA+19143/",['This program helps people who are older than 59 years old.'],available,"Helping Hands Ministry, Inc. assists with basic needs for seniors aged sixty or older through their Social Services offering.This program provides:- Personal care items- Non-essential household items- Holiday/birthday gift bags- Emergency foodSeniors in need of these Social Services from Helping Hands Ministry, Inc. can reach out via their online contact form to request assistance.",['English'],Free,Yes,None,None,"This program covers residents of the following counties: Philadelphia County, PA.",39.9498348,-75.2421164,19143,No,8:30AM - 3:30PM,8:30AM - 3:30PM,8:30AM - 3:30PM,8:30AM - 3:30PM,8:30AM - 3:30PM,Closed,Closed,5,Food
Food Pantry (Episcopal Community Services),https://www.auntbertha.com//episcopal-community-services-%2528ecs%2529--philadelphia-pa--food-pantry/5643194546257920?postal=19125,"['emergency food', 'food pantry']","['emergency food', 'food pantry']","['anyone in need', 'all ages', 'individuals', 'families']",215-528-5400,https://www.ecsphilly.org/st-barnabas/,"6006 West Girard Avenue, Philadelphia, PA 19151","https://www.google.com/maps/?q=6006+West+Girard+Avenue,+Philadelphia,+PA+19151/",['Must reside in the Carroll Park West Philadelphia neighborhood.'],available,"Episcopal Community Services (ECS) offers a open choice food pantry to families and individuals who simply have fallen on hard times or recently unemployed and need assistance to make ends meet. Families receive bags of dry, canned, and jarred goods.This program provides:- Food to meet basic nutritional needsBecause supplies are limited, families can utilize the cupboard only once per month.",['English'],Free,Yes,https://www.facebook.com/ECSPhilly/,https://www.twitter.com/@ECSPhilly,"This program covers residents of the following cities: Philadelphia, PA.",39.9696013,-75.23993,19151,No,8:00AM - 5:00PM,8:00AM - 5:00PM,8:00AM - 5:00PM,8:00AM - 5:00PM,8:00AM - 5:00PM,Closed,Closed,4.8,Food
Food Pantry (East Park Revitalization Alliance),https://www.auntbertha.com//east-park-revitalization-alliance--philadelphia-pa--food-pantry/5711255900520448?postal=19134,"['emergency food', 'food pantry']","['emergency food', 'food pantry']","['anyone in need', 'all ages']",215-235-6001,https://epralliance.org/about-us/programs/food-pantry/,"1737 North 31st Street, Philadelphia, PA 19121","https://www.google.com/maps/?q=1737+North+31st+Street,+Philadelphia,+PA+19121/",['Anyone can access this program.'],available,"East Park Revitalization Alliance's food cupboard serves everyone from low income families, single parents, senior citizens, unemployed individuals, disabled veterans, working poor, and anyone else in need of assistance. This program supplies critical nutrition to hungry individuals and families. This program provides:- Food to meet basic nutritional needsClients are welcome to come once every week. For example if you come on Monday, you can only return the next Monday or after.",['English'],Free,Yes,None,None,"This program covers residents of the following cities: Philadelphia, PA.",39.9831003,-75.1847568,19121,No,8:00AM - 5:00PM,8:00AM - 5:00PM,8:00AM - 5:00PM,8:00AM - 5:00PM,8:00AM - 5:00PM,Closed,Closed,4.1,Food
Youth Services (Covenant House Pennsylvania),https://www.auntbertha.com//covenant-house-pennsylvania-%2528chp%2529--philadelphia-pa--youth-services/4909220273061888?postal=19114,"['temporary shelter', 'residential housing', 'short-term housing']","['meals', 'medical care', 'counseling', 'financial education', 'navigating the system', 'case management', 'one-on-one support', 'spiritual support', 'advocacy & legal aid']","['young adults', 'teens', 'children', 'homeless', 'runaways', 'human trafficking survivors', 'in crisis', 'lgbtqia+']",888-829-1249,https://www.covenanthousepa.org/our-impact/our-programs,"31 East Armat St., Philadelphia, PA 19144","https://www.google.com/maps/?q=31+East+Armat+St.+,+Philadelphia,+PA+19144/",['This program helps people who are younger than 21 years old'],available,"Covenant House Pennsylvania offers shelter and supportive services to young people experiencing homelessness. They aim to help homeless young people become healthy, happy, responsible, productive, and ultimately independent adults.This program provides:- A safe, secure environment- Immediate and transitional housing- Rapid rehousing- Meals and food- Case Management- Spiritual Support- Counseling- Physical health, mental health, and drug and alcohol services- Saving and budgeting- Continuing education- Support for LGBTQ individuals- Job readinessThe Crisis Center is open 24 hours per day, seven days per week. There are no shelter fees; however, those staying at the shelter must deposit 75% of their income during their stay. All money is returned upon leaving the shelter. Covenant House is a drug and weapon-free program.",['English'],Free,Yes,https://www.facebook.com/CovenantHousePA,https://www.twitter.com/@CovenantHousePA,"This program covers residents of the following counties: Philadelphia County, PA.",40.0356379,-75.1733708,19144,Yes,0:00AM - 11:59PM,0:00AM - 11:59PM,0:00AM - 11:59PM,0:00AM - 11:59PM,0:00AM - 11:59PM,0:00AM - 11:59PM,0:00AM - 11:59PM,3.8,Food
Food Pantry (Community of Compassion CDC),https://www.auntbertha.com//community-of-compassion-cdc--philadelphia-pa--food-pantry/6260879273361408?postal=19125,"['emergency food', 'food pantry']","['emergency food', 'food pantry']","['anyone in need', 'all ages', 'individuals', 'families']",267-767-1216,https://www.communityofcompassioncdc.com/,"6150 Cedar Avenue, Philadelphia, PA 19143","https://www.google.com/maps/?q=6150+Cedar+Avenue,+Philadelphia,+PA+19143/",['Anyone can access this program.'],available,The Community of Compassion CDC Food Pantry provides quality food items to households experiencing food insecurity. This program supplies critical nutrition to hungry individuals and families. This program provides:- Food to meet basic nutritional needs,['English'],Free,Yes,https://www.facebook.com/communityofcompassioncdc,https://twitter.com/community_cdc,"This program covers residents of the following cities: Philadelphia, PA.",39.9526461,-75.2465832,19143,No,8:00AM - 5:00PM,8:00AM - 5:00PM,8:00AM - 5:00PM,8:00AM - 5:00PM,8:00AM - 5:00PM,Closed,Closed,4.5,Food
Border Shelter Network and Call Center (Church World Service Inc),https://www.auntbertha.com//church-world-service-inc--lancaster-pa--border-shelter-network-and-call-center/4967372504694784?postal=19114,"['temporary shelter', 'meals', 'clothing', 'personal hygiene', 'navigating the system', 'support network']","['temporary shelter', 'meals', 'clothing', 'personal hygiene', 'navigating the system', 'support network']","['anyone in need', 'all ages', 'refugees', 'undocumented', 'individuals', 'families', 'limited english']",717-381-2890,https://cwsglobal.org/our-work/united-states/asylum-and-border-services/,"308 East King Street, Lancaster, PA 17602","https://www.google.com/maps/?q=308+East+King+Street,+Lancaster,+PA+17602/",['This program is available to anyone seeking refuge that was recently released from U.S. custody'],available,"Church World Service Inc offers a network of respite shelters to assist those awaiting a court date with the US government after going through US custody. This program provides:- Short-term shelter- Meals- Clothing- Hygiene products- Access to telephones to call loved ones- Connection to resettlement offices, member congregations, sanctuary churches and other service providers that can assist with housing, legal services, support services and resource sharingCWS has refugee and immigration offices spread across different states. Many of these offices are managed through partnerships with local organizations, while some are directly overseen by CWS and as such set the standard for resettlement in local communities.","['Arabic', 'Armenian', 'English', 'French', 'Gujarati', 'Haitian', 'Hindi', 'Portuguese', 'Punjabi', 'Russian', 'Spanish', 'Turkish', 'Ukrainian']",Free,Yes,https://www.facebook.com/churchworldservice,https://twitter.com/CWS_global,"This program covers residents of the following states: CA, FL, GA, IL, IN, KY, MI, NE, NH, NY, OH, OR, PA, TX and VA.",40.0383433,-76.2988403,17602,No,8:00AM - 5:00PM,8:00AM - 5:00PM,8:00AM - 5:00PM,8:00AM - 5:00PM,8:00AM - 5:00PM,Closed,Closed,2.4,Food
Community Support Services (Better Living Center),https://www.auntbertha.com//better-living-center-%2528blc%2529--chester-pa--community-support-services/5385341432496128?postal=19113,"['emergency food', 'health education', 'understand mental health', 'community support services', 'computer or internet access', 'after school care', 'day camp', 'navigating the system', 'help find work', 'skills & training']","['emergency food', 'health education', 'understand mental health', 'community support services', 'computer or internet access', 'after school care', 'day camp', 'navigating the system', 'help find work', 'skills & training']","['anyone in need', 'all ages', 'individuals', 'families', 'low-income', 'criminal justice history']",610-497-1082,https://betterlivingcdc.org/,"1917 W 6th St, Chester, PA 19013","https://www.google.com/maps/?q=501+Yarnall+Street,+Chester,+PA+19013/",[Follow the Next Steps to find out if this program has eligibility criteria.],available,"The Better Living Center is dedicated to providing resources and information to empower the residents of Chester and Delaware County to improve their lives.This program provides:- An Emergency Food Pantry- Free Computer and Internet Access- After-School Programs- YMCA Summer Camp in partnership with the Rocky Run YMCA- Job Training, Career Development and Employment Searches- Healthy Lifestyle, Healthcare and Mental Health Information",['English'],Free,Yes,None,None,"This program covers residents of the following counties: Chester County, PA and Delaware County, PA.",39.8383841,-75.3834925,19013,No,8:00AM - 5:00PM,8:00AM - 5:00PM,8:00AM - 5:00PM,8:00AM - 5:00PM,8:00AM - 5:00PM,Closed,Closed,4.8,Food
My Brother's House (Bethesda Project),https://www.auntbertha.com//bethesda-project--philadelphia-pa--my-brother%2527s-house/5138871176658944?postal=19102,"['temporary shelter', 'safe housing', 'mental health care', 'substance abuse counseling']","['meals', 'navigating the system', 'case management']","['all ages', 'male', 'homeless', 'near homeless', 'all mental health']",215-985-1600,https://www.bethesdaproject.org/housing-shelter,"609 South 15th Street, Philadelphia, PA 19146","https://www.google.com/maps/?q=609+South+15th+Street,+Philadelphia,+PA+19146/",['This program serves homeless men.'],available,"My Brother's House program offers a safe heaven that provides pre-recovery housing and an array of supportive services to 20 vulnerable men with chronic mental illness and substance abuse problem. This program provides:- Temporary shelterIn addition to a safe place to stay, resident are provided with:- Meals- Social services",['English'],Free,Yes,https://www.facebook.com/BethesdaProject/,https://www.twitter.com/@Bethesda_Proj,"This program covers residents of the following counties: Philadelphia County, PA.",39.9435134,-75.1671526,19146,No,8:00AM - 5:00PM,8:00AM - 5:00PM,8:00AM - 5:00PM,8:00AM - 5:00PM,8:00AM - 5:00PM,Closed,Closed,4.4,Food
Second Helping Emergency Food Cupboard (Bebashi),https://www.auntbertha.com//bebashi--philadelphia-pa--second-helping-emergency-food-cupboard/4785885511417856?postal=19134,"['emergency food', 'food pantry']","['emergency food', 'food pantry']","['all ages', 'individuals', 'families', 'low-income']",215-769-3561,https://www.bebashi.org/hunger-relief/,"1235 Spring Garden Street, Philadelphia, PA 19123","https://www.google.com/maps/?q=1235+Spring+Garden+Street,+Philadelphia,+PA+19123/",['HIV positive consumers need to bring their Ryan White Services Eligibility Card when visiting the food cupboard.\nNo referral is needed.\nThis program helps people with income at or below 150% of federal poverty guidelines.'],available,"Bebashi's Second Helping Emergency Food Pantry aims to ensure that those who are struggling with food insecurity don't go hungry. Service provided:- Boxed and canned food - Fresh meats, fruits and vegetables- Nutrition workshops and easy-to-prepare recipesVisitors can come to the pantry once a month.Information required to register: - Name - Last four digits of social security number- Zipcode- Monthly income- The number of people in the homeBring a pen to sign the intake form and something to hold items as you shop.If you are not a client of Bebashi you will need a referral letter from a social worker.",['English'],Free,Yes,https://www.facebook.com/bebashi,https://www.twitter.com/@bebashi,"This program covers residents of the following cities: Philadelphia, PA.",39.962199,-75.1586904,19108,No,11:00AM - 4:00PM,11:00AM - 4:00PM,11:00AM - 4:00PM,11:00AM - 4:00PM,11:00AM - 4:00PM,Closed,Closed,4.3,Food
Addiction Medicine And Health Advocates (Addiction Medicine and Health Advocates Inc),https://www.auntbertha.com//addiction-medicine-and-health-advocates%252C-inc.-%2528amha%2529--philadelphia-pa--addiction-medicine-and-health-advocates/5185303560585216?postal=19102,"['addiction & recovery', 'detox', 'outpatient treatment', 'understand mental health', 'group therapy', 'substance abuse counseling', 'family counseling', 'mental health evaluation', 'drug testing', 'navigating the system', 'support network', 'one-on-one support']","['addiction & recovery', 'detox', 'outpatient treatment', 'understand mental health', 'group therapy', 'substance abuse counseling', 'family counseling', 'mental health evaluation', 'drug testing', 'navigating the system', 'support network', 'one-on-one support']","['adults', 'young adults', 'teens', 'seniors', 'substance dependency', 'families']",215-923-4202,https://amhainc.org/services,"928 Market St., Philadelphia, PA 19107","https://www.google.com/maps/?q=928+Market+St,+Philadelphia,+PA+19107/",[Follow the Next Steps to find out if this program has eligibility criteria.],available,"Addiction Medicine and Health Advocates, Inc. (AMHA) provides evidence-based substance abuse treatment, which is continuously responsive to the needs of the patients and their families.AMHA is an outpatient facility consisting of two levels of care: Outpatient and Intensive Outpatient. Methadone Maintenance is provided on both levels of care.Services provided include: Assessment and intake Medication-assisted treatment (methadone maintenance) Individual counseling & psychotherapy Group psychotherapy Psycho education Medical & psychiatric evaluations  Aftercare & follow up services  Referrals (educational, medical, vocational, psychiatric, higher levels of care) Couples & family therapy Drug screening To begin the admissions process, please contact us. You may also come in person between the hours of 9AM and 4PM, Monday through Friday. You will be asked to complete a short screening interview and if initial eligibility criteria is met, you will be scheduled for an assessment.At the time of your assessment, you will need to bring: Current, state-issued photo ID Insurance cardAMHA is a private not-for-profit organization dependent upon patient fees for its continuance. Most of our patients have some form of insurance or medical assistance that pays for medication-assisted treatment services. Individuals who do not have insurance are responsible for payment or they may be eligible for county funding.",['English'],Reduced Cost,Yes,None,None,"This program covers residents of the following counties: Philadelphia County, PA.",39.9513162,-75.1561975,19107,No,6:00AM - 2:00PM,6:00AM - 2:00PM,6:00AM - 2:00PM,6:00AM - 2:00PM,6:00AM - 2:00PM,6:00 - 11:45AM,6:00 - 11:45AM,4.2,Food
Food Cabinet (Lutheran Church of the Holy Communion),https://www.auntbertha.com/provider/lutheran-church-of-the-holy-communion--philadelphia-pa/6332350651432960?postal=19109&s=94,['food pantry'],['food pantry'],"['anyone in need', 'all ages', 'individuals', 'families']",215-567-3668,https://www.lc-hc.org/calendar,"2110 Chestnut Street, Philadelphia, PA 19103","https://www.google.com/maps/?q=2110+Chestnut+Street,+Philadelphia,+PA+19103/",['Anyone can access this program.'],available,The Food Cabinet provides quality food items to households experiencing food insecurity. This program supplies critical nutrition to hungry individuals and families. This program provides:- Food to meet nutritional needsThis program is offered on the second Wednesday of the month.,['English'],Free,Yes,https://www.facebook.com/LCHCintheCity/,https://www.twitter.com/@LCHCintheCity,"This program covers residents of the following cities: Philadelphia, PA.",39.952106,-75.176016,19103,No,Closed,Closed,11:00 - 13:00AM,Closed,Closed,Closed,Closed,5,Food
Second Helping Emergency Food Cupboard (Bebashi),https://www.auntbertha.com//bebashi--philadelphia-pa--second-helping-emergency-food-cupboard/4785885511417856?postal=19109,"['emergency food', 'food pantry']","['emergency food', 'food pantry']","['all ages', 'individuals', 'families', 'low-income']",215-769-3561,https://www.bebashi.org/hunger-relief/,"1235 Spring Garden Street, Philadelphia, PA 19123","https://www.google.com/maps/?q=1235+Spring+Garden+Street,+Philadelphia,+PA+19123/","['HIV positive consumers need to bring their Ryan White Services Eligibility Card when visiting the food cupboard.', 'No referral is needed.', 'This program helps people with income at or below 150% of federal poverty guidelines.']",available,"BebashiŐs Second Helping Emergency Food Pantry aims to ensure that those who are struggling with food insecurity donŐt go hungry. Service provided:
- Boxed and canned food
- Fresh meats, fruits and vegetables
- Nutrition workshops and easy-to-prepare recipes
Visitors can come to the pantry once a month.
Information required to register:
- Name
- Last four digits of social security number
- Zipcode
- Monthly income
- The number of people in the home
Bring a pen to sign the intake form and something to hold items as you shop.
If you are not a client of Bebashi you will need a referral letter from a social worker.",['English'],Free,Yes,https://www.facebook.com/bebashi,https://www.twitter.com/@bebashi,"This program covers residents of the following cities: Philadelphia, PA.",39.9621806,-75.158632,19123,No,9:00AM - 5:00PM,9:00AM - 5:00PM,9:00AM - 5:00PM,9:00AM - 5:00PM,9:00AM - 5:00PM,Closed,Closed,4.4,Food
Food Distribution (Mighty Writers),https://www.auntbertha.com/provider/mighty-writers--philadelphia-pa/6538010800422912?postal=19109&s=94,"['food pantry', 'diapers & formula', 'books', 'personal care items']","['food pantry', 'diapers & formula', 'books', 'personal care items']","['anyone in need', 'all ages', 'families']",267-239-0899,https://mightywriters.org/food-distribution/,"1025 South 9th Street, Philadelphia, PA 19147","https://www.google.com/maps/?q=1025+South+9th+Street,+Philadelphia,+PA+19147/",['Anyone can access this program.'],available,"Mighty Writers' response to the coronavirus, Mighty Writers will bolster and expand the recently launched food-literacy distribution. Each meal box will come with writing worksheets for kids in both English and Spanish. In addition, novels and children's books will be distributed weekly.This program provides:- Food to meet nutritional needs- Books",['English'],Free,Yes,https://www.facebook.com/MightyWriters/,https://www.twitter.com/@MightyWriters,"This program covers residents of the following cities: Atlantic City, NJ, Camden, NJ, Philadelphia, PA and Toughkenamon, PA.",39.9368864,-75.158145,19147,No,Closed,11:30AM - 1:00PM,11:30AM - 1:00PM,11:30AM - 1:00PM,11:30AM - 1:00PM,Closed,Closed,5,Food
Food Cupboardby (St. Peter's Church),https://www.auntbertha.com//st.-peter%2527s-church--philadelphia-pa--food-cupboard/4674818478964736?postal=19109,['food pantry'],['food pantry'],"['anyone in need', 'all ages', 'individuals', 'families']",215-925-5968,https://www.stpetersphila.org/social-justice/food-cupboard/,"313 Pine Street, Philadelphia, PA 19106","https://www.google.com/maps/?q=313+Pine+Street,+Philadelphia,+PA+19106/",['Anyone can access this program.'],available,The Food Cupboard provides quality food items to households experiencing food insecurity. This program supplies critical nutrition to hungry individuals and families. This program provides:- Food to meet basic nutritional needs,['English'],Free,Yes,https://www.facebook.com/stpetersphila,,"This program covers residents of the following cities: Philadelphia, PA.",39.9435671,-75.14772,19106,No,8:30AM - 4:00PM,8:00AM - 4:00PM,8:00AM - 4:00PM,8:00AM - 4:00PM,8:00AM - 4:00PM,Closed,8:00AM - 4:00PM,4.7,Food
Breaking Bread on Broad (Congregation Rodeph Shalo),https://www.auntbertha.com//congregation-rodeph-shalo--philadelphia-pa--breaking-bread-on-broad/5098800476192768?postal=19109,"['food pantry', 'diapers & formula', 'personal care items']","['food pantry', 'diapers & formula', 'personal care items']","['anyone in need', 'all ages', 'female', 'mothers']",215-627-6747,https://rodephshalom.org/breakingbreadonbroad/,"615 North Broad Street, Philadelphia, PA 19123","https://www.google.com/maps/place/615+N+Broad+St,+Philadelphia,+PA+19123/",['Anyone can access this program.'],available,"Congregation Rodeph Shalo offers food, diapers, and feminine hygiene supplies to up to 170 families in need each Wednesday morning outside.This program provides:- Food- Diapers- Feminie supplies",['English'],Free,Yes,None,None,"This program covers residents of the following counties: Philadelphia County, PA.",39.9638293,-75.1633439,19123,No,Closed,Closed,9:00 - 11:00AM,Closed,Closed,Closed,Closed,4.7,Food
Community Fridges (South Philadelphia Community Fridge),https://www.auntbertha.com//south-philadelphia-community-fridge--philadelphia-pa--community-fridges/6420814929199104?postal=19109,"['emergency food', 'food pantry', 'meals']","['emergency food', 'food pantry', 'meals']","['anyone in need', 'all ages', 'undocumented']",None,https://southphillyfridge.com/about,"1149 South 9th Street, Philadelphia, PA 19147","https://www.google.com/maps/?q=1149+South+9th+Street,+Philadelphia,+PA+19147/",['Anyone can access this program.'],available,"South Philadelphia Community Fridge is a volunteer-based organization dedicated to giving all Philadelphians access to fresh and healthy food, combatting food insecurity and inequality in our city through mutual aid. 6 community fridge and pantry locations are stocked with produce, pantry staples, and prepared foods. This program provides: - Food including produce, pantry staples and prepared foods. Please visit the website for the most up to date list of locations. Note some locations are pantries only and do not have refrigerated items. Pantry and fridge stock may vary.",['English'],Free,Yes,https://www.facebook.com/southphlcommunityfridge,https://www.twitter.com/https://twitter.com/SouthPHLFridge,"This program covers residents of the following cities: Philadelphia, PA.",39.9349391,-75.158563,19147,Yes,0:00AM - 11:59PM,0:00AM - 11:59PM,0:00AM - 11:59PM,0:00AM - 11:59PM,0:00AM - 11:59PM,0:00AM - 11:59PM,0:00AM - 11:59PM,4.8,Food
Temple Corps Community Center Food Pantry (The Salvation Army - Greater Philadelphia),https://www.auntbertha.com//the-salvation-army---greater-philadelphia--philadelphia-pa--temple-corps-community-center-food-pantry/5664666958430208?postal=19109,['food pantry'],['food pantry'],"['anyone in need', 'all ages', 'individuals', 'families']",215-787-2962,https://easternusa.salvationarmy.org/eastern-pennsylvania/philadelphia-temple/alleviate-hunger/,"1340 Brown Street, Philadelphia, PA 19123","https://www.google.com/maps/?q=1340+Brown+Street,+Philadelphia,+PA+19123/",['Anyone can access this program.'],available,Salvation Army Corps Community Center has a food pantry on-site to help meet emergency needs. The food pantry provides quality food items to households experiencing food insecurity. Typical items in pantries include canned goods and other non-perishable items.This program provides:- Food to meet basic nutritional needs,['English'],Free,Yes,https://www.facebook.com/SalvationArmyPhiladelphia,https://www.twitter.com/https://twitter.com/SalArmyPhilly,"This program covers residents of the following cities: Philadelphia, PA.",39.9677192,-75.159372,19123,No,8:00AM - 4:00PM,8:00AM - 4:00PM,8:00AM - 4:00PM,8:00AM - 4:00PM,Closed,Closed,Closed,4.8,Food
Food Pantries (Salvation Army Eastern Pennsylvania & Delaware),https://www.auntbertha.com//salvation-army-eastern-pennsylvania-%2526-delaware--philadelphia-pa--food-pantries/6322661409292288?postal=19109,['food pantry'],['food pantry'],"['anyone in need', 'all ages', 'individuals', 'families']",215-787-2962,https://easternusa.salvationarmy.org/eastern-pennsylvania/alleviate-hunger/,"1340 Brown Street, Philadelphia, PA 19123","https://www.google.com/maps/?q=1340+Brown+Street,+Philadelphia,+PA+19123/",['Anyone can access this program.'],available,"Salvation Army Eastern Pennsylvania & Delaware provides quality food items to households experiencing food insecurity. This program supplies critical nutrition to hungry individuals and families. This program provides:- Food to meet basic nutritional needsFood is always free, but some locations require appointments while others operate on a walk-in, first come first served basis. Call your local Salvation Army office to determine which days their food pantries serve your area.",['English'],Free,Yes,https://www.facebook.com/SalvationArmyUSA,https://www.twitter.com/@SalvationArmyUS,"This program covers residents of the following cities: Bethlehem, PA, Boyertown, PA, Carlisle, PA, Chester, PA, Coatesville, PA, Darby, PA, East Stroudsburg, PA, Lebanon, PA, Philadelphia, PA, Pottsville, PA, Sunbury, PA and Allentown, PA.",39.9677192,-75.159372,19123,No,8:00AM - 4:00PM,8:00AM - 4:00PM,8:00AM - 4:00PM,Closed,Closed,Closed,Closed,4.6,Food
Food Cupboard (The Church of the Redeemer Baptist),https://www.auntbertha.com//the-church-of-the-redeemer-baptist--philadelphia-pa--food-cupboard/6476535566696448?postal=19109,['food pantry'],['food pantry'],"['anyone in need', 'all ages', 'individuals', 'families']",215-465-1230,https://cotrb.org/outreach-ministries/#FOOD,"1440 South 24th Street, Philadelphia, PA 19146","https://www.google.com/maps/?q=1440+South+24th+Street,+Philadelphia,+PA+19146/",['Anyone can access this program.'],available,The purpose of the ministry is to respond to the need of the community by providing food and other assistance for those who are less fortunate than others.This program provides:- Food to meet basic nutritional needs,['English'],Free,Yes,None,None,"This program covers residents of the following cities: Philadelphia, PA.",39.9340607,-75.184591,19146,No,Closed,Closed,Closed,Closed,Closed,7:30 - 9:30AM,Closed,0,Food
Siloam Food Pantry (Siloam Wellness),https://www.auntbertha.com//siloam-wellness--philadelphia-pa--siloam-food-pantry/5951539990626304?postal=19113,['food pantry'],['food pantry'],"['anyone in need', 'all ages', 'hiv/aids', 'individuals', 'families']",215-765-6633,https://www.siloamwellness.org/why-donate,"850 North 11th Street, Philadelphia, PA 19123","https://www.google.com/maps/?q=850+North+11th+Street,+Philadelphia,+PA+19123/",['All individuals 18 years of age and over.'],available,"The Siloam Choice Food Pantry offers a selection of nutritional food to give individuals living with HIV/AIDS the  dignity and respect that comes with the ability to choose their meals.

This program provides:

- Food to meet basic nutritional needs",['English'],Free,Yes,https://www.facebook.com/SiloamWellness/,https://www.twitter.com/@siloam_wellness,"This program covers residents of the following cities: Philadelphia, PA.",39.9679663,-75.154949,19123,No,8:00AM - 5:00PM,8:00AM - 5:00PM,8:00AM - 5:00PM,8:00AM - 5:00PM,8:00AM - 5:00PM,Closed,Closed,5,Food
Fresh Produce (Sanctuary Farm),https://www.auntbertha.com//sanctuary-farm--philadelphia-pa--fresh-produce/5307426591604736?postal=19113,['food pantry'],['food pantry'],"['anyone in need', 'all ages', 'individuals', 'families']",267-703-0194,https://www.sanctuaryfarmphila.org/,"1622 North 22nd Street, Philadelphia, PA 19121","https://www.google.com/maps/?q=1622+North+22nd+Street,+Philadelphia,+PA+19121/",['Anyone can access this program.'],available,Sanctuary Farm provides free organic vegetables and produce to community members. This program provides:- Free produce The farm stand is open on Tuesdays and Thursdays at 1622 North 22nd St. and Saturdays at 2337 West Berks St.,['English'],Free,Yes,https://www.facebook.com/SanctuaryFarmPhila/,None,"This program covers residents of the following cities: Philadelphia, PA.",39.9801781,-75.171171,19121,No,Closed,9:00AM - 12:00PM,Closed,9:00AM - 12:00PM,Closed,Closed,Closed,0,Food
Food Pantry (New Testament Church of God - Community Outreach Mission),https://www.auntbertha.com//new-testament-church-of-god---community-outreach-mission--philadelphia-pa--food-pantry/6265791971065856?postal=19113,"['food pantry', 'clothing', 'personal care items', 'supplies for school']","['food pantry', 'clothing', 'personal care items', 'supplies for school']","['anyone in need', 'all ages', 'individuals', 'families']",215-472-6630,https://www.poyserwaycog.com/community-outreach,"935 South 53rd Street, Philadelphia, PA 19143","https://www.google.com/maps/?q=935+South+53rd+Street,+Philadelphia,+PA+19143/",['Anyone can access this program.'],available,"The Community Outreach Mission provides basic items to families with children from our surrounding areas. Some of our focus areas are senior citizens, pregnant mothers, school age children, youths, individuals with disabilities, and underprivileged families as a whole.This program provides:- Food to meet basic nutritional needs - School supplies- Clothing- Toiletries- Additional services as neededThe food pantry is open every Saturday at 12pm and on Sundays post-service.",['English'],Free,Yes,None,None,"This program covers residents of the following counties: Delaware County, PA and Philadelphia County, PA.",39.9456921,-75.227192,19143,No,Closed,Closed,Closed,Closed,Closed,12:00PM - 2:00PM,Closed,4.5,Food
Food Pantry (Berean Presbyterian Care Closet),https://www.auntbertha.com//berean-presbyterian-care-closet--philadelphia-pa--food-pantry/5999092540112896?postal=19113,['food pantry'],['food pantry'],"['anyone in need', 'all ages']",215-235-1999,https://www.bereanpresbyterian.org/ministries-1,"2101 North Broad Street, Philadelphia, PA 19122","https://www.google.com/maps/?q=2101+North+Broad+Street,+Philadelphia,+PA+19122/",['Anyone can access this program.'],available,"The Berean Presbyterian Care Closet food pantry serves everyone from low income families, single parents, senior citizens, unemployed individuals, disabled veterans, working poor, and anyone else that comes to the pantry.This program provides:- Food to meet basic nutritional needsFood can be picked up once every two weeks.",['English'],Free,Yes,https://www.facebook.com/pages/Berean-Presbyterian-Church-USA/198344380210753,None,"This program covers residents of the following cities: Philadelphia, PA.",39.984874,-75.156083,19122,No,Closed,Closed,11:00AM - 1:00PM,Closed,11:00AM - 1:00PM,Closed,Closed,0,Food
Food Pantry (Community of Compassion CDC),https://www.auntbertha.com//community-of-compassion-cdc--philadelphia-pa--food-pantry/6260879273361408?postal=19113,"['emergency food', 'food pantry']","['emergency food', 'food pantry']","['anyone in need', 'all ages', 'individuals', 'families']",267-767-1216,https://www.communityofcompassioncdc.com/,"6150 Cedar Avenue, Philadelphia, PA 19143","https://www.google.com/maps/?q=6150+Cedar+Avenue,+Philadelphia,+PA+19143/",['Anyone can access this program.'],available,The Community of Compassion CDC Food Pantry provides quality food items to households experiencing food insecurity. This program supplies critical nutrition to hungry individuals and families. This program provides:- Food to meet basic nutritional needs,['English'],Free,Yes,https://www.facebook.com/communityofcompassioncdc,None,"This program covers residents of the following cities: Philadelphia, PA.",39.9527118,-75.246591,19143,No,8:00 - 11:00AM,Closed,8:00 - 11:00AM,Closed,Closed,Closed,Closed,4.5,Food
Food Pantry (Lutheran Settlement House),https://www.auntbertha.com//lutheran-settlement-house--philadelphia-pa--food-pantry/5347200206372864?postal=19113,['food pantry'],['food pantry'],"['anyone in need', 'all ages', 'individuals', 'families']",215-426-8610,https://www.lutheransettlement.org/lsh-programs/pantry/,"1340 Frankford Avenue, Philadelphia, PA 19125","https://www.google.com/maps/?q=1340+Frankford+Avenue,+Philadelphia,+PA+19125/",['Anyone can access this program.'],available,"The Lutheran Settlement House helps alleviate hunger in the community by providing a food pantry. This food pantry supplies healthy food options to anyone. 

This program provides:

- Food to meet basic nutritional needs

All ages are welcome and no referrals, income information, or residential information are required. Participants may get food once a week. Participants should sign in at the front desk and bring their own bag.","['English', 'Interpretation Services Available', 'Spanish']",Free,Yes,https://www.facebook.com/LutheranSettlementHouse,https://www.twitter.com/@LSHphilly,"This program covers residents of the following cities: Philadelphia, PA.",39.9714613,-75.134677,19125,No,9:00AM - 3:00PM,9:00AM - 3:00PM,9:00AM - 3:00PM,9:00AM - 3:00PM,9:00AM - 3:00PM,Closed,Closed,3.3,Food
"Food Drive Give Away (Institute for the Development of African-American Youth, Inc. (IDAAY))",https://www.auntbertha.com//institute-for-the-development-of-african-american-youth%252C-inc.-%2528idaay%2529--philadelphia-pa--food-drive-give-away/5641437706321920?postal=19113,['food pantry'],"['help pay for transit', 'transportation']","['anyone in need', 'all ages', 'individuals', 'families']",215-235-9110,https://idaay.org/events/pick-up-a-free-box-of-fresh-food-every-saturday-bi-weekly,"2305 North Broad Street, Philadelphia, PA 19132","https://www.google.com/maps/?q=2305+North+Broad+Street,+Philadelphia,+PA+19132/",['Must live in Philadelphia.'],available,"Institute for the Development of African-American Youth, Inc. (IDAAY) provides a Food Drive Give Away for individuals experiencing food insecurity who are living in Philadelphia, PAThis program provides:- Food to meet nutritional needsFood is distributed on a first come, first serve basis.",['English'],Free,Yes,https://www.facebook.com/idaayinc,https://www.twitter.com/@idaayinc,"This program covers residents of the following cities: Philadelphia, PA.",39.9880215,-75.155124,19132,No,Closed,Closed,Closed,Closed,Closed,10:00AM - 12:00PM,Closed,4.9,Food
Feeding Ministry (Willow Grove Seventh-day Adventist Church),https://www.auntbertha.com//willow-grove-seventh-day-adventist-church--philadelphia-pa--feeding-ministry/5178565305827328?postal=19126,['food pantry'],['food pantry'],"['anyone in need', 'all ages', 'individuals', 'families']",215-657-8364,https://willowgroveadventist.org/feeding/,"4355 Paul Street, Philadelphia, PA 19124","https://www.google.com/maps/?q=4355+Paul+Street,+Philadelphia,+PA+19124/",['Anyone can access this program.'],available,Willow Grove Seventh-day Adventist Church engages in outreach each month by feeding those less fortunate out of our sister churchâ€™s site. Services include:- Food to meet basic nutritional needs,['English'],Free,Yes,None,None,"This program covers residents of the following counties: Montgomery County, PA and Philadelphia County, PA.",40.0116705,-75.085981,19124,No,9:00AM - 2:00PM,9:00AM - 2:00PM,9:00AM - 2:00PM,Closed,Closed,Closed,Closed,4.7,Food
Manna Pantry (Bethel Temple Community Bible Church),https://www.auntbertha.com//bethel-temple-community-bible-church--philadelphia-pa--manna-pantry/6321681709400064?postal=19126,['food pantry'],['food pantry'],"['anyone in need', 'all ages', 'individuals', 'families']",215-423-0986,https://www.betheltemplechurch.net/mannapantry,"228 East Allegheny Avenue, Philadelphia, PA 19134","https://www.google.com/maps/?q=228+East+Allegheny+Avenue,+Philadelphia,+PA+19134/",['Anyone can access this program.'],available,Manna Pantry serves the community by providing food and resources for those in need. This program supplies critical nutrition to hungry individuals and families. This program provides:- Food to meet basic nutritional needs,['English'],Free,Yes,https://www.facebook.com/betheltemplecbc/,None,"This program covers residents of the following cities: Philadelphia, PA.",39.9978125,-75.126307,19134,No,Closed,Closed,Closed,5:00PM - 6:00PM,Closed,Closed,Closed,4.9,Food
Grab and Go Meals (Old Pine Community Center),https://www.auntbertha.com//old-pine-community-center-%2528opcc%2529--philadelphia-pa--grab-and-go-meals/5481658659373056?postal=19126,"['emergency food', 'food pantry']","['emergency food', 'food pantry']","['anyone in need', 'all ages', 'individuals', 'families']",215-627-2493,https://oldpinecommunitycenter.org/programs-services/#food,"401 Lombard Street, Philadelphia, PA 19147","https://www.google.com/maps/?q=401+Lombard+Street,+Philadelphia,+PA+19147/",['Anyone can access this service.'],available,The Old Pine Community Center provides Grab and Go Meals to those who need them. They supply critical nutrition to hungry individuals.This program provides:- Meals to meet basic nutritional needs,['English'],Free,Yes,https://www.facebook.com/OldPineCommunityCenter/,None,"This program covers residents of the following cities: Philadelphia, PA.",39.9430393,-75.149523,19147,No,Closed,Closed,Closed,Closed,Closed,10:00AM - 12:00PM,10:00AM - 12:00PM,4.6,Food
Food Ministry (Faith Assembly Of God),https://www.auntbertha.com//faith-assembly-of-god--philadelphia-pa--food-ministry/5684138886299648?postal=19126,['food pantry'],['food pantry'],"['anyone in need', 'all ages', 'individuals', 'families']",712-432-3900,https://www.faithphilly.org/,"1926 Margaret Street, Philadelphia, PA 19124","https://www.google.com/maps/?q=1926+Margaret+Street,+Philadelphia,+PA+19124/",['Anyone in need can access this program.'],available,The Faith Assembly Of God - Food Ministry provides quality food items to households experiencing food insecurity. This program supplies critical nutrition to hungry individuals and families.This program provides:- Food to meet basic nutritional needs,['English'],Free,Yes,None,None,"This program covers residents of the following cities: Philadelphia, PA.",40.0129458,-75.077769,19124,No,11:00AM - 4:00PM,11:00AM - 4:00PM,11:00AM - 4:00PM,11:00AM - 4:00PM,11:00AM - 4:00PM,Closed,Closed,4.6,Food
Food Pantry (Philadelphia Episcopal Cathedral),https://www.auntbertha.com//philadelphia-episcopal-cathedral--philadelphia-pa--food-pantry/6313144792907776?postal=19126,['food pantry'],['food pantry'],"['anyone in need', 'all ages', 'individuals', 'families', 'undocumented']",215-386-0234,http://www.philadelphiacathedral.org/service,"19 South 38th Street, Philadelphia, PA 19104","https://www.google.com/maps/?q=19+South+38th+Street,+Philadelphia,+PA+19104/",['Anyone can access this program.'],available,"The food pantry provides quality food items to households experiencing food insecurity. This program supplies critical nutrition to hungry individuals and families. 

This program provides:

- Food to meet basic nutritional needs",['English'],Free,Yes,https://www.facebook.com/philadelphiaepiscopalcathedral/,None,"This program covers residents of the following counties: Philadelphia County, PA.",39.9524775,-75.198927,19104,No,9:30 - 11:00AM,Closed,Closed,Closed,Closed,Closed,Closed,4.8,Food
Vivian's Cupboard Food Bank (Mazzoni Center),https://www.auntbertha.com//mazzoni-center--philadelphia-pa--vivian%2527s-cupboard-food-bank/5915050476830720?postal=19126,['food pantry'],['food pantry'],"['all ages', 'hiv/aids', 'individuals', 'families', 'dependents']",215-563-0652,https://www.mazzonicenter.org/hiv-prevention-care/hiv-care/vivian%E2%80%99s-cupboard-food-bank,"1348 Bainbridge Street, Philadelphia, PA 19147","https://www.google.com/maps/?q=1348+Bainbridge+Street,+Philadelphia,+PA+19147/","['Must meet income requirements.', 'This program serves HIV-positive individuals and their dependent members of their household.', 'Must be Ryan White certified.', 'Must have referral from HIV case manager or medical provider.', 'Must live in Philadelphia, Delaware, Chester or Bucks counties in PA.']",available,"The Mazzoni Center provides the Vivianâ€™s Cupboard Food Bank for low-income, HIV-positive Philadelphians who are facing food insecurity. The food bank aims to help clients and patients maintain optimal health and improve the efficacy of treatment regimens by providing them with a consistent, nutritious supply of food. This program provides:- Nutritious food The food bank allows clients to select packaged food items in a pantry-style setting. Clients are provided with additional resources such as information on other local/neighborhood food cupboards and information on accessing SNAP (food stamps).Referred individuals may access the food bank two times per month and receive the equivalent of four meals for each member of their household at each visit. Due to the COVID-19 pandemic, the Mazzoni Center has suspended the requirement that individuals need to be referred by a case manager or medical provider and have opened the food bank up to anyone in the community struggling with food insecurity.",['English'],Free,Yes,https://www.facebook.com/MazzoniCenter,https://www.twitter.com/@MazzoniCenter,"This program covers residents of the following cities: Philadelphia, PA.",39.9426271,-75.165083,19147,No,9:30AM - 4:30PM,12:00 - 12:00AM,9:30AM - 4:30PM,9:30AM - 4:30PM,9:30AM - 4:30PM,Closed,Closed,4.6,Food
"Grocery, Clothing, and Book Give A Way (Ujima Friends Peace Center)",https://www.auntbertha.com//ujima-friends-peace-center--philadelphia-pa--grocery%252C-clothing%252C-and-book-give-a-way/5148792120410112?postal=19126,"['food pantry', 'clothing', 'books']","['food pantry', 'clothing', 'books']","['anyone in need', 'all ages']",267-761-4944,http://www.ujimafriends.org/food-give-away-2022/,"1701 West Lehigh Avenue, Philadelphia, PA 19132","https://www.google.com/maps/?q=1701+West+Lehigh+Avenue,+Philadelphia,+PA+19132/",['Anyone can access this program.'],available,"Ujima Friends Peace Center hosts a give-away event twice a month to provide free groceries, clothing, and books to the community.This program provides:- Groceries- Clothing- BooksThe program is held on the second and last Saturdays of each month. Tables will be set up to distribute items in the Peace Center parking lot and on the sidewalk.",['English'],Free,Yes,None,None,"This program covers residents of the following cities: Philadelphia, PA.",39.9948466,-75.160063,19132,No,Closed,Closed,Closed,Closed,Closed,12:00PM - 2:00PM,Closed,4.3,Food
Community Support Services (Community Center at Visitation),https://www.auntbertha.com//community-center-at-visitation--philadelphia-pa--community-support-services/5153333664808960?postal=19126,"['food pantry', 'clothing', 'checkup & test', 'recreation', 'navigating the system', 'more education', 'skills & training']","['food pantry', 'clothing', 'checkup & test', 'recreation', 'navigating the system', 'more education', 'skills & training']","['all ages', 'immigrants']",215-426-9422,https://www.communitycenteratvis.org/services,"2646 Kensington Avenue, Philadelphia, PA 19125","https://www.google.com/maps/?q=2646+Kensington+Avenue,+Philadelphia,+PA+19125/",['This program helps people of any age.'],available,"The Community Center at Visitation is committed to providing a safe place for community outreach, continuous education, and recreationAMong the diverse cultural communities of Kensington and its surrounding neighborhoods. Serving as a 'Beacon of Hope', the Center embraces and celebrates this community with particular regard for nurturing the potential of its youth, senior, and immigrant populations.This program provides:- Adult Education Offerings- Food Pantry- Wellness Program- Community Clothing Closet- Athletics & Healthy Living- Thea Bowman Women's Service CenterPlease call the program for more information about program availability.","['English', 'Spanish']",Free,Yes,None,None,"This program covers residents of the following counties: Philadelphia County, PA.",39.9897526,-75.12617,19125,No,8:30AM - 5:00PM,8:30AM - 5:00PM,8:30AM - 5:00PM,8:30AM - 5:00PM,8:30AM - 5:00PM,Closed,Closed,4.7,Food
Food Pantry (The Salvation Army West Philadelphia Corps Community Center),https://www.auntbertha.com//the-salvation-army-west-philadelphia-corps-community-center--philadelphia-pa--food-pantry/5687414567993344?postal=19126,['food pantry'],['food pantry'],"['anyone in need', 'all ages', 'individuals', 'families', 'homeless', 'near homeless', 'low-income']",215-825-4601,https://easternusa.salvationarmy.org/eastern-pennsylvania/greater-philadelphia/alleviate-hunger/,"5501 Market Street, Philadelphia, PA 19139","https://www.google.com/maps/?q=5501+Market+Street,+Philadelphia,+PA+19139/",['Anyone can access this program.'],available,"The Salvation Army West Philadelphia Corps Community Center Food Pantry provides groceries and food for families and individuals in need.This program provides:- Food to meet basic nutritional needsFood is free, but some locations require appointments. Others are on a walk-in first come first served basis. Call your local Salvation Army office or the 2-1-1 help line to determine which food pantry serves your area.",['English'],Free,Yes,https://www.facebook.com/SalArmyPhilly,https://www.twitter.com/@SalArmyPhilly,"This program covers residents of the following cities: Philadelphia, PA.",39.9610016,-75.231293,19139,No,9:00AM - 2:00PM,9:00AM - 2:00PM,9:00AM - 2:00PM,9:00AM - 2:00PM,9:00AM - 2:00PM,Closed,Closed,3.5,Food
Food Pantry (African Cultural Alliance of NorthAMerica Inc.),https://www.auntbertha.com//african-cultural-alliance-of-north-america-inc.-%2528acana%2529--philadelphia-pa--food-pantry/6524353764130816?postal=19126,['food pantry'],['food pantry'],"['all ages', 'immigrants', 'refugees', 'individuals', 'families', 'low-income', 'limited english']",215-729-8225,http://acanaus.org,"5530 Chester Avenue, Philadelphia, PA 19143","https://www.google.com/maps/?q=5530+Chester+Avenue,+Philadelphia,+PA+19143/",['This program serves individuals and families experiencing food insecurity.'],available,"ACANA serves as a food bank and distributes food to members of the Southwest and West Philadelphia community. ACANA can also distribute clothing, toys, building materials and other resources received as donations.This program provides:- Food to meet basic nutritional requirements - Other items as availableThis program is distributed very two weeks at ACANA.",['English'],Free,Yes,https://www.facebook.com/ACANA.Philadelphia,https://www.twitter.com/@ACANAevents,"This program covers residents of the following counties: Prince Georges County, MD and Philadelphia County, PA.",39.938005,-75.224831,19143,No,10:00AM - 6:00PM,10:00AM - 6:00PM,10:00AM - 6:00PM,10:00AM - 6:00PM,Closed,Closed,Closed,4.3,Food
Food Cupboard (Cast Your Cares Ministry),https://www.auntbertha.com//cast-your-cares-ministry--philadelphia-pa--food-cupboard/5742059674402816?postal=19122,['food pantry'],['food pantry'],"['anyone in need', 'all ages', 'individuals', 'families']",215-634-7445,https://castyourcares.org/community-outreach/,"2438 Kensington Avenue, Philadelphia, PA 19125","https://www.google.com/maps/?q=2438+Kensington+Avenue,+Philadelphia,+PA+19125/",['Anyone can access this program.'],available,"Cast Your Cares Ministry's Food Cupboard provides groceries for individuals and families in need. People know they can come to Cast Your Cares to receive food and not just a referral.This program provides:- Food to meet basic nutritional needsDue to the COVID-19 pandemic, grocery pickup is by appointment only. Please stop by and sign up to receive an appointment for groceries on Tuesdays between 2-3PM.",['English'],Free,Yes,https://www.facebook.com/castyourcares.org/?eid=ARBqPAC4YneTDv0w8HHVBg_EydvfnGW-FW7XBrl4KkBqWWBw1MYk3rIjmLrbE0Y263FffV8Ru-BiGqQO,None,"This program covers residents of the following counties: Philadelphia County, PA.",39.987082,-75.1308,19125,No,Closed,2:00PM - 3:00PM,Closed,Closed,Closed,Closed,Closed,4.7,Food
St. Mark's Food Cupboard (Saint Mark's Church),https://www.auntbertha.com//saint-mark%2527s-church--philadelphia-pa--st.-mark%2527s-food-cupboard/6094953357770752?postal=19122,['food pantry'],"['personal care items', 'navigating the system']","['anyone in need', 'all ages']",215-735-1416,http://www.saintmarksphiladelphia.org/foodcupboard/,"1625 Locust Street, Philadelphia, PA 19103","https://www.google.com/maps/?q=1625+Locust+Street,+Philadelphia,+PA+19103/","['This program helps people with income at or below 185% of federal poverty guidelines.', 'This program only serves residents of the state of Pennsylvania.,']",available,"The Food Cupboard provides various services to families and individuals in the community.

This program provides:

- Supplemental food assistance, largely shelf-stable items
- Household and personal care items

Other services include:

- Referrals to various other social service agencies, as needed

The Food Cupboard operates from Tuesday to Friday from 9:30 a.m. to 11:00 a.m. 
The Food Cupboard is closed Thanksgiving Day and the Friday afterwards, as well as the week between Christmas and New Year's, and the last full week of July.",['English'],Free,Yes,https://www.facebook.com/saintmarkschurch,https://www.twitter.com/@saintmarksphila,"This program covers residents of the following cities: Philadelphia, PA.",39.9489257,-75.168333,19103,No,Closed,9:30 - 11:00AM,9:30 - 11:00AM,9:30 - 11:00AM,9:30 - 11:00AM,Closed,Closed,4.7,Food
"Food Distribution (North10, Philadelphia)",https://www.auntbertha.com//north10%252C-philadelphia--philadelphia-pa--food-distribution/5743477776973824?postal=19122,['food pantry'],['food pantry'],"['anyone in need', 'all ages', 'individuals', 'families']",267-908-9000,https://north10phl.org/health-wellness/,"3890 North 10th Street, Philadelphia, PA 19140","https://www.google.com/maps/?q=3890+North+10th+Street,+Philadelphia,+PA+19140/",['Anyone can access this program.'],available,"North10, Philadelphia's Community Market provides a food pantry consisting of quality food items to households experiencing food insecurity. This program supplies critical nutrition to hungry individuals and families. This program provides:- Food to meet nutritional needsPlease call before visiting since registration may be required at times.","['English', 'Spanish']",Free,Yes,https://www.facebook.com/lenfest.ctr/,,"This program covers residents of the following cities: Philadelphia, PA.",40.0116671,-75.144428,19140,No,Closed,1:00PM - 3:00PM,Closed,1:00PM - 3:00PM,Closed,Closed,Closed,4.5,Food
Farm to Families (St. Christopher's Foundation for Children),https://www.auntbertha.com//st.-christopher%2527s-foundation-for-children--philadelphia-pa--farm-to-families/5397808157032448?postal=19122,['food pantry'],['nutrition education'],"['anyone in need', 'all ages', 'individuals', 'families', 'benefit recipients', 'low-income']",215-769-1100,https://scfchildren.org/farm-to-families-initiative/,"850 North 11th Street, Philadelphia, PA 19123","https://www.google.com/maps/?q=850+North+11th+Street,+Philadelphia,+PA+19123/",['Must be eligible for SNAP benefits.'],available,"Each week, Farm to Families supplies North Philadelphia families with boxes of wholesome fresh produce or fruit at a reduced cost. Boxes are packed with delicious seasonal fruits and vegetables, often valued at double the price. Additional fresh items including local eggs, meat, and seafood are also offered at affordable prices.This program provides:- Food to meet basic nutritional needsFarm to Families also provides food and nutrition education, including food budgeting and shopping tips, basic food preparation and cooking skills, and demonstrations and taste tests, aligned with the weekly boxes.Orders are taken one week in advance. SNAP benefits are all accepted for payment. Farm to Families is open to all with no income restrictions.",['English'],Reduced Cost,Yes,https://www.facebook.com/FarmtoFamilies/,https://www.twitter.com/@FarmtoFamilies,"This program covers residents of the following cities: Philadelphia, PA.",39.9679663,-75.154949,19123,No,9:50AM - 6:50PM,9:50AM - 6:50PM,9:50AM - 6:50PM,9:50AM - 6:50PM,9:50AM - 6:50PM,Closed,Closed,0,Food
Nutrition Lunch and Learn (Frazier Family Coalition for Stroke Education and Prevention),https://www.auntbertha.com//frazier-family-coalition-for-stroke-education-and-prevention--philadelphia-pa--nutrition-lunch-%2526-learn/6061022550556672?postal=19122,"['food pantry', 'nutrition education']","['food pantry', 'nutrition education']","['anyone in need', 'all ages', 'individuals', 'families']",215-890-1567,https://www.frazierfamilycoalition.org/community-programs/nutrition-lunch/,"1300 West Lehigh Avenue, Philadelphia, PA 19132","https://www.google.com/maps/?q=1300+West+Lehigh+Avenue,+Philadelphia,+PA+19132/",['Anyone in need can access this program.'],available,The Frazier Family Coalition for Stroke Education and Prevention provides healthy nutrition topics and food demonstrations. Participants are also able to take home a free box of fresh produce.This program provides:- Nutrition education- Fresh produce,['English'],Free,Yes,None,None,"This program covers residents of the following counties: Philadelphia County, PA.",39.9928236,-75.15358,19132,No,Closed,Closed,Closed,12:00PM - 1:00PM,Closed,Closed,Closed,0,Food
Food Pantry (Golden Star Baptist Church),https://www.auntbertha.com//golden-star-baptist-church-%2528gsbc%2529--philadelphia-pa--food-pantry/6526637829783552?postal=19112,['food pantry'],['food pantry'],"['anyone in need', 'all ages', 'individuals', 'families']",215-769-0623,https://goldenstaronline.org/ministries,"1635 North 27th Street, Philadelphia, PA 19121","https://www.google.com/maps/?q=1635+North+27th+Street,+Philadelphia,+PA+19121/",['Anyone can access this program.'],available,GSBC offers a Food Pantry for individuals or families who are food insecure and are in need of assistance meeting their nutritional needs. This program provides: - Food to meet your basic nutritional needs,['English'],Free,Yes,None,None,"This program covers residents of the following cities: Philadelphia, PA.",39.9807777,-75.178587,19121,No,8:00AM - 5:00PM,8:00AM - 5:00PM,8:00AM - 5:00PM,8:00AM - 5:00PM,8:00AM - 5:00PM,Closed,Closed,4.9,Food
Free Produce Markets No.1 (Children's Hospital of Philadelphia),https://www.auntbertha.com//children%2527s-hospital-of-philadelphia-%2528chop%2529--philadelphia-pa--free-produce-markets/6006436119248896?postal=19112,['food pantry'],['food pantry'],"['all ages', 'individuals', 'families']",None,None,"1701 South 15th Street, Philadelphia, PA 19145","https://www.google.com/maps/?q=1701+South+15th+Street,+Philadelphia,+PA+19145/",['Anyone can access this program.'],available,CHOP's free produce markets provides quality food items to households experiencing food insecurity. This program supplies critical nutrition to hungry individuals and families.This program provides:- Food to meet basic nutritional needsPlease bring your own bag when you visit. The market will be cancelled if it rains.,['English'],Free,Yes,None,None,"This program covers residents of the following cities: Philadelphia, PA.",39.9291778,-75.169018,19145,No,Closed,Closed,Closed,Closed,12:00PM - 1:00PM,Closed,Closed,4.1,Food
Food Pantry (Project HOME),https://www.auntbertha.com//project-home--philadelphia-pa--food-pantry/5485996744114176?postal=19112,['food pantry'],['food pantry'],"['anyone in need', 'all ages', 'individuals', 'families', 'with children']",215-235-3110,https://www.projecthome.org/hbcc,"1845 North 23rd Street, Philadelphia, PA 19121","https://www.google.com/maps/?q=1845+North+23rd+Street,+Philadelphia,+PA+19121/",['Anyone can access this program.'],available,"Project HOME helps alleviate hunger in our community in an environment of respect, care and hospitality.This program provides:- Foods to meet basic nutritional needsPlease call for more information.",['English'],Free,Yes,None,None,"This program covers residents of the following counties: Philadelphia County, PA.",39.9831843,-75.17173,19121,No,10:30AM - 12:30PM,Closed,10:30AM - 12:30PM,10:30AM - 12:30PM,Closed,Closed,Closed,4.5,Food
Food Cupboard (Refuge Evangelical Baptist Church),https://www.auntbertha.com//refuge-evangelical-baptist-church-%2528rebc%2529--philadelphia-pa--food-cupboard/4860746388471808?postal=19112,['food pantry'],['food pantry'],"['anyone in need', 'all ages', 'individuals', 'families']",215-224-2024,https://www.refugeevangelical.org/ministries,"1100 Oak Lane, Philadelphia, PA 19126","https://www.google.com/maps/?q=1100+Oak+Lane,+Philadelphia,+PA+19126/",['Anyone can access this program.'],available,REBC's Food Cupboard provides a food pantry to help alleviate hunger in the community.This program provides:- Food to meet nutritional needs,['English'],Free,Yes,https://www.facebook.com/pg/www.rebc.org/about/?ref=page_internal,None,"This program covers residents of the following cities: Philadelphia, PA.",40.0546799,-75.136615,19126,No,Closed,10:00AM - 1:00PM,Closed,Closed,Closed,Closed,Closed,4.7,Food
Food Cupboard (Berean Presbyterian Church),https://www.auntbertha.com//berean-presbyterian-church--philadelphia-pa--food-cupboard/5849502340612096?postal=19112,"['food pantry', 'clothing', 'counseling', 'basic literacy']",,"['anyone in need', 'all ages']",605-472-5636,https://www.bereanpresbyterian.org/ministries-1,"2101 North Broad Street, Philadelphia, PA 19122","https://www.google.com/maps/?q=2101+North+Broad+Street,+Philadelphia,+PA+19122/",['Anyone can access this program.'],available,The food pantry provides quality food items to households experiencing food insecurity. This program supplies critical nutrition to hungry individuals and families. This program provides:- Food to meet basic nutritional needs,['English'],Free,Yes,None,None,"This program covers residents of the following cities: Philadelphia, PA.",39.9848773,-75.15608,19122,No,Closed,Closed,11:00AM - 1:00PM,Closed,11:00AM - 1:00PM,Closed,Closed,4.6,Food
Food Pantry (Star of Hope Baptist Church),https://www.auntbertha.com//star-of-hope-baptist-church--philadelphia-pa--food-pantry/5924269727678464?postal=19112,['food pantry'],['food pantry'],"['anyone in need', 'all ages', 'individuals', 'families']",215-332-8320,https://www.starofhopebc.org/weekly-bulletin,"7212 Keystone Street, Philadelphia, PA 19135","https://www.google.com/maps/?q=7212+Keystone+Street,+Philadelphia,+PA+19135/",['Anyone can access this program.'],available,"Star of Hope Baptist Church offers a food pantry which serves everyone from low income families, single parents, senior citizens, unemployed individuals, disabled veterans, working poor, and anyone else in need of assistance.This program provides: - Food to meet basic nutritional needs",['English'],Free,Yes,https://www.facebook.com/Star-of-Hope-Baptist-Church-147516732074440/,None,"This program covers residents of the following cities: Philadelphia, PA.",40.0271939,-75.034054,19135,No,Closed,11:00AM - 1:00PM,Closed,Closed,Closed,Closed,Closed,4.5,Food
Hunger Programs - Senior Citizen Boxes (Feast of Justice),https://www.auntbertha.com//feast-of-justice--philadelphia-pa--hunger-programs---senior-citizen-boxes/4899393198620672?postal=19112,['food pantry'],['food pantry'],"['anyone in need', 'all ages']",215-268-3510,http://www.feastofjustice.org,"3101 Tyson Avenue, Philadelphia, PA 19149","https://www.google.com/maps/?q=3101+Tyson+Avenue,+Philadelphia,+PA+19149/","['This program serves individuals living in one of these zip codes: 19111, 19114, 19115, 19116, 19124, 19135, 19136, 19149, 19152, 19154']",available,"Senior Citizen Boxes program offers plentiful programs to combat hunger in the community.This program provides:- A community cupboard, which provides families with emergency, supplemental food every month.Once you apply, it takes 1 to 2 months for your name to appear on the list.",['English'],Free,Yes,https://www.facebook.com/FeastOfJusticePhiladelphia/?view_public_for=170475529821804,,"This program covers residents of the following counties: Bucks County, PA, Chester County, PA, Delaware County, PA, Montgomery County, PA and Philadelphia County, PA.",40.0372113,-75.052399,19149,No,Closed,9:00AM - 12:00PM,10:00AM - 7:00PM,10:00AM - 12:00PM,10:00AM - 4:00PM,Closed,Closed,4.6,Food
Food Pantry (Episcopal Community Services),https://www.auntbertha.com//episcopal-community-services-%2528ecs%2529--philadelphia-pa--food-pantry/5643194546257920?postal=19112,"['emergency food', 'food pantry']","['emergency food', 'food pantry']","['anyone in need', 'all ages', 'individuals', 'families']",215-528-5400,https://ecsphilly.org/st-barnabas/,"6006 West Girard Avenue, Philadelphia, PA 19151","https://www.google.com/maps/?q=6006+West+Girard+Avenue,+Philadelphia,+PA+19151/",['Must reside in the Carroll Park West Philadelphia neighborhood.'],available,"Episcopal Community Services (ECS) offers a open choice food pantry to families and individuals who simply have fallen on hard times or recently unemployed and need assistance to make ends meet. Families receive bags of dry, canned, and jarred goods.This program provides:- Food to meet basic nutritional needsBecause supplies are limited, families can utilize the cupboard only once per month.",['English'],Free,Yes,https://www.facebook.com/ECSPhilly/,https://www.twitter.com/@ECSPhilly,"This program covers residents of the following cities: Philadelphia, PA.",39.9696013,-75.23993,19151,No,Closed,10:00 - 11:30AM,10:00 - 11:30AM,10:00 - 11:30AM,Closed,Closed,Closed,4.7,Food
Food Pantry (St Michaels Lutheran Church - Kensington),https://www.auntbertha.com//st-michaels-lutheran-church---kensington--philadelphia-pa--food-pantry/5012206950547456?postal=19112,['food pantry'],['food pantry'],"['anyone in need', 'all ages', 'individuals', 'families']",215-423-0792,https://www.ourlutherancommunity.org/,"2139 E Cumberland St, Philadelphia, PA 19125",https://www.google.com/maps/place/St+Michael's+Lutheran+Church+ELCA-Kensington,['Anyone in need can access this program.'],available,St. Michael's Food Pantry Ministry is dedicated to stepping up efforts to address food insecurity.  This program provides:- Food distribution to meet basic nutritional needs.Please call for more details. St. Michael's Food Pantry serves 20-40 families each week.,['English'],Free,Yes,https://www.facebook.com/stmichaelskensington/,None,"This program covers residents of the following cities: Philadelphia, PA.",39.9696301,-75.242527,19151,No,Closed,Closed,Closed,11:00AM - 12:00PM,Closed,Closed,Closed,4.7,Food
Food Pantry (Parkside Association of Philadelphia),https://www.auntbertha.com//parkside-association-of-philadelphia--philadelphia-pa--food-pantry/6699696089858048?postal=19112,['food pantry'],['food pantry'],"['anyone in need', 'all ages', 'individuals', 'families']",215-877-1198,http://www.parksideassociation.org,"5070 Parkside Avenue, Philadelphia, PA 19131","https://www.google.com/maps/?q=5070+Parkside+Avenue,+Philadelphia,+PA+19131/",['Anyone in need can access this program.'],available,Parkside Association of Philadelphia hosts a food pantry within their office for anyone in need throughout the community to visit. This program provides:- Food to meet basic nutritional needs,['English'],Free,Yes,None,None,"This program covers residents of the following cities: Philadelphia, PA.",39.9796583,-75.221242,19131,No,8:30AM - 4:00PM,8:30AM - 4:00PM,8:30AM - 4:00PM,8:30AM - 4:00PM,8:30AM - 1:00PM,Closed,Closed,4.5,Food
Food Pantry (St. Paul Metropolitan A.M.E. Church),https://www.auntbertha.com//st.-paul-metropolitan-a.m.e.-church--philadelphia-pa--food-pantry/5184746006904832?postal=19118,['food pantry'],['food pantry'],"['anyone in need', 'all ages', 'individuals', 'families']",215-365-3330,http://www.spmame.org/,"8398 Lindbergh Boulevard, Philadelphia, PA 19153","https://www.google.com/maps/?q=8398+Lindbergh+Boulevard,+Philadelphia,+PA+19153/",['Anyone can access this program.'],available,St. Paul Metropolitan A.M.E. Church provides a food pantry for members of their community. The food pantry serves close to 100 families each Thursday.This program provides:- Food to meet basic nutritional needs,['English'],Free,Yes,None,None,"This program covers residents of the following cities: Philadelphia, PA.",39.8977253,-75.251502,19153,No,Closed,Closed,Closed,8:00AM - 5:00PM,Closed,Closed,Closed,4.7,Food
Food Pantry (Church of the Holy Apostles and the Mediator),https://www.auntbertha.com//church-of-the-holy-apostles-and-the-mediator--philadelphia-pa--food-pantry/6220814712832000?postal=19118,['food pantry'],['food pantry'],"['all ages', 'individuals', 'families']",267-908-3287,https://www.hamphilly.org/copy-of-ministries,"260 South 51st Street, Philadelphia, PA 19139","https://www.google.com/maps/?q=260+South+51st+Street,+Philadelphia,+PA+19139/",['This program serves individuals and families who are facing food insecurity.'],available,The Community Food Ministry distributes food monthly to community members in need. This program provides:- Food to meet basic nutritional needs,['English'],Free,Yes,None,None,"This program covers residents of the following counties: Philadelphia County, PA.",39.9548575,-75.224341,19139,No,Closed,Closed,10:30AM - 12:00PM,Closed,Closed,Closed,Closed,4.4,Food
Food Pantry (Second Baptist Church of Frankford),https://www.auntbertha.com//second-baptist-church-of-frankford--philadelphia-pa--food-pantry/5609280872120320?postal=19118,['food pantry'],['spiritual support'],"['all ages', 'individuals', 'families']",215-533-6222,http://www.mysbcfrankford.org/about.html,"1801 Meadow Street, Philadelphia, PA 19124","https://www.google.com/maps/?q=1801+Meadow+Street,+Philadelphia,+PA+19124/",['Anyone can access this program.'],available,"Second Baptist Church of Frankford's food pantry provides quality food items to households experiencing food insecurity. This program supplies critical nutrition to hungry individuals and families. This program provides:- Food to meet basic nutritional needsCall for details on eligibility, hours, and days to get service.",['English'],Free,Yes,https://www.facebook.com/mysbcfrankford/,None,"This program covers residents of the following cities: Philadelphia, PA.",40.0136253,-75.079959,19124,No,Closed,10:00AM - 2:00PM,Closed,10:00AM - 2:00PM,Closed,Closed,10:45AM - 1:45PM,4.7,Food
Human Services (African Family Health Organization),https://www.auntbertha.com//african-family-health-organization-%2528afaho%2529--philadelphia-pa--human-services/5355967947210752?postal=19118,"['temporary shelter', 'food pantry', 'mental health care', 'navigating the system', 'case management']","['temporary shelter', 'food pantry', 'mental health care', 'navigating the system', 'case management']","['all ages', 'immigrants', 'refugees', 'individuals', 'families']",215-546-1232,http://afaho.org/human-services/,"2420 South 45th Street, Philadelphia, PA 19143","https://www.google.com/maps/?q=2420+South+45th+Street,+Philadelphia,+PA+19143/",['This program serves African and Caribbean immigrants/refugees.'],available,"Multi-lingual and bi-cultural case managers assist clients in mitigating the myriad of barriers they face in accessing critical health and social services which play a vital role in their successful integration, improved health, and ability to be self-sufficient. This program provides:- Behavioral health - Domestic violence awareness and support- Housing assistance and monthly food assistance- Elders' programming- Individual case management- Family case management","['Arabic', 'English', 'French', 'Kinyarwanda', 'Swahili', 'Yoruba']",Free,Yes,https://www.facebook.com/The-Salvation-Army-Nampa-Idaho-208522825852957/,https://www.twitter.com/@AFAHO,"This program covers residents of the following cities: Philadelphia, PA.",39.9454475,-75.208596,19143,No,8:00AM - 5:00PM,8:00AM - 5:00PM,8:00AM - 5:00PM,8:00AM - 5:00PM,8:00AM - 5:00PM,Closed,Closed,0,Food
Food Pantry (Crusaders for Christ Church),https://www.auntbertha.com//crusaders-for-christ-church--philadelphia-pa--food-pantry/5683489540931584?postal=19118,['food pantry'],['food pantry'],"['all ages', 'individuals', 'families']",215-387-3014,https://crusadersforchristpa.org/,"1201 South 47th Street, Philadelphia, PA 19143","https://www.google.com/maps/?q=1201+South+47th+Street,+Philadelphia,+PA+19143/",['Anyone can access this program.'],available,Crusaders for Christ Church provides supplemental groceries to individuals and families in need of assistance in our community. This program provides:- Food to meet basic nutritional needsPlease contact this provider to see when the pantry is available.,['English'],Free,Yes,https://www.facebook.com/MyCFC1/,https://www.twitter.com/@CFC_PA1,"This program covers residents of the following cities: Philadelphia, PA.",39.9448797,-75.212219,19143,No,8:00AM - 5:00PM,8:00AM - 5:00PM,8:00AM - 5:00PM,8:00AM - 5:00PM,8:00AM - 5:00PM,Closed,Closed,4.3,Food
Supportive Services (The Attic Youth Center),https://www.auntbertha.com//the-attic-youth-center--philadelphia-pa--supportive-services/6051122713985024?postal=19118,"['food pantry', 'meals', 'health education', 'sex education', 'computer or internet access', 'case management', 'one-on-one support', 'support groups', 'more education', 'tutoring', 'skills & training']","['food pantry', 'meals', 'health education', 'sex education', 'computer or internet access', 'case management', 'one-on-one support', 'support groups', 'more education', 'tutoring', 'skills & training']","['young adults', 'teens', 'infectious disease', 'hiv/aids', 'individuals', 'lgbtqia+']",215-545-4331,https://atticyouthcenter.org/supportive-services/,"255 South 16th Street, Philadelphia, PA 19102","https://www.google.com/maps/?q=255+South+16th+Street,+Philadelphia,+PA+19102/",['This program helps people who are 14 to 23 years old.'],available,"The Attic Youth Center offers Supportive Services to assist LGBTQ youth in building the skills necessary to succeed in school, their jobs or careers, and the community.This program provides:- Meals- Food pantry- Safer sex supplies- One-on-one support- Support groups- Tutoring- Case management- Internship opportunities- Computer and wifi access",['English'],Free,Yes,https://www.facebook.com/pages/The-Attic-Youth-Center/101066143279182,None,"This program covers residents of the following counties: Montgomery County, PA and Philadelphia County, PA.",39.9477596,-75.167854,19102,No,10:00AM - 6:00PM,11:00AM - 7:00PM,11:00AM - 7:00PM,11:00AM - 7:00PM,11:00AM - 7:00PM,Closed,Closed,4.6,Food
Food Cupboard (The Church of St. Andrew and St. Monica),https://www.auntbertha.com//the-church-of-st.-andrew-%2526-st.-monica--philadelphia-pa--food-cupboard/6520871286734848?postal=19127,['food pantry'],['food pantry'],"['anyone in need', 'all ages', 'individuals', 'families']",215-222-7606,http://www.ssandrewmonica.org/ministries.html,"3600 Baring Street, Philadelphia, PA 19104","https://www.google.com/maps/?q=3600+Baring+Street,+Philadelphia,+PA+19104/",['Anyone can access this program.'],available,The food pantry provides quality food items to households experiencing food insecurity. This program supplies critical nutrition to hungry individuals and families. This program provides:- Food to meet basic nutritional needs,['English'],Free,Yes,https://www.facebook.com/ssandrewmonica/?rf=117087431642346,https://www.twitter.com/@ssAndrewMonica,"This program covers residents of the following counties: Philadelphia County, PA.",39.960617,-75.194345,19104,No,Closed,Closed,Closed,Closed,Closed,9:30 - 11:00AM,Closed,4.7,Food
Helping Hands For The Hungry (Saint Cyprian Church),https://www.auntbertha.com//st.-cyprian-church--philadelphia-pa--helping-hands-for-the-hungry/5375543808360448?postal=19127,"['food pantry', 'meals', 'clothing', 'spiritual support']","['food pantry', 'meals', 'clothing', 'spiritual support']","['anyone in need', 'all ages', 'individuals', 'families']",215-747-3250,https://saintcyprianchurch.org/hope-ministries/,"525 Cobbs Creek Parkway, Philadelphia, PA 19143","https://www.google.com/maps/?q=525+Cobbs+Creek+Parkway,+Philadelphia,+PA+19143/",['Anyone can access this program.'],available,"Helping Hands for the Hungry is a ministry that serves the needy on the last Saturday of each month. Our volunteers provide a delicious hot meal, food bags, clothing, but most importantly prayer and Godâ€™s Word.This program provides:- Meals- Food pantry- Clothing",['English'],Free,Yes,https://www.facebook.com/StCyprianPhilly/,https://www.twitter.com/@StCyprianPhilly,"This program covers residents of the following counties: Philadelphia County, PA.",39.9539798,-75.248341,19143,No,9:30 - 11:15AM,Closed,9:30 - 11:15AM,Closed,Closed,Closed,Closed,3.3,Food
Our Closet in Your Neighborhood (Jewish Family and Children's Service of Greater Philadelphia),https://www.auntbertha.com//jewish-family-and-children%2527s-service-of-greater-philadelphia-%2528jfcs%2529--philadelphia-pa--our-closet-in-your-neighborhood-%2528ociyn%2529/5062487914577920?postal=19127,"['emergency food', 'food pantry', 'help find housing', 'housing advice', 'clothing', 'navigating the system']","['emergency food', 'food pantry', 'help find housing', 'housing advice', 'clothing', 'navigating the system']","['anyone in need', 'all ages', 'individuals', 'families']",267-256-2179,https://jfcsphilly.org/our-closet-in-your-neighborhood/,"19 South 38th Street, Philadelphia, PA 19104","https://www.google.com/maps/?q=19+South+38th+Street,+Philadelphia,+PA+19104/",['Anyone can access this program.'],available,"Our Closet In Your Neighborhood (OCIYN) is a free mobile program that provides basic necessities of food and clothing, as well as access to services and benefits, to families and individuals in need. The bus visits host sites in under-resourced neighborhoods and central locations with fresh, healthy produce and pantry staples, a mini pop-up clothing shop, and an onsite social worker. 

This program provides: 

- Food
- Clothing
- Navigation services

Visitors receive fresh, locally-sourced produce and pantry staples and are welcome to shop for 10 free, quality items of clothing, shoes, and accessories per person (with a limit of 25 total per family to allow for all to receive what they need). A JFCS social worker is present at every OCIYN event to connect those in need to additional services and benefits for which they may be eligible.

OCIYN also provides customized packages of emergency clothing delivered straight to those in need, as well as food package delivery to homebound clients. 

To learn more about these services or upcoming pop-up events, contact 267-256-2179 or [emailÂ protected].",['English'],Free,Yes,https://www.facebook.com/OurClosetIYN/,https://www.twitter.com/@OurClosetIYN,"This program covers residents of the following cities: Philadelphia, PA.",39.9557056,-75.198047,19104,No,9:00AM - 5:00PM,9:00AM - 5:00PM,9:00AM - 5:00PM,9:00AM - 5:00PM,9:00AM - 5:00PM,Closed,Closed,4.9,Food
Food Pantry (Grace Community Christian Center),https://www.auntbertha.com//grace-community-christian-center--philadelphia-pa--food-pantry/6223467727552512?postal=19122,['food pantry'],['food pantry'],"['anyone in need', 'all ages', 'individuals', 'families']",215-848-2700,http://www.gracebaptistgtn.org/ministries/g-c-c-c,"25 West Johnson Street, Philadelphia, PA 19144","https://www.google.com/maps/?q=25+West+Johnson+Street,+Philadelphia,+PA+19144/",['Anyone can access this program.'],temporarily closed,Grace Community Christian Center food pantry provides supplemental groceries to individuals and families in need of assistance in the community. This program provides:- Food to meet basic nutritional needs,['English'],Free,Yes,https://www.facebook.com/pg/TheGraceBaptistChurchofGermantown/about/?ref=page_internal,None,"This program covers residents of the following cities: Philadelphia, PA.",40.045458,-75.182896,19144,No,10:00AM - 1:00PM,10:00AM - 1:00PM,10:00AM - 1:00PM,10:00AM - 1:00PM,10:00AM - 1:00PM,Closed,Closed,3.5,Food
Food for Hope Pantry (Memorial Presbyterian Church of Fox Chase),https://www.auntbertha.com//memorial-presbyterian-church-of-fox-chase-%2528mpcfc%2529--philadelphia-pa--food-for-hope-pantry/5650726659162112?postal=19122,['food pantry'],['food pantry'],"['anyone in need', 'all ages', 'individuals', 'families']",215-745-2844,https://sites.google.com/site/foxchasechurch/food-for-hope-pantry,"7902 Oxford Avenue, Philadelphia, PA 19111","https://www.google.com/maps/?q=7902+Oxford+Avenue,+Philadelphia,+PA+19111/",['This program serves individuals and families in Fox Chase and surrounding neighborhoods.'],available,The food pantry provides quality food items to households experiencing food insecurity for individuals and families in Fox Chase and surrounding neighborhoods. This program supplies critical nutrition to hungry individuals and families. This program provides:- Food to meet basic nutritional needsThis program operates on the Second and Fourth Saturdays of each month.,['English'],Free,Yes,https://www.facebook.com/FoxChaseChurch/,,"This program covers residents of the following cities: Philadelphia, PA.",40.0748272,-75.085106,19111,No,Closed,Closed,Closed,Closed,Closed,9:00AM - 12:00PM,Closed,4.8,Food
The Table Food Pantry (Roxborough Church),https://www.auntbertha.com//roxborough-church--philadelphia-pa--the-table-food-pantry/6305745677844480?postal=19122,['food pantry'],['food pantry'],"['anyone in need', 'all ages', 'individuals', 'families', 'low-income']",215-483-2762,https://www.roxboroughchurch.org/the-table,"8230 Ridge Avenue, Philadelphia, PA 19128","https://www.google.com/maps/?q=8230+Ridge+Avenue,+Philadelphia,+PA+19128/",['Anyone can access this program.'],available,"The Table provides food assistance to all those in need in the Roxborough Community, with most participants being seniors, at-risk, and low-income families.This program provides: - Food to meet basic nutritional needsThe pantry currently offers an indoor walk-through experience for all guests. Hours are on Thursdays from 10:00 a.m. - 12:00 p.m. On holidays, these hours will be rescheduled.",['English'],Free,Yes,https://www.facebook.com/RoxboroughChurch/,None,"This program covers residents of the following counties: Philadelphia County, PA.",40.0589874,-75.238289,19128,No,Closed,Closed,Closed,10:00AM - 12:00PM,Closed,Closed,Closed,4.8,Food
Senior Box Program (The Share Food Program),https://www.auntbertha.com//the-share-food-program--philadelphia-pa--senior-box-program-%2528csfp%2529/6572776299298816?postal=19122,"['food delivery', 'food pantry']","['food delivery', 'food pantry']","['seniors', 'all disabilities', 'limited mobility', 'low-income']",215-223-2220,https://www.sharefoodprogram.org/our-programs/food-for-seniors/,"2901 W Hunting Park Ave, Philadelphia, PA 19129","https://www.google.com/maps/place/2901+W+Hunting+Park+Ave,+Philadelphia,+PA+19129","['This program helps people with income at or below 130% of federal poverty guidelines.', 'This program helps people who are older than 59 years old.']",waitlist,"The Share Food Program's Senior Box Program (CSFP) provides food to qualifying seniors. Food boxes can be picked up at a distribution site or delivered to home-bound individuals in need.This program provides:- Food to meet basic nutritional needs.This program operates on a waitlist, please fill out the form on their website.","['English', 'Spanish']",Free,Yes,https://www.facebook.com/SHAREFood/,https://www.twitter.com/@sharefoodphilly,"This program covers residents of the following counties: Chester County, PA, Montgomery County, PA and Philadelphia County, PA.",40.0061156,-75.1805122,19129,No,8:30AM - 4:30PM,6:00AM - 6:00PM,6:00AM - 6:00PM,6:00AM - 6:00PM,6:00AM - 6:00PM,8:30AM - 4:30PM,Closed,4.6,Food
Food Pantry (United Methodist Neighborhood Services),https://www.auntbertha.com//united-methodist-neighborhood-services--philadelphia-pa--food-pantry/4918708705951744?postal=19123,"['food pantry', 'clothing']","['food pantry', 'clothing']","['anyone in need', 'all ages', 'individuals', 'families']",215-236-0304,https://www.epaumc.org/ministry/mission-outreach/umns/,"1209 West Lehigh Avenue, Philadelphia, PA 19133","https://www.google.com/maps/?q=1209+West+Lehigh+Avenue,+Philadelphia,+PA+19133/",['Anyone can access this program.'],available,United Methodist Neighborhood Services's Food Pantry provides quality food items to households experiencing food insecurity. This program supplies critical nutrition to hungry individuals and families. This program provides:- Food to meet basic nutritional needs- Clothing,['English'],Free,Yes,https://www.facebook.com/United-Methodist-Neighborhood-Services-155010847871753/?hc_ref=ARQ4i8R02aQZmDNl6gunqWkKjrel99ecf4-NJMCSh7nW77GyS4M3dY35eSwlS176X_g&fref=nf,https://x.com/@epaumc,"This program covers residents of the following cities: Philadelphia, PA.",39.9937545,-75.151194,19133,No,10:00AM - 12:00PM,Closed,10:00AM - 12:00PM,Closed,Closed,Closed,Closed,0,Food
Food Bag Distribution (Bethel Presbyterian Church),https://www.auntbertha.com//bethel-presbyterian-church--philadelphia-pa--food-bag-distribution/5084256156778496?postal=19123,"['food pantry', 'meals', 'clothing']","['food pantry', 'meals', 'clothing']","['anyone in need', 'all ages', 'individuals', 'families']",215-228-0328,https://www.bethelpresbyterian.site/our-ministries,"1900 West York Street, Philadelphia, PA 19132","https://www.google.com/maps/?q=1900+West+York+Street,+Philadelphia,+PA+19132/",['Anyone can access this program.'],available,"Bethel Presbyterian Church offers a weekly Food Bag Distribution to support people in the community who are in need of food, clothing and other resources.Services include:- Food to meet basic nutritional needs- ClothingFood bags will be distributed on Thursdays from 12 - 2pm.",['English'],Free,Yes,https://www.facebook.com/Bethelscommunitymission,None,"This program covers residents of the following counties: Philadelphia County, PA.",39.99029,-75.163932,19132,No,Closed,Closed,Closed,12:00PM - 2:00PM,Closed,Closed,Closed,4.9,Food
Food Pantry (Bless Philadelphia),https://www.auntbertha.com//bless-philadelphia--philadelphia-pa--food-pantry/5300839758692352?postal=19123,['food pantry'],['food pantry'],"['anyone in need', 'all ages', 'individuals', 'families']",None,https://www.blessphiladelphia.com/programs/food-pantry,"4610 Devereaux Street, Philadelphia, PA 19135","https://www.google.com/maps/?q=4610+Devereaux+Street,+Philadelphia,+PA+19135/",['Anyone in need can access this program.'],available,"Bless Philadelphia promotes the Peace, Prosperity, Health and Safety of Philadelphians through compassionate community engagement. The food pantry serves residents of Philadelphia who complete a TEFAP self-declaration of need form (available on site) once per calendar year.  No ID is requiredThis program provides:- Food to meet basic nutritional needs",['English'],Free,Yes,https://www.facebook.com/blessphiladelphia/,None,"This program covers residents of the following cities: Philadelphia, PA.",40.0201525,-75.056666,19135,No,Closed,Closed,12:00PM - 5:00PM,Closed,9:00AM - 2:00PM,Closed,1:00PM - 1:30PM,5,Food
2 Fish 5 Loaves (Upper Room Baptist Church),https://www.auntbertha.com//upper-room-baptist-church--philadelphia-pa--2-fish-5-loaves/6666371970760704?postal=19124,['food pantry'],['food pantry'],"['anyone in need', 'all ages']",267-593-4989,https://urmbc.org/community-outreach/,"7236 Ogontz Avenue, Philadelphia, PA 19138","https://www.google.com/maps/?q=7236+Ogontz+Avenue,+Philadelphia,+PA+19138/",['Anyone can access this program.'],available,The Room hosts a free food pantry to serve the members of the community fight hunger. This program provides:- Food to meet basic nutritional needs,['English'],Free,Yes,https://www.facebook.com/groups/2460515280695286/,None,"This program covers residents of the following cities: Philadelphia, PA.",40.064768,-75.15504,19138,No,10:00AM - 12:00PM,8:30 - 10:30AM,8:30 - 10:30AM,10:00AM - 12:00PM,8:30 - 10:30AM,Closed,Closed,4.6,Food
Food Pantry (Upper Room Missionary Baptist Church),https://www.auntbertha.com//upper-room-missionary-baptist-church--philadelphia-pa--food-pantry/5789625901776896?postal=19124,['food pantry'],['food pantry'],"['anyone in need', 'all ages']",267-593-4989,https://urmbc.org/,"7236 Ogontz Avenue, Philadelphia, PA 19138","https://www.google.com/maps/?q=7236+Ogontz+Avenue,+Philadelphia,+PA+19138/",['This program serves anyone in need.'],available,Upper Room Missionary Baptist Church offers quality food items to households experiencing food insecurity. This program supplies critical nutrition to hungry individuals and families. This program provides:- Food to meet basic nutritional needs,['English'],Free,Yes,https://www.facebook.com/Upper-Room-Missionary-Baptist-Church-2195510364097911/,None,"This program covers residents of the following cities: Philadelphia, PA.",40.064768,-75.15504,19138,No,10:00AM - 12:00PM,9:00 - 11:00AM,8:30 - 10:00AM,10:00AM - 12:00PM,9:00 - 11:00AM,Closed,Closed,4.6,Food
Whole Foods Distribution (St. Peter's Evangelical Lutheran Church),https://www.auntbertha.com//st.-peter%2527s-evangelical-lutheran-church--philadelphia-pa--whole-foods-distribution/4649723083096064?postal=19124,['food pantry'],['food pantry'],"['anyone in need', 'all ages', 'individuals', 'families']",215-424-5122,http://www.stpeterswol.org/community/whole-foods-ministry/,"2167 74th Avenue, Philadelphia, PA 19138","https://www.google.com/maps/?q=2167+74th+Avenue,+Philadelphia,+PA+19138/",['Anyone can access this program.'],available,"St. Peter's offers a twice monthly fresh food distribution to anyone who is in need in the community. Services provided:- Fresh food to meet basic nutritional needs The only information required is a name, number of people in the household, and a phone number.",['English'],Free,Yes,https://www.facebook.com/StPeterswol/,None,"This program covers residents of the following counties: Philadelphia County, PA.",40.0676098,-75.153953,19138,No,Closed,Closed,10:30AM - 12:00PM,Closed,Closed,Closed,Closed,5,Food
Food Pantry (Women Walking in Victory Service Center),https://www.auntbertha.com//women-walking-in-victory-service-center--philadelphia-pa--food-pantry/6298939728723968?postal=19124,['food pantry'],['food pantry'],"['anyone in need', 'all ages', 'individuals', 'families']",215-908-5286,https://wwiv-sc.com/,"2441 North 29th Street, Philadelphia, PA 19132","https://www.google.com/maps/?q=2441+North+29th+Street,+Philadelphia,+PA+19132/",['Anyone can access this program.'],available,The food pantry provides quality food items to households experiencing food insecurity. This program supplies critical nutrition to hungry individuals and families. This program provides:- Food to meet basic nutritional needs,['English'],Free,Yes,None,None,"This program covers residents of the following cities: Philadelphia, PA.",39.9933572,-75.179185,19132,No,Closed,9:00 - 11:00AM,Closed,Closed,Closed,Closed,Closed,2.9,Food
Commodity Supplemental Food Program(CSFP)/Senior (Philabundance),https://www.auntbertha.com//philabundance--philadelphia-pa--commodity-supplemental-food-program%2528csfp%2529-senior/5692243664961536?postal=19124,['food pantry'],['food pantry'],"['seniors', 'individuals', 'low-income']",215-339-0900,https://www.philabundance.org/find-food/food-support-for-seniors/,"302 West Berks Street, Philadelphia, PA 19122","https://www.google.com/maps/?q=302+West+Berks+Street,+Philadelphia,+PA+19122/","['This program helps people who are older than 59 years old.', 'This program helps people with income at or below 130% of federal poverty guidelines.', 'A resident of PA (Delaware or Philadelphia County)']",waitlist,"The Commodity Supplemental Food Program (CSFP) provides USDA-donated food to low-income seniors through monthly CSFP/senior boxes. Philabundance packs and distributes these boxes to strategically chosen locations throughout the Delaware Valley.This program provides:- Food to meet basic nutritional needs Boxes contain approximately 30 pounds of canned and boxed food including vegetables, fruit, juice, pasta, milk, cereal, canned meat and a non-meat protein.","['Arabic', 'Chinese', 'English', 'Haitian', 'Korean', 'Nepali', 'Russian', 'Spanish', 'Ukrainian', 'Vietnamese']",Free,Yes,https://facebook.com/Philabundance,https://www.twitter.com/http://twitter.com/Philabundance,"This program covers residents of the following counties: Delaware County, PA and Philadelphia County, PA.",39.978413,-75.140854,19122,No,8:30AM - 4:30PM,8:30AM - 4:30PM,8:30AM - 4:30PM,8:30AM - 4:30PM,8:30AM - 4:30PM,Closed,Closed,4.6,Food
Food Pantry (Mizpah Seventh Day Adventist Church),https://www.auntbertha.com//mizpah-seventh-day-adventist-church--philadelphia-pa--food-pantry/5440525052936192?postal=19111,['food pantry'],['spiritual support'],"['anyone in need', 'all ages', 'individuals', 'families']",215-535-5995,https://mizpahpa.adventistchurch.org/,"4355 Paul Street, Philadelphia, PA 19124","https://www.google.com/maps/?q=4355+Paul+Street,+Philadelphia,+PA+19124/",['Anyone can access this program.'],available,"Mizpah Seventh Day Adventist Church helps alleviate hunger in our community in an environment of respect, care and hospitality.Service:- Foods to meet basic nutritional needsClients may visit our food pantry 1 time a week. Please call for any updated information. We give out clothing to those in need men, women and children all are welcome.",['English'],Free,Yes,https://www.facebook.com/mizpahsda.16503/,None,"This program covers residents of the following counties: Philadelphia County, PA.",40.0116705,-75.085981,19124,No,Closed,10:00AM - 12:30PM,Closed,10:00AM - 12:30PM,Closed,Closed,Closed,4.7,Food
Food Pantry (Holy Innocents Parish),https://www.auntbertha.com//holy-innocents-parish--philadelphia-pa--food-pantry/5191362260238336?postal=19111,['food pantry'],['food pantry'],"['anyone in need', 'all ages', 'individuals', 'families', 'low-income']",215-743-2600,https://www.holyinnocentsrc.org/,"1337 East Hunting Park Avenue, Philadelphia, PA 19124","https://www.google.com/maps/?q=1337+East+Hunting+Park+Avenue,+Philadelphia,+PA+19124/",['Anyone can access this program.'],available,"Our food pantry serves everyone from low income families, single parents, senior citizens, unemployed individuals, disabled veterans, working poor, and anyone else in need of our assistance.This program provides:- Food to meet basic nutritional needs",['English'],Free,Yes,https://www.facebook.com/HolyInnocentsParish,https://www.twitter.com/https://www.youtube.com/channel/UCYquAEBK6ACcg2kPwL7XR1g,"This program covers residents of the following cities: Philadelphia, PA.",40.0110273,-75.100968,19124,No,Closed,Closed,Closed,10:00AM - 2:00PM,10:00AM - 2:00PM,Closed,Closed,4.7,Food
Food Pantry (Mission of St. Joan of Arc),https://www.auntbertha.com//mission-of-st.-joan-of-arc--philadelphia-pa--food-pantry/6017524549025792?postal=19111,['food pantry'],['food pantry'],"['anyone in need', 'all ages', 'individuals', 'families']",215-535-4641,https://www.holyinnocentsrc.org/joanofarc,"2025 East Atlantic Street, Philadelphia, PA 19134","https://www.google.com/maps/?q=2025+East+Atlantic+Street,+Philadelphia,+PA+19134/",['Anyone can access this program.'],available,The food pantry provides quality food items to households experiencing food insecurity. This program supplies critical nutrition to hungry individuals and families. This program provides:- Food to meet basic nutritional needs,['English'],Free,Yes,https://www.facebook.com/HolyInnocentsParish,None,"This program covers residents of the following counties: Philadelphia County, PA.",39.9979138,-75.102656,19134,No,10:00AM - 12:00PM,Closed,Closed,10:00AM - 12:00PM,Closed,Closed,Closed,4.9,Food
Food Pantry (Praise the Living God Holiness Church),https://www.auntbertha.com//praise-the-living-god-holiness-church--philadelphia-pa--food-pantry/5654950242418688?postal=19111,['food pantry'],['food pantry'],"['anyone in need', 'all ages']",215-847-0965,None,"3610 North 15th Street, Philadelphia, PA 19140","https://www.google.com/maps/?q=3610+North+15th+Street,+Philadelphia,+PA+19140/",['Anyone can access this program.'],available,Praise the Living God Holiness Church extends a helping hand to individuals and families who are in need of food assistance.This program provides:- Food to meet basic nutritional needs,['English'],Free,Yes,None,None,"This program covers residents of the following cities: Philadelphia, PA.",40.0082566,-75.153406,19140,No,5:30PM - 6:30PM,Closed,Closed,Closed,Closed,Closed,Closed,0,Food
Food Pantry (Rock Ministries of Philadelphia),https://www.auntbertha.com//rock-ministries-of-philadelphia--philadelphia-pa--food-pantry/5640139036164096?postal=19111,"['emergency food', 'food pantry', 'clothing', 'navigating the system', 'spiritual support']","['help find housing', 'addiction & recovery']","['anyone in need', 'all ages', 'individuals', 'families', 'homeless', 'substance dependency', 'alcohol dependency']",215-739-3927,https://www.therockphilly.org/,"2755 Kensington Avenue, Philadelphia, PA 19134","https://www.google.com/maps/?q=2755+Kensington+Avenue,+Philadelphia,+PA+19134/",['Anyone can access this program.'],available,"Rock Ministries of Philadelphia offers their food pantry and community outreach services to supply food, clothing, and resources to all people in need.This program provides:- Food distribution- Clothing- Help finding treatment options, such as detox- Help finding shelter- Faith based supportAnyone in need of emergency food or clothing can call to request assistance. Those in need of non-emergency food or clothing can visit the church after service on Sunday to sign up. After signing up, individuals can pick up the items on the following Wednesday.",['English'],Free,Yes,https://www.facebook.com/therockministry,None,"This program covers residents of the following cities: Philadelphia, PA.",39.9907975,-75.123285,19134,No,Closed,Closed,8:00AM - 5:00PM,Closed,Closed,Closed,11:00AM - 1:00PM,4.6,Food
Food Pantry (The North Light Community Center),https://www.auntbertha.com//the-north-light-community-center--philadelphia-pa--food-pantry/5763940362747904?postal=19118,['food pantry'],['food pantry'],"['anyone in need', 'all ages', 'individuals', 'families', 'low-income']",215-483-4800,https://www.northlightcommunitycenter.org/emergency-assistance/,"175 Green Lane, Philadelphia, PA 19127","https://www.google.com/maps/?q=175+Green+Lane,+Philadelphia,+PA+19127/",['Must meet income guidelines.'],available,"The North Light Community Center provides a food pantry for food insecure households who need access to fresh food, nonperishable food, and other grocery related items. They seek to provide nutritional foods to constituents who depend on the program to supplement and sustain their households.This program provides:- Food to meet basic nutritional needs.If you are coming for the first time, please download and fill out the application form and email it to [emailÂ protected]. North Light provides several Holiday Assistance programs in November and December, such as Thanksgiving boxes, Manayunk Meals & More, and Adopt-a-Family! For more information, check back in late.",['English'],Free,Yes,https://www.facebook.com/NorthLightCommunityCenter/,https://www.twitter.com/@NorthLight4,"This program covers residents of the following cities: Philadelphia, PA.",40.0286777,-75.22449,19127,No,10:30 - 11:30AM,Closed,Closed,Closed,11:30AM - 12:30PM,Closed,Closed,4.5,Food
Food Cupboard (Germantown Avenue Crisis Ministry),https://www.auntbertha.com//germantown-avenue-crisis-ministry-%2528gacm%2529--philadelphia-pa--food-cupboard/5535605282832384?postal=19118,['food pantry'],['personal care items'],"['anyone in need', 'all ages', 'individuals', 'low-income', 'in crisis']",215-843-2340,https://www.crisisministry.org/food-cupboard,"35 West Chelten Avenue, Philadelphia, PA 19144","https://www.google.com/maps/?q=35+West+Chelten+Avenue,+Philadelphia,+PA+19144/",['Must reside in coverage area to receive assistance.'],available,"Each week we supply 50 - 60 households with packages that include fresh and non-perishable foods. Using prescribed products and quantities, you are invited into the cupboard to choose the items you need. Packages supply food for 3 days and may be received once within a 30- day period.  This program provides:- Food to meet basic nutritional needsWhen available, personal hygiene items, baby products, and household cleaning supplies are provided for you.",['English'],Free,Yes,None,None,"This program covers residents of the following postal codes: 19126, 19138, 19144, 19150, 19118 and 19119.",40.0353389,-75.175833,19144,No,Closed,Closed,Closed,10:00AM - 12:00PM,Closed,Closed,Closed,4.3,Food
SFHF Food Bank (Summers Home for Hope),https://www.auntbertha.com//summers-home-for-hope-%2528shfh%2529--philadelphia-pa--sfhf-food-bank/6622818784641024?postal=19102,['food pantry'],['food pantry'],"['anyone in need', 'all ages', 'individuals', 'families']",267-512-1617,https://www.summershomeforhope.org/child-family-program,"814 North 41st Street, Philadelphia, PA 19104","https://www.google.com/maps/?q=814+North+41st+Street,+Philadelphia,+PA+19104/",['Anyone can access this program.'],available,The food pantry provides quality food items to households experiencing food insecurity. This program supplies critical nutrition to hungry individuals and families. This program provides:- Food to meet basic nutritional needsPlease bring a bag or shopping cart to collect food.,['English'],Free,Yes,https://www.facebook.com/summershomeforhope/?ref=bookmarks,https://www.twitter.com/@shomeforhope,"This program covers residents of the following counties: Philadelphia County, PA.",39.968016,-75.206044,19104,No,12:00PM - 6:00PM,Closed,Closed,Closed,Closed,9:00 - 11:00AM,Closed,2.3,Food
Food Cupboard (Second Antioch Baptist Church),https://www.auntbertha.com//second-antioch-baptist-church--philadelphia-pa--food-cupboard/5647600033464320?postal=19102,['food pantry'],['food pantry'],"['anyone in need', 'all ages', 'individuals', 'families']",215-387-6774,http://secondantiochbaptist.org/our-calendar/,"912 North 41st Street, Philadelphia, PA 19104","https://www.google.com/maps/?q=912+North+41st+Street,+Philadelphia,+PA+19104/",['Anyone in need can access this program.'],available,The Second Antioch Baptist Church's Food Cupboard helps alleviate hunger in the community. This program provides:- Food to meet basic nutritional needsThe pantry is available weekly on Wednesdays 12 p.m. - 2 p.m. and Saturdays 9 a.m. - 11 a.m. Organic foods are available Mondays 11 a.m. - 12 p.m.,['English'],Free,Yes,https://www.facebook.com/secondantioch/,,"This program covers residents of the following cities: Philadelphia, PA.",39.9707166,-75.206198,19104,No,11:30AM - 12:00PM,Closed,12:00PM - 2:00PM,Closed,Closed,6:00 - 8:00AM,Closed,4.7,Food
Soup Kitchen and Food Pantry (Zion Hill Baptist Church),https://www.auntbertha.com//zion-hill-baptist-church--philadelphia-pa--soup-kitchen-and-food-pantry/6661798393806848?postal=19102,"['food pantry', 'meals']","['food pantry', 'meals']","['anyone in need', 'all ages']",215-748-1203,https://m.facebook.com/login.php?next=https%3A%2F%2Fm.facebook.com%2FZion-African-Methodist-Episcopal-Church-213354072130438%2F&refsrc=deprecated&_rdr,"5301 Spruce Street, Philadelphia, PA 19139","https://www.google.com/maps/?q=5301+Spruce+Street,+Philadelphia,+PA+19139/",['Anyone in need can access this program.'],available,"Zion Hill Baptist Church's soup kitchen and food pantry help alleviate hunger in the community in an environment of respect, care and hospitality. This program provides:- Food to meet basic nutritional needs- Hot mealsPlease call for more information.",['English'],Free,Yes,https://www.facebook.com/Zion-Hill-Baptist-Church-Philadelphia-PA-841768162520512/?eid=ARCkxui_8LIvGbZQ6UhXbm2KS0Fj10lgl2CY2g0bI_Ca8yxY2DXbcLOd3VEXfSKLAWEU_e-13ZlKQ-Y1food,None,"This program covers residents of the following cities: Philadelphia, PA.",39.9552482,-75.228675,19139,No,Closed,9:00 - 11:30AM,Closed,Closed,Closed,Closed,Closed,4.7,Food
Let's Eat Program (Philabundance),https://www.auntbertha.com//philabundance--philadelphia-pa--let%2527s-eat-program/5769898052681728?postal=19115,"['food pantry', 'meals', 'nutrition education']","['food pantry', 'meals', 'nutrition education']","['teens', 'children', 'families']",215-339-0900,https://www.philabundance.org/lets-eat/,"3101 Tyson Avenue, Philadelphia, PA 19149","https://www.google.com/maps/?q=3101+Tyson+Avenue,+Philadelphia,+PA+19149/",['This program serves children and their families.'],temporarily closed,"The Let's Eat Program provides access to fresh, healthy meals that families can prepare. This summer program supplies high-quality ingredients and recipes created by local and acclaimed chefs as well as two unique meals that each serve four people.This program provides:- Meals to meet basic nutritional needs- High-quality ingredients and recipes This program is offered June 13th to August 6th, 2022.Service dates and times will vary by distribution location. Meal kits will be distributed on a first come first serve basis. Meal-kits will be distributed twice per week at most locations.","['English', 'Spanish']",Free,Yes,https://facebook.com/Philabundance,https://www.twitter.com/@Philabundance,"This program covers residents of the following counties: Philadelphia County, PA, Bucks County, PA, Chester County, PA, Delaware County, PA, Montgomery County, PA, Burlington County, NJ, Camden County, NJ, Gloucester County, NJ and Salem County, NJ.",40.0372116,-75.052406,19149,No,Closed,Closed,Closed,Closed,10:00AM - 12:00PM,Closed,Closed,4.6,Food
Food Pantry (The House of the Good Shepard Food Pantry),https://www.auntbertha.com//the-house-of-the-good-shepard-food-pantry--philadelphia-pa--food-pantry/6020830977589248?postal=19115,['food pantry'],['food pantry'],"['anyone in need', 'all ages', 'individuals', 'families']",267-236-0937,https://www.thehouseofthegoodshepherd.org/,"1716 North 27th Street, Philadelphia, PA 19121","https://www.google.com/maps/?q=1716+North+27th+Street,+Philadelphia,+PA+19121/",['Anyone can access this program.'],available,The House of the Good Shepard Food Pantry offers food once a month to households in need. This program provides:- Food boxPlease visit our location for services or call us for more information.,['English'],Free,Yes,https://www.facebook.com/thehouseofthegoodshepherd/,,"This program covers residents of the following cities: Philadelphia, PA.",39.981957,-75.179011,19121,No,Closed,Closed,Closed,Closed,Closed,10:00AM - 12:00PM,Closed,5,Food
Food Bank (Greater Philadelphia Asian Social Service Center),https://www.auntbertha.com//greater-philadelphia-asian-social-service-center-%2528gpass%2529--philadelphia-pa--food-bank/4793681864032256?postal=19115,['food pantry'],['food pantry'],"['adults 18+', 'individuals', 'families', 'low-income']",215-456-1662,https://www.gpasspa.org/food-bank,"4943 North 5th Street, Philadelphia, PA 19120","https://www.google.com/maps/?q=4943+North+5th+Street,+Philadelphia,+PA+19120/","['Must meet Federal Income Guidelines.', 'This program helps people who are older than 17 years old.', 'Must bring TWO BAGS to carry goods at Food Bank. If two bags are not brought, participant may not receive food.']",available,"Greater Philadelphia Asian Social Service Center (GPASS) offers a food pantry site that distributes free food to residents in the Olney/Logan area and its neighboring communities.  Recipients must apply and meet eligibility requirements to receive food from the Food Program and Senior Food Box.  We do not discriminate against anyone because of sex, age, religion, ethnic or racial background, nationality, and/or physical appearance.  GPASS has the right to deny services without discrimination to an individual.This program provides:- Food to meet nutritional needsRecipients must apply and meet eligibility requirements to receive food from the Food Program. GPASS does not discriminate against anyone because of sex, age, religion, ethnic or racial background, nationality, and/or physical appearance.  GPASS has the right to deny services without discrimination to an individual.Supplies are limited, which determines the availability of these services. Clients are permitted to visit the Food Bank once per month.",['English'],Free,Yes,None,None,"This program covers residents of the following cities: Philadelphia, PA.",40.0269311,-75.132355,19120,No,Closed,1:30PM - 3:30PM,Closed,Closed,Closed,Closed,Closed,4.3,Food
Food Pantry (Enon Tabernacle Baptist Church),https://www.auntbertha.com//enon-tabernacle-baptist-church--philadelphia-pa--food-pantry/6307063804985344?postal=19115,['food pantry'],['food pantry'],"['anyone in need', 'all ages', 'individuals', 'families']",215-276-7200,https://enontab.org/updates/,"2800 West Cheltenham Avenue, Philadelphia, PA 19150","https://www.google.com/maps/?q=2800+West+Cheltenham+Avenue,+Philadelphia,+PA+19150/",['Anyone can access this program.'],available,Enon Tabernacle Baptist Church offers a Food Pantry for those in need. Clients may visit once a month.This program provides: - Food to meet basic nutritional needsPlease call to schedule a pick-up or if you have any questions about the service.,['English'],Free,Yes,https://www.facebook.com/enontab,https://www.twitter.com/@EnonTab,"This program covers residents of the following counties: Philadelphia County, PA.",40.0769823,-75.165163,19150,No,10:00AM - 12:00PM,10:00AM - 12:00PM,10:00AM - 12:00PM,10:00AM - 12:00PM,Closed,Closed,Closed,4.8,Food
Green Light Pantry (Drueding Center),https://www.auntbertha.com//drueding-center--philadelphia-pa--green-light-pantry/5440222347657216?postal=19115,"['food pantry', 'health education', 'nutrition education']","['food pantry', 'health education', 'nutrition education']","['anyone in need', 'all ages', 'individuals', 'families']",215-787-3294,https://www.druedingcenter.org/green-light-food-pantry,"413 Master Street, Philadelphia, PA 19122","https://www.google.com/maps/?q=413+Master+Street,+Philadelphia,+PA+19122/",['Anyone can access this program.'],waitlist,"Green Light Pantry provides nutritious and wholesome food to Drueding Center families, graduates, staff and the local community. The pantry operates a ""choice-model"" program that allows clients to â€śshopâ€ť for fresh produce, whole grain pasta and cereals, dairy, and lean proteins.This program provides:- Food to meet basic nutritional needs- Nutrition educationPlease call ahead to ask about food availability and to be added to the waitlist.The Green Light Pantry also offers cooking and nutrition classes. Since the start of the pandemic, they've had to adapt their programs to keep everyone safe by distributing pre-packaged food bags and offering virtual cooking classes.",['English'],Free,Yes,https://www.facebook.com/druedingcenter/,,"This program covers residents of the following counties: Philadelphia County, PA.",39.9726314,-75.143182,19122,No,Closed,9:00AM - 12:00PM,Closed,3:00PM - 5:00PM,Closed,Closed,Closed,4.8,Food
Food Pantry (Oxford Circle Christian Community Development Association),https://www.auntbertha.com//oxford-circle-christian-community-development-association-%2528occcda%2529--philadelphia-pa--food-pantry/4675788288688128?postal=19123,['food pantry'],['food pantry'],"['anyone in need', 'all ages', 'individuals']",215-831-6502,https://occcda.org/programs/,"6500 Castor Avenue, Philadelphia, PA 19149","https://www.google.com/maps/?q=6500+Castor+Avenue,+Philadelphia,+PA+19149/",['Anyone can access this program.'],available,"The Oxford Circle Christian Community Development Association's food pantry provides quality food items to households experiencing food insecurity. This program supplies critical nutrition to hungry individuals and families. This program provides:- Food to meet basic nutritional needsFood pantry times and dates vary per both locations, please call them for more information.","['Chinese', 'English', 'Spanish']",Free,Yes,https://www.facebook.com/occcda/,,"This program covers residents of the following cities: Philadelphia, PA.",40.040975,-75.076314,19149,No,Closed,Closed,Closed,10:00AM - 2:00PM,Closed,Closed,Closed,4.4,Food
Food Pantry (Centre D'Adoration Chretienne),https://www.auntbertha.com//centre-d%2527adoration-chretienne--philadelphia-pa--food-pantry/5555306549346304?postal=19123,['food pantry'],['food pantry'],"['anyone in need', 'all ages', 'individuals', 'families']",215-548-3788,https://centredadorationchretienne.org/index.html,"4520 Benner Street, Philadelphia, PA 19135","https://www.google.com/maps/?q=4520+Benner+Street,+Philadelphia,+PA+19135/",['This program serves anyone in need.'],available,Centre D'Adoration Chretienne's food pantry provides quality food items to households experiencing food insecurity. This program supplies critical nutrition to hungry individuals and families. This program provides:- Food to meet basic nutritional needs,['English'],Free,Yes,https://www.facebook.com/CentreDadorationChretienne/,None,"This program covers residents of the following cities: Philadelphia, PA.",40.01987,-75.059211,19135,No,Closed,7:30PM - 9:00PM,Closed,7:30PM - 9:00PM,Closed,Closed,Closed,4.6,Food
Food Pantry (Wayland Temple Baptist Church),https://www.auntbertha.com//wayland-temple-baptist-church--philadelphia-pa--food-pantry/6384397462011904?postal=19123,['food pantry'],['food pantry'],"['all ages', 'individuals', 'families']",215-769-0243,https://www.waylandtemple.org/,"2500 Cecil B. Moore Avenue, Philadelphia, PA 19121","https://www.google.com/maps/?q=2500+Cecil+B.+Moore+Avenue,+Philadelphia,+PA+19121/",['Anyone can access this program.'],available,Wayland Temple Baptist Church provides supplemental groceries to individuals and families in need of assistance in the community.This program provides:- Food to meet basic nutritional needsFood is distributed on the 1st and 3rd Saturday of the month from 8:30 a.m. - 1:00 p.m. Please reach out by phone for more information on eligibility and distribution.,['English'],Free,Yes,None,None,"This program covers residents of the following cities: Philadelphia, PA.",39.9807486,-75.175925,19121,No,Closed,Closed,Closed,Closed,Closed,8:30AM - 1:00PM,Closed,4.6,Food
Food Pantry (Lifeway Baptist Church),https://www.auntbertha.com//lifeway-baptist-church--philadelphia-pa--food-pantry/6282969634045952?postal=19123,['food pantry'],['food pantry'],"['anyone in need', 'all ages', 'individuals', 'families']",267-767-6791,http://www.lifewaybc.org/help/food-bank/,"9554 Bustleton Avenue, Philadelphia, PA 19115","https://www.google.com/maps/?q=9554+Bustleton+Avenue,+Philadelphia,+PA+19115/",['Anyone can access this program.'],available,The food pantry provides quality food items to households experiencing food insecurity. This program supplies critical nutrition to hungry individuals and families. This program provides:- Food to meet basic nutritional needs,"['English', 'Russian']",Free,Yes,https://www.facebook.com/lifewayphila/,None,"This program covers residents of the following counties: Philadelphia County, PA.",40.0870202,-75.036153,19115,No,8:00AM - 5:00PM,8:00AM - 5:00PM,8:00AM - 5:00PM,8:00AM - 5:00PM,8:00AM - 5:00PM,Closed,Closed,5,Food
Food Pantry (St. Mark's Evangelical Lutheran Church),https://www.auntbertha.com//st.-mark%2527s-evangelical-lutheran-church--philadelphia-pa--food-pantry/5130149218746368?postal=19123,['food pantry'],['food pantry'],"['anyone in need', 'all ages', 'individuals', 'families']",215-224-1145,http://ww3.stmarksphila.org/?subid1=592539db-b3dc-11ef-a618-3e24fd789d0a,"6344 North Broad Street, Philadelphia, PA 19141","https://www.google.com/maps/?q=6344+North+Broad+Street,+Philadelphia,+PA+19141/",['Anyone can access this program.'],available,The food pantry provides quality food items to households experiencing food insecurity. This program supplies critical nutrition to hungry individuals and families. This program provides:- Food to meet nutritional needsPlease call the food pantry before visiting to verify hours of availability and any additional information.,['English'],Free,Yes,https://www.facebook.com/StMarksPhila/,,"This program covers residents of the following cities: Philadelphia, PA.",40.0502268,-75.142726,19141,No,Closed,10:00AM - 4:00PM,Closed,Closed,Closed,Closed,Closed,4.8,Food
Food Pantry (Salvation Army Philadelphia Roxborough Corps),https://www.auntbertha.com//salvation-army-philadelphia-roxborough-corps--philadelphia-pa--food-pantry/5804129660960768?postal=19123,['food pantry'],['food pantry'],"['anyone in need', 'all ages', 'individuals', 'families']",215-483-4120,https://easternusa.salvationarmy.org/eastern-pennsylvania/roxborough/alleviate-hunger/,"6730 Ridge Avenue, Philadelphia, PA 19128","https://www.google.com/maps/?q=6730+Ridge+Avenue,+Philadelphia,+PA+19128/",['Anyone can access this program.'],available,The Salvation Army Philadelphia Roxborough Corps provides quality food items to households experiencing food insecurity. This program supplies critical nutrition to hungry individuals and families. This program provides:- Food to meet basic nutritional needsPlease call to schedule an appointment for a food pick-up.,['English'],Free,Yes,https://www.facebook.com/TheSalvationArmyRoxboroughCitadelCorps,None,"This program covers residents of the following cities: Philadelphia, PA.",40.040964,-75.22539,19128,No,9:00AM - 2:00PM,9:00AM - 2:00PM,9:00AM - 2:00PM,9:00AM - 2:00PM,Closed,Closed,9:00AM - 12:30PM,4.9,Food
Food Pantry (Victory Outreach North Philly),https://www.auntbertha.com//victory-outreach-north-philly--philadelphia-pa--food-pantry/6251195793145856?postal=19123,['food pantry'],['food pantry'],"['anyone in need', 'all ages', 'individuals', 'families']",215-600-6102,https://vophila.org/,"4500 Tyson Avenue, Philadelphia, PA 19135","https://www.google.com/maps/?q=4500+Tyson+Avenue,+Philadelphia,+PA+19135/",['Anyone can access this program.'],available,Victory Outreach operates a Food Pantry to help meet the nutritional needs of individuals and families in Philadelphia.This program provides:- Food to meet basic nutritional needsPlease call to verify hours before attending.,['English'],Free,Yes,https://www.facebook.com/vonorthphilly/,None,"This program covers residents of the following cities: Philadelphia, PA.",40.028763,-75.042998,19135,No,Closed,Closed,9:00AM - 12:00PM,Closed,Closed,Closed,Closed,4.6,Food
My SISTAS Resource Hub (Mady's Hands),https://www.auntbertha.com//mady%2527s-hands--philadelphia-pa--my-sistas-resource-hub/5957638318850048?postal=19103,"['food pantry', 'diapers & formula', 'personal care items', 'daily life skills', 'help find childcare', 'help find school']","['sexual and reproductive health', 'std/sti treatment & prevention']","['anyone in need', 'adults', 'young adults', 'teens', 'seniors', 'unemployed', 'individuals', 'families', 'with children', 'home renters']",610-579-1401,https://www.sistatalkphl.org,"1952 N 24th St, Philadelphia PA, 19121","https://www.google.com/maps/place/1952+N+24th+St,+Philadelphia,+PA+19121",['Anyone can access this program.'],available,"Mady's Hands provides a variety of services to assist individuals and families gain success and stability. This program offers support, direction, and success planning through free one-on one engagement.

Located at 1952 N 24th St, Philadelphia PA, 19121.

Our services will be available for walk-in only, no appointment needed.

 Monday: 1pm-5pm
Tuesday: 1pm-5pm
Wednesday: 1pm-5pm
Thursday: By Appt. Only

Our services include the following:

Food Pantry
Nursery Pantry including Diapers, clothing and other baby items.
HIV Testing Kits (Take Home)
Clothing Bank (availability varies-please call to see if we have your size, if not we have a referral for you)

See you soon!",['English'],Free,Yes,None,None,"This program covers residents of the following counties: Philadelphia County, PA.",39.9851246,-75.175872,19121,No,1:00PM - 5:00PM,1:00PM - 5:00PM,1:00PM - 5:00PM,Closed,Closed,Closed,Closed,0,Food
Food Pantry (The Common Place),https://www.auntbertha.com//the-common-place--philadelphia-pa--food-pantry/6175811663822848?postal=19103,['food pantry'],['food pantry'],"['anyone in need', 'all ages']",267-275-8238,https://www.thecommonplacephilly.org/,"5736 Chester Avenue, Philadelphia, PA 19143","https://www.google.com/maps/?q=5736+Chester+Avenue,+Philadelphia,+PA+19143/",['Anyone can access this program.'],available,The Common Place's food pantry provides quality food items to households experiencing food insecurity. This program supplies critical nutrition to hungry individuals and families. This program provides:- Food to meet basic nutritional needs,['English'],Free,Yes,https://www.facebook.com/tcpphilly/,None,"This program covers residents of the following cities: Philadelphia, PA.",39.9356486,-75.227944,19143,No,Closed,Closed,Closed,Closed,Closed,10:00AM - 1:00PM,Closed,4.6,Food
Zion Cares (Zion Baptist Church of Philadelphia),https://www.auntbertha.com//zion-baptist-church-of-philadelphia--philadelphia-pa--zion-cares/5031536188194816?postal=19119,"['food pantry', 'meals', 'clothing', 'medical care', 'spiritual support']","['food pantry', 'meals', 'clothing', 'medical care', 'spiritual support']","['anyone in need', 'all ages', 'individuals', 'families', 'low-income']",215-223-5460,https://www.zionbaptphilly.org/,"3600 North Broad Street, Philadelphia, PA 19140","https://www.google.com/maps/?q=3600+North+Broad+Street,+Philadelphia,+PA+19140/",['Anyone can access this program.'],available,"Zion Cares is a community care outreach that provides fresh vegetables, fresh fruit, non-perishables items and clothing to anyone need support on Sundays. In addition, a substantial meal, clothing and health care resources are offered.This program provides:- Food to meet basic nutritional needs- Meals- Clothing- Health care",['English'],Free,Yes,https://www.facebook.com/ZionBaptPhilly/,https://www.twitter.com/@ZionBaptPhilly,"This program covers residents of the following counties: Philadelphia County, PA.",40.0080438,-75.152076,19140,No,Closed,Closed,Closed,Closed,Closed,Closed,12:00PM - 2:00PM,4.7,Food
Food Distribution (Kitchen Of Love),https://www.auntbertha.com//kitchen-of-love--philadelphia-pa--food-distribution/5067420438626304?postal=19119,['food pantry'],['food pantry'],"['all ages', 'individuals', 'families', 'undocumented']",215-868-4092,https://kitchenofloveinpa.wixsite.com/kitchen-of-love/events,"8500 Pickering Avenue, Philadelphia, PA 19150","https://www.google.com/maps/?q=8500+Pickering+Avenue,+Philadelphia,+PA+19150/","['Must reside in Philadelphia, PA.']",waitlist,"Kitchen of Love provides Food Distribution to Philadelphia residents in need. Every Thursday canned foods and meat are distributed and every Friday fresh fruits and vegetables are distributed.This program provides:- Food pantryCurrently, they have a waiting list of more than 100 residents, but as they begin to expand, they will begin to pull more residents from the waiting list.",['English'],Free,Yes,None,None,"This program covers residents of the following counties: Philadelphia County, PA.",40.0813989,-75.174694,19150,No,Closed,Closed,9:00 - 11:00AM,9:00 - 11:00AM,9:00 - 11:00AM,Closed,Closed,1,Food
Food Pantries (Catholic Social Services - Philadelphia),https://www.auntbertha.com//catholic-social-services---philadelphia--philadelphia-pa--food-pantries/4567796139294720?postal=19119,['food pantry'],"['diapers & formula', 'parenting education']","['anyone in need', 'all ages', 'individuals', 'families', 'low-income']",267-331-2500,https://cssphiladelphia.org/family-service-centers/,"4400 North Reese Street, Philadelphia, PA 19140","https://www.google.com/maps/?q=4400+North+Reese+Street,+Philadelphia,+PA+19140/",['This program serves anyone in need.'],available,Catholic Social Services' Food Pantries provide quality food items to households experiencing food insecurity. This program supplies critical nutrition to hungry individuals and families. This program provides:- Food to meet basic nutritional needs,['English'],Free,Yes,https://www.facebook.com/cssphiladelphia,https://www.twitter.com/@CSSPhiladelphia,"This program covers residents of the following cities: Philadelphia, PA.",40.0187686,-75.134872,19140,No,8:30AM - 4:30PM,8:30AM - 4:30PM,8:30AM - 4:30PM,8:30AM - 4:30PM,8:30AM - 4:30PM,Closed,Closed,4,Food
Mobile Food Pantry (Poor People's Economic Human Rights Campaign),https://www.auntbertha.com//poor-people%2527s-economic-human-rights-campaign--philadelphia-pa--mobile-food-pantry/6560445123788800?postal=19119,['food pantry'],['food pantry'],"['anyone in need', 'all ages', 'covid19', 'low-income']",215-869-4753,https://www.poorpeoplesarmy.org/about-1,"1505 W Allegheny Ave, Philadelphia, PA 19132",https://www.google.com/maps/place/Poor+People's+Economic+Human+Rights+Campaign,['Anyone can access this program.'],available,"Poor People's Economic Human Rights Campaign strives to alleviate hunger in food insecure communities by providing food assistance to individuals and families in need, This program provides:- Food to meet basic nutritional needs",['English'],Free,Yes,https://www.facebook.com/groups/1093846127618163/,https://www.twitter.com/@PPEHRCorg,"This program covers residents of the following cities: Philadelphia, PA.",40.0018587,-75.1574298,19132,No,8:00AM - 5:00PM,8:00AM - 5:00PM,8:00AM - 5:00PM,8:00AM - 5:00PM,8:00AM - 5:00PM,Closed,Closed,4.1,Food
Social Services Program (Salvation Army Eastern Pennsylvania and Delaware),https://www.auntbertha.com//salvation-army-eastern-pennsylvania-%2526-delaware--philadelphia-pa--social-services-program/4620877509427200?postal=19128,"['food pantry', 'meals', 'clothing', 'toys & gifts', 'parenting education', 'counseling', 'financial education', 'navigating the system', 'support network', 'spiritual support', 'skills & training', 'interview training', 'resume development', 'help find work']","['food pantry', 'meals', 'clothing', 'toys & gifts', 'parenting education', 'counseling', 'financial education', 'navigating the system', 'support network', 'spiritual support', 'skills & training', 'interview training', 'resume development', 'help find work']","['all ages', 'individuals', 'families', 'homeless', 'near homeless', 'low-income']",215-482-4120,https://easternusa.salvationarmy.org/,"6730 Ridge Avenue, Philadelphia, PA 19128","https://www.google.com/maps/?q=6730+Ridge+Avenue,+Philadelphia,+PA+19128/",['This program serves residents of Pennsylvania.'],available,Salvation Army Eastern Pennsylvania & Delaware social workers provide social services to meet the needs of the community. This program provides:- Access to nutritious food- Counseling Services- Financial Education- Spiritual Support- Referrals- Help find work- Resume Building- Interview skills- Job placement- Toys & Gifts (Holiday season)- Clothing (all ages)- Men's and women's support groupsServices offered may change depending on location. Please contact the nearest office for more information.,['English'],Free,Yes,https://www.facebook.com/SalvationArmyPhiladelphia,https://www.twitter.com/@SalArmyPhilly,"This program covers residents of the following cities: Dover, DE, Seaford, DE, Wilmington, DE, Allentown, PA, Berwick, PA, Bethlehem, PA, Boyertown, PA, Carlisle, PA, Chambersburg, PA, Chester, PA, Coal Township, PA, Coatesville, PA, Darby, PA, East Stroudsburg, PA, Easton, PA, Harrisburg, PA, Hazleton, PA, Lancaster, PA, Lebanon, PA, Levittown, PA, Lewistown, PA, Lock Haven, PA, Milton, PA, Norristown, PA, Pen Argyl, PA, Philadelphia, PA, Pottstown, PA, Pottsville, PA, Reading, PA, Scranton, PA, State College, PA, Sunbury, PA, Tamaqua, PA, West Chester, PA, Wilkes Barre, PA, Williamsport, PA and York, PA.",40.040964,-75.22539,19128,No,8:00AM - 3:30PM,8:00AM - 3:30PM,8:00AM - 3:30PM,8:00AM - 3:30PM,8:00AM - 1:30PM,Closed,Closed,4.7,Food
Food Pantry (St. Luke's Episcopal Church Germantown),https://www.auntbertha.com//st.-luke%2527s-episcopal-church-germantown--philadelphia-pa--food-pantry/5946530422849536?postal=19128,['food pantry'],['food pantry'],"['anyone in need', 'all ages', 'individuals', 'families']",215-844-8544,https://www.stlukesgermantown.com/about-3,"5421 Germantown Avenue, Philadelphia, PA 19144","https://www.google.com/maps/?q=5421+Germantown+Avenue,+Philadelphia,+PA+19144/",['Anyone can access this program.'],temporarily closed,St. Barnabas Pantry provides bags of food to individuals and families in St. Luke's community who are in need.Services provided:- Take-away food bags,['English'],Free,Yes,https://www.facebook.com/St-Lukes-Church-Germantown-111657445537323/,None,"This program covers residents of the following cities: Philadelphia, PA.",40.0337844,-75.170977,19144,No,Closed,9:00 - 10:30AM,Closed,Closed,9:00 - 10:30AM,Closed,Closed,5,Food
Food Pantry (Mount Vernon Manor Community Development Corporation),https://www.auntbertha.com//mount-vernon-manor-community-development-corporation--philadelphia-pa--food-pantry/5980171794251776?postal=19128,['food pantry'],['food pantry'],"['anyone in need', 'all ages', 'individuals', 'families']",215-475-9492,https://mvmcdc.org/,"631 North 39th Street, Philadelphia, PA 19104","https://www.google.com/maps/?q=631+North+39th+Street,+Philadelphia,+PA+19104/",['Anyone can access this program.'],available,The food pantry provides quality food items to households experiencing food insecurity. This program supplies critical nutrition to hungry individuals and families. This program provides:- Food to meet basic nutritional needs,['English'],Free,Yes,https://www.facebook.com/mountvernonmanorcdc/,None,"This program covers residents of the following cities: Philadelphia, PA.",39.9639594,-75.199568,19104,No,Closed,Closed,9:00 - 11:00AM,Closed,Closed,Closed,Closed,5,Food
Food Pantry and Clothing Ministry Program (Lighthouse Christian Center),https://www.auntbertha.com//lighthouse-christian-center--philadelphia-pa--food-pantry-and-clothing-ministry-program/4879563523883008?postal=19107,"['food pantry', 'clothing']","['food pantry', 'clothing']","['anyone in need', 'all ages', 'individuals', 'families']",215-463-2434,http://www.phillylighthouse.org/home.html,"2945 Wharton Street, Philadelphia, PA 19146","https://www.google.com/maps/?q=2945+Wharton+Street,+Philadelphia,+PA+19146/",['Anyone can access this program.'],available,"Lighthouse Christian Center offers free food, clothing and a message from God to anyone who needs assistance.This program provides: - Food- ClothingServices are available on Tuesdays from 11 a.m. to 1 p.m.",['English'],Free,Yes,None,None,"This program covers residents of the following counties: Philadelphia County, PA.",39.9376206,-75.193467,19146,No,Closed,12:00PM - 1:00PM,Closed,Closed,Closed,Closed,Closed,4.7,Food
Food Cupboard (Saint Gabriel Catholic Church),https://www.auntbertha.com//saint-gabriel-catholic-church--philadelphia-pa--food-cupboard/6222496790740992?postal=19107,['food pantry'],['food pantry'],"['anyone in need', 'all ages', 'individuals', 'families']",215-463-4060,https://stgabes.org/food-cupboard,"2917 Dickinson Street, Philadelphia, PA 19146","https://www.google.com/maps/?q=2917+Dickinson+Street,+Philadelphia,+PA+19146/",['Anyone can access this program.'],available,"Saint Gabriel Catholic Church provides quality food items to households experiencing food insecurity. This program supplies critical nutrition to hungry individuals and families. This program provides:- Food to meet basic nutritional needsFood is distributed every Tuesday, Wednesday, and Friday from 9:30am - 11am.",['English'],Free,Yes,https://www.facebook.com/stgabesphilly,None,"This program covers residents of the following cities: Philadelphia, PA.",39.9352463,-75.193707,19146,No,Closed,9:30 - 11:00AM,9:30 - 11:00AM,Closed,9:30 - 11:00AM,Closed,Closed,4.6,Food
Food Distribution (Lombard Central Presbyterian Church),https://www.auntbertha.com//lombard-central-presbyterian-church--philadelphia-pa--food-distribution/6402173263020032?postal=19107,['food pantry'],['food pantry'],"['anyone in need', 'all ages']",215-222-3044,https://www.lombardcentral.org/soup-kitchen/,"4201 Powelton Avenue, Philadelphia, PA 19104","https://www.google.com/maps/?q=4201+Powelton+Avenue,+Philadelphia,+PA+19104/",['Anyone can access this program.'],available,"Lombard Central Presbyterian Church's food pantry provides quality food items to households experiencing food insecurity. This program supplies critical nutrition to hungry individuals and families.This program provides:- Fresh fruit, vegetables, breads and dessertsPlease reach out to program for more information before visiting.",['English'],Free,Yes,https://www.facebook.com/pages/Lombard-Central-Presbyterian-Church/115627261799947,None,"This program covers residents of the following cities: Philadelphia, PA.",39.9591628,-75.206859,19104,No,Closed,Closed,Closed,Closed,12:30PM - 3:00PM,Closed,Closed,4.4,Food
Mitzvah Food Program (Jewish Federation of Greater Philadelphia),https://www.auntbertha.com//jewish-federation-of-greater-philadelphia--philadelphia-pa--mitzvah-food-program/4950645635284992?postal=19114,['food pantry'],['food pantry'],"['anyone in need', 'all ages', 'individuals', 'families', 'with children']",215-832-0620,https://jewishphilly.org/resources/mitzvah-food-program/,"10100 Jamison Avenue, Philadelphia, PA 19116","https://www.google.com/maps/?q=10100+Jamison+Avenue,+Philadelphia,+PA+19116/",['Anyone can access this program.'],available,"The Mitzvah Food Program addresses hunger and malnutrition by providing nutritious food and basic staples in a caring and dignified manner to individuals and families in need. Visitors choose the foods they like from the inventory, rather than receiving a one-size-fits-all package. There are five pantry locations throughout Greater Philadelphia that distribute non-perishable food packages and produce.This program provides:- Nutritious foodClients may visit twice per month.Please check the office notes for your closest locations regarding hours and availability.",['English'],Free,Yes,https://www.facebook.com/jewishphilly,https://www.twitter.com/@JFedinPhilly,"This program covers residents of the following counties: Berks County, PA, Chester County, PA, Delaware County, PA, Montgomery County, PA and Philadelphia County, PA.",40.1018023,-75.020864,19116,No,Closed,10:00AM - 3:00PM,7:00AM - 12:30PM,7:00AM - 12:30PM,7:00AM - 12:30PM,Closed,Closed,4.8,Food
Community Choice Cupboard (Feast of Justice),https://www.auntbertha.com//feast-of-justice--philadelphia-pa--community-choice-cupboard/5684952704221184?postal=19114,['food pantry'],['emergency food'],"['anyone in need', 'all ages', 'individuals', 'families']",215-268-3510,https://www.feastofjustice.org/guestappointments,"3101 Tyson Avenue, Philadelphia, PA 19149","https://www.google.com/maps/?q=3101+Tyson+Avenue,+Philadelphia,+PA+19149/","['In order to register you must show valid ID, proof of residency in these areas: 19111, 19114, 19115, 19116, 19124, 19135, 19136, 19149, 19152, and 19154 for all family members.', 'Anyone can access this program.']",available,"Feast of Justice's Community Food Cupboard provides quality food item two times per month for households experiencing food insecurity. This program supplies critical nutrition to hungry individuals and families.

This program provides:

- Food to meet basic nutritional needs

Two shopping options are provided by the Community Cupboard: Community Choice Cupboard (formally known as inside choice shopping) & our Pantry Express Pick Up. For Our Pantry Express Pick Up, participants receive a package that contains a pre-packed, large set of dry goods (based on household size), and will offer selections of produce, and meat/dairy/bread as available . Please note: guests may use each option one time per month.

Feast of Justice serves the following zip codes:
19111
19114
19115
19116
19120
19124
19135
19136
19149
19152
19154",['English'],Free,Yes,https://www.facebook.com/FeastOfJusticePhiladelphia/,None,"This program covers residents of the following postal codes: 19111, 19114, 19115, 19116, 19124, 19135, 19136, 19149, 19152 and 19154.",40.0372116,-75.052406,19149,No,Closed,6:00 - 9:00AM,1:00PM - 4:00PM  PST,7:00 - 9:00AM,Closed,7:00AM - 1:00PM,Closed,4.6,Food
Food Bank (Eastwick United Methodist Church),https://www.auntbertha.com//eastwick-united-methodist-church--philadelphia-pa--food-bank/5883670159425536?postal=19111,['food pantry'],['clothing'],"['anyone in need', 'all ages']",215-365-6352,http://eastwickumc.org/ministries/,"8325 Lindbergh Boulevard, Philadelphia, PA 19153","https://www.google.com/maps/?q=8325+Lindbergh+Boulevard,+Philadelphia,+PA+19153/",['Anyone can access this program.'],available,Our food bank is a three-day per week ministry serving Southwest Philadelphia and some parts of Delaware County with food and clothing distribution. It has an added component of Bible Study for those who wish to participate and serves as an evangelistic outreach witness for the church.Services provided:- Food to meet basic nutritional needs- Clothing distribution,['English'],Free,Yes,None,None,"This program covers residents of the following cities: Philadelphia, PA.",39.8981827,-75.252486,19153,No,10:00AM - 1:00PM,10:00AM - 1:00PM,10:00AM - 1:00PM,Closed,Closed,Closed,Closed,4.8,Food
Small Things Market (Small Things),https://www.auntbertha.com//small-things--philadelphia-pa--small-things-market/6499735280943104?postal=19109,"['food pantry', 'personal care items', 'community support services']","['food pantry', 'personal care items', 'community support services']","['anyone in need', 'all ages', 'individuals', 'families']",267-702-0314,https://www.smallthingsphilly.org/programs,"3510 A Street, Philadelphia, PA 19134","https://www.google.com/maps/?q=3510+A+Street,+Philadelphia,+PA+19134/",['Anyone can access this program.'],available,"Small Things Market is a full-choice model ""free grocery store"" and community resource hub offering a varied selection of food and personal items at no cost, as well as connections to resources and services for their guests. This program provides:- Food- Personal care items- Community resources",['English'],Free,Yes,https://facebook.com/smallthingsphilly,None,"This program covers residents of the following counties: Philadelphia County, PA.",40.0033361,-75.126487,19134,No,Closed,Closed,11:00AM - 15:00PM,Closed,9:00AM - 12:00PM,10:00AM - 1:00PM,Closed,0,Food
Food and Clothing Pantry (Calvary Baptist Church),https://www.auntbertha.com//calvary-baptist-church--philadelphia-pa--food-and-clothing-pantry/5527695317532672?postal=19109,"['food pantry', 'clothing']","['food pantry', 'clothing']","['anyone in need', 'all ages']",215-747-9979,https://calvaryphilly.org/,"6122 Haverford Avenue, Philadelphia, PA 19151","https://www.google.com/maps/?q=6122+Haverford+Avenue,+Philadelphia,+PA+19151/",['Anyone can access this program.'],available,"The food and clothing pantry serves everyone from low income families, single parents, senior citizens, unemployed individuals, disabled veterans, working poor, and anyone else that comes to the pantry.This program provides:- Food to meet basic nutritional needs- ClothingFood and clothing are distributed on Mondays and Wednesdays from 10am - 12pm.",['English'],Free,Yes,https://www.facebook.com/CalvaryPhilly/,https://www.twitter.com/@CalvaryPhilly,"This program covers residents of the following cities: Philadelphia, PA.",39.9710263,-75.241685,19151,No,10:00AM - 12:00PM,Closed,10:00AM - 12:00PM,Closed,Closed,Closed,Closed,4.6,Food
Drive To End Hunger Ministry (Pinn Memorial Baptist Church),https://www.auntbertha.com//pinn-memorial-baptist-church--philadelphia-pa--drive-to-end-hunger-ministry/6400790418423808?postal=19109,['food pantry'],['food pantry'],"['anyone in need', 'all ages']",215-878-2742,https://www.pinnmemorialbc.org/,"2251 North 54th Street, Philadelphia, PA 19131","https://www.google.com/maps/place/2251+N+54th+St,+Philadelphia,+PA+19131/",['Anyone can access this program.'],available,"Pinn Memorial Baptist Church helps alleviate hunger in the community in an environment of respect, care and hospitality.This program provides:- Foods to meet basic nutritional needsFood is distributed every Wednesday from 10am - 2pm.",['English'],Free,Yes,https://www.facebook.com/pages/Pinn-Memorial-Baptist-Church/157825504244890,None,"This program covers residents of the following counties: Philadelphia County, PA.",39.9908262,-75.2354843,19131,No,Closed,Closed,10:00AM - 12:00PM,Closed,Closed,Closed,Closed,4.4,Food
Food Distribution (Circle of Hope),https://www.auntbertha.com//circle-of-hope--philadelphia-pa--food-distribution/6326304658030592?postal=19109,['food pantry'],['food pantry'],"['anyone in need', 'all ages']",856-320-8230,https://www.circleofhope.church/,"2212 South Broad Street, Philadelphia, PA 19145","https://www.google.com/maps/?q=2212+South+Broad+Street,+Philadelphia,+PA+19145/",['Those program serves those in Philadelphia and South Jersey.'],full,"Circle of Hope offers food distribution through mutual aid, based on what is currently available.This program provides: - Food distributionPlease note that while those in need can generally call to be added to the waitlist, the list is past capacity and Circle of Hope is not currently accepting new requests for food.",['English'],Free,Yes,https://www.facebook.com/CircleofHopePhillyRegion/,https://www.twitter.com/@CircleofHopeNet,"This program covers residents of the following counties: Camden County, NJ and Philadelphia County, PA.",39.9227241,-75.170385,19145,No,8:00AM - 5:00PM,8:00AM - 5:00PM,8:00AM - 5:00PM,8:00AM - 5:00PM,8:00AM - 5:00PM,Closed,Closed,3.9,Food
Food Pantry (Saint Paul's Evangelical Lutheran Church),https://www.auntbertha.com//saint-paul%2527s-evangelical-lutheran-church--philadelphia-pa--food-pantry/6117146080575488?postal=19123,['food pantry'],['food pantry'],"['anyone in need', 'all ages', 'individuals', 'families']",215-424-4800,http://st-pauls-lutheran-church3.bridgeelementcms.com/pop-up-manger,"5900 North 5th Street, Philadelphia, PA 19120","https://www.google.com/maps/?q=5900+North+5th+Street,+Philadelphia,+PA+19120/",['Anyone can access this program.'],available,"Saint Paul's Evangelical Lutheran Church helps alleviate hunger in the community in an environment of respect, care and hospitality.This program provides:- Foods to meet basic nutritional needsPlease call for any updated information.",['English'],Free,Yes,None,None,"This program covers residents of the following counties: Philadelphia County, PA.",40.0414451,-75.129794,19120,No,9:00AM - 12:00PM,Closed,9:00AM - 12:00PM,Closed,Closed,Closed,Closed,4.6,Food
Comida conAMor/Food with Love (Iglesia Cristiana Avivamiento),https://www.auntbertha.com//iglesia-cristiana-avivamiento--philadelphia-pa--comida-con-amor-food-with-love/5390458589806592?postal=19123,['food pantry'],['food pantry'],"['anyone in need', 'all ages', 'individuals', 'families']",215-856-3932,http://www.avivamientophilly.com/,"5500 Tabor Avenue, Philadelphia, PA 19120","https://www.google.com/maps/?q=5500+Tabor+Avenue,+Philadelphia,+PA+19120/",['Anyone can access this program.'],available,"Food with Love serves local communities in the Northeast Philadelphia area and is staffed entirely by volunteers. Food with Love/Comida conAMor operates through donations from the business community, individual sponsors, and the Revival Church congregation.This program provides:- Food to meet basic nutritional needs","['English', 'Spanish']",Free,No,None,None,"This program covers residents of the following counties: Philadelphia County, PA.",40.0367501,-75.104731,19120,No,Closed,10:00AM - 3:00PM,Closed,10:00AM - 3:00PM,Closed,Closed,Closed,4.8,Food
Food Pantry (Turning Points for Children),https://www.auntbertha.com//turning-points-for-children--philadelphia-pa--food-pantry/6317383527694336?postal=19121,['food pantry'],['food pantry'],"['anyone in need', 'all ages', 'individuals', 'families']",833-926-2331,https://turningpointsforchildren.phmc.org/programs/fawn,"6601 Elmwood Avenue, Philadelphia, PA 19142","https://www.google.com/maps/?q=6601+Elmwood+Avenue,+Philadelphia,+PA+19142/",['Anyone can access this program.'],available,"Food and Wellness Network (FAWN) food pantry serves children, adults or senior citizens with limited or no income, who simply have fallen on hard times or recently unemployed and need assistance to make ends meet. Services provided to our community include:- Food to meet basic nutritional needs",['English'],Free,Yes,https://www.facebook.com/TurningPointsforChildren,https://www.twitter.com/@TP4C,"This program covers residents of the following counties: Philadelphia County, PA.",39.9215039,-75.232455,19142,No,Closed,Closed,Closed,Closed,10:00AM - 2:00PM,Closed,Closed,3.8,Food
Food Pantry (St. Barbara's Roman Catholic Church),https://www.auntbertha.com//st.-barbara%2527s-roman-catholic-church--philadelphia-pa--food-pantry/4851628329664512?postal=19103,['food pantry'],['food pantry'],"['anyone in need', 'all ages', 'individuals', 'families']",215-473-1044,https://stbarbphila.org/events/food-pantry-ph,"5359 Lebanon Avenue, Philadelphia, PA 19131","https://www.google.com/maps/?q=5359+Lebanon+Avenue,+Philadelphia,+PA+19131/",['Anyone can access this program.'],available,The food pantry provides quality food items to households experiencing food insecurity. This program supplies critical nutrition to hungry individuals and families. This program provides:- Food to meet basic nutritional needs,['English'],Free,Yes,https://www.facebook.com/profile.php?id=100083359778002,https://www.twitter.com/@SaintBarbPhilly,"This program covers residents of the following counties: Philadelphia County, PA.",39.9878915,-75.231451,19131,No,Closed,11:00AM - 12:30PM,Closed,Closed,Closed,Closed,Closed,4.6,Food
Food Pantry (Somerton Interfaith Food Bank),https://www.auntbertha.com//somerton-interfaith-food-bank--philadelphia-pa--food-pantry/6641549530365952?postal=19116,['food pantry'],['food pantry'],"['anyone in need', 'all ages']",215-673-1117,http://somertonfoodbank.webs.com,"510 Somerton Avenue, Philadelphia, PA 19116","https://www.google.com/maps/?q=510+Somerton+Avenue,+Philadelphia,+PA+19116/",['We serve anyone in need.'],available,"The Somerton Interfaith Food Pantry provides assistance to families and individuals who have limited or no income, who simply have fallen on hard times or recently unemployed and need assistance to make ends meet.This program provides:  - Food to meet basic nutritional needs",['English'],Free,Yes,None,None,"This program covers residents of the following postal codes: 19006, 19020, 19053, 19114, 19115, 19116, 19136, 19152 and 19154.",40.122485,-75.019061,19116,No,9:30AM - 12:00PM,Closed,9:30AM - 12:00PM,Closed,Closed,Closed,Closed,4.8,Food
Food Pantry (Saint Ignatius of Loyola),https://www.auntbertha.com//saint-ignatius-of-loyola--philadelphia-pa--food-pantry/4869860969676800?postal=19104,['food pantry'],['food pantry'],"['anyone in need', 'all ages', 'individuals', 'families', 'low-income']",215-386-5065,https://www.phoenixclc.org/,"636 North 43rd Street, Philadelphia, PA 19104","https://www.google.com/maps/?q=636+North+43rd+Street,+Philadelphia,+PA+19104/",['Must live in 19104 zip code to receive services'],available,"St Ignatius of Loyola addresses the needs of low-income individuals and households that lack a reliable access to affordable, nutritious food and may experience hunger on a regular basis.This program provides:- Nutritious foods Individuals are able to apply for services at the location, and receive a bag of groceries once a month. You may sign up for an additional Senior Box for those who are 55 and up on the 3rd Tuesday of the month. Please call to confirm hours of operation.",['English'],Free,Yes,https://www.facebook.com/SaintIgnatiusWestPhilly,None,This program covers residents of the following postal codes: 19104.,39.9639321,-75.209572,19104,No,Closed,10:00AM - 12:00PM,Closed,Closed,Closed,Closed,Closed,4.7,Food
Resource Fair (The Simple Way),https://www.auntbertha.com//the-simple-way--philadelphia-pa--resource-fair/5846171090944000?postal=19124,"['food pantry', 'clothing', 'navigating the system']","['food pantry', 'clothing', 'navigating the system']","['anyone in need', 'all ages', 'individuals', 'families', 'limited english']",215-423-3598,https://thesimpleway.org/what-we-do/,"3234 Potter Street, Philadelphia, PA 19134","https://www.google.com/maps/?q=3234+Potter+Street,+Philadelphia,+PA+19134/",['Anyone can access this program.'],available,"On the third Wednesday of every month from 10AM to 12PM, we host a resource fair in partnership with Esperanza Health Center. Located at 3222 H Street, the resource fair offers food, clothing, and other resources. Appointments are not necessary. 

In addition, we have a community refrigerator outside located around the corner from 3234 Potter Street on Westmoreland with fresh food available. 

Individuals who are interested in receiving updates on our events can text â€śFOODâ€ť to 866-551-1675 for updates and the latest information about events, timing, and changes, or follow us on Facebook, Instagram, or Twitter.","['English', 'Spanish']",Free,Yes,https://www.facebook.com/theSimpleWay/,https://www.twitter.com/@theSimpleWay,"This program covers residents of the following counties: Philadelphia County, PA.",39.9978678,-75.11219,19134,No,12:30PM - 2:30PM,12:30PM - 2:30PM,Closed,Closed,9:30 - 11:30AM,Closed,Closed,4.6,Food
Food Cupboard (Saint Vincent de Paul Church),https://www.auntbertha.com//saint-vincent-de-paul-church--philadelphia-pa--food-cupboard/5957549088833536?postal=19119,['food pantry'],['food pantry'],"['anyone in need', 'all ages']",215-438-2925,https://saint-vincent-church.org/,"109 East Price Street, Philadelphia, PA 19144","https://www.google.com/maps/?q=109+East+Price+Street,+Philadelphia,+PA+19144/","['Serves residents of 19119, 19138, 19144, and 19150.']",available,"The food pantry serves everyone from low income families, single parents, senior citizens, unemployed individuals, disabled veterans, working poor, and anyone else in need of our assistance. This program provides: - Food to meet basic nutritional needs",['English'],Free,Yes,https://www.facebook.com/StVincentDePaulCatholicCommunity/,None,"This program covers residents of the following postal codes: 19119, 19138, 19144 and 19150.",40.0383304,-75.17442,19144,No,9:00AM - 5:00PM,9:00AM - 5:00PM,9:00AM - 5:00PM,9:00AM - 5:00PM,9:00AM - 5:00PM,9:00AM - 5:00PM,9:00AM - 5:00PM,4.8,Food
Food Pantry (Church Of New Hope And Faith),https://www.auntbertha.com//church-of-new-hope-and-faith--philadelphia-pa--food-pantry/5393961702391808?postal=19104,['food pantry'],['food pantry'],"['all ages', 'individuals', 'families']",215-222-7672,https://www.newhopeandfaith.org/,"661 North 39th Street, Philadelphia, PA 19104","https://www.google.com/maps/?q=661+North+39th+Street,+Philadelphia,+PA+19104/",['Must reside in 19104 zip code.'],temporarily closed,"The Food Pantry serves everyone from low income families, single parents, senior citizens, unemployed individuals, disabled veterans, working poor, and anyone else in need of our assistance.This program provides:- Food to meet basic nutritional needsYou must have a referral and make an appointment to access the food pantry. Please contact WhyHunger at 800-548-6479 for the referral.",['English'],Free,Yes,https://www.facebook.com/churchofnewhopeandfaith,None,This program covers residents of the following postal codes: 19104.,39.9650238,-75.199702,19104,No,9:30AM - 3:30PM,Closed,9:30AM - 3:30PM,Closed,9:30AM - 3:30PM,Closed,Closed,3.4,Food
"Food Distribution (North10, Philadelphia)",https://www.auntbertha.com//north10%252C-philadelphia--philadelphia-pa--food-distribution/5743477776973824?postal=19131,['food pantry'],['food pantry'],"['anyone in need', 'all ages', 'individuals', 'families']",267-908-9000,https://north10phl.org/health-wellness/,"3890 North 10th Street, Philadelphia, PA 19140","https://www.google.com/maps/?q=3890+North+10th+Street,+Philadelphia,+PA+19140/",['Anyone can access this program.'],available,"North10, Philadelphia's Community Market provides a food pantry consisting of quality food items to households experiencing food insecurity. This program supplies critical nutrition to hungry individuals and families. This program provides:- Food to meet nutritional needsPlease call before visiting since registration may be required at times.","['English', 'Spanish']",Free,Yes,https://www.facebook.com/lenfest.ctr/,None,"This program covers residents of the following cities: Philadelphia, PA.",40.0116671,-75.144428,19140,No,Closed,10:00AM - 2:00PM,Closed,10:00AM - 2:00PM,Closed,Closed,Closed,4.5,Food
Food Pantry (St. Barbara's Roman Catholic Church),https://www.auntbertha.com//st.-barbara%2527s-roman-catholic-church--philadelphia-pa--food-pantry/4851628329664512?postal=19131,['food pantry'],['food pantry'],"['anyone in need', 'all ages', 'individuals', 'families']",215-473-1044,https://stbarbphila.org/events/food-pantry-ph,"5359 Lebanon Avenue, Philadelphia, PA 19131","https://www.google.com/maps/?q=5359+Lebanon+Avenue,+Philadelphia,+PA+19131/",['Anyone can access this program.'],available,The food pantry provides quality food items to households experiencing food insecurity. This program supplies critical nutrition to hungry individuals and families. This program provides:- Food to meet basic nutritional needs,['English'],Free,Yes,https://www.facebook.com/profile.php?id=100083359778002,https://www.twitter.com/@SaintBarbPhilly,"This program covers residents of the following counties: Philadelphia County, PA.",39.9878915,-75.231451,19131,No,8:30AM - 4:30PM,8:30AM - 4:30PM,8:30AM - 4:30PM,8:30AM - 4:30PM,8:30AM - 4:30PM,Closed,Closed,4.4,Food
Farm to Families (St. Christopher's Foundation for Children),https://www.auntbertha.com//st.-christopher%2527s-foundation-for-children--philadelphia-pa--farm-to-families/5397808157032448?postal=19131,['food pantry'],['nutrition education'],"['anyone in need', 'all ages', 'individuals', 'families', 'benefit recipients', 'low-income']",484-734-0189,https://scfchildren.org/farm-to-families-initiative/,"4865 Market Street, Philadelphia, PA 19139","https://www.google.com/maps/?q=4865+Market+Street,+Philadelphia,+PA+19139/",['Must be eligible for SNAP benefits.'],available,"Each week, Farm to Families supplies North Philadelphia families with boxes of wholesome fresh produce or fruit at a reduced cost. Boxes are packed with delicious seasonal fruits and vegetables, often valued at double the price. Additional fresh items including local eggs, meat, and seafood are also offered at affordable prices.This program provides:- Food to meet basic nutritional needsFarm to Families also provides food and nutrition education, including food budgeting and shopping tips, basic food preparation and cooking skills, and demonstrations and taste tests, aligned with the weekly boxes.Orders are taken one week in advance. SNAP benefits are all accepted for payment. Farm to Families is open to all with no income restrictions.",['English'],Reduced Cost,Yes,https://www.facebook.com/FarmtoFamilies/,https://www.twitter.com/@FarmtoFamilies,"This program covers residents of the following cities: Philadelphia, PA.",39.9595901,-75.217549,19139,No,Closed,Closed,Closed,11:00AM - 3:00PM,Closed,Closed,Closed,0,Food
Food Pantry (Upper Room Missionary Baptist Church),https://www.auntbertha.com//upper-room-missionary-baptist-church--philadelphia-pa--food-pantry/5789625901776896?postal=19131,['food pantry'],['food pantry'],"['anyone in need', 'all ages']",267-593-4989,https://urmbc.org/,"7236 Ogontz Avenue, Philadelphia, PA 19138","https://www.google.com/maps/?q=7236+Ogontz+Avenue,+Philadelphia,+PA+19138/",['This program serves anyone in need.'],available,Upper Room Missionary Baptist Church offers quality food items to households experiencing food insecurity. This program supplies critical nutrition to hungry individuals and families. This program provides:- Food to meet basic nutritional needs,['English'],Free,Yes,https://www.facebook.com/Upper-Room-Missionary-Baptist-Church-2195510364097911/,None,"This program covers residents of the following cities: Philadelphia, PA.",40.064768,-75.15504,19138,No,10:00AM - 12:00PM,9:00 - 11:00AM,8:30 - 10:00AM,10:00AM - 12:00PM,9:00 - 11:00AM,Closed,Closed,4.6,Food
Food Pantry (St. Luke's Episcopal Church Germantown),https://www.auntbertha.com//st.-luke%2527s-episcopal-church-germantown--philadelphia-pa--food-pantry/5946530422849536?postal=19131,['food pantry'],['food pantry'],"['anyone in need', 'all ages', 'individuals', 'families']",215-844-8544,https://www.stlukesgermantown.com/about-3,"5421 Germantown Avenue, Philadelphia, PA 19144","https://www.google.com/maps/?q=5421+Germantown+Avenue,+Philadelphia,+PA+19144/",['Anyone can access this program.'],temporarily closed,St. Barnabas Pantry provides bags of food to individuals and families in St. Luke's community who are in need.Services provided:- Take-away food bags,['English'],Free,Yes,https://www.facebook.com/St-Lukes-Church-Germantown-111657445537323/,None,"This program covers residents of the following cities: Philadelphia, PA.",40.0337844,-75.170977,19144,No,9:00AM - 3:00PM,9:00AM - 3:00PM,9:00AM - 3:00PM,9:00AM - 3:00PM,9:00AM - 3:00PM,Closed,8:00AM - 2:00PM,4.7,Food
Whole Foods Distribution (St. Peter's Evangelical Lutheran Church),https://www.auntbertha.com//st.-peter%2527s-evangelical-lutheran-church--philadelphia-pa--whole-foods-distribution/4649723083096064?postal=19131,['food pantry'],['food pantry'],"['anyone in need', 'all ages', 'individuals', 'families']",215-424-5122,http://www.stpeterswol.org/community/whole-foods-ministry/,"2167 74th Avenue, Philadelphia, PA 19138","https://www.google.com/maps/?q=2167+74th+Avenue,+Philadelphia,+PA+19138/",['Anyone can access this program.'],available,"St. Peter's offers a twice monthly fresh food distribution to anyone who is in need in the community. Services provided:- Fresh food to meet basic nutritional needs The only information required is a name, number of people in the household, and a phone number.",['English'],Free,Yes,https://www.facebook.com/StPeterswol/,None,"This program covers residents of the following counties: Philadelphia County, PA.",40.0676098,-75.153953,19138,No,Closed,Closed,10:30AM - 12:00PM,Closed,Closed,Closed,Closed,4.7,Food
Food Bank (Eastwick United Methodist Church),https://www.auntbertha.com//eastwick-united-methodist-church--philadelphia-pa--food-bank/5883670159425536?postal=19131,['food pantry'],['clothing'],"['anyone in need', 'all ages']",215-365-6352,http://eastwickumc.org/ministries/,"8325 Lindbergh Boulevard, Philadelphia, PA 19153","https://www.google.com/maps/?q=8325+Lindbergh+Boulevard,+Philadelphia,+PA+19153/",['Anyone can access this program.'],available,Our food bank is a three-day per week ministry serving Southwest Philadelphia and some parts of Delaware County with food and clothing distribution. It has an added component of Bible Study for those who wish to participate and serves as an evangelistic outreach witness for the church.Services provided:- Food to meet basic nutritional needs- Clothing distribution,['English'],Free,Yes,None,None,"This program covers residents of the following cities: Philadelphia, PA.",39.8981827,-75.252486,19153,No,10:00AM - 1:00PM,10:00AM - 1:00PM,10:00AM - 1:00PM,Closed,Closed,Closed,Closed,4.8,Food
Food Distribution (Circle of Hope),https://www.auntbertha.com//circle-of-hope--philadelphia-pa--food-distribution/6326304658030592?postal=19131,['food pantry'],['food pantry'],"['anyone in need', 'all ages']",856-320-8230,https://www.circleofhope.church/,"29 West Tulpehocken Street, Philadelphia, PA 19144","https://www.google.com/maps/?q=29+West+Tulpehocken+Street,+Philadelphia,+PA+19144/",['Those program serves those in Philadelphia and South Jersey.'],full,"Circle of Hope offers food distribution through mutual aid, based on what is currently available.This program provides: - Food distributionPlease note that while those in need can generally call to be added to the waitlist, the list is past capacity and Circle of Hope is not currently accepting new requests for food.",['English'],Free,Yes,https://www.facebook.com/CircleofHopePhillyRegion/,https://www.twitter.com/@CircleofHopeNet,"This program covers residents of the following counties: Camden County, NJ and Philadelphia County, PA.",40.0415456,-75.181191,19144,No,8:00AM - 5:00PM,8:00AM - 5:00PM,8:00AM - 5:00PM,8:00AM - 5:00PM,8:00AM - 5:00PM,Closed,Closed,3.9,Food
Food Pantry (St. Paul Metropolitan A.M.E. Church),https://www.auntbertha.com//st.-paul-metropolitan-a.m.e.-church--philadelphia-pa--food-pantry/5184746006904832?postal=19131,['food pantry'],['food pantry'],"['anyone in need', 'all ages', 'individuals', 'families']",215-365-3330,http://www.spmame.org/,"8398 Lindbergh Boulevard, Philadelphia, PA 19153","https://www.google.com/maps/?q=8398+Lindbergh+Boulevard,+Philadelphia,+PA+19153/",['Anyone can access this program.'],available,St. Paul Metropolitan A.M.E. Church provides a food pantry for members of their community. The food pantry serves close to 100 families each Thursday.This program provides:- Food to meet basic nutritional needs,['English'],Free,Yes,None,None,"This program covers residents of the following cities: Philadelphia, PA.",39.8977253,-75.251502,19153,No,Closed,Closed,Closed,8:00AM - 5:00PM,Closed,Closed,Closed,4.7,Food
Food Pantry (Grace Community Christian Center),https://www.auntbertha.com//grace-community-christian-center--philadelphia-pa--food-pantry/6223467727552512?postal=19131,['food pantry'],['food pantry'],"['anyone in need', 'all ages', 'individuals', 'families']",215-438-3215,http://www.gracebaptistgtn.org/ministries/g-c-c-c,"25 West Johnson Street, Philadelphia, PA 19144","https://www.google.com/maps/?q=25+West+Johnson+Street,+Philadelphia,+PA+19144/",['Anyone can access this program.'],temporarily closed,Grace Community Christian Center food pantry provides supplemental groceries to individuals and families in need of assistance in the community. This program provides:- Food to meet basic nutritional needs,['English'],Free,Yes,None,None,"This program covers residents of the following cities: Philadelphia, PA.",40.045458,-75.182896,19144,No,10:00AM - 1:00PM,10:00AM - 1:00PM,10:00AM - 1:00PM,10:00AM - 1:00PM,10:00AM - 1:00PM,Closed,Closed,5,Food
Food Pantry (Oxford Circle Christian Community Development Association),https://www.auntbertha.com//oxford-circle-christian-community-development-association-%2528occcda%2529--philadelphia-pa--food-pantry/4675788288688128?postal=19131,['food pantry'],['food pantry'],"['anyone in need', 'all ages', 'individuals']",215-288-8504,https://occcda.org/programs/,"6500 Castor Avenue, Philadelphia, PA 19149","https://www.google.com/maps/?q=6500+Castor+Avenue,+Philadelphia,+PA+19149/",['Anyone can access this program.'],available,"The Oxford Circle Christian Community Development Association's food pantry provides quality food items to households experiencing food insecurity. This program supplies critical nutrition to hungry individuals and families. This program provides:- Food to meet basic nutritional needsFood pantry times and dates vary per both locations, please call them for more information.","['Chinese', 'English', 'Spanish']",Free,Yes,https://www.facebook.com/occcda/,None,"This program covers residents of the following cities: Philadelphia, PA.",40.040975,-75.076314,19149,No,Closed,Closed,Closed,10:00AM - 2:00PM,Closed,Closed,Closed,4.4,Food
Food Distribution (Kitchen Of Love),https://www.auntbertha.com//kitchen-of-love--philadelphia-pa--food-distribution/5067420438626304?postal=19131,['food pantry'],['food pantry'],"['all ages', 'individuals', 'families', 'undocumented']",215-868-4092,https://kitchenofloveinpa.wixsite.com/kitchen-of-love/events,"8500 Pickering Avenue, Philadelphia, PA 19150","https://www.google.com/maps/?q=8500+Pickering+Avenue,+Philadelphia,+PA+19150/","['Must reside in Philadelphia, PA.']",waitlist,"Kitchen of Love provides Food Distribution to Philadelphia residents in need. Every Thursday canned foods and meat are distributed and every Friday fresh fruits and vegetables are distributed.This program provides:- Food pantryCurrently, they have a waiting list of more than 100 residents, but as they begin to expand, they will begin to pull more residents from the waiting list.",['English'],Free,Yes,None,None,"This program covers residents of the following counties: Philadelphia County, PA.",40.0813989,-75.174694,19150,No,Closed,Closed,9:00 - 11:00AM,9:00 - 11:00AM,9:00 - 11:00AM,Closed,Closed,1,Food
Food Pantry (Annie's Kitchen Food Cupboard),https://www.auntbertha.com//annie%2527s-kitchen-food-cupboard--philadelphia-pa--food-pantry/6598323073581056?postal=19131,['food pantry'],['food pantry'],"['all ages', 'individuals', 'families']",215-848-0916,None,"1980 Church Lane, Philadelphia, PA 19141","https://www.google.com/maps/?q=1980+Church+Lane,+Philadelphia,+PA+19141/",['Anyone can access this program.'],available,"Annie's Kitchen Food Cupboard provides quality food items to households experiencing food insecurity. This program supplies critical nutrition to hungry individuals and families. This program provides:- Food to meet basic nutritional needsPlease call to arrange food pick up, the team is not in the building daily, but can come to give you food if arranged.",['English'],Free,Yes,None,None,"This program covers residents of the following cities: Philadelphia, PA.",40.0463325,-75.153195,19141,No,8:00AM - 5:00PM,8:00AM - 5:00PM,8:00AM - 5:00PM,8:00AM - 5:00PM,8:00AM - 5:00PM,Closed,Closed,4.9,Food
Food Pantry (Victory Outreach North Philly),https://www.auntbertha.com//victory-outreach-north-philly--philadelphia-pa--food-pantry/6251195793145856?postal=19131,['food pantry'],['food pantry'],"['anyone in need', 'all ages', 'individuals', 'families']",267-344-9665,https://vophila.org/,"4500 Tyson Avenue, Philadelphia, PA 19135","https://www.google.com/maps/?q=4500+Tyson+Avenue,+Philadelphia,+PA+19135/",['Anyone can access this program.'],available,Victory Outreach operates a Food Pantry to help meet the nutritional needs of individuals and families in Philadelphia.This program provides:- Food to meet basic nutritional needsPlease call to verify hours before attending.,['English'],Free,Yes,https://www.facebook.com/vonorthphilly/,None,"This program covers residents of the following cities: Philadelphia, PA.",40.028763,-75.042998,19135,No,Closed,Closed,9:00AM - 12:00PM,Closed,Closed,Closed,Closed,4.6,Food
My SISTAS Resource Hub (Mady's Hands),https://www.auntbertha.com//mady%2527s-hands--philadelphia-pa--my-sistas-resource-hub/5957638318850048?postal=19131,"['food pantry', 'diapers & formula', 'personal care items', 'daily life skills', 'help find childcare', 'help find school']","['sexual and reproductive health', 'std/sti treatment & prevention']","['anyone in need', 'adults', 'young adults', 'teens', 'seniors', 'unemployed', 'individuals', 'families', 'with children', 'home renters']",267-825-5628,https://www.sistatalkphl.org,"1952 N 24th St., Philadelphia, PA 19121","https://www.google.com/maps/place/1952+N+24th+St,+Philadelphia,+PA+19121",['Anyone can access this program.'],available,"Mady's Hands provides a variety of services to assist individuals and families gain success and stability. This program offers support, direction, and success planning through free one-on one engagement.

Located at 1952 N 24th St, Philadelphia PA, 19121.

Our services will be available for walk-in only, no appointment needed.

 Monday: 1pm-5pm
Tuesday: 1pm-5pm
Wednesday: 1pm-5pm
Thursday: By Appt. Only

Our services include the following:

Food Pantry
Nursery Pantry including Diapers, clothing and other baby items.
HIV Testing Kits (Take Home)
Clothing Bank (availability varies-please call to see if we have your size, if not we have a referral for you)

See you soon!",['English'],Free,Yes,None,None,"This program covers residents of the following counties: Philadelphia County, PA.",39.9851246,-75.175872,19121,No,1:00PM - 5:00PM,1:00PM - 5:00PM,1:00PM - 5:00PM,Closed,Closed,Closed,Closed,0,Food
Helping Hands For The Hungry (St. Cyprian Church),https://www.auntbertha.com//st.-cyprian-church--philadelphia-pa--helping-hands-for-the-hungry/5375543808360448?postal=19131,"['food pantry', 'meals', 'clothing', 'spiritual support']","['food pantry', 'meals', 'clothing', 'spiritual support']","['anyone in need', 'all ages', 'individuals', 'families']",215-747-3250,https://saintcyprianchurch.org/hope-ministries/,"525 Cobbs Creek Parkway, Philadelphia, PA 19143","https://www.google.com/maps/?q=525+Cobbs+Creek+Parkway,+Philadelphia,+PA+19143/",['Anyone can access this program.'],available,"Helping Hands for the Hungry is a ministry that serves the needy on the last Saturday of each month. Our volunteers provide a delicious hot meal, food bags, clothing, but most importantly prayer and Godâ€™s Word.This program provides:- Meals- Food pantry- Clothing",['English'],Free,Yes,https://www.facebook.com/StCyprianPhilly/,https://www.twitter.com/@StCyprianPhilly,"This program covers residents of the following counties: Philadelphia County, PA.",39.9539798,-75.248341,19143,No,9:30 - 11:15AM,Closed,9:30 - 11:15AM,Closed,Closed,Closed,Closed,4.5,Food
Food Pantry (The Common Place),https://www.auntbertha.com//the-common-place--philadelphia-pa--food-pantry/6175811663822848?postal=19131,['food pantry'],['food pantry'],"['anyone in need', 'all ages']",267-275-8238,https://www.thecommonplacephilly.org/,"5736 Chester Avenue, Philadelphia, PA 19143","https://www.google.com/maps/?q=5736+Chester+Avenue,+Philadelphia,+PA+19143/",['Anyone can access this program.'],available,The Common Place's food pantry provides quality food items to households experiencing food insecurity. This program supplies critical nutrition to hungry individuals and families. This program provides:- Food to meet basic nutritional needs,['English'],Free,Yes,https://www.facebook.com/tcpphilly/,None,"This program covers residents of the following cities: Philadelphia, PA.",39.9356486,-75.227944,19143,No,Closed,Closed,Closed,Closed,Closed,10:00AM - 1:00PM,Closed,4.6,Food
Food Pantry (Freedom Christian Bible Fellowship),https://www.auntbertha.com//freedom-christian-bible-fellowship--philadelphia-pa--food-pantry/4728001526759424?postal=19131,['food pantry'],['food pantry'],"['anyone in need', 'all ages', 'individuals', 'families']",215-477-0800,https://www.freedomcbf.org/?fbclid=IwAR2yiqJ1PiUJeuPwFzKenOqcae1Woy-UaDlgPOe83CzgPcr7PQEdPgq9Ma0,"6100 West Columbia Avenue, Philadelphia, PA 19151","https://www.google.com/maps/?q=6100+West+Columbia+Avenue,+Philadelphia,+PA+19151/",['Anyone can access this program.'],available,The food pantry provides quality food items to households experiencing food insecurity. This program supplies critical nutrition to hungry individuals and families. This program provides:- Food to meet basic nutritional needs,['English'],Free,Yes,https://www.facebook.com/FCBFChurch?ref=br_tf,None,"This program covers residents of the following counties: Philadelphia County, PA.",39.9806481,-75.243076,19151,No,Closed,11:00AM - 1:00PM,Closed,Closed,Closed,Closed,Closed,4.9,Food
Food Distribution (Mighty Writers),https://www.auntbertha.com//mighty-writers--philadelphia-pa--food-distribution/5579956938342400?postal=19131,"['food pantry', 'diapers & formula', 'books', 'personal care items']","['food pantry', 'diapers & formula', 'books', 'personal care items']","['anyone in need', 'all ages', 'families']",267-239-0899,https://mightywriters.org/food-distribution/,"2300 Master Street, Philadelphia, PA 19121","https://www.google.com/maps/place/2300+Master+St,+Philadelphia,+PA+19121",['Anyone can access this program.'],available,"Mighty Writers' response to the coronavirus, Mighty Writers will bolster and expand the recently launched food-literacy distribution. Each meal box will come with writing worksheets for kids in both English and Spanish. In addition, novels and children's books will be distributed weekly.This program provides:- Food to meet nutritional needs- Books",['English'],Free,Yes,https://www.facebook.com/MightyWriters/,https://www.twitter.com/@MightyWriters,"This program covers residents of the following cities: Atlantic City, NJ, Camden, NJ, Philadelphia, PA and Toughkenamon, PA.",39.9760487,-75.1767702,19121,No,12:00PM - 1:30PM,12:00PM - 1:30PM,12:00PM - 1:30PM,12:00PM - 1:30PM,12:00PM - 1:30PM,Closed,Closed,5,Food
Food Pantry (Mission of St. Joan of Arc),https://www.auntbertha.com//mission-of-st.-joan-of-arc--philadelphia-pa--food-pantry/6017524549025792?postal=19131,['food pantry'],['food pantry'],"['anyone in need', 'all ages', 'individuals', 'families']",215-535-4641,https://www.holyinnocentsrc.org/joanofarc,"2025 East Atlantic Street, Philadelphia, PA 19134","https://www.google.com/maps/?q=2025+East+Atlantic+Street,+Philadelphia,+PA+19134/",['Anyone can access this program.'],available,The food pantry provides quality food items to households experiencing food insecurity. This program supplies critical nutrition to hungry individuals and families. This program provides:- Food to meet basic nutritional needs,['English'],Free,Yes,https://www.facebook.com/HolyInnocentsParish,None,"This program covers residents of the following counties: Philadelphia County, PA.",39.9979138,-75.102656,19134,No,10:00AM - 12:00PM,Closed,Closed,10:00AM - 12:00PM,Closed,Closed,Closed,4.7,Food
Food Pantry (New Testament Church of God - Community Outreach Mission),https://www.auntbertha.com//new-testament-church-of-god---community-outreach-mission--philadelphia-pa--food-pantry/6265791971065856?postal=19131,"['food pantry', 'clothing', 'personal care items', 'supplies for school']","['food pantry', 'clothing', 'personal care items', 'supplies for school']","['anyone in need', 'all ages', 'individuals', 'families']",215-472-6630,https://www.poyserwaycog.com/community-outreach,"935 South 53rd Street, Philadelphia, PA 19143","https://www.google.com/maps/?q=935+South+53rd+Street,+Philadelphia,+PA+19143/",['Anyone can access this program.'],available,"The Community Outreach Mission provides basic items to families with children from our surrounding areas. Some of our focus areas are senior citizens, pregnant mothers, school age children, youths, individuals with disabilities, and underprivileged families as a whole.This program provides:- Food to meet basic nutritional needs - School supplies- Clothing- Toiletries- Additional services as neededThe food pantry is open every Saturday at 12pm and on Sundays post-service.",['English'],Free,Yes,None,None,"This program covers residents of the following counties: Delaware County, PA and Philadelphia County, PA.",39.9456921,-75.227192,19143,No,Closed,Closed,Closed,Closed,Closed,12:00PM - 2:00PM,12:00PM - 2:00PM,4.8,Food
Food Pantry (Enon Tabernacle Baptist Church),https://www.auntbertha.com//enon-tabernacle-baptist-church--philadelphia-pa--food-pantry/6307063804985344?postal=19131,['food pantry'],['food pantry'],"['anyone in need', 'all ages', 'individuals', 'families']",215-276-7200,https://enontab.org/updates/,"226 West Coulter Street, Philadelphia, PA 19144","https://www.google.com/maps/?q=226+West+Coulter+Street,+Philadelphia,+PA+19144/",['Anyone can access this program.'],available,Enon Tabernacle Baptist Church offers a Food Pantry for those in need. Clients may visit once a month.This program provides: - Food to meet basic nutritional needsPlease call to schedule a pick-up or if you have any questions about the service.,['English'],Free,Yes,https://www.facebook.com/enontab,https://www.twitter.com/@EnonTab,"This program covers residents of the following counties: Philadelphia County, PA.",40.028436,-75.174988,19144,No,10:00AM - 12:00PM,10:00AM - 12:00PM,10:00AM - 12:00PM,10:00AM - 12:00PM,Closed,Closed,Closed,4.8,Food
Food Cupboard (The Church of the Redeemer Baptist),https://www.auntbertha.com//the-church-of-the-redeemer-baptist--philadelphia-pa--food-cupboard/6476535566696448?postal=19131,['food pantry'],['food pantry'],"['anyone in need', 'all ages', 'individuals', 'families']",215-465-1230,https://cotrb.org/outreach-ministries/#FOOD,"1440 South 24th Street, Philadelphia, PA 19146","https://www.google.com/maps/?q=1440+South+24th+Street,+Philadelphia,+PA+19146/",['Anyone can access this program.'],available,The purpose of the ministry is to respond to the need of the community by providing food and other assistance for those who are less fortunate than others.This program provides:- Food to meet basic nutritional needs,['English'],Free,Yes,None,None,"This program covers residents of the following cities: Philadelphia, PA.",39.9340607,-75.184591,19146,No,Closed,Closed,Closed,Closed,Closed,7:30 - 9:30AM,Closed,4.6,Food
Food Pantries (Catholic Social Services - Philadelphia),https://www.auntbertha.com//catholic-social-services---philadelphia--philadelphia-pa--food-pantries/4567796139294720?postal=19131,['food pantry'],"['diapers & formula', 'parenting education']","['anyone in need', 'all ages', 'individuals', 'families', 'low-income']",215-724-8550,https://cssphiladelphia.org/family-service-centers/,"6214 Grays Avenue, Philadelphia, PA 19142","https://www.google.com/maps/?q=6214+Grays+Avenue,+Philadelphia,+PA+19142/",['This program serves anyone in need.'],available,Catholic Social Services' Food Pantries provide quality food items to households experiencing food insecurity. This program supplies critical nutrition to hungry individuals and families. This program provides:- Food to meet basic nutritional needs,['English'],Free,Yes,https://www.facebook.com/cssphiladelphia,https://www.twitter.com/@CSSPhiladelphia,"This program covers residents of the following cities: Philadelphia, PA.",39.925611,-75.228233,19142,No,8:30AM - 4:30PM,8:30AM - 4:30PM,8:30AM - 4:30PM,8:30AM - 4:30PM,8:30AM - 4:30PM,Closed,Closed,4,Food
Food Pantry (Turning Points for Children),https://www.auntbertha.com//turning-points-for-children--philadelphia-pa--food-pantry/6317383527694336?postal=19131,['food pantry'],['food pantry'],"['anyone in need', 'all ages', 'individuals', 'families']",833-926-2331,https://turningpointsforchildren.phmc.org/programs/fawn,"6601 Elmwood Avenue, Philadelphia, PA 19142","https://www.google.com/maps/?q=6601+Elmwood+Avenue,+Philadelphia,+PA+19142/",['Anyone can access this program.'],available,"Food and Wellness Network (FAWN) food pantry serves children, adults or senior citizens with limited or no income, who simply have fallen on hard times or recently unemployed and need assistance to make ends meet. Services provided to our community include:- Food to meet basic nutritional needs",['English'],Free,Yes,https://www.facebook.com/TurningPointsforChildren,https://www.twitter.com/@TP4C,"This program covers residents of the following counties: Philadelphia County, PA.",39.9215039,-75.232455,19142,No,Closed,Closed,Closed,Closed,10:00AM - 2:00PM,Closed,Closed,3,Food
Social Services Program (Salvation Army Eastern Pennsylvania and Delaware),https://www.auntbertha.com//salvation-army-eastern-pennsylvania-%2526-delaware--philadelphia-pa--social-services-program/4620877509427200?postal=19131,"['food pantry', 'meals', 'clothing', 'toys & gifts', 'parenting education', 'counseling', 'financial education', 'navigating the system', 'support network', 'spiritual support', 'skills & training', 'interview training', 'resume development', 'help find work']","['food pantry', 'meals', 'clothing', 'toys & gifts', 'parenting education', 'counseling', 'financial education', 'navigating the system', 'support network', 'spiritual support', 'skills & training', 'interview training', 'resume development', 'help find work']","['all ages', 'individuals', 'families', 'homeless', 'near homeless', 'low-income']",215-474-1010,https://easternusa.salvationarmy.org/,"5501 Market Street, Philadelphia, PA 19139","https://www.google.com/maps/?q=5501+Market+Street,+Philadelphia,+PA+19139/",['This program serves residents of Pennsylvania.'],available,Salvation Army Eastern Pennsylvania & Delaware social workers provide social services to meet the needs of the community. This program provides:- Access to nutritious food- Counseling Services- Financial Education- Spiritual Support- Referrals- Help find work- Resume Building- Interview skills- Job placement- Toys & Gifts (Holiday season)- Clothing (all ages)- Men's and women's support groupsServices offered may change depending on location. Please contact the nearest office for more information.,['English'],Free,Yes,https://www.facebook.com/SalvationArmyPhiladelphia,https://www.twitter.com/@SalArmyPhilly,"This program covers residents of the following cities: Dover, DE, Seaford, DE, Wilmington, DE, Allentown, PA, Berwick, PA, Bethlehem, PA, Boyertown, PA, Carlisle, PA, Chambersburg, PA, Chester, PA, Coal Township, PA, Coatesville, PA, Darby, PA, East Stroudsburg, PA, Easton, PA, Harrisburg, PA, Hazleton, PA, Lancaster, PA, Lebanon, PA, Levittown, PA, Lewistown, PA, Lock Haven, PA, Milton, PA, Norristown, PA, Pen Argyl, PA, Philadelphia, PA, Pottstown, PA, Pottsville, PA, Reading, PA, Scranton, PA, State College, PA, Sunbury, PA, Tamaqua, PA, West Chester, PA, Wilkes Barre, PA, Williamsport, PA and York, PA.",39.9610016,-75.231293,19139,No,9:00AM - 4:00PM,9:00AM - 4:00PM,9:00AM - 4:00PM,9:00AM - 4:00PM,9:00AM - 4:00PM,9:00AM - 4:00PM,9:00AM - 4:00PM,4.1,Food
Free Produce Markets No.2 (Children's Hospital of Philadelphia),https://www.auntbertha.com//children%2527s-hospital-of-philadelphia-%2528chop%2529--philadelphia-pa--free-produce-markets/6006436119248896?postal=19131,['food pantry'],['food pantry'],"['all ages', 'individuals', 'families']",None,None,"4865 Market Street, Philadelphia, PA 19139","https://www.google.com/maps/?q=4865+Market+Street,+Philadelphia,+PA+19139/",['Anyone can access this program.'],available,CHOP's free produce markets provides quality food items to households experiencing food insecurity. This program supplies critical nutrition to hungry individuals and families.This program provides:- Food to meet basic nutritional needsPlease bring your own bag when you visit. The market will be cancelled if it rains.,['English'],Free,Yes,None,None,"This program covers residents of the following cities: Philadelphia, PA.",39.9595846,-75.217682,19139,No,Closed,Closed,Closed,9:30 - 10:30AM,Closed,Closed,Closed,4.1,Food