Service_name,Service_url,Main_Services,Other_Services,Serving,Phone_Number,Website,Location_Address,Location_URL_Map,Eligibility,Availability,Description,Languages,Cost,Google_Review,Facebook_URL,Twitter_URL,Coverage,Latitude,Longitude,Zipcode,24hour,Monday,Tuesday,Wednesday,Thursday,Friday,Saturday,Sunday,Google_Rating,Service
Achievement through Counseling and Treatment ACT (JEVS Human Services),https://www.auntbertha.com//jevs-human-services--philadelphia-pa--achievement-through-counseling-and-treatment-%2528act%2529/5928980046675968?postal=19104,"['addiction & recovery', 'medications for addiction', 'medical care', 'checkup & test', 'prevent & treat', 'counseling', 'sexual and reproductive health', 'std/sti treatment & prevention', 'support network', 'more education']","['help find work', 'resume development']","['adults 18+', 'substance dependency']",215-854-1800,https://www.jevshumanservices.org/program/achievement-through-counseling-and-treatment/,"1845 Walnut Street, Philadelphia, PA 19103","https://www.google.com/maps/?q=1745+North+4th+Street,+Philadelphia,+PA+19122/",['This program helps people who are older than 17 years old.'],available,"Operating under the JEVS network, Achievement Through Counseling and Treatment (ACT) operates two outpatient, state-certified opioid treatment facilities in Philadelphia, known as ACT I and ACT II.This program provides:- Medication-assisted treatment for opiate abuse- Outpatient methadone maintenance services, - Individual, group, and family counseling, - Free and confidential HIV/AIDS testing- Employment services like resumé workshops, and job placement assistanceCommunity Behavioral Health (CBH) pays for all treatment if you are an eligible participant. If you are ineligible for CBH coverage, you may be eligible for Behavioral Health Services Initiative (BHSI) support or other insurance; private pay of a weekly fee may be arranged.","['English', 'Spanish']",Sliding Scale,TRUE,https://www.facebook.com/JEVSHumanServices,https://www.twitter.com/@JEVSHumanServs,"This program covers residents of the following counties: Philadelphia County, PA.",39.9775523,-75.1414607,19122,FALSE,9:00AM - 5:00PM,9:00AM - 5:00PM,9:00AM - 5:00PM,9:00AM - 5:00PM,9:00AM - 5:00PM,Closed,Closed,0,Mental Health
Addiction Medicine And Health Advocates (African Cultural Alliance of North America Inc. ACANA),https://www.auntbertha.com//addiction-medicine-and-health-advocates%252C-inc.-%2528amha%2529--philadelphia-pa--addiction-medicine-and-health-advocates/5185303560585216?postal=19104,"['addiction & recovery', 'detox', 'outpatient treatment', 'understand mental health', 'group therapy', 'substance abuse counseling', 'family counseling', 'mental health evaluation', 'drug testing', 'navigating the system', 'support network', 'one-on-one support']",,"['adults', 'young adults', 'teens', 'seniors', 'substance dependency', 'families']",215-923-4202,https://amhainc.org/services,"928 Market St, Philadelphia, PA 19107","https://www.google.com/maps/?q=928+Market+St,+Philadelphia,+PA+19107/",[],available,"Addiction Medicine and Health Advocates, Inc. (AMHA) provides evidence-based substance abuse treatment, which is continuously responsive to the needs of the patients and their families. AMHA is an outpatient facility consisting of two levels of care: Outpatient and Intensive Outpatient. Methadone Maintenance is provided on both levels of care.Services provided include:• Assessment and intake• Medication-assisted treatment (methadone maintenance)• Individual counseling & psychotherapy• Group psychotherapy• Psycho education• Medical & psychiatric evaluations • Aftercare & follow up services • Referrals (educational, medical, vocational, psychiatric, higher levels of care)• Couples & family therapy• Drug screening To begin the admissions process, please contact us. You may also come in person between the hours of 9 am and 4 pm, Monday through Friday. You will be asked to complete a short screening interview and if initial eligibility criteria is met, you will be scheduled for an assessment.At the time of your assessment, you will need to bring:• Current, state-issued photo ID• Insurance cardAMHA is a private not-for-profit organization dependent upon patient fees for its continuance. Most of our patients have some form of insurance or medical assistance that pays for medication-assisted treatment services. Individuals who do not have insurance are responsible for payment or they may be eligible for county funding.",['English'],Reduced Cost,TRUE,None,None,"This program covers residents of the following counties: Philadelphia County, PA.",39.9510066,-75.1561655,19107,FALSE,6:00AM - 2:00PM,6:00AM - 2:00PM,6:00AM - 2:00PM,6:00AM - 2:00PM,6:00AM - 2:00PM,6:00 - 11:45AM,6:00 - 11:45AM,4.2,Mental Health
Addiction Recovery Services (Merakey - Pennsylvania),https://www.auntbertha.com//merakey---pennsylvania--philadelphia-pa--addiction-recovery-services/6032260047568896?postal=19131,"['addiction & recovery', 'substance abuse counseling', 'mental health care', 'counseling']",,"['adults 18+', 'benefit recipients', 'all mental health', 'substance dependency']",866-647-0007,https://www.merakey.org/services/addiction-recovery#programs-offered,"5000 Parkside Avenue, Philadelphia, PA 19131","https://www.google.com/maps/?q=5000+Parkside+Avenue,+Philadelphia,+PA+19131/",['Must have Medicaid.'],available,"Merakey offers comprehensive clinical, evidence-based practice, and therapeutic programs in both community based and clinic based settings to address the impact of addiction on the community, family, and individual.This program provides:- Group, Family, and Individual Counseling- Outpatient and Intensive Outpatient Programs- Drug Free and Medication Assisted Modalities- Co-Occurring Disorders Treatment- Pharmacotherapy Programs- Drug and Alcohol Education- Life Skills Management- Relapse Prevention Planning- Drug ScreeningMerakey accepts Medicaid.",['English'],Reduced Cost,TRUE,https://www.facebook.com/MerakeyOrg/,,"This program covers residents of the following counties: Delaware County, PA, Montgomery County, PA, Northumberland County, PA and Philadelphia County, PA.",39.9796591,-75.219737,19131,FALSE,8:00AM - 5:00PM,8:00AM - 5:00PM,8:00AM - 5:00PM,8:00AM - 5:00PM,8:00AM - 5:00PM,Closed,Closed,3.1,Mental Health
Addiction Services (University of Pennsylvania Perelman School of Medicine),https://www.auntbertha.com//university-of-pennsylvania-perelman-school-of-medicine--philadelphia-pa--addiction-services/5001274926563328?postal=19104,"['addiction & recovery', 'substance abuse counseling', 'health education', 'mental health care', 'counseling', 'group therapy', 'individual counseling', 'peer support']",,"['adults', 'seniors', 'individuals', 'benefit recipients', 'substance dependency', 'opioid dependency', 'alcohol dependency', 'dual diagnosis']",215-662-8747,https://www.med.upenn.edu/recovery/intensive-outpatient-and-outpatient-substance-use-and-co-occuring-treatment-program.html,"4040 Market Street, Philadelphia, PA 19104","https://www.google.com/maps/?q=4040+Market+Street,+Philadelphia,+PA+19104/","['This program helps people who are older than 17 years old', 'Must have Medicaid.']",available,"Penn Presbyterian Medical Center offers a wide range of behavior health services, including inpatient and outpatient services for mental health and addiction treatments, and specialty mental health programs for older adults.This program provides:- Individual and Group counseling- Educational materials and support- Relapse prevention groupsFamily support and orientation meetings are available for all patients.University of Pennsylvania Perelman School of Medicine accepts Medicaid.","['English', 'Spanish']",Reduced Cost,TRUE,https://www.facebook.com/MFCPenn/,https://www.twitter.com/@MFCPenn,"This program covers residents of the following cities: Philadelphia, PA.",39.9569563,-75.2033262,19104,FALSE,8:00AM - 5:00PM,8:00AM - 5:00PM,8:00AM - 5:00PM,8:00AM - 5:00PM,8:00AM - 5:00PM,Closed,Closed,0,Mental Health
Adolescent Behavioral Health Inpatient Treatment (Friends Hospital),https://www.auntbertha.com//friends-hospital--philadelphia-pa--adolescent-behavioral-health-inpatient-treatment/4822984222310400?postal=19104,"['addiction & recovery', 'mental health evaluation', 'hospital treatment', 'mental health care', 'residential care']","['group therapy', 'family counseling', 'individual counseling', 'alternative education']","['teens', 'benefit recipients', 'all mental health', 'substance dependency', 'dual diagnosis']",215-831-4600,https://friendshospital.com,"4641 Roosevelt Boulevard, Philadelphia, PA 19124","https://www.google.com/maps/?q=4641+Roosevelt+Boulevard,+Philadelphia,+PA+19124/","['This program helps people who are 13 to 17 years old.', 'Must have Medicare and Medicaid.']",available,"Friends Hospital provides psychiatric treatment and support to adolescents so they can begin to identify challenges, better handle frustrations and develop constructive, healthy behaviors. Program services takes place in a dedicated adolescent unit with separate wings for males and female patients.This program provides:- Treatment for all major psychiatric disorders and co-occurring substance issues- Holistic and patient-centered treatment approach- Individualized treatment, wellness and discharge plans- Individual, group and family therapy- Academic support (includes educational assessment and daily educational instruction from a certified teacher)Almost all major health insurances, including Medicaid and Medicare are accepted. It is the policy of Friends Hospital not to create a financial hardship for any patient. If necessary, a payment plan appropriate to the patient’s financial status can be established.To make the admission process go as smoothly as possible, please download and complete our authorization completion instructions and authorization to obtain or release protected health information form. To schedule a confidential assessment or learn more about the admission process, please call the admission department.",['English'],Reduced Cost,TRUE,None,None,"This program covers residents of the following counties: Philadelphia County, PA.",40.0266061,-75.0994722,19124,TRUE,0:00AM - 11:59PM,0:00AM - 11:59PM,0:00AM - 11:59PM,0:00AM - 11:59PM,0:00AM - 11:59PM,0:00AM - 11:59PM,0:00AM - 11:59PM,1.8,Mental Health
Adolescent Medicine (Children's Hospital of Philadelphia),https://www.auntbertha.com//children%2527s-hospital-of-philadelphia-%2528chop%2529--philadelphia-pa--adolescent-medicine/6028853140258816?postal=19104,"['medical care', 'checkup & test', 'prevent & treat', 'mental health evaluation', 'sexual and reproductive health', 'womens health', 'birth control', 'std/sti treatment & prevention']","['family planning', 'sex education', 'disease screening']","['young adults', 'teens', 'children', 'chronic illness', 'benefit recipients', 'depression', 'anxiety', 'eating disorder', 'lgbtqia+']",215-590-1000,https://www.chop.edu/centers-programs/adolescent-medicine,"3401 Civic Center Blvd., Philadelphia, PA 19104","https://www.google.com/maps/?q=3550+Market+Street,+Philadelphia,+PA+19104/","['This program helps people who are 10 to 24 years old.', 'Must have Medical Assistance or Medicare.']",available,"The Craig Dalsimer Division of Adolescent Medicine provides comprehensive care for youth aged 10 to 24. CHOP strives to provide high-quality medical care to youth throughout the adolescent years, with a focus on respecting individuality, supporting physical and emotional growth and development, and educating and empowering teens to ultimately take ownership of their healthcare and life decisions.   This program provides:- Evaluation of organic causes of mood disorders- Support for diagnosis and medical management of uncomplicated depression and anxiety- Medical evaluation of malnutrition- Young men's health services- Contraception- Contraceptive counseling- Sexually transmitted disease (STD) testing and treatment- Reproductive health visitsCare is provided for:- Adolescent issues related to complex chronic medical conditions- Menstrual problems- Ovarian cysts- Polycystic ovarian syndrome- Vaginal discharge- Eating and feeding disorders- Hirsutism- Gender identity and sexual development issues- Delayed puberty/delayed sexual developmentThis program accepts Medicare and Medical Assistance of PA and NJ.",['English'],Reduced Cost,TRUE,https://www.facebook.com/ChildrensHospitalofPhiladelphia,https://www.twitter.com/@ChildrensPhila,"This program covers residents of the following counties: Delaware County, PA, Montgomery County, PA and Philadelphia County, PA.",39.9557465,-75.1940257,19104,TRUE,0:00AM - 11:59PM,0:00AM - 11:59PM,0:00AM - 11:59PM,0:00AM - 11:59PM,0:00AM - 11:59PM,0:00AM - 11:59PM,0:00AM - 11:59PM,4.1,Mental Health
"Adolescent Treatment Programming Willpower, Options, Resources and Direction - W.O.R.D (The Consortium, Inc.)",https://www.auntbertha.com//the-consortium%252C-inc.--philadelphia-pa--adolescent-treatment-programming-%2528willpower%252C-options%252C-resources-and-direction---w.o.r.d%2529/6383660694765568?postal=19104,"['addiction & recovery', 'substance abuse counseling', 'mental health care']","['group therapy', 'individual counseling']","['adults', 'teens', 'benefit recipients', 'low-income', 'substance dependency', 'alcohol dependency']",215-596-8100,https://consortiuminc.org/,"26 South 40th Street, Philadelphia, PA 19104","https://www.google.com/maps/?q=26+South+40th+Street,+Philadelphia,+PA+19104/","['This program helps people who are 14 to 21 years old.', 'Must have Medicaid.']",available,"The WORD program is an addictions treatment program designed to treat adolescents between the ages of 14-21, struggling with early addiction. The youth served may experience varying degrees of substance use and/or co-occurring mental health challenges.Treatment can include:- Individualized assessment- Individual or group therapy- Family therapy- Psychiatric evaluation- Medication evaluation- Care coordination- Supportive collateral servicesGroup therapy is assigned following an assessment of needs, which also assists in determining either an Intensive or outpatient level of care.Referrals to the Adolescent Addiction treatment program initiates from family and friends, as well as external agencies such as the Philadelphia Juvenile Justice system, in-patient hospitals and other human service agencies.The Consortium accepts Medicaid and offers a sliding scale fee for low-income individuals. We don't turn anyone away.",['English'],Sliding Scale,TRUE,None,None,"This program covers residents of the following counties: Philadelphia County, PA.",39.9565451,-75.2022776,19104,FALSE,8:00AM - 5:00PM,8:00AM - 5:00PM,8:00AM - 5:00PM,8:00AM - 5:00PM,8:00AM - 5:00PM,Closed,Closed,4,Mental Health
Adult Behavioral Health Inpatient Treatment (Friends Hospital),https://www.auntbertha.com//friends-hospital--philadelphia-pa--adult-behavioral-health-inpatient-treatment/5638513518444544?postal=19104,"['residential treatment', 'substance abuse counseling', 'medical care', 'counseling', 'residential care']",,"['adults 18+', 'depression', 'all mental health', 'substance dependency']",215-831-4600,https://friendshospital.com/programs-and-services/adults/,"4641 Roosevelt Boulevard, Philadelphia, PA 19124","https://www.google.com/maps/?q=4641+Roosevelt+Boulevard,+Philadelphia,+PA+19124/",['Must be between the ages of 18 to 65.'],available,"Friends Hospital's Adult Behavioral Health Inpatient Program helps individuals understand their condition and develop healthy alternative behaviors. The hospital has several specialized adult units to meet the varied needs of its patients. This includes an intensive adult unit for individuals with severe and persistent mental illness and our recovery unit.This program provides:- Treatment for all major psychiatric disorders and co-occurring substance issues- Recovery-oriented approach that emphasizes the patient’s support systems, strengths and community connections- Individual, group and family therapy- Individualized treatment, wellness and discharge plans- Private bedrooms with unit access to an enclosed outside courtyardAlmost all major health insurances, including Medicare are accepted. It is the policy of Friends Hospital not to create a financial hardship for any patient. If necessary, a payment plan appropriate to the patient’s financial status can be established. To make the admission process go as smoothly as possible, please download and complete the authorization completion instructions and authorization to obtain or release protected health information form. To schedule a confidential assessment or learn more about the admission process, please call the admission department.",['English'],Reduced Cost,TRUE,None,None,"This program covers residents of the following counties: Philadelphia County, PA.",40.0266061,-75.0994722,19124,TRUE,0:00AM - 11:59PM,0:00AM - 11:59PM,0:00AM - 11:59PM,0:00AM - 11:59PM,0:00AM - 11:59PM,0:00AM - 11:59PM,0:00AM - 11:59PM,1.8,Mental Health
Adult Behavioral Health Services (Family Practice & Counseling Network),https://www.auntbertha.com//family-practice-%2526-counseling-network-%2528fpcn%2529--philadelphia-pa--adult-behavioral-health-services/4868809086468096?postal=19104,"['counseling', 'mental health care', 'family counseling', 'individual counseling', 'medications for mental health', 'mental health evaluation']",,"['adults 18+', 'benefit recipients', 'low-income', 'uninsured', 'limited english', 'depression', 'anxiety', 'all mental health']",215-843-9720,https://www.fpcn.com/,"4700 Wissahickon Avenue, Philadelphia, PA 19144","https://www.google.com/maps/?q=3901+Market+Street,+Philadelphia,+PA+19104/",['This program helps people who are older than 17 years old.'],available,"In the Outpatient Behavioral Health Department at FPCN, our licensed clinicians provide psychotherapy for adults using individual, group, couple, and family modalities.  We work to empower people to reach their life goals and are skilled in treating trauma and loss, depression, anxiety, anger management, behavior problems, stress, attention deficit, and parenting challenges. Psychiatrists are available to those active in therapy to evaluate if medication might be helpful to a person’s treatment and to monitor its effectiveness.Services: - Mental health assessment- Individual and Couples Therapy - Medication for mental illness- Services and accommodations for people who do not speak English such as in-house staff translators or a language translation telecommunication service.   No one will be turned away for inability to pay. FPCN offers services on a sliding scale, and accepts Medicaid and Medicare. Please bring the required documents with you for your first visit.",['English'],Sliding Scale,TRUE,None,None,"This program covers residents of the following counties: Philadelphia County, PA.",39.9574429,-75.2007276,19104,FALSE,9:00AM - 5:00PM,9:00AM - 5:00PM,9:00AM - 5:00PM,9:00AM - 5:00PM,9:00AM - 5:00PM,Closed,Closed,2.3,Mental Health
Adult Behavioral Health Services (University of Pennsylvania Perelman School of Medicine),https://www.auntbertha.com//university-of-pennsylvania-perelman-school-of-medicine--philadelphia-pa--adult-behavioral-health-services/4967396137893888?postal=19104,"['mental health care', 'mental health evaluation', 'navigating the system', 'case management']",['temporary shelter'],"['adults 18+', 'individuals', 'families', 'all mental health']",215-829-7271,https://www.med.upenn.edu/hallmercer/clinical_adults.html,"245 South 8th Street, Philadelphia, PA 19107","https://www.google.com/maps/?q=245+South+8th+Street,+Philadelphia,+PA+19107/",['This program serves adults (18+).'],available,Hall-Mercer Community Mental Health Center offers a variety of adult behavioral health services to meet the needs of the community.This program provides:- Intake & Continuity of Care Cervices- Blended Case Management- ACCESS Intensive Case Management- Prevention & Recovery Services (PARS-RC)- Homeless Outreach Services,['English'],Sliding Scale,TRUE,None,None,"This program covers residents of the following counties: Philadelphia County, PA.",39.9465396,-75.1544013,19107,FALSE,8:00AM - 5:00PM,8:00AM - 5:00PM,8:00AM - 5:00PM,8:00AM - 5:00PM,8:00AM - 5:00PM,Closed,Closed,2.1,Mental Health
"Adult Blended Case Management (The Consortium, Inc.)",https://www.auntbertha.com//the-consortium%252C-inc.--philadelphia-pa--adult-blended-case-management/5078409194766336?postal=19131,"['mental health care', 'navigating the system', 'one-on-one support']",,"['adults 18+', 'benefit recipients', 'low-income', 'all mental health']",215-596-8400,https://consortiuminc.org/adult-behavioral-health/,"5501 Chestnut Street, Philadelphia, PA 19139","https://www.google.com/maps/?q=5501+Chestnut+Street,+Philadelphia,+PA+19139/","['Must meet income requirements or have Medicaid.', 'Must have a referral.']",available,Adult Blended Case Management serves individuals aged 18 and older with serious and persistent mental health and co-occurring conditions who live in the community.Case managers assist individuals with:- Obtaining supports that help reduce hospitalization so that they can continue to live in the community in the least restrictive setting possible.  - Housing- Day program- Appointment scheduling - Daily living needsThe Consortium accepts Medicaid and offers a sliding scale fee for low-income individuals. We don't turn anyone away.,['English'],Sliding Scale,TRUE,,,"This program covers residents of the following counties: Philadelphia County, PA.",39.9595245,-75.23145,19139,FALSE,9:00AM - 5:00PM,9:00AM - 5:00PM,9:00AM - 5:00PM,9:00AM - 5:00PM,9:00AM - 5:00PM,Closed,Closed,0,Mental Health
Adult Counseling (Jewish Family and Children's Service of Greater Philadelphia),https://www.auntbertha.com//jewish-family-and-children%2527s-service-of-greater-philadelphia-%2528jfcs%2529--philadelphia-pa--adult-counseling/6567655386644480?postal=19111,"['mental health care', 'group therapy', 'individual counseling']",,"['adults 18+', 'grieving', 'individuals', 'depression', 'bipolar', 'suicidal thoughts', 'anxiety', 'ptsd', 'all mental health']",866-532-7669,https://jfcsphilly.org/counseling/,"2100 Arch Street, Philadelphia, PA 19103","https://www.google.com/maps/?q=2100+Arch+Street,+Philadelphia,+PA+19103/",['This program helps people who are older than 17 years old.'],available,"Jewish Family and Children’s Service of Greater Philadelphia provides counseling services for adults. The counselors take a holistic approach as they help clients sort through feelings and work through problems. They provide a full spectrum of supportive services. Their licensed clinical social workers use several established techniques and an eclectic approach to evidence-based interventions.This program provides:- Individual and group counselingFees are established on a case-by-case basis and may include a sliding scale, Medicare and/or additional assistance; you should not let your financial situation get in the way of seeking help.",['English'],Sliding Scale,TRUE,https://www.facebook.com/JFCSPhilly,https://www.twitter.com/@JFCS_Philly,"This program covers residents of the following counties: Philadelphia County, PA.",39.9556178,-75.1752001,19103,FALSE,9:00AM - 5:00PM,9:00AM - 5:00PM,9:00AM - 5:00PM,9:00AM - 5:00PM,9:00AM - 5:00PM,Closed,Closed,0,Mental Health
Adult Inpatient Mental Health Services (Belmont Behavioral Health System),https://www.auntbertha.com//belmont-behavioral-health-system--philadelphia-pa--adult-inpatient-mental-health-services/4829363626049536?postal=19111,"['psychiatric emergency services', 'addiction & recovery', 'substance abuse counseling', 'mental health care', 'counseling']",,"['adults 18+', 'individuals', 'benefit recipients', 'depression', 'bipolar', 'suicidal thoughts', 'anxiety', 'eating disorder', 'ptsd', 'substance dependency', 'opioid dependency', 'alcohol dependency', 'dual diagnosis']",844-960-3497,https://www.belmontbehavioral.com/programs/inpatient/adult-inpatient/,"4200 Monument Road, Philadelphia, PA 19131","https://www.google.com/maps/?q=4200+Monument+Road,+Philadelphia,+PA+19131/",['Must have Medicare or Medicaid.'],available,"At Belmont Behavioral Health Hospital, we are dedicated to providing the highest quality of care to adults age 18 and older who are seeking help for mental health challenges. We offer several levels of adult inpatient programs at our facility in Philadelphia, Pennsylvania.We offer:- Inpatient psychiatric care- Dual diagnosis of a substance use- Mood and personality disorder treatmentWhen you or someone you love comes to Belmont for help with a mental health crisis, our expert team will conduct a comprehensive assessment to determine which adult inpatient program is the best level of care to meet your unique needs. We provide adults with the individualized care that helps them heal and recover in the way that is most beneficial for them.Belmont Behavioral Hospital accepts Medicare & Medicaid.",['English'],Reduced Cost,TRUE,https://www.facebook.com/belmontbh/,,"This program covers residents of the following counties: Philadelphia County, PA.",39.9998986,-75.2151333,19131,FALSE,8:00AM - 5:00PM,8:00AM - 5:00PM,8:00AM - 5:00PM,8:00AM - 5:00PM,8:00AM - 5:00PM,Closed,Closed,2.2,Mental Health
Adult Outpatient Psychiatry (Jefferson Health - Vickie & Jack Farber Institute for Neuroscience),https://www.auntbertha.com//jefferson-health---vickie-%2526-jack-farber-institute-for-neuroscience--voorhees-township-nj--adult-outpatient-psychiatry/6472488910454784?postal=19111,"['outpatient treatment', 'understand mental health', 'counseling', 'mental health care', 'group therapy', 'individual counseling', 'mental health evaluation']",,"['adults 18+', 'individuals', 'benefit recipients', 'all mental health']",800-533-3669,https://www.jeffersonhealth.org/conditions-and-treatments/adult-inpatient-outpatient-psychiatry,"443 Laurel Oak Road, Voorhees Township, NJ 19147","https://www.google.com/maps/?q=443+Laurel+Oak+Road,+Voorhees+Township,+NJ+19147/",['This program helps people who are older than 17 years old.'],available,Jefferson Health serves adults experiencing a severe or acute mental disorder through their Adult Outpatient Psychiatry services.This program provides:- Psychosocial and psychiatric evaluations- Outpatient mental health treatmentTreatment may include:- Individual therapy- Group psychotherapy- Medical/surgical consultation The program is staffed by resident psychiatrists and psychologists and provides patients with the latest treatments for a variety of psychiatric disorders. Jefferson Health accepts Medical Assistance (Medicaid) and Self-Pay with a sliding scale fee schedule.,['English'],Sliding Scale,TRUE,https://www.facebook.com/jeffersonhospital/,https://www.twitter.com/@TJUHospital,"This program covers residents of the following counties: Philadelphia County, PA.",39.8442874,-74.9853048,19147,FALSE,8:00AM - 5:00PM,8:00AM - 5:00PM,8:00AM - 5:00PM,8:00AM - 5:00PM,8:00AM - 5:00PM,Closed,Closed,4.4,Mental Health
Adult Outpatient Services (Community Council Health Systems),https://www.auntbertha.com//community-council-health-systems--philadelphia-pa--adult-outpatient-services/5166565658460160?postal=19111,"['outpatient treatment', 'mental health care']",,"['adults 18+', 'anxiety', 'all mental health']",215-473-7033,https://www.cchss.org/adult-services,"714 Market Street, Philadelphia, PA 19106","https://www.google.com/maps/?q=714+Market+Street,+Philadelphia,+PA+19106/",['This program helps people who are older than 17 years old.'],available,"Community Council Health Systems provides outpatient mental health services to adults and their families who are experiencing psychiatric problems. These problems include, but are not limited to psychotic conditions which are active or in remission, mood disorders, anxiety disorders and other serious and persistent mental illness. This program provides: - Psychological assessments- Psychiatric evaluation- Individual therapy- Group and family therapy- Case management - Community outreachServices are offered in person at their main office and also virtually.",['English'],Reduced Cost,TRUE,https://www.facebook.com/CCHSS/,https://www.twitter.com/@CCHS4900,"This program covers residents of the following counties: Philadelphia County, PA.",39.950242,-75.1529876,19106,FALSE,8:00AM - 8:00PM,8:00AM - 8:00PM,8:00AM - 8:00PM,8:00AM - 8:00PM,8:00AM - 8:00PM,Closed,Closed,3.7,Mental Health
Adult Outpatient Services (Hispanic Community Counseling Services HCCS),https://www.auntbertha.com//hispanic-community-counseling-services-%2528hccs%2529--philadelphia-pa--adult-outpatient-services/5373543795916800?postal=19111,"['substance abuse counseling', 'group therapy', 'family counseling', 'individual counseling', 'medications for mental health', 'mental health evaluation', 'virtual support']",,"['adults 18+', 'limited english', 'latino', 'all mental health', 'substance dependency']",215-425-6900,https://www.hccsphila.org/adult-outpatient-services,"3221 Kensington Avenue, Philadelphia, PA 19134","https://www.google.com/maps/?q=3221+Kensington+Avenue,+Philadelphia,+PA+19134/",['This program accepts Medicaid and Medicare.'],available,"The Adult Outpatient Services provide assessment, diagnosis, and treatment to individuals requiring mental health or dual diagnosis treatment (treatment of mental health plus substance use). The outpatient treatment team consists of trained professionals including psychiatrists, licensed therapists, psychiatric technicians, counselors, and support staff. Focus areas include mental health and substance use assessment, psychiatric assessment and evaluation for medication, medication monitoring, limited individual counseling, group counseling, bilingual counseling services, interpreter services, benefits services, and community services referral.Common diagnoses for clients at HCCS include disorders of mood, anxiety, personality, addiction and psychosis. HCCS currently offers the following services within the traditional outpatient menu of services:- Psychiatric Evaluation- Medication Managemen- Individual Counseling- Family Therapy- Group Therapy- Psychological Testing and evaluation- Co-occurring Services - Mobile Therapy - Perinatal Depression Treatment servicesHispanic Community Counseling Services accepts Medicare and Medicaid.","['English', 'Portuguese', 'Russian', 'Spanish']",Reduced Cost,TRUE,None,None,"This program covers residents of the following cities: Philadelphia, PA.",39.9967308,-75.1124209,19134,FALSE,8:00AM - 5:00PM,8:00AM - 5:00PM,8:00AM - 5:00PM,8:00AM - 5:00PM,8:00AM - 5:00PM,8:00AM - 4:00PM,Closed,3.2,Mental Health
Adult Outpatient Services (Hispanic Community Counseling Services),https://www.auntbertha.com//hispanic-community-counseling-services-%2528hccs%2529--philadelphia-pa--adult-outpatient-services/5373543795916800?postal=19131,"['substance abuse counseling', 'group therapy', 'family counseling', 'individual counseling', 'medications for mental health', 'mental health evaluation', 'virtual support']",,"['adults 18+', 'limited english', 'latino', 'all mental health', 'substance dependency']",215-291-8151,https://www.hccsphila.org/adult-outpatient-services,"3156 Kensington Avenue, Philadelphia, PA 19134","https://www.google.com/maps/?q=3156+Kensington+Avenue,+Philadelphia,+PA+19134/",['This program accepts Medicaid and Medicare.'],available,"The Adult Outpatient Services provide assessment, diagnosis, and treatment to individuals requiring mental health or dual diagnosis treatment (treatment of mental health plus substance use). The outpatient treatment team consists of trained professionals including psychiatrists, licensed therapists, psychiatric technicians, counselors, and support staff. Focus areas include mental health and substance use assessment, psychiatric assessment and evaluation for medication, medication monitoring, limited individual counseling, group counseling, bilingual counseling services, interpreter services, benefits services, and community services referral.Common diagnoses for clients at HCCS include disorders of mood, anxiety, personality, addiction and psychosis. HCCS currently offers the following services within the traditional outpatient menu of services:- Psychiatric Evaluation- Medication Managemen- Individual Counseling- Family Therapy- Group Therapy- Psychological Testing and evaluation- Co-occurring Services - Mobile Therapy - Perinatal Depression Treatment servicesHispanic Community Counseling Services accepts Medicare and Medicaid.","['English', 'Portuguese', 'Russian', 'Spanish']",Reduced Cost,TRUE,,,"This program covers residents of the following cities: Philadelphia, PA.",39.9962947,-75.114308,19134,FALSE,8:00AM - 8:00PM,8:00AM - 8:00PM,8:00AM - 8:00PM,8:00AM - 8:00PM,8:00AM - 8:00PM,8:00AM - 6:00PM,Closed,0,Mental Health
Adult Outpatient Services (Northeast Community Center For Behavioral Health),https://www.auntbertha.com//northeast-community-center-for-behavioral-health--philadelphia-pa--adult-outpatient-services/5708281859538944?postal=19104,"['addiction & recovery', 'outpatient treatment', 'understand mental health', 'counseling', 'physical therapy', 'specialized therapy', 'mental health care', 'group therapy', 'family counseling', 'medications for mental health', 'mental health evaluation']",,"['adults 18+', 'all mental health', 'substance dependency', 'alcohol dependency', 'dual diagnosis']",215-831-2863,https://www.neccbh.org/adult-outpatient-services/,"4641 Roosevelt Boulevard, Philadelphia, PA 19124","https://www.google.com/maps/?q=4641+Roosevelt+Boulevard,+Philadelphia,+PA+19124/",['This program helps people who are older than 17 years old.'],available,Northeast Community Center For Behavioral Health's Adult Outpatient Services are strongly committed to helping individuals recover from mental illness and addiction. Confidential treatment services are provided which assist individuals with resolving conflicts and overcoming challenges in all aspects of their lives. Services include:- Individual therapy services- Family therapy services- Group therapy services and couples counseling.- Psychiatric evaluation (include medication consultation and ongoing medication management services)- Walk-in crisis management and intervention servicesNortheast Community Center For Behavioral Health accepts Medicare and offers income based sliding scale fee schedule for clients without insurance.,['English'],Sliding Scale,TRUE,None,None,"This program covers residents of the following counties: Philadelphia County, PA.",40.0266061,-75.0994722,19124,FALSE,5:00 AM - 6:00 PM  PST,5:00 AM - 6:00 PM  PST,5:00 AM - 6:00 PM  PST,5:00 AM - 6:00 PM  PST,5:00 AM - 3:00 PM  PST,Closed,Closed,1.8,Mental Health
"Adult Outpatient Services (The Consortium, Inc.)",https://www.auntbertha.com//the-consortium%252C-inc.--philadelphia-pa--adult-outpatient-services/4507013050793984?postal=19111,"['mental health evaluation', 'counseling', 'specialized therapy', 'mental health care', 'group therapy', 'individual counseling', 'outpatient treatment']",,"['adults 18+', 'benefit recipients', 'low-income', 'uninsured', 'depression', 'bipolar', 'suicidal thoughts', 'anxiety', 'all mental health']",215-748-8400,https://consortiuminc.org/,"5501 Chestnut Street, Philadelphia, PA 19139","https://www.google.com/maps/?q=5501+Chestnut+Street,+Philadelphia,+PA+19139/",['This program helps people who are older than 17 years old.'],available,"The Adult Outpatient program provides assessment and treatment services to individuals aged 18 and older with behavioral health concerns.  Our therapists are trained to use evidence-based practices like Cognitive Behavioral Therapy and Prolonged Exposure Therapy to help individuals with short-term, acute, or persistent behavioral health challenges pursue their life goals while living in the community with the highest level of functioning and well-being possible.Services: - Outpatient treatment- Mental health evaluation- Individual, group, and family counselingThe Consortium accepts Medicaid and offers a sliding scale fee for low-income individuals. We don't turn anyone away. If you are feeling sad, depressed, angry or anxious, we can help.  Same or next day appointments for intake are available.","['English', 'Spanish']",Sliding Scale,TRUE,https://www.facebook.com/The-Consortium-Inc-104379619595982/,,"This program covers residents of the following counties: Philadelphia County, PA.",39.9595245,-75.2314499,19139,FALSE,9:00AM - 5:00PM,9:00AM - 5:00PM,9:00AM - 5:00PM,9:00AM - 5:00PM,9:00AM - 5:00PM,9:00AM - 4:00PM,Closed,2.6,Mental Health
Adult Psychological Services (Equilibria Psychological and Consultation Services),https://www.auntbertha.com//equilibria-psychological-and-consultation-services--philadelphia-pa--adult-psychological-services/4788897239531520?postal=19131,"['understand mental health', 'counseling', 'group therapy', 'family counseling', 'individual counseling', 'mental health evaluation']",,"['all ages', 'individuals', 'families', 'parents', 'all mental health']",267-861-3685,https://www.equilibriapcs.com/psychologists-philadelphia-therapists-philadelphia/,"525 South 4th Street, Philadelphia, PA 19147","https://www.google.com/maps/?q=525+South+4th+Street,+Philadelphia,+PA+19147/",[],available,"At Equilibria Psychological and Consultation Services we offer a wide range of therapy, assessment and psychological services to meet the various needs of their adult clients in Philadelphia and the surrounding communities.This program provides:- Individual Therapy- Group Therapy- Cognitive Behavioral Therapy- Marriage Counseling- Relationship Counseling- Parent and Co-Parent Coaching- Psychological EvaluationThey accept Medicare and offer a sliding scale for people with financial hardships.",['English'],Reduced Cost,TRUE,https://www.facebook.com/EquilibriaPsychology,,"This program covers residents of the following counties: Delaware County, PA, Montgomery County, PA and Philadelphia County, PA.",39.9419044,-75.148874,19147,FALSE,8:00AM - 5:00PM,8:00AM - 5:00PM,8:00AM - 5:00PM,8:00AM - 5:00PM,8:00AM - 5:00PM,Closed,Closed,4.4,Mental Health
Adult Rehabilitation Centers ARC (Salvation Army Eastern Pennsylvania & Delaware),https://www.auntbertha.com//salvation-army-eastern-pennsylvania-%2526-delaware--philadelphia-pa--adult-rehabilitation-centers-%2528arc%2529/5640613282447360?postal=19104,"['addiction & recovery', 'residential treatment', 'group therapy', 'individual counseling']","['meals', 'daily life skills', 'occupational therapy', 'group therapy', 'individual counseling', 'recreation', 'spiritual support', 'skills & training']","['adults 18+', 'individuals', 'substance dependency']",800-728-7825,https://pendel.salvationarmy.org/easternpa/rehabilitation-centers,"4555 Pechin Street, Philadelphia, PA 19128","https://www.google.com/maps/?q=4555+Pechin+Street,+Philadelphia,+PA+19128/",[],available,"The Salvation Army’s Adult Rehabilitation Centers provide spiritual, social, and emotional assistance for men and women who have lost the ability to cope with their problems and provide for themselves. Centers offers residential housing, work, and group and individual therapy, all in a clean, wholesome environment.Services provided:- Clean and healthy living environment- Good food - Work therapy - Leisure time activities- Group and individual counseling - Spiritual direction- Resources to develop life skills and a personal relationship with God as provided by Jesus Christ.The physical and spiritual care that program participants receive prepares them to re-enter society and return to gainful employment. Many of those who have been rehabilitated are reunited with their families and resume a normal life.The ARC program is made possible through the generosity of those who donate goods that can be sold in our family thrift stores and provide services that are made available to the participants of our programs.",['English'],Free,TRUE,https://www.facebook.com/SalvationArmyPhiladelphia,https://www.twitter.com/@SalArmyPhilly,"This program covers residents of the following counties: Dauphin County, PA, Lackawanna County, PA and Philadelphia County, PA.",40.0337108,-75.2199653,19128,FALSE,10:00AM - 7:00PM,10:00AM - 7:00PM,10:00AM - 7:00PM,10:00AM - 7:00PM,10:00AM - 7:00PM,Closed,Closed,4.2,Mental Health
Adult Residential Rehabilitation (Salvation Army - Philadelphia),https://www.auntbertha.com//salvation-army---philadelphia--philadelphia-pa--adult-residential-rehabilitation/5077663329026048?postal=19104,"['short-term housing', 'daily life skills', 'group therapy', 'support network', 'peer support', 'spiritual support', 'support groups']","['addiction & recovery', 'mental health care']","['adults 18+', 'homeless', 'near homeless', 'low-income', 'depression', 'substance dependency']",800-728-7825,https://philadelphiaarc.salvationarmy.org/philadelphiaarc,"4555 Pechin Street, Philadelphia, PA 19128","https://www.google.com/maps/?q=4555+Pechin+Street,+Philadelphia,+PA+19128/",['This program serves individuals struggling with substance misuse.'],available,"Our Adult Residential Rehabilitation program is an 8 and a half month non-clinical residential program in which adults struggling to live independent and healthy lives can conquer their demons and gain the skills necessary to improve themselves and live full lives. We help individuals living with additions, depression or other difficulties become independent, contributory members of society.This program provides:- Short-term housingResidents in the program receive: - Mentoring- Peer, group and spiritual support- Daily life skills training- Non-clinical drug and mental health treatmentThere is no cost for this program. However, if a resident does have an income (social security, pension, etc.), they will be required to pay $20/day to help cover program costs.Interested persons should call to schedule an interview.",['English'],Reduced Cost,TRUE,https://www.facebook.com/SalvationArmyUSA,https://www.twitter.com/@SalvationArmyUS,"This program covers residents of the following counties: Bucks County, PA, Chester County, PA, Delaware County, PA, Montgomery County, PA and Philadelphia County, PA.",40.0337108,-75.2199653,19128,FALSE,10:00AM - 7:00PM,10:00AM - 7:00PM,10:00AM - 7:00PM,10:00AM - 7:00PM,10:00AM - 7:00PM,Closed,Closed,4.2,Mental Health
Adult Residential Services Program (Gaudenzia),https://www.auntbertha.com//gaudenzia--philadelphia-pa--adult-residential-services-program/4607689074147328?postal=19104,"['psychiatric emergency services', 'addiction & recovery', 'residential treatment', 'understand mental health', 'mental health care', 'mental health evaluation']",,"['adults 18+', 'hiv/aids', 'with children', 'homeless', 'all mental health', 'substance dependency', 'opioid dependency', 'alcohol dependency', 'dual diagnosis']",833-976-4357,http://www.gaudenzia.org,"1306 Spring Garden Street, Philadelphia, PA 19123","https://www.google.com/maps/?q=1306+Spring+Garden+Street,+Philadelphia,+PA+19123/",[],available,"Gaudenzia offers short, moderate, and long-term Substance Use Disorder (SUD) co-occurring and mental health services to adults, women with children, homeless individuals, and individuals with chronic medical conditions.Services provided:- Short, intermediate and long term substance abuse and mental health servicesGaudenzia accepts Medicare and Medicaid.",['English'],Reduced Cost,TRUE,https://www.facebook.com/gaudenziaorg/,https://www.twitter.com/@Gaudenzia,"This program covers residents of the following counties: District Of Columbia County, DC, New Castle County, DE, New Castle County, DE, Sussex County, DE, Baltimore County, MD, Baltimore City County, MD, Bucks County, PA, Chester County, PA, Dauphin County, PA, Erie County, PA, Lancaster County, PA, Lancaster County, PA, Philadelphia County, PA, Philadelphia County, PA and Philadelphia County, PA.",39.9618338,-75.1596912,19123,TRUE,0:00AM - 11:59PM,0:00AM - 11:59PM,0:00AM - 11:59PM,0:00AM - 11:59PM,0:00AM - 11:59PM,0:00AM - 11:59PM,0:00AM - 11:59PM,2.9,Mental Health
Amputee Peer Mentor Program (Jefferson Health - Magee Rehabilitation),https://www.auntbertha.com//jefferson-health---magee-rehabilitation--philadelphia-pa--amputee-peer-mentor-program/5566200593252352?postal=19104,"['counseling', 'group therapy', 'individual counseling', 'support network', 'one-on-one support', 'peer support']",,"['all ages', 'all disabilities', 'physical disability']",215-587-3205,https://www.jeffersonhealth.org/your-health/classes-and-events/amputation-support-group.html,"111 South 11th St, Philadelphia, PA, United States, Pennsylvania","https://www.google.com/maps/place/111+S+11th+St,+Philadelphia,+PA+19107/@39.9498296,-75.1610962,732m/data=!3m2!1e3!4b1!4m6!3m5!1s0x89c6c735fde30207:0x760fc9c9a5d6d7e2!8m2!3d39.9498296!4d-75.1585213!16s%2Fg%2F11w482gl7j?entry=ttu&g_ep=EgoyMDI1MDMzMC4wIKXMDSoASAFQAw%3D%3D",[],available,"Jefferson Health provides a free service that gives individuals with amputations the opportunity to talk with one another. The Peers share their experiences, knowledge, provide emotional support and practical information on everyday concerns. They are living proof that individuals with amputations can recover and continue to have active lives.This program provides:- Peer support- One-on-one supportThe amputee support groups takes place at 12:15 p.m. on the second Tuesday of every month.",['English'],Free,TRUE,https://www.facebook.com/jeffersonhealth,https://x.com/tjuhospital,"This program covers residents of the following counties: Camden County, NJ, Bucks County, PA and Philadelphia County, PA.",39.9498296,-75.1610962,19107,FALSE,4:00PM - 8:30PM,4:00PM - 8:30PM,4:00PM - 8:30PM,4:00PM - 8:30PM,4:00PM - 8:30PM,2:00PM - 8:30 PM,11:00AM - 8:30PM,4.1,Mental Health
Annex West Health Clinic (Family Practice & Counseling Network FPCN),https://www.auntbertha.com//family-practice-%2526-counseling-network-%2528fpcn%2529--philadelphia-pa--annex-west-health-clinic/5981253155946496?postal=19111,"['addiction & recovery', 'medical care', 'checkup & test', 'mental health care', 'navigating the system']","['medications for addiction', 'help find healthcare', 'case management']","['anyone in need', 'all ages']",215-727-4721,https://www.fpcn.com/annex-west-health-center/,"6120-B Woodland Avenue, Philadelphia, PA 19142","https://www.google.com/maps/?q=3901+Market+Street,+Philadelphia,+PA+19104/",[],available,"Annex West Health Clinic offers many other services besides primary care. Adults and children have a single point of access for care that addresses all aspects of the person and family.Services provided:- Case management- Outreach and Health Insurance Enrollment- Medication Assisted Treatment- Rapid walk-in HIV testing- Mind/Body Practices (on a monthly basis)We accept Medicare, Medicaid, and most major insurances. For those without insurance, we offer services on a sliding scale.",['English'],Sliding Scale,TRUE,None,None,"This program covers residents of the following counties: Bucks County, PA, Chester County, PA, Delaware County, PA, Montgomery County, PA and Philadelphia County, PA.",39.9574429,-75.2007276,19104,FALSE,8:30AM - 6:00PM,8:30AM - 6:00PM,8:30AM - 6:00PM,8:30AM - 6:00PM,8:30AM - 6:00PM,8:30AM - 12:00PM,Closed,2.4,Mental Health
Anxiety Behaviors Clinic (Children's Hospital of Philadelphia),https://www.auntbertha.com//children%2527s-hospital-of-philadelphia-%2528chop%2529--philadelphia-pa--anxiety-behaviors-clinic-%2528abc%2529/4617463453319168?postal=19131,['counseling'],,"['teens', 'school-aged children', 'families', 'with children', 'low-income', 'uninsured', 'underinsured', 'anxiety']",215-590-7555,https://www.chop.edu/centers-programs/anxiety-behaviors-clinic-abc,"4601 Market Street, Philadelphia, PA 19139","https://www.google.com/maps/?q=4601+Market+Street,+Philadelphia,+PA+19139/","['Must be either: uninsured or insured by an insurance company that participates with CHOP AND', 'Must reside in CHOP’s Primary Service Area', 'This program helps people with income at or below 400% of federal poverty guidelines.']",available,"The Anxiety Behaviors Clinic (ABC) provides evaluation, cognitive-behavioral therapy, and medication management for children and adolescents ages 4-18 with primary anxiety disorders, including separation anxiety disorder, phobias, OCD, social anxiety disorder, generalized anxiety disorder, and panic disorder. They also provide behavioral treatment for difficulties that frequently present with anxiety disorders, such as sleep problems, selective eating, and tic disorders. The emphasis is on providing evidence-based and empirically supported treatments that involve and engage the whole family.This program provides:- Individual Therapy- Group Therapy",['English'],Reduced Cost,TRUE,https://www.facebook.com/ChildrensHospitalofPhiladelphia,https://www.twitter.com/@ChildrensPhila,"This program covers residents of the following counties: Philadelphia County, PA and Montgomery County, PA.",39.959809,-75.21491,19139,FALSE,8:00AM - 5:00PM,8:00AM - 5:00PM,8:00AM - 5:00PM,8:00AM - 5:00PM,8:00AM - 5:00PM,Closed,Closed,2.4,Mental Health
Anxiety Behaviors Clinic ABC (Children's Hospital of Philadelphia),https://www.auntbertha.com//children%2527s-hospital-of-philadelphia-%2528chop%2529--philadelphia-pa--anxiety-behaviors-clinic-%2528abc%2529/4617463453319168?postal=19104,['counseling'],,"['teens', 'school-aged children', 'families', 'with children', 'low-income', 'uninsured', 'underinsured', 'anxiety']",215-590-7555,https://www.chop.edu/centers-programs/anxiety-behaviors-clinic-abc,"4601 Market Street, Philadelphia, PA 19139","https://www.google.com/maps/?q=4601+Market+Street,+Philadelphia,+PA+19139/","['Must be either: uninsured or insured by an insurance company that participates with CHOP AND', 'Must reside in CHOP’s Primary Service Area', 'This program helps people with income at or below 400% of federal poverty guidelines.']",available,"The Anxiety Behaviors Clinic (ABC) provides evaluation, cognitive-behavioral therapy, and medication management for children and adolescents ages 4-18 with primary anxiety disorders, including separation anxiety disorder, phobias, OCD, social anxiety disorder, generalized anxiety disorder, and panic disorder. They also provide behavioral treatment for difficulties that frequently present with anxiety disorders, such as sleep problems, selective eating, and tic disorders. The emphasis is on providing evidence-based and empirically supported treatments that involve and engage the whole family.This program provides:- Individual Therapy- Group Therapy",['English'],Reduced Cost,TRUE,https://www.facebook.com/ChildrensHospitalofPhiladelphia,https://www.twitter.com/@ChildrensPhila,"This program covers residents of the following counties: Philadelphia County, PA and Montgomery County, PA.",39.959809,-75.2149095,19139,FALSE,8:00AM - 5:00PM,8:00AM - 5:00PM,8:00AM - 5:00PM,8:00AM - 5:00PM,8:00AM - 5:00PM,Closed,Closed,2.4,Mental Health
Assertive Community Treatment (Horizon House),https://www.auntbertha.com//horizon-house--philadelphia-pa--assertive-community-treatment/5867589268930560?postal=19131,['mental health care'],"['daily life skills', 'help find work']","['all ages', 'all mental health']",215-386-383812220,https://www.hhinc.org/behavioral-health-services/community-based-treatment-services/,"5901 Market Street, Philadelphia, PA 19136","https://www.google.com/maps/?q=5901+Market+Street,+Philadelphia,+PA+19136/","['Must have Medicare or Medicaid.', 'We serve individuals diagnosed with a serious and persistent mental illness.']",available,"Assertive Community Treatment (ACT) is an evidenced-based recovery model designed to provide treatment, rehabilitation, and support services to individuals diagnosed with a serious and persistent mental illness whose needs have not been met by more traditional mental health services. Our ACT teams are interdisciplinary and include specialists in the areas of  psychiatry, mental health, drug and alcohol, vocational training, housing, and nursing. Services include:- Mental health treatment- Rehabilitation- Daily life skills- Employment satisfaction- Living environments and educationThis program accepts Medicare and Medicaid. For more information, please call the nearest office.",['English'],Reduced Cost,TRUE,https://www.facebook.com/horizonhouseinc/?fref=ts,,"This program covers residents of the following counties: New Castle County, DE, Sussex County, DE, Delaware County, PA, Lehigh County, PA, Montgomery County, PA and Philadelphia County, PA.",39.962058,-75.239132,19136,FALSE,8:00AM - 5:00PM,8:00AM - 5:00PM,8:00AM - 5:00PM,8:00AM - 5:00PM,8:00AM - 5:00PM,Closed,Closed,0,Mental Health
Autism Integrated Care Program (Children's Hospital of Philadelphia),https://www.auntbertha.com//children%2527s-hospital-of-philadelphia-%2528chop%2529--philadelphia-pa--autism-integrated-care-program/4813909593948160?postal=19104,"['understand mental health', 'checkup & test', 'disability screening', 'mental health evaluation', 'specialized therapy', 'mental health care', 'family counseling']",,"['young adults', 'teens', 'children', 'autism', 'benefit recipients']",215-590-7500,https://www.chop.edu/centers-programs/autism-integrated-care-program,"3401 Civic Center Blvd., Philadelphia, PA 19104","https://www.google.com/maps/?q=3401+Civic+Center+Blvd.,+Philadelphia,+PA+19104/",[],available,The Autism Integrated Care Program evaluates new patients for autism spectrum disorder (ASD). We also provide follow-up care to children with ASD in our Primary and Specialty Care locations.Services Available:- Mental health evaluation- Followup care- Autism Workshops,['English'],Reduced Cost,TRUE,https://www.facebook.com/ChildrensHospitalofPhiladelphia,https://www.twitter.com/@ChildrensPhila,"This program covers residents of the following counties: Philadelphia County, PA.",39.9487265,-75.1943904,19104,TRUE,0:00AM - 11:59PM,0:00AM - 11:59PM,0:00AM - 11:59PM,0:00AM - 11:59PM,0:00AM - 11:59PM,0:00AM - 11:59PM,0:00AM - 11:59PM,4.1,Mental Health
"Autism Services (Intercommunity Action, Inc.)",https://www.auntbertha.com//intercommunity-action%252C-inc.-%2528interact%2529--philadelphia-pa--autism-services/5120515510632448?postal=19104,"['outpatient treatment', 'mental health evaluation', 'counseling', 'mental health care', 'group therapy', 'navigating the system', 'skills & training', 'skills assessment']",,"['adults', 'young adults', 'teens', 'children', 'seniors', 'autism', 'benefit recipients', 'uninsured']",215-487-0914,http://intercommunityaction.org/,"6012 Ridge Avenue, Philadelphia, PA 19128","https://www.google.com/maps/?q=6122+Ridge+Avenue,+Philadelphia,+PA+19128/",[],available,"Interact provides effective and evidence-based assessments and treatment to persons of all ages with an autism spectrum disorder. We combine the expertise and resources of our behavioral health and intellectual/developmental disabilities staff to offer the following:- Assessment and Diagnosis- Behavioral Health Treatment- Individual Counseling- Group Therapy- Transition services- Habilitation services - Employment- The program offers job development, placement analysis, individual training and on the job supports.Intercommunity Action, Inc. accepts Medicaid and offer services on a sliding fee scale.",['English'],Reduced Cost,TRUE,https://www.facebook.com/IntercommunityAction/,,"This program covers residents of the following counties: Bucks County, PA and Philadelphia County, PA.",40.0337729,-75.2160678,19128,FALSE,8:30AM - 5:00PM,8:30AM - 5:00PM,8:30AM - 5:00PM,8:30AM - 5:00PM,8:30AM - 5:00PM,Closed,Closed,0,Mental Health
Autism Services (SPIN),https://www.auntbertha.com//spin--philadelphia-pa--autism-services/5997417293152256?postal=19131,"['daily life skills', 'understand disability', 'counseling', 'specialized therapy', 'group therapy', 'navigating the system']",['support groups'],"['young adults', 'teens', 'children', 'autism', 'families', 'benefit recipients', 'parents']",844-774-6226,https://spininc.org/autism-services/,"10541 Drummond Road, Philadelphia, PA 19154","https://www.google.com/maps/?q=10541+Drummond+Road,+Philadelphia,+PA+19154/",['Must have Medicaid.'],available,"The Autism Center for Excellence offers help and hope for your child and family. Whether you wonder if your child may have Autism or are trying to find the best services to help your child make progress after diagnosis, our professional team is here for you every step of the way. SPIN knows that every child will grow and develop to their best potential when professionals and families work in partnership. SPIN’s intervention services focus on building skills with parents, teachers, and community members so that the child will achieve the greatest possible level of independence and community inclusion.

Services:

- Evaluation for autism
- Social skills treatment groups
- Outpatient therapy
- Psychiatric medication management for children and adolescents 
- Applied behavioral analysis (ABA)
- Intensive Behavioral Health Services (IBHS)
- Blended Case Management
- Parent Support Groups

We accept Medicaid for these services.","['English', 'Spanish']",Reduced Cost,TRUE,https://www.facebook.com/SPINInc/,,"This program covers residents of the following counties: Philadelphia County, PA.",40.0883064,-74.994826,19154,FALSE,8:00AM - 5:00PM,8:00AM - 5:00PM,8:00AM - 5:00PM,8:00AM - 5:00PM,8:00AM - 5:00PM,Closed,Closed,0,Mental Health
Behavior Health Rehabilitation Services (Philadelphia Mental Health Center),https://www.auntbertha.com//philadelphia-mental-health-center--philadelphia-pa--behavior-health-rehabilitation-services/5140850634129408?postal=19111,"['outpatient treatment', 'understand disability', 'understand mental health', 'in-home support', 'medications for mental health', 'mental health evaluation', 'navigating the system', 'one-on-one support']",,"['young adults', 'teens', 'children', 'learning disability', 'developmental disability', 'intellectual disability']",215-735-9379,http://www.pmhccares.org/,"1235 Pine Street, Philadelphia, PA 19107","https://www.google.com/maps/?q=1235+Pine+Street,+Philadelphia,+PA+19107/",['This program helps people who are younger than 22 years old.'],available,"Behavioral Health Rehabilitation Services (BHRS) is a service that focuses on the behavioral health needs of a child in his/her everyday environment. BHRS is client-centered yet family-focused, identifies the needs of the child in the home, school and community and develops a program which “wraps around” the child. Services provided include:- Weekly scheduled sessions with clinical team members in all settings relevant to their child- Clinical treatment by a well-rounded, certified team of psychologists and clinicians- A Service Specialist who can address any concerns that ariseBHRS is funded through Pennsylvania State Medical Assistance (PAMA), regardless of family income. BHRS is not exclusive, and can often be prescribed in conjunction with other behavioral health and intellectual disability services.To request our evaluation services, you can contact us by phone or fill out our on-line “intake” form. Office visits will be required to assess both the initial and ongoing needs of the child. These office visits average four times per year.",['English'],Free,TRUE,https://www.facebook.com/PMHCCares/,,"This program covers residents of the following counties: Bucks County, PA and Philadelphia County, PA.",39.9453496,-75.1625869,19107,FALSE,8:00AM - 9:00PM,8:00AM - 9:00PM,8:00AM - 9:00PM,8:00AM - 9:00PM,8:00AM - 9:00PM,8:00AM - 7:00PM,8:00AM - 7:00PM,2.9,Mental Health
Behavior Health Rehabilitative Services (Community Council Health Systems),https://www.auntbertha.com//community-council-health-systems--philadelphia-pa--behavior-health-rehabilitative-services-%2528bhrs%2529/5423845778128896?postal=19131,"['daily life skills', 'prevent & treat', 'residential treatment']",,"['teens', 'infants', 'children', 'benefit recipients']",267-295-8850,https://www.cchss.org/child-adolescent-services,"4900 Wyalusing Avenue, Philadelphia, PA 19131","https://www.google.com/maps/?q=4900+Wyalusing+Avenue,+Philadelphia,+PA+19131/","['This program helps people who are younger than 21 years old.', 'Must have an Axis I diagnosis.', 'Must exhibit medical necessity for an intensive behavioral health service as determined by a license psychologist or psychiatrist.', 'Must qualify for Medical Assistance. If not currently receiving MA, the child may still qualify for MA regardless of family income.']",available,"Behavioral Health Rehabilitation Services (BHRS), also referred to as ""Wraparound"" is a short term, intensive behavioral service designed to improve the lives of children and adolescents with complex psychological or behavioral needs which make it difficult to function in everyday routine.Services:- Behavioral, rehabilitation serviceCommunity Council Health Systems accepts Medical Assistance (Medicaid).To schedule an evaluation to determined if your loved one meets the medical necessity criteria for these services, please call the CCHS Children's Intake Department at267-295-8850.","['English', 'Spanish']",Reduced Cost,TRUE,https://www.facebook.com/CCHSS/,https://www.twitter.com/@cchs_pa,"This program covers residents of the following counties: Philadelphia County, PA.",39.9697728,-75.218871,19131,FALSE,9:00AM - 5:00PM,9:00AM - 5:00PM,9:00AM - 5:00PM,9:00AM - 5:00PM,9:00AM - 5:00PM,Closed,Closed,3.7,Mental Health
Behavior Health Rehabilitative Services BHRS (Community Council Health Systems),https://www.auntbertha.com//community-council-health-systems--philadelphia-pa--behavior-health-rehabilitative-services-%2528bhrs%2529/5423845778128896?postal=19111,"['daily life skills', 'prevent & treat', 'residential treatment']",,"['teens', 'infants', 'children', 'benefit recipients']",215-473-7033,https://www.cchss.org/child-adolescent-services,"4900 Wyalusing Avenue, Philadelphia, PA 19131","https://www.google.com/maps/?q=4900+Wyalusing+Avenue,+Philadelphia,+PA+19131/","['This program helps people who are younger than 21 years old.', 'Must have an Axis I diagnosis.', 'Must exhibit medical necessity for an intensive behavioral health service as determined by a license psychologist or psychiatrist.', 'Must qualify for Medical Assistance. If not currently receiving MA, the child may still qualify for MA regardless of family income.']",available,"Behavioral Health Rehabilitation Services (BHRS), also referred to as ""Wraparound"" is a short term, intensive behavioral service designed to improve the lives of children and adolescents with complex psychological or behavioral needs which make it difficult to function in everyday routine.Services:- Behavioral, rehabilitation serviceCommunity Council Health Systems accepts Medical Assistance (Medicaid).To schedule an evaluation to determined if your loved one meets the medical necessity criteria for these services, please call the CCHS Children's Intake Department at267-295-8850.","['English', 'Spanish']",Reduced Cost,TRUE,https://www.facebook.com/CCHSS/,https://www.twitter.com/@cchs_pa,"This program covers residents of the following counties: Philadelphia County, PA.",39.9697728,-75.2188713,19131,FALSE,9:00AM - 5:00PM,9:00AM - 5:00PM,9:00AM - 5:00PM,9:00AM - 5:00PM,9:00AM - 5:00PM,Closed,Closed,3.7,Mental Health
Behavior Health Services (Psychological Services Center at Temple University),https://www.auntbertha.com//psychological-services-center-at-temple-university--philadelphia-pa--behavior-health-services/6513742644903936?postal=19111,"['mental health care', 'anger management', 'counseling', 'group therapy', 'family counseling', 'individual counseling', 'mental health evaluation']",,"['all ages', 'trauma survivors', 'depression', 'anxiety', 'eating disorder', 'lgbtqia+']",215-204-7100,https://sites.temple.edu/psc/fees-hours/,"1509 Cecil B. Moore Avenue, Philadelphia, PA 19121","https://www.google.com/maps/?q=1509+Cecil+B.+Moore+Avenue,+Philadelphia,+PA+19121/",[],available,"Psychological Services Center at Temple University offers Individual, Couples, and Family Therapy for individuals, couples, or families in need of therapy to address mental health or relational concerns. This program provides:- Individual therapy- Family therapy- Couples therapyServices are provided for:- Anxiety- Depression- Work/School Stress- Couples/Marital Therapy- Gay, Lesbian, Bisexual, and Transgender Issues- Anger Management- Trauma- Disordered Eating- Child-Family Conflicts- Behavioral and Conduct ProblemsFees are based on a sliding scale according to clients’ ability to pay.",['English'],Sliding Scale,TRUE,None,None,"This program covers residents of the following counties: Philadelphia County, PA.",39.9791346,-75.159936,19121,FALSE,9:00AM - 7:00PM,9:00AM - 7:00PM,9:00AM - 7:00PM,9:00AM - 7:00PM,Closed,Closed,Closed,5,Mental Health
Behavioral Health - Partial Hospitalization (Northern Children's Services),https://www.auntbertha.com//northern-children%2527s-services--philadelphia-pa--behavioral-health---partial-hospitalization/5540660795932672?postal=19111,"['mental health care', 'hospital treatment']","['group therapy', 'family counseling', 'individual counseling', 'tutoring', 'skills & training']","['teens', 'children', 'benefit recipients']",215-482-1423,http://northernchildren.org/behavioral-health/,"5301 Ridge Avenue, Philadelphia, PA 19128","https://www.google.com/maps/?q=5301+Ridge+Avenue,+Philadelphia,+PA+19128/",['This program helps people who are 8-14 years old.'],available,"Our Partial Hospitalization Program (PHP) offers intensive and individualized services that integrate therapeutic interventions and academic support. The majority of students referred typically display behavioral challenges that manifest as multiple school suspensions, poor academic performance, impulsivity, and difficulty responding appropriately to school structure and authority figures. One of the primary objectives of Northern’s PHP programs is to decrease behaviors that interfere with classroom learning and problem solving.Our programs offer: - Intensive and individualized therapeutic interventionsParticipants of this program will also receive individual therapy, family and group therapy skills, social skill development, homework help and tutoring, and job counseling. We do accept Medicaid and Medicare for this program.",['English'],Reduced Cost,TRUE,https://www.facebook.com/northernchildren,https://www.twitter.com/@NorthernHomeFC,"This program covers residents of the following counties: Delaware County, PA and Philadelphia County, PA.",40.0210131,-75.2085688,19128,FALSE,8:00AM - 5:00PM,9:00AM - 5:00PM,9:00AM - 5:00PM,9:00AM - 5:00PM,9:00AM - 5:00PM,Closed,Closed,3.4,Mental Health
Behavioral Health (Puentes De Salud),https://www.auntbertha.com//puentes-de-salud--philadelphia-pa--behavioral-health/6010263223664640?postal=19131,"['mental health care', 'mental health evaluation']",,"['all ages', 'limited english', 'latino', 'all mental health']",215-454-8000,https://www.puentesdesalud.org/services/,"1700 South Street, Philadelphia, PA 19146","https://www.google.com/maps/?q=1700+South+Street,+Philadelphia,+PA+19146/",[],available,"A on-site behavioral health consultant (BHC) performs counseling interventions to improve our patients’ wellness and to address the burden of trauma, depression, anxiety, life stressors, domestic violence, and alcohol abuse experienced by our patients. This program provides:- Counseling interventions","['English', 'Spanish']",Reduced Cost,TRUE,https://www.facebook.com/PuentesDeSalud/,https://www.twitter.com/@PuentesDeSalud,"This program covers residents of the following counties: Philadelphia County, PA.",39.944116,-75.171046,19146,FALSE,1:00PM - 7:30PM,Closed,5:30PM - 7:30PM,10:30AM - 3:00PM,Closed,Closed,Closed,4.7,Mental Health
Behavioral Health (The Health Annex),https://www.auntbertha.com//the-health-annex--philadelphia-pa--behavioral-health/5734599157350400?postal=19111,"['mental health care', 'counseling', 'mental health evaluation']",,"['all ages', 'benefit recipients', 'all mental health']",215-843-9720,https://www.fpcn.com/services/behavioral-health/,"4700 Wissahickon Avenue, Philadelphia, PA 19144","https://www.google.com/maps/?q=4700+Wissahickon+Avenue,+Philadelphia,+PA+19144/",['Must have Medicare or Medicaid for reduced cost services.'],available,"The Family Practice and Counseling Network (FPCN) recognizes that your emotional health is just as important as your physical health, and that there is a strong connection between mental and physical health. Recognizing the importance of attending to one’s emotional health and stability, FPCN offers Behavioral Health therapy services to help you live your life to the fullest.Services provided:- PsychotherapyWe work to empower people to reach their life goals and are skilled in treating trauma and loss, depression, anxiety, anger management, behavior problems, stress, attention deficit, and parenting challenges. Psychiatrists are available to those active in therapy to evaluate if medication might be helpful to a person’s treatment and to monitor its effectiveness.We accept Medicare and Medicaid. FPCN also offers services on a sliding scale.",['English'],Sliding Scale,TRUE,None,None,"This program covers residents of the following counties: Philadelphia County, PA.",40.0159527,-75.1724136,19144,FALSE,8:30AM - 7:00PM,8:30AM - 5:00PM,8:30AM - 5:00PM,8:30AM - 7:00PM,8:30AM - 12:00PM,8:30AM - 12:00PM,Closed,2.3,Mental Health
Behavioral Health and Crisis Center (Children's Hospital of Philadelphia),https://www.auntbertha.com//children%2527s-hospital-of-philadelphia-%2528chop%2529--philadelphia-pa--behavioral-health-and-crisis-center/6700859284914176?postal=19131,"['counseling', 'mental health care', 'psychiatric emergency services']",,"['teens', 'school-aged children', 'families', 'in crisis', 'all mental health']",445-428-5800,https://www.chop.edu/locations/behavioral-health-and-crisis-center,"501 South 54th Street, Philadelphia, PA 19143","https://www.google.com/maps/?q=501+South+54th+Street,+Philadelphia,+PA+19143/","['This program helps people who are 5 to 17 years old.', 'This program serves youth with immediate mental health needs.', 'To be eligible for financial assistance from CHOP, you must meet the following:- Have a total Household Income that does not exceed 400% of the Federal Poverty Guidelines.- Be either: uninsured or insured by an insurance company that participates with CHOP.- Reside in CHOP’s Primary Service Area.- Cooperate in qualifying for assistance from your state’s Medical Assistance (Medicaid), Children’s Health Insurance Program (CHIP), and/or other state programs, if potentially eligible for these programs.- Complete a CHOP Financial Assistance Application (Application) and provide required documentation.']",available,"The Behavioral Health and Crisis Center serves children with these acute needs and to provide hope and healing in a supportive environment. The Crisis Response Center is a 24/7 walk-in facility that evaluates children 5 to 17 years old with immediate mental health needs and provides short-term therapy so the youth is safe to return home and move into outpatient therapy for follow-up care.This program provides:- Crisis responseWithin the Crisis Response Center is a three-bed Crisis Stabilization Unit for youth who need additional time and treatment to be safe. CHOP provides financial assistance for medically necessary and emergency care to patients who meet the eligibility requirements. If CHOP determines that a patient is eligible, CHOP will waive 100% of the patient’s financial responsibility (after all applicable insurances and other government assistance).",['English'],Reduced Cost,TRUE,https://www.facebook.com/ChildrensHospitalofPhiladelphia,https://www.twitter.com/@ChildrensPhila,"This program covers residents of the following counties: Philadelphia County, PA and Montgomery County, PA.",39.9520268,-75.230212,19143,TRUE,0:00AM - 11:59PM,0:00AM - 11:59PM,0:00AM - 11:59PM,0:00AM - 11:59PM,0:00AM - 11:59PM,0:00AM - 11:59PM,0:00AM - 11:59PM,0,Mental Health
Behavioral Health Outpatient Services (John F. Kennedy Behavioral Health Center),https://www.auntbertha.com//john-f.-kennedy-behavioral-health-center--philadelphia-pa--behavioral-health-outpatient-services/5113905019092992?postal=19111,"['outpatient treatment', 'understand mental health', 'mental health care', 'mental health evaluation']",,"['all ages', 'individuals', 'families', 'all mental health']",215-427-3400,http://www.jfkbhc.org/services.html,"2742 North 5th Street, Philadelphia, PA 19133","https://www.google.com/maps/?q=2742+North+5th+Street,+Philadelphia,+PA+19133/",['Must have Medicaid.'],available,"Our Behavioral Health Outpatient Services offers services for adults, children, and families that are dealing with mental health issues. Our experienced, compassionate caregivers help each patient find the treatment options that will work best for their unique situation.Our services include:- Evaluation and treatment- A safe, caring treatment environment- Individualized plans for each our clients- Professional and trained staff John F. Kennedy Behavioral Health Center accepts Medicaid.","['English', 'Spanish']",Reduced Cost,TRUE,None,None,"This program covers residents of the following counties: Philadelphia County, PA.",39.9935491,-75.1400583,19133,FALSE,8:00AM - 5:00PM,8:00AM - 5:00PM,8:00AM - 5:00PM,8:00AM - 5:00PM,8:00AM - 5:00PM,Closed,Closed,5,Mental Health
Behavioral Health Outpatient Services (Northern Children's Services),https://www.auntbertha.com//northern-children%2527s-services--philadelphia-pa--behavioral-health-outpatient-services/6667230717673472?postal=19111,"['outpatient treatment', 'specialized therapy', 'group therapy', 'family counseling', 'individual counseling']",,"['young adults', 'teens', 'children', 'autism', 'families', 'with children', 'benefit recipients', 'low-income', 'trauma survivors']",215-482-1423,http://northernchildren.org/behavioral-health/,"5301 Ridge Avenue, Philadelphia, PA 19128","https://www.google.com/maps/?q=5301+Ridge+Avenue,+Philadelphia,+PA+19128/",['This program helps people who are 5 to 21 years old.'],available,"Northern Children's Services' Behavioral Health Outpatient Services offer individual, family and group therapy depending on the needs of the child and youth experiencing difficulties such as trauma, academic, emotional or social stress. Participants will work together with a therapist to work towards overall well-being.Services include:- Skilled and trained staff- Therapy and counseling to suit clients needsNorthern Children's Services accepts Medicaid.",['English'],Reduced Cost,TRUE,https://www.facebook.com/northernchildren,https://www.twitter.com/@NorthernHomeFC,"This program covers residents of the following counties: Philadelphia County, PA.",40.0210131,-75.2085688,19128,FALSE,8:00AM - 5:00PM,9:00AM - 5:00PM,9:00AM - 5:00PM,9:00AM - 5:00PM,9:00AM - 5:00PM,Closed,Closed,3.4,Mental Health
"Behavioral Health Rehabilitation Service (Citizens Acting Together Can Help, Inc.)",https://www.auntbertha.com//citizens-acting-together-can-help%252C-inc.-%2528catch%2529--philadelphia-pa--behavioral-health-rehabilitation-service-%2528bhrs%2529/4843286709927936?postal=19131,"['mental health evaluation', 'in-home support', 'mental health care', 'counseling', 'family counseling', 'individual counseling', 'medications for mental health', 'more education']",,"['teens', 'children', 'autism', 'benefit recipients', 'bipolar', 'all mental health']",215-755-0500,https://catchinc.com/,"1400 Reed Street, Philadelphia, PA 19146","https://www.google.com/maps/?q=1400+Reed+Street,+Philadelphia,+PA+19146/","['This program helps people who are 5 to 13 years old.', 'Must have Medicaid or CBH insurance.']",temporarily closed,"Our Behavioral Health Rehabilitation Service provides holistic, child-centered, and family focused services for school-age children and adolescents with complicated and serious behavioral health needs, including Autistic Spectrum Disorder. The BHRS Department is comprised of a highly trained team of professionals who use a variety of therapeutic skills in a community setting to help consumers achieve their goals. In addition, consumers may be offered, as part of their treatment, psychiatric/ psychological evaluations, psychological testing and medication management conducted by our board certified psychologist and, if appropriate, a board certified child psychiatrist.Services Provided:- In Home Therapeutic Support Staff – Provides the bulk of the BHRS Services administered outside of school by working to redirect the child to more appropriate behaviors or responses based on what is called for in the treatment plan- In School Therapeutic Support Staff – Provides the bulk of the BHRS Services administered during school hours by working to redirect the child to more appropriate behaviors or responses based on what is called for in the treatment plan- Mobile Therapist – Provides individual therapy to the child in a non-traditional setting such as the home or some other community setting- Behavioral Specialist Consultant – Responsible for writing the treatment plan and working with the MT and TSS to implement, update and carry out the objectives of the treatment planEligibility: - Program is for patients age 5 to 13- Must be a Philadelphia residentConsumers are referred to us by CBH. We also accept self referrals.","['English', 'Spanish']",Reduced Cost,TRUE,https://www.facebook.com/CATCHIncPhilly/,,"This program covers residents of the following counties: Philadelphia County, PA.",39.9328637,-75.168925,19146,FALSE,8:30AM - 5:00PM,8:30AM - 5:00PM,8:30AM - 5:00PM,8:30AM - 5:00PM,8:30AM - 5:00PM,Closed,Closed,3.1,Mental Health
"Behavioral Health Rehabilitation Service BHRS (Citizens Acting Together Can Help, Inc.)",https://www.auntbertha.com//citizens-acting-together-can-help%252C-inc.-%2528catch%2529--philadelphia-pa--behavioral-health-rehabilitation-service-%2528bhrs%2529/4843286709927936?postal=19104,"['mental health evaluation', 'in-home support', 'mental health care', 'counseling', 'family counseling', 'individual counseling', 'medications for mental health', 'more education']",,"['teens', 'children', 'autism', 'benefit recipients', 'bipolar', 'all mental health']",215-755-0500,https://catchinc.com/,"1400 Reed Street, Philadelphia, PA 19146","https://www.google.com/maps/?q=1400+Reed+Street,+Philadelphia,+PA+19146/","['This program helps people who are 5 to 13 years old.', 'Must have Medicaid or CBH insurance.']",temporarily closed,"Our Behavioral Health Rehabilitation Service provides holistic, child-centered, and family focused services for school-age children and adolescents with complicated and serious behavioral health needs, including Autistic Spectrum Disorder. The BHRS Department is comprised of a highly trained team of professionals who use a variety of therapeutic skills in a community setting to help consumers achieve their goals. In addition, consumers may be offered, as part of their treatment, psychiatric/ psychological evaluations, psychological testing and medication management conducted by our board certified psychologist and, if appropriate, a board certified child psychiatrist.Services Provided:- In Home Therapeutic Support Staff – Provides the bulk of the BHRS Services administered outside of school by working to redirect the child to more appropriate behaviors or responses based on what is called for in the treatment plan- In School Therapeutic Support Staff – Provides the bulk of the BHRS Services administered during school hours by working to redirect the child to more appropriate behaviors or responses based on what is called for in the treatment plan- Mobile Therapist – Provides individual therapy to the child in a non-traditional setting such as the home or some other community setting- Behavioral Specialist Consultant – Responsible for writing the treatment plan and working with the MT and TSS to implement, update and carry out the objectives of the treatment planEligibility: - Program is for patients age 5 to 13- Must be a Philadelphia residentConsumers are referred to us by CBH. We also accept self referrals.","['English', 'Spanish']",Reduced Cost,TRUE,https://www.facebook.com/CATCHIncPhilly/,,"This program covers residents of the following counties: Philadelphia County, PA.",39.9328637,-75.1689253,19146,FALSE,8:30AM - 5:00PM,8:30AM - 5:00PM,8:30AM - 5:00PM,8:30AM - 5:00PM,8:30AM - 5:00PM,Closed,Closed,0,Mental Health
Behavioral Health Rehabilitation Services (Child Guidance Resource Centers),https://www.auntbertha.com//child-guidance-resource-centers-%2528cgrc%2529--philadelphia-pa--behavioral-health-rehabilitation-services/5766707416924160?postal=19111,"['daily life skills', 'mental health care', 'counseling', 'family counseling', 'individual counseling']",,"['young adults', 'teens', 'children', 'developmental disability', 'benefit recipients', 'all mental health']",267-713-4100,https://cgrc.org/service/behavioral-health-rehabilitation-services/,"2901 Island Avenue, Philadelphia, PA 19153","https://www.google.com/maps/?q=2901+Island+Avenue,+Philadelphia,+PA+19153/","['This program helps people who are 3 to 21 years old.', 'Must have Medical Assistance.']",available,"BHRS is an in-home service that assists you and your family in addressing behavioral health needs by using strength-based goals and integrating community services. It is a “wraparound” service in which children and adolescents from ages three to 21 years old who have been diagnosed with mild to severe emotional/behavioral disorders and/or developmental delays are supported at home, at school, and in the community.Services include:- Behavioral health treatmentChild Guidance’s Behavioral Health Rehabilitation Services are covered by the PA Medical Assistance System. If your child is diagnosed with a disability, you may qualify for Medical Assistance regardless of family income.",['English'],Reduced Cost,TRUE,https://www.facebook.com/ChildGuidanceResourceCenters,https://www.twitter.com/@_CGRC,"This program covers residents of the following counties: Bucks County, PA, Chester County, PA, Delaware County, PA, Montgomery County, PA and Philadelphia County, PA.",39.9028317,-75.239064,19153,FALSE,8:00AM - 5:00PM,8:00AM - 5:00PM,8:00AM - 5:00PM,8:00AM - 5:00PM,8:00AM - 5:00PM,Closed,Closed,5,Mental Health
Behavioral Health Rehabilitation Services (Community Council Health Systems),https://www.auntbertha.com//community-council-health-systems--philadelphia-pa--behavioral-health-rehabilitation-services/5728250207141888?postal=19131,"['mental health care', 'one-on-one support']",,"['teens', 'children', 'all mental health']",267-295-8850,http://cchss.org,"4900 Wyalusing Ave, Philadelphia, PA 19131","https://www.google.com/maps/?q=4900+Wyalusing+Ave,+Philadelphia,+PA+19131/","['This program helps people who are younger than 21 years old.', '-Must have an Axis I diagnosis', '- Must qualify for Medical Assistance. If not currently receiving MA, the child may still qualify for MA regardless of family income', '-Must exhibit medical necessity for an intensive behavioral health service as determined by a license psychologist or psychiatrist.']",available,"Behavioral Health Rehabilitation Services Program provides a short term, intensive behavioral service designed to improve the lives of children and adolescents with complex psychological or behavioral needs which make it difficult to function in everyday routines.Services available:- In-home treatment- In-school treatment- Community setting treatmentCall at 267-295-8850 to schedule an appointment.",['English'],Reduced Cost,TRUE,https://www.facebook.com/CCHSS/,https://www.twitter.com/@cchs_pa,"This program covers residents of the following counties: Philadelphia County, PA.",39.9697353,-75.218831,19131,FALSE,9:00AM - 8:00PM,9:00AM - 8:00PM,9:00AM - 8:00PM,9:00AM - 8:00PM,9:00AM - 8:00PM,9:00AM - 2:00PM,Closed,3.7,Mental Health
Behavioral Health Rehabilitation Services BHRS (Bethanna),https://www.auntbertha.com//bethanna--philadelphia-pa--behavioral-health-rehabilitation-services-%2528bhrs%2529/6431843584049152?postal=19104,"['checkup & test', 'disability screening', 'mental health evaluation', 'specialized therapy', 'family counseling', 'medications for mental health', 'one-on-one support']",,"['teens', 'children', 'families', 'benefit recipients']",800-394-6500,http://bethanna.org/services/behavioral/behavioral-health-rehabilitation-services-bhrs/,"2147 Manton Street, Philadelphia, PA 19146","https://www.google.com/maps/?q=2147+Manton+Street,+Philadelphia,+PA+19146/",[],available,"Behavioral Health Rehabilitative Services (BHRS), a community-based approach provided in Philadelphia, Bucks, Montgomery and Delaware Counties, helps children/youth and families develop the skills, capacity, confidence, and self-sufficiency needed to handle the challenges that life offers.Services include:- Comprehensive Evaluations by a Psychologist- Functional Behavioral Assessments- Licensed Behavioral Specialist Consultation to provide behavioral planning and intervention- Mobile Therapy to provide individual or family therapy- Therapeutic Support Services to provide 1:1 Modeling and Coaching- Connection with Medication Management Services- Transition to natural supports and other appropriate services as neededBHRS are provided in the home, school and/or community for those children and youth who need more support than outpatient services can offer to maintain stability in one or more life domain while also developing the natural supports needed to sustain the skills gained.",['English'],Reduced Cost,TRUE,None,None,"This program covers residents of the following counties: Allegheny County, PA, Bucks County, PA, Delaware County, PA, Montgomery County, PA and Philadelphia County, PA.",39.9376288,-75.1800283,19146,FALSE,8:00AM - 5:00PM,8:00AM - 5:00PM,8:00AM - 5:00PM,8:00AM - 5:00PM,8:00AM - 5:00PM,Closed,Closed,3,Mental Health
Behavioral Health Rehabilitation Services BHRS (Pennsylvania Mentor),https://www.auntbertha.com//pennsylvania-mentor--philadelphia-pa--behavioral-health-rehabilitation-services-%2528bhrs%2529/5900742832685056?postal=19111,"['specialized therapy', 'mental health care', 'mentoring', 'one-on-one support']",,"['young adults', 'teens', 'children', 'autism', 'low-income', 'all mental health']",215-552-5079,https://www.pa-mentor.com/who-we-serve/children-and-families/behavioral-health-rehabilitation-services/,"6212 Frankford Avenue, Philadelphia, PA 19135","https://www.google.com/maps/?q=6212+Frankford+Avenue,+Philadelphia,+PA+19135/",['Children with behavioral and emotional disorders and to children and youth living with Autism and Autism Spectrum Disorder.'],available,"Pennsylvania Mentor provides Behavioral Health Rehabilitation Services (BHRS) to children with behavioral and emotional disorders and to children and youth living with Autism and Autism Spectrum Disorder. We work one-on-one with the child to help them grow and learn to the best of their abilities.Services offered:- Mentoring- Behavioral Health- Rehabilitation- Skill development- Therapeutic treatmentPennsylvania Mentor accepts Medicaid, and no one will be turned away regardless of ability to pay.",['English'],Reduced Cost,TRUE,None,None,"This program covers residents of the following counties: Bucks County, PA, Delaware County, PA, Lehigh County, PA, Montgomery County, PA, Northampton County, PA and Philadelphia County, PA.",40.027819,-75.061662,19135,FALSE,Closed,Closed,Closed,Closed,Closed,Closed,Closed,0,Mental Health
Behavioral Health Services (APM),https://www.auntbertha.com//asociacin-puertorriqueos-en-marcha-%2528apm%2529--philadelphia-pa--behavioral-health-services/6715666236178432?postal=19131,"['group therapy', 'family counseling', 'individual counseling', 'mental health evaluation']",['medications for mental health'],"['all ages', 'individuals', 'families', 'benefit recipients', 'all mental health']",267-296-7200,https://apmphila.org/how-we-help/health/behavioral-health/,"2921 North 5th Street, Philadelphia, PA 19133","https://www.google.com/maps/?q=2921+North+5th+Street,+Philadelphia,+PA+19133/",['Must have Medicaid.'],available,"APM provides an array of professional behavioral health care services. Health care providers, psychiatrists, therapists, case managers, peer support specialists and other staff work together as a single team to treat the whole you, in two convenient locations in Philadelphia.Services include:- Individual Therapy- Family and Group Therapy- Psychiatric Evaluations- Psychiatric Intervention- Medication Monitoring- Couples CounselingEvening and Saturday hours are available by appointment. APM accepts Medicaid.","['English', 'Spanish']",Reduced Cost,TRUE,,,"This program covers residents of the following counties: Philadelphia County, PA.",39.9956601,-75.139101,19133,FALSE,7:00AM - 6:00PM,7:00AM - 6:00PM,7:00AM - 6:00PM,7:00AM - 6:00PM,7:00AM - 6:00PM,Closed,Closed,2,Mental Health
Behavioral Health Services (Asociacion Puertorriquenos en Marcha (APM)),https://www.auntbertha.com//asociacin-puertorriqueos-en-marcha-%2528apm%2529--philadelphia-pa--behavioral-health-services/6715666236178432?postal=19104,"['group therapy', 'family counseling', 'individual counseling', 'mental health evaluation']",['medications for mental health'],"['all ages', 'individuals', 'families', 'benefit recipients', 'all mental health']",267-296-7200,https://apmphila.org/how-we-help/health/behavioral-health/,"2921 North 5th Street, Philadelphia, PA 19133","https://www.google.com/maps/?q=2921+North+5th+Street,+Philadelphia,+PA+19133/",['Must have Medicaid.'],available,"APM provides an array of professional behavioral health care services. Health care providers, psychiatrists, therapists, case managers, peer support specialists and other staff work together as a single team to treat the whole you, in two convenient locations in Philadelphia.Services include:- Individual Therapy- Family and Group Therapy- Psychiatric Evaluations- Psychiatric Intervention- Medication Monitoring- Couples CounselingEvening and Saturday hours are available by appointment. APM accepts Medicaid.","['English', 'Spanish']",Reduced Cost,TRUE,None,None,"This program covers residents of the following counties: Philadelphia County, PA.",39.9956601,-75.1391006,19133,FALSE,7:00AM - 6:00PM,7:00AM - 6:00PM,7:00AM - 6:00PM,7:00AM - 6:00PM,7:00AM - 6:00PM,Closed,Closed,2,Mental Health
Behavioral Health Services (Covenant House Inc),https://www.auntbertha.com//covenant-house-inc.--philadelphia-pa--behavioral-health-services/5683092086849536?postal=19104,"['addiction & recovery', 'understand mental health', 'mental health evaluation', 'counseling', 'mental health care']",,"['all ages', 'all mental health', 'substance dependency', 'depression']",215-248-7560,http://covenanthousehealth.org,"8125 Stenton Avenue, Philadelphia, PA 19150","https://www.google.com/maps/place/8125+Stenton+Ave,+Philadelphia,+PA+19150/",[],available,"Behavioral Health Services program offers depression counseling and management, behavioral health counseling and management and alcohol dependency management. Services include:- Behavioral HealthPayment methods include private insurance, medicaid/medicare, and sliding scale fees for uninsured clients.",['English'],Reduced Cost,TRUE,None,None,"This program covers residents of the following counties: Philadelphia County, PA.",40.034643,-75.164956,19144,FALSE,9:00AM - 5:00PM,9:00AM - 5:00PM,9:00AM - 8:00PM,9:00AM - 5:00PM,9:00AM - 5:00PM,8:30 - 12:00AM,Closed,3.7,Mental Health
Behavioral Health Services (Dr. Robin Lowey & Associates LLC),https://www.auntbertha.com//dr.-robin-lowey-%2526-associates-llc--philadelphia-pa--behavioral-health-services/6200794102890496?postal=19111,"['mental health care', 'family counseling', 'individual counseling', 'mental health evaluation', 'outpatient treatment', 'understand mental health']",,"['adults', 'young adults', 'teens', 'children', 'seniors', 'benefit recipients', 'limited english']",215-625-9655,https://drlowey.com/services/,"1518 Walnut Street, Philadelphia, PA 19102","https://www.google.com/maps/?q=1518+Walnut+Street,+Philadelphia,+PA+19102/",['Must have Medicare.'],available,"Our Behavioral Health Services treat clients of all ages and with a wide range of difficulties, from those experiencing situational crisis or adjustment difficulty, to those with serious emotional disturbance.We provide:- Psychotherapy (Child, family, individual, couples, art)- Counseling- Assessments and evaluationsWe can help you with a variety of difficulties, including, but not limited to:- Depression- Anxiety- Trauma- Bereavement- Relationship Conflict- Self-Esteem Issues- Transgender/Gender Nonconforming Individuals- Childhood Problems- Defiant Behavior- Attention Deficit Hyperactivity Disorder- Other School and Academic ProblemsDr. Robin Lowey & Associates LLC accepts Medicare.","['Chinese', 'English', 'French', 'Russian', 'Spanish']",Reduced Cost,TRUE,https://www.facebook.com/pages/Dr-Robin-Lowey-Associates-LLC/1500703420179925?ref=hl,https://www.twitter.com/@DrLoweyPsych,"This program covers residents of the following counties: Philadelphia County, PA.",39.9494256,-75.1668961,19102,FALSE,9:00AM - 9:00PM,9:00AM - 9:00PM,9:00AM - 9:00PM,9:00AM - 9:00PM,9:00AM - 6:00PM,Closed,Closed,4,Mental Health
"Behavioral Health Services (Greater Philadelphia Health Action, Inc.)",https://www.auntbertha.com//greater-philadelphia-health-action%252C-inc.-%2528gpha%2529--philadelphia-pa--behavioral-health-services/4871932623978496?postal=19104,"['addiction & recovery', 'substance abuse counseling', 'medications for addiction', 'mental health care', 'group therapy', 'family counseling', 'individual counseling', 'mental health evaluation', 'outpatient treatment']",,"['adults', 'young adults', 'teens', 'school-aged children', 'preschoolers', 'toddlers', 'seniors', 'benefit recipients', 'low-income', 'uninsured', 'underinsured', 'all mental health', 'substance dependency', 'alcohol dependency', 'dual diagnosis']",888-296-4742,https://gphainc.org/services/behavioral-health/,"5000 Woodland Avenue, Philadelphia, PA 19143","https://www.google.com/maps/?q=5000+Woodland+Avenue,+Philadelphia,+PA+19143/",[],available,"GPHA provides behavioral health treatment to patients dealing with mental and emotional challenges, addiction, or co-occurring disorders. We take a holistic approach to healthcare and recovery, which necessitates that each person have a healthy mind and body.This program provides: - Mental health care- Collaborative care- MAT (Medication Assistance Treatment)- Co-occurring disorders careGPHA accepts Medicare and Medicaid will not turn anyone away regardless of their ability to pay","['Chinese', 'English', 'Spanish']",Sliding Scale,TRUE,https://www.facebook.com/Greater-Philadelphia-Health-Action-Inc-1343315085728047/,,"This program covers residents of the following counties: Delaware County, PA and Philadelphia County, PA.",39.9396061,-75.2139488,19143,FALSE,8:30AM - 5:00PM,8:30AM - 5:00PM,8:30AM - 5:00PM,8:30AM - 5:00PM,8:30AM - 5:00PM,Closed,Closed,1.9,Mental Health
Behavioral Health Services (La Puerta Abierta LPA),https://www.auntbertha.com//la-puerta-abierta-%2528lpa%2529--philadelphia-pa--behavioral-health-services/5476463106326528?postal=19104,"['counseling', 'group therapy', 'individual counseling', 'navigating the system']",,"['adults', 'young adults', 'teens', 'children', 'seniors', 'immigrants', 'refugees', 'families', 'limited english', 'latino']",610-745-1952,https://lpa-theopendoor.org/,"1700 Fernon Street, Philadelphia, PA 19145","https://www.google.com/maps/?q=1700+Fernon+Street,+Philadelphia,+PA+19145/",[],available,La Puerta Abierta (LPA) believes that all individuals have the right to seek and work on emotional grounding to improve their overall functioning and to instill healing and hope for themselves and their significant relationships. Bilingual volunteer clinicians focus on the strength and resource that each individual brings into counseling as the process of healing begins. Our services include:- Family Counseling- Individual Counseling- Group TherapyLa Puera Abierta provides services free of charge to those in need.,"['English', 'Spanish']",Free,TRUE,https://www.facebook.com/icfamwell/,,"This program covers residents of the following counties: Bucks County, PA, Chester County, PA, Delaware County, PA, Montgomery County, PA and Philadelphia County, PA.",39.9305946,-75.1735645,19145,FALSE,8:00AM - 5:00PM,8:00AM - 5:00PM,8:00AM - 5:00PM,8:00AM - 5:00PM,8:00AM - 5:00PM,Closed,Closed,4.7,Mental Health
Behavioral Health Services (Sayre Health Center),https://www.auntbertha.com//sayre-health-center--philadelphia-pa--behavioral-health-services/5921076862255104?postal=19104,"['counseling', 'one-on-one support']",,"['all ages', 'individuals', 'families', 'low-income', 'uninsured', 'underinsured', 'all mental health']",215-474-4444,http://www.sayrehealth.org/#!ourservices/c1bx,"5800 Walnut St, Philadelphia, PA 19139","https://www.google.com/maps/?q=5800+Walnut+St,+Philadelphia,+PA+19139/",['Must be uninsured to receive sliding scale fees.'],available,"Sayre Health Center's Behavioral Health Services' provide trauma-sensitive counseling services to all patients. Sayre Health Center's experienced, compassionate specialists help each patient find the treatment options that will work best for their unique situation.This program provides: - Counseling- Referral to psychiatry- Case management - Assistance with quitting smoking",['English'],Sliding Scale,TRUE,https://www.facebook.com/SayreHealthCenter?ref=aymt_homepage_panel,https://www.twitter.com/https://twitter.com/BLJ_SHC,"This program covers residents of the following counties: Philadelphia County, PA.",39.957475,-75.238568,19139,FALSE,8:00AM - 5:00PM,8:00AM - 5:00PM,8:00AM - 5:00PM,8:00AM - 5:00PM,8:00AM - 5:00PM,Closed,Closed,2.6,Mental Health
Behavioral Health Services (Spectrum Health Services),https://www.auntbertha.com//spectrum-health-services--philadelphia-pa--behavioral-health-services/6107635209207808?postal=19131,['mental health care'],,"['adults', 'adults 18+', 'all mental health', 'depression']",267-930-5412,http://www.spectrumhs.org/behavioral-health,"5201 Haverford Ave, Philadelphia, PA 19139","https://www.google.com/maps/?q=5201+Haverford+Ave,+Philadelphia,+PA+19139/",['Anyone may access this program.'],available,"Behavioral Health Services program provides mental healthcare to adults and teens diagnosed with a mental health condition, including depression, anxiety, and bipolar disorder.Services include:- Mental Health Services",['English'],Reduced Cost,TRUE,https://www.facebook.com/SHSInc/,https://www.twitter.com/https://twitter.com/SpectrumHSInc,"This program covers residents of the following counties: Philadelphia County, PA.",39.9654529,-75.225002,19139,FALSE,8:30AM - 8:00PM,8:30AM - 5:00PM,8:30AM - 5:00PM,8:30AM - 8:00PM,8:30AM - 5:00PM,8:30AM - 1:00PM,Closed,2.5,Mental Health
"Behavioral Health Services for Children, Adolescents, and Families (Family Practice & Counseling Network)",https://www.auntbertha.com//family-practice-%2526-counseling-network-%2528fpcn%2529--philadelphia-pa--behavioral-health-services-for-children%252C-adolescents%252C-and-families/5942706049384448?postal=19104,"['parenting education', 'counseling', 'mental health care', 'family counseling', 'individual counseling', 'medications for mental health', 'mental health evaluation']",['early childhood intervention'],"['all ages', 'families', 'with children', 'benefit recipients', 'low-income', 'uninsured', 'limited english', 'parents', 'all mental health']",267-350-5150,https://www.fpcn.com/,"3901 Market Street, Philadelphia, PA 19104","https://www.google.com/maps/?q=3901+Market+Street,+Philadelphia,+PA+19104/",[],available,"In the Outpatient Behavioral Health Department at FPCN, our licensed clinicians provide psychotherapy for adults, adolescents, and children using individual, group, couple, and family modalities.  We work to empower people to reach their life goals and are skilled in treating trauma and loss, depression, anxiety, anger management, behavior problems, stress, attention deficit, and parenting challenges.  Psychiatrists are available to those active in therapy to evaluate if medication might be helpful to a person’s treatment and to monitor its effectiveness.Services: - Mental health assessment- Therapy for Children, Adolescents, and Families- Play therapy to help children cope with emotions and learn new skills- Therapists work closely with parents or caregivers to help address the child’s needs- Medication for mental illness- Services and accommodations for people who do not speak English such as in-house staff translators or a language translation telecommunication serviceNo one will be turned away for inability to pay. FPCN offers services on a sliding scale, and accepts Medicaid and Medicare. Please bring the required documents with you for your first visit.",['English'],Sliding Scale,TRUE,None,None,"This program covers residents of the following counties: Philadelphia County, PA.",39.9574429,-75.2007276,19104,FALSE,8:30AM - 5:00PM,8:30AM - 5:00PM,8:30AM - 5:00PM,8:30AM - 5:00PM,Closed,Closed,Closed,2.3,Mental Health
Behavioral Health Services program (Juvenile Justice Center of Philadephia),https://www.auntbertha.com//juvenile-justice-center-of-philadephia-%2528jjc%2529--philadelphia-pa--behavioral-health-services-program/5316353644822528?postal=19104,"['mental health evaluation', 'counseling', 'specialized therapy', 'in-home support', 'medications for mental health', 'navigating the system']",,"['teens', 'children', 'benefit recipients', 'all mental health']",215-849-2112,https://juvenilejustice.org/,"100 W Coulter St, Philadelphia, PA 19144","https://www.google.com/maps/?q=100+W+Coulter+St,+Philadelphia,+PA+19144/",[],available,"As a part of a family-oriented agency, the clinic provides the most thorough approach to treatment in the least restrictive setting possible. Services include:- Psychiatric and psychological evaluations- Individual psychotherapy- Group psychotherapy- Family psychotherapy- Health rehabilitative services- Medication management- Parent and child interactive therapy- Behavioral interventions such as Cognitive Behavioral Therapy- Moderate levels of crisis intervention- Wrap around"" services such as mobile therapy and in-home therapeutic support services, as neededDiagnoses served:- Severe trauma- Autism- Depression- PTSD- Other emotional or behavioral diagnosesJuvenile Justice Center Of Philadephia accepts Medicaid and Third Party insurances from most private health insurance plans for behavioral services.",['English'],Not specified,TRUE,None,None,"This program covers residents of the following counties: Philadelphia County, PA.",40.0311924,-75.1723852,19144,FALSE,9:00AM - 2:00PM,9:00AM - 2:00PM,9:00AM - 2:00PM,9:00AM - 2:00PM,9:00AM - 2:00PM,6:00AM - 2:00PM,6:00AM - 2:00PM,4.1,Mental Health
Behavioural Health Services - Youth and Family (Public Health Management Corporation),https://www.auntbertha.com//public-health-management-corporation-%2528phmc%2529--philadelphia-pa--behavioural-health-services---youth-and-family/4781042879692800?postal=19104,"['mental health care', 'mental health evaluation']",,"['teens', 'children', 'families', 'low-income', 'uninsured', 'all mental health']",215-985-2500,http://www.phmc.org/site/programs/behavioral-health-services/behavioral-health-rehabilitation-services-bhrs,"1500 Market Street Suite 1500, Philadelphia, PA 19102","https://www.google.com/maps/?q=4111+Lancaster+Avenue,+Philadelphia,+PA+19104/","['This program helps people with income at or below 300% of federal poverty guidelines.', 'This program helps individuals who live within one of the five Philadelphia metropolitan counties (i.e. Bucks, Chester, Delaware, Montgomery, or Philadelphia).', 'This program helps individuals who are uninsured, underinsured, or have exhausted his or her insurance benefits.']",available,"Our behavioral health treatment program aims to help children and adolescents successfully manage their behaviors and emotions by providing individual supports and treatment in the settings where they need it more. BHRS provides behavioral specialist consultation, therapeutic support staff, mobile therapy and support strategies for parents/guardians, teachers and other adults.Services provided:- Behavioral health treatment and services at home, school, or community setting",['English'],Reduced Cost,TRUE,https://www.facebook.com/publichealthmanagementcorporation,https://www.twitter.com/@phmctweets,"This program covers residents of the following counties: Philadelphia County, PA, Delaware County, PA, Bucks County, PA, Chester County, PA and Montgomery County, PA.",39.965674,-75.205843,19104,FALSE,8:30AM - 5:00PM,8:30AM - 5:00PM,8:30AM - 5:00PM,8:30AM - 5:00PM,8:30AM - 5:00PM,Closed,Closed,4.1,Mental Health
Bereavement Support (Philadelphia Department of Health),https://www.auntbertha.com//philadelphia-department-of-health--philadelphia-pa--bereavement-support/5992135212662784?postal=19111,"['bereavement', 'individual counseling', 'peer support']","['case management', 'one-on-one support']","['anyone in need', 'adults', 'young adults', 'teens', 'seniors', 'grieving', 'individuals', 'families', 'with children', 'parents']",215-685-7408,https://www.phila.gov/services/mental-physical-health/get-bereavement-support/,"321 South University Avenue, Philadelphia, PA 19104","https://www.google.com/maps/?q=321+South+University+Avenue,+Philadelphia,+PA+19104/",['Anyone can access this program.'],available,"The Medical Examiner’s Office provides free bereavement support to grieving families. Bereavement support staff members can also refer families to other agencies for most medical or social service needs – including, but not limited to, burial or cremation assistance.This program provides:- Bereavement counseling over the phone- Face-to-face counseling- Information and referralsOur services are conducted mostly over the phone, and usually in a limited manner. For certain infant and child deaths, we are able to offer in-person counseling in your home.You can also get support by coming into the MEO office during regular business hours.For services or more information, please call us or visit our office.","['English', 'Spanish']",Free,TRUE,https://www.facebook.com/cityofphiladelphia,https://www.twitter.com/@PhiladelphiaGov,"This program covers residents of the following cities: Philadelphia, PA.",39.9473614,-75.1980833,19104,FALSE,8:30AM - 5:00PM,8:30AM - 5:00PM,8:30AM - 5:00PM,8:30AM - 5:00PM,8:30AM - 5:00PM,9:30AM - 4:30PM,9:30AM - 4:30PM,0,Mental Health
Bilingual Domestic Violence Program - Counseling (Lutheran Settlement House),https://www.auntbertha.com//lutheran-settlement-house--philadelphia-pa--bilingual-domestic-violence-program---counseling/6285413021384704?postal=19111,"['counseling', 'group therapy', 'individual counseling', 'support groups']",,"['all ages', 'limited english', 'abuse or neglect survivors', 'domestic violence survivors']",215-426-8610,https://www.lutheransettlement.org/lsh-services/bilingual-domestic-violence-program/,"1340 Frankford Avenue, Philadelphia, PA 19125","https://www.google.com/maps/?q=1340+Frankford+Avenue,+Philadelphia,+PA+19125/",[],available,"Our Bilingual Domestic Violence Program provides free and confidential counseling services in Spanish and English for victims and former victims of domestic and dating abuse. Interpretation services are available for non-Spanish and non-English speakers.

We provide:

- Individual counseling, crisis intervention and advocacy
- Support groups 
- Childcare can be available during counseling sessions upon request

We provide these services for free of charge. To make a confidential counseling appointment, please call 215-426-8610 ext. 1282.","['English', 'Interpretation Services Available', 'Spanish']",Free,TRUE,https://www.facebook.com/LutheranSettlementHouse/,https://www.twitter.com/@LSHphilly,"This program covers residents of the following counties: Philadelphia County, PA.",39.9714613,-75.1346765,19125,FALSE,9:00AM - 5:00PM,9:00AM - 5:00PM,9:00AM - 5:00PM,9:00AM - 5:00PM,9:00AM - 5:00PM,Closed,Closed,4.7,Mental Health
Bilingual Domestic Violence Program - Hotline (Lutheran Settlement House),https://www.auntbertha.com//lutheran-settlement-house--philadelphia-pa--bilingual-domestic-violence-program---hotline/4746723003990016?postal=19111,"['counseling', 'navigating the system', 'help hotlines']",,"['domestic violence survivors', 'in crisis', 'all ages']",866-723-3014,http://www.lutheransettlement.org,"1340 Frankford Ave, Philadelphia, PA, United States, Pennsylvania","https://www.google.com/maps/place/1340+Frankford+Ave,+Philadelphia,+PA+19125/@39.9714539,-75.1372354,731m/data=!3m2!1e3!4b1!4m6!3m5!1s0x89c6c86bcf2a5c6f:0xe11e5362c4543011!8m2!3d39.9714539!4d-75.1346605!16s%2Fg%2F11bw4398d6?entry=ttu&g_ep=EgoyMDI1MDMzMC4wIKXMDSoASAFQAw%3D%3D",[],available,"The Bilingual Domestic Violence Program collaborates with other domestic violence programs and the City of Philadelphia to operate the Philadelphia Domestic Violence Hotline which provides the following for victims of domestic and dating abuse:

Services include:

- Crisis intervention 
- Counseling
- Safety planning
- Referrals for domestic abuse services and other needs

The hotline is toll free and is answered by trained counselors 24-hours a day and offers services in multiple languages. The hotline is also covered by local agencies Congreso de Latinos, Women in Transition, and Women Against Abuse.","['English', 'Spanish']",Free,TRUE,https://www.facebook.com/pages/Lutheran-Settlement-House/152800584747421,https://www.twitter.com/@LSH1902,"This program covers residents of the following counties: Philadelphia County, PA.",39.9714539,-75.1372354,19125,TRUE,0:00AM - 11:59PM,0:00AM - 11:59PM,0:00AM - 11:59PM,0:00AM - 11:59PM,0:00AM - 11:59PM,0:00AM - 11:59PM,0:00AM - 11:59PM,0,Mental Health
"Breastfeeding Support (Congreso De Latinos Unidos, Inc.)",https://www.auntbertha.com//congreso-de-latinos-unidos%252C-inc.--philadelphia-pa--breastfeeding-support/5007305272721408?postal=19131,"['health education', 'parenting education', 'counseling', 'in-home support']",,"['all ages', 'pregnant', 'limited english', 'mothers']",610-203-9840,http://www.congreso.net/services/health-promotion-and-wellness/breastfeeding-support/,"216 West Somerset Street, Philadelphia, PA 19133","https://www.google.com/maps/?q=216+West+Somerset+Street,+Philadelphia,+PA+19133/",['This program serves pregnant and post-partum women.'],available,"The Breast Feeding Support Service offers breast feeding education and support to pregnant and post-partum women. This program provides:- Breastfeeding education and information to pregnant clients - Individual and group sessions- Community outreach- Practical advice and encouragement to breastfeeding mothers on-site and by telephoneThe program is for Low-income pregnant and post-partum women, no insurance needed.","['English', 'Spanish']",Free,TRUE,https://www.facebook.com/Congreso1977/,https://www.twitter.com/@Congreso1977,"This program covers residents of the following counties: Philadelphia County, PA.",39.9928854,-75.135429,19133,FALSE,8:30AM - 5:00PM,8:30AM - 5:00PM,8:30AM - 5:00PM,8:30AM - 5:00PM,8:30AM - 5:00PM,Closed,Closed,4.3,Mental Health
Bureau of Blindness and Visual Services BBVS (Pennsylvania Office of Vocational Rehabilitation),https://www.auntbertha.com//pennsylvania-office-of-vocational-rehabilitation--philadelphia-pa--bureau-of-blindness-and-visual-services-%2528bbvs%2529/4885098030956544?postal=19111,"['assistive technology', 'daily life skills', 'counseling', 'navigating the system', 'case management', 'supported employment']",,"['adults 18+', 'all disabilities']",215-560-5700,https://www.pa.gov/en/services/dli/request-help-from-the-bureau-of-blindness-and-visual-services.html,"801 Market Street, Philadelphia, PA 19107","https://www.google.com/maps/?q=801+Market+Street,+Philadelphia,+PA+19107/",['This program serves adult Pennsylvanians who are blind or visually impaired.'],available,The BBVS provides assistance Pennsylvanians who are blind or visually impaired gain the skills necessary to live and work independently in their communities.Services offered:- Employment support- Information and referral- Independent living skills- Entrepreneurial skills and support Most services are free and some are income-based. Please call us for more information.,['English'],Sliding Scale,TRUE,https://www.facebook.com/PALaborIndustry/,https://www.twitter.com/@palaborindustry,This program covers residents of the following states: PA.,39.9516669,-75.1537371,19107,FALSE,8:00AM - 5:00PM,8:00AM - 5:00PM,8:00AM - 5:00PM,8:00AM - 5:00PM,8:00AM - 5:00PM,Closed,Closed,0,Mental Health
Bureau of Blindness and Visual Services BBVS for Children (Pennsylvania Office of Vocational Rehabilitation),https://www.auntbertha.com//pennsylvania-office-of-vocational-rehabilitation--philadelphia-pa--bureau-of-blindness-and-visual-services-%2528bbvs%2529-for-children/5727931809923072?postal=19111,"['assistive technology', 'counseling', 'navigating the system', 'skills & training']",,"['teens', 'children', 'deaf or hard of hearing', 'visual impairment', 'individuals', 'families', 'with children']",215-560-5700,https://www.pa.gov/en/services/dli/request-help-from-the-bureau-of-blindness-and-visual-services.html,"801 Market Street, Philadelphia, PA 19107","https://www.google.com/maps/?q=801+Market+Street,+Philadelphia,+PA+19107/","['Must be a resident of Pennsylvania.', 'We serve children with visual and hearing disabilities.']",available,The Bureau of Blindness and Visual Services for Children provides assistance to children with visual impairments to ensure they reach their maximum educational and vocational potential. Services Provided:- Advocacy for educational services- Guidance and counseling for children and their families- Community orientation and mobility (travel) instruction- Children's summer programs- Adaptive equipmentMost programs are free while some are income-based. Please contact us via phone for more information.,['English'],Sliding Scale,TRUE,https://www.facebook.com/PALaborIndustry/,https://www.twitter.com/@palaborindustry,This program covers residents of the following states: PA.,39.9516669,-75.1537371,19107,FALSE,8:00AM - 5:00PM,8:00AM - 5:00PM,8:00AM - 5:00PM,8:00AM - 5:00PM,8:00AM - 5:00PM,Closed,Closed,0,Mental Health
Camp Achieve (Epilepsy Foundation Eastern Pennsylvania),https://www.auntbertha.com//epilepsy-foundation-eastern-pennsylvania--philadelphia-pa--camp-achieve/6303744211812352?postal=19111,"['counseling', 'day camp', 'recreation', 'overnight camp', 'daily life skills']",,"['young adults', 'children', 'seizures']",215-629-5003110,http://www.efepa.org,"919 Walnut St, Philadelphia, PA 19107","https://www.google.com/maps/?q=919+Walnut+St,+Philadelphia,+PA+19107/","['Applications are open for any child aged 8 to 17 with a primary diagnosis of epilepsy.  Campers are expected to be able to perform all activities of daily living independently.', 'Eligible campers have a primary diagnosis of epilepsy and see a neurologist for regular appointments. Campers are able to participate in physical activities like walking, sports, and crafts.  Campers are able to socialize and participate in group activities effectively. All camper applications and medical forms are reviewed by a Medical Committee to determine eligibility.']",available,"Camp Achieve is a uniquely designed program tailored to the special needs of youths with epilepsy. Campers can enjoy all of the fun and community building that a summer camp offers because of our trained medical staff and counselors who provide a safe environment in which to grow. Combined with epilepsy education activities, Camp Achieve is a unique place both to learn new skills and make lasting memories. There is no application fee but, if accepted, there is a registration fee of $325. Full and partial scholarships are available for eligible applicants.",['English'],Not specified,TRUE,https://www.facebook.com/EpilepsyFoundationEasternPA,https://www.twitter.com/@EFEPA,This program covers residents of the following states: PA.,39.9486873,-75.1567521,19107,FALSE,8:30AM - 4:30PM,8:30AM - 4:30PM,8:30AM - 4:30PM,8:30AM - 4:30PM,8:30AM - 4:30PM,Closed,Closed,4.4,Mental Health
Caring Together Program (Department of Psychiatry at Drexel Universtiy College of Medicine),https://www.auntbertha.com//department-of-psychiatry-at-drexel-universtiy-college-of-medicine--philadelphia-pa--caring-together-program/5352792247631872?postal=19111,"['substance abuse counseling', 'mental health care', 'group therapy', 'individual counseling', 'medications for mental health', 'outpatient treatment', 'childcare', 'navigating the system']",['childcare'],"['adults 18+', 'female', 'lgbtqia+', 'pregnant', 'single parent', 'parents', 'trauma survivors', 'abuse or neglect survivors', 'domestic violence survivors', 'all mental health', 'substance dependency', 'dual diagnosis']",215-967-2130,https://www.drexelmedicine.org/patient-services/the-caring-together-program/,"4700 Wissahickon Avenue, Philadelphia, PA 19144","https://www.google.com/maps/?q=4700+Wissahickon+Avenue,+Philadelphia,+PA+19144/","['This program helps people who are older than 17 years old.', 'This program serves women, and women with children who are seeking treatment for substance use disorder.']",available,"The Caring Together program helps women and their children overcome substance abuse and start a new life without drugs and alcohol. The program utilizes a multiphase, multidisciplinary approach to treat the addiction and any other issues that may have caused or resulted from substance use.This program provides:- Comprehensive treatment needs assessment- Individual and group counseling- Psychiatric evaluation and treatment, including medication-assisted treatment (MAT)- Substance use education including relapse prevention- Trauma-informed care- Anger management classes- Life skills training- Grief and loss groups- DHS evaluations- A safe recovery environment- Access to medical and dental care- Transportation assistance- GED/ABE program referrals- Medical insurance assistance- Employment training referrals- Housing referralsFor women with children, the program offers:- Parenting education- Family reunification assistance- Coordinated case management- Child care during treatment- Child development assessments- Assistance with health care, head-start programs, after-school programs, school-related issues, etc.The program offers a safe recovery environment and is especially beneficial to those who are pregnant or parenting, members of the LGBTQI+ community, and survivors of abuse, as well as anyone experiencing mental health challenges or domestic violence.",['English'],Free,TRUE,https://www.facebook.com/DrexelCollegeofMedicine,,"This program covers residents of the following counties: Philadelphia County, PA.",40.0159527,-75.1724136,19144,FALSE,8:00AM - 5:00PM,8:00AM - 5:00PM,8:00AM - 5:00PM,8:00AM - 5:00PM,8:00AM - 5:00PM,Closed,Closed,0,Mental Health
Case Management & Recovery Coaching (Merakey - Pennsylvania),https://www.auntbertha.com//merakey---pennsylvania--philadelphia-pa--case-management-%2526-recovery-coaching/6525374235410432?postal=19111,"['understand mental health', 'navigating the system', 'support network', 'one-on-one support']",,"['all ages', 'benefit recipients', 'all mental health']",866-647-0020,https://www.merakey.org/services/adult-behavioral-health,"265 East Lehigh Avenue, Philadelphia, PA 19125","https://www.google.com/maps/?q=265+East+Lehigh+Avenue,+Philadelphia,+PA+19125/",['Must have Medicare.'],available,"Case Management & Recovery Coaching Services are designed to provide individualized support to people who face mental health challenges.  Services provided in the community or in an individual’s home.This program provides:- Benefits Coordination- Coordination of Physical Health Care- Advocacy- Assistance Building and Accessing Natural Support- Housing Support and Maintenance- Crisis Prevention and Intervention- Resource Case ManagementThis service offers a combination of resource and intensive case management services. Individuals receive at least monthly face to face support from a case manager. Services can be provided more frequently if necessary. Services are provided 365 days per year, 24 hours a day by trained professional staff. An approved service plan determines the type of services needed and frequency of contacts. We accept Medicare. Please call us for more information.",['English'],Reduced Cost,TRUE,https://www.facebook.com/MerakeyOrg/,,This program covers residents of the following states: PA.,39.9907137,-75.1272193,19125,FALSE,8:00AM - 5:00PM,8:00AM - 5:00PM,8:00AM - 5:00PM,8:00AM - 5:00PM,8:00AM - 5:00PM,Closed,Closed,4,Mental Health
Centennial Pharmacy Services Prescription Medication (Centennial Pharmacy Services),https://www.auntbertha.com//centennial-pharmacy-services--philadelphia-pa--centennial-pharmacy-services-prescription-medication/4648573583097856?postal=19104,"['discounted healthcare', 'prescription assistance', 'medical care', 'medications for mental health', 'financial assistance']",,"['anyone in need', 'all ages', 'undocumented']",844-638-0692,https://www.centennialpharmacy.com/referrals,"1020 North Delaware Avenue, Philadelphia, PA 19125","https://www.google.com/maps/?q=1020+North+Delaware+Avenue,+Philadelphia,+PA+19125/",[],available,"Centennial Pharmacy Services' Care Cycle program synchronizes all Prescription Pills, Inhalers, Creams, Injectables, Vitamins, and Herbals can be organized for clients to receive on one date every month. Delivery of medications is provided at no charge. There is no additional change for this program.",['English'],Free,TRUE,None,https://www.twitter.com/@CentennialPharm,"This program covers residents of the following counties: Philadelphia County, PA.",39.965541,-75.1332716,19125,FALSE,8:00AM - 6:00PM,8:00AM - 6:00PM,8:00AM - 6:00PM,8:00AM - 6:00PM,8:00AM - 6:00PM,Closed,Closed,4.7,Mental Health
Center City Philadelphia Vet Center (Center City Philadelphia Vet Center),https://www.auntbertha.com//center-city-philadelphia-vet-center--philadelphia-pa--center-city-philadelphia-vet-center/5831275806982144?postal=19111,"['bereavement', 'checkup & test', 'counseling', 'mental health care', 'family counseling', 'individual counseling', 'community support services', 'navigating the system', 'virtual support']",,"['adults 18+', 'active duty', 'national guard', 'veterans', 'lgbtqia+', 'families', 'trauma survivors', 'sexual assault survivors', 'depression', 'ptsd', 'substance dependency']",215-627-0238,https://www.va.gov/center-city-philadelphia-vet-center/,"801 Arch Street Suite 502, Philadelphia, PA 19107","https://www.google.com/maps/?q=801+Arch+Street,+Philadelphia,+PA+19107/","['Have served on active military duty in any combat theater or area of hostility', 'Experienced a military sexual trauma', 'Provided direct emergent medical care or mortuary services, while serving on active military duty, to the casualties of war, or;Served as a member of an unmanned aerial vehicle crew that provided direct support to operations in a combat zone or area of hostility.', 'Vietnam Era veterans who have accessed care at a Vet Center prior to January 1, 2004']",available,"The Bucks County Vet Center offers confidential assistance for Veterans, service members, and their families at no cost in a non-medical setting. Services include counseling for needs such as depression, posttraumatic stress disorder (PTSD), and the psychological effects of military sexual trauma (MST).This program provides:- Mental health care- Connections to additional supports within the VA and your community",['English'],Free,TRUE,https://www.facebook.com/VeteransAffairs,https://www.twitter.com/@DeptVetAffairs,"This program covers residents of the following counties: Philadelphia County, PA.",39.9534084,-75.153361,19107,FALSE,8:00AM - 4:30PM,8:00AM - 4:30PM,8:00AM - 4:30PM,8:00AM - 4:30PM,8:00AM - 4:30PM,Closed,Closed,0,Mental Health
Center for Brief Therapy (Philadelphia College of Osteopathic Medicine Healthcare Centers),https://www.auntbertha.com//philadelphia-college-of-osteopathic-medicine-%2528pcom%2529-healthcare-centers--philadelphia-pa--center-for-brief-therapy/6591839719522304?postal=19131,"['counseling', 'mental health care', 'individual counseling']",,"['adults', 'young adults', 'teens', 'school-aged children', 'seniors', 'individuals', 'uninsured', 'underinsured', 'all mental health']",215-871-6487,https://pcomhealth.org/cbt/services/,"4190 City Avenue, Philadelphia, PA 19131","https://www.google.com/maps/?q=4190+City+Avenue,+Philadelphia,+PA+19131/","['This program serves children, adolescents, adults and older adults with emotional and behavioral problems, as well as difficulties related to medical problems.']",available,"The Center for Brief Therapy at PCOM provides a wide range of clinical assessment, treatment, and consultation services for children, adolescents and adults.This program provides:- In-person cognitive-behavioral therapy- Psychoeducational evaluations - Neuropsychological evaluations Instead of accepting insurance plans, the Center offers quality services at reasonable self-pay rates while not limiting the number of sessions. An initial 90 minute evaluation is $60 and individual 50 minute therapy sessions following the initial evaluation is $25. Individual therapy sessions with PCOM students are $10 per session.",['English'],Reduced Cost,TRUE,,,"This program covers residents of the following counties: Philadelphia County, PA and Montgomery County, PA.",40.0044891,-75.217549,19131,FALSE,9:00AM - 7:00PM,9:00AM - 7:00PM,9:00AM - 7:00PM,9:00AM - 7:00PM,9:00AM - 3:00PM,Closed,Closed,4.7,Mental Health
Center for Brief Therapy (Philadelphia College of Osteopathic Medicine PCOM Healthcare Centers),https://www.auntbertha.com//philadelphia-college-of-osteopathic-medicine-%2528pcom%2529-healthcare-centers--philadelphia-pa--center-for-brief-therapy/6591839719522304?postal=19111,"['counseling', 'mental health care', 'individual counseling']",,"['adults', 'young adults', 'teens', 'school-aged children', 'seniors', 'individuals', 'uninsured', 'underinsured', 'all mental health']",215-871-6487,https://pcomhealth.org/cbt/services/,"4190 City Avenue, Philadelphia, PA 19131","https://www.google.com/maps/?q=4190+City+Avenue,+Philadelphia,+PA+19131/","['This program serves children, adolescents, adults and older adults with emotional and behavioral problems, as well as difficulties related to medical problems.']",available,"The Center for Brief Therapy at PCOM provides a wide range of clinical assessment, treatment, and consultation services for children, adolescents and adults.This program provides:- In-person cognitive-behavioral therapy- Psychoeducational evaluations - Neuropsychological evaluations Instead of accepting insurance plans, the Center offers quality services at reasonable self-pay rates while not limiting the number of sessions. An initial 90 minute evaluation is $60 and individual 50 minute therapy sessions following the initial evaluation is $25. Individual therapy sessions with PCOM students are $10 per session.",['English'],Reduced Cost,TRUE,None,None,"This program covers residents of the following counties: Philadelphia County, PA and Montgomery County, PA.",40.0044891,-75.2175494,19131,FALSE,9:00AM - 7:00PM,9:00AM - 7:00PM,9:00AM - 7:00PM,9:00AM - 7:00PM,9:00AM - 3:00PM,Closed,Closed,0,Mental Health
Center for the Treatment and Study of Anxiety (University of Pennsylvania Perelman School of Medicine),https://www.auntbertha.com//university-of-pennsylvania-perelman-school-of-medicine--philadelphia-pa--center-for-the-treatment-and-study-of-anxiety/4833377934114816?postal=19104,"['specialized therapy', 'mental health care', 'individual counseling', 'mental health evaluation']",,"['all ages', 'uninsured', 'underinsured', 'anxiety', 'ptsd', 'all mental health']",215-746-3327,https://www.med.upenn.edu/ctsa/services.html,"3535 Market Street, Philadelphia, PA 19104","https://www.google.com/maps/?q=3535+Market+Street,+Philadelphia,+PA+19104/","['Must be uninsured, underinsured or eligible to participate in one of our treatment research programs.']",available,"The Center for the Treatment and Study of Anxiety at the University of Pennsylvania specializes in cognitive-behavioral therapy treatment for children and adults who suffer from anxiety and traumatic stress disorders.Services provided:- Cognitive behavioral therapy We treat the following disorders: - Obsessive-compulsive- Post-traumatic stress- Social anxiety- Generalized anxiety disorder- Panic disorder- Trichotillomania and excoriation- Specific phobiaBefore entering a treatment program at the Center, patients first complete a phone screening interview with one of our intake coordinators. If appropriate, patients then schedule and complete an extensive psychological evaluation with a clinician.Assessment and treatment is often free or reduced cost if you are eligible to participate in any of our treatment research programs. If you are uninsured or underinsured, low cost treatment options are available with our advanced doctoral student clinicians.","['English', 'Spanish']",Reduced Cost,TRUE,https://www.facebook.com/upennctsa/,https://www.twitter.com/@Center4Anxiety,"This program covers residents of the following counties: Philadelphia County, PA.",39.9565529,-75.1937243,19104,FALSE,9:00AM - 5:00PM,9:00AM - 5:00PM,9:00AM - 5:00PM,9:00AM - 5:00PM,9:00AM - 5:00PM,Closed,Closed,0,Mental Health
Child / Adolescent Intensive After-School Program (Elwyn),https://www.auntbertha.com//elwyn--philadelphia-pa--child---adolescent-intensive-after-school-program/5217279899074560?postal=19111,"['daily life skills', 'understand disability', 'understand mental health', 'mental health care', 'navigating the system']",,"['children', 'benefit recipients', 'all mental health']",215-254-2052,https://www.elwyn.org/services/children-3-21/child-adolescent-intensive-after-school-program/,"3300 Henry Avenue, Philadelphia, PA 19129","https://www.google.com/maps/?q=3300+Henry+Avenue,+Philadelphia,+PA+19129/","['This program helps people who are 8 to 12 years old.', 'Must have Medical Assistance (MA) or Medicare.']",available,"The Intensive After-school Program is for children 8 to 12 years old who have behavioral and emotional needs. Under the guidance of trained staff, children learn:- problem-solving- socialization- communication skills Children also participate in art and recreational therapy. Individualized treatment plans are developed to address every child’s needs, and families are encouraged to participate in activities that offer new opportunities to interact with their child. The Child/Adolescent Intensive After-School Program can be used as an alternative to traditional wraparound services and is available at different days and times to children 8 to 12 years old.We accept Medical Assistance (MA) and Medicare.",['English'],Reduced Cost,TRUE,https://www.facebook.com/elwynorg/,https://www.twitter.com/@elwynorg,"This program covers residents of the following counties: Philadelphia County, PA.",40.0117295,-75.184536,19129,FALSE,8:00AM - 5:00PM,8:00AM - 5:00PM,8:00AM - 5:00PM,8:00AM - 5:00PM,8:00AM - 5:00PM,Closed,Closed,0,Mental Health
Child & Adolescent Services (Springfield Psychological),https://www.auntbertha.com//springfield-psychological--philadelphia-pa--child-%2526-adolescent-services/5380610828533760?postal=19111,"['individual counseling', 'daily life skills']",,"['teens', 'children', 'developmental disability', 'families', 'all mental health']",610-544-2110,https://springpsych.com/services/services-child-adolescent/,"1420 Walnut Street, Philadelphia, PA 19102","https://www.google.com/maps/?q=1420+Walnut+Street,+Philadelphia,+PA+19102/","['This program serves children, teens, and their families.']",available,"Springfield Psychological's child & adolescent services strive to achieve long-term improvement for children with emotional challenges, ADHD, or learning disabilities with a multi-level approach.Services include:- Psychotherapy- Parent, teacher, and pediatrician consulting- Coping skills developmentWe accept most insurance plans including Medicare (but not if Medicaid is your secondary).Springfield Psychological is now providing Telehealth Services for both outpatient therapy and medication management to support new and existing patients from the comfort of your own home during the Coronavirus outbreak. Telehealth services are now covered by ALL commercial insurance and Medicare.",['English'],Reduced Cost,TRUE,https://www.facebook.com/SpringfieldPsychological/,https://www.twitter.com/@springpsych1,"This program covers residents of the following counties: Berks County, PA, Chester County, PA, Delaware County, PA, Montgomery County, PA, Philadelphia County, PA, Monmouth County, NJ and Ocean County, NJ.",39.9492642,-75.1654596,19102,FALSE,8:00AM - 9:00PM,8:00AM - 9:00PM,8:00AM - 9:00PM,8:00AM - 9:00PM,9:00AM - 5:00PM,Closed,Closed,2.8,Mental Health
Child & Family Outpatient Center (WES Health System),https://www.auntbertha.com//wes-health-system--philadelphia-pa--child-%2526-family-outpatient-center/4907628598919168?postal=19111,"['mental health care', 'counseling', 'group therapy', 'family counseling', 'individual counseling', 'medications for mental health', 'mental health evaluation', 'outpatient treatment']",,"['young adults', 'teens', 'children', 'benefit recipients', 'depression', 'anxiety', 'all mental health']",215-456-2662,http://drwes.org/individuals-families/child-family-outpatient-center/,"1315 Windrim Avenue, Philadelphia, PA 19141","https://www.google.com/maps/?q=1315+Windrim+Avenue,+Philadelphia,+PA+19141/","['This program helps people who are 4 to 21 years old.', 'Must have Medicaid or Medicare.']",available,"The Child & Family Outpatient Center assesses and treats behavioral and emotional difficulties in children ages 4–21 (as long as they are still attending school) and their families. We provide various treatment modalities for children with hyperactivity, academic challenges, anxiety and/or depression. We provide: - Comprehensive assessments to determine the existence and/or degree of severity of any difficulties- Comprehensive biopsychosocial evaluations- Individual and family sessions- Boys/girls peer counseling groups- Medication management - Art, play, and traditional group therapyThe Child & Family Outpatient Center accepts Medicaid and Medicare. Potential clients need to be evaluated by WES’ Assessment & Evaluation Center in order to determine which service(s) should be utilized. For more information, please call the Assessment & Evaluation Center.",['English'],Reduced Cost,TRUE,https://www.facebook.com/weshealthsystems,https://www.twitter.com/@WESHealthSystem,"This program covers residents of the following counties: Philadelphia County, PA.",40.0307555,-75.1449155,19141,FALSE,8:00AM - 5:00PM,8:00AM - 5:00PM,8:00AM - 5:00PM,8:00AM - 5:00PM,8:00AM - 5:00PM,Closed,Closed,3,Mental Health
Child & Youth Outpatient Services (Hispanic Community Counseling Services),https://www.auntbertha.com//hispanic-community-counseling-services-%2528hccs%2529--philadelphia-pa--child-%2526-youth-outpatient-services/5816207188688896?postal=19131,"['daily life skills', 'mental health care', 'individual counseling', 'mental health evaluation', 'navigating the system']",,"['teens', 'children', 'trauma survivors', 'abuse or neglect survivors', 'domestic violence survivors', 'substance dependency']",215-425-6900,https://www.hccsphila.org/child-youth-family-services,"3221 Kensington Avenue, Philadelphia, PA 19134","https://www.google.com/maps/?q=3221+Kensington+Avenue,+Philadelphia,+PA+19134/","['Must have Medicaid.', 'This program helps people who are 5 to 17 years old.']",available,"HCCS provides outpatient services to kids who are struggling with anxiety and depression, abuse, family problems, drug and alcohol use, problems at school, and much more.Services:- Individual therapy- Skill-building and support for behavior change- Family-centered therapy and parenting strategies- Substance use assessments- Connection to resources- Medication management- Psychiatric evaluationsHispanic Community Counseling Services accepts Medicare and Medicaid.","['English', 'Portuguese', 'Russian', 'Spanish']",Reduced Cost,TRUE,,,"This program covers residents of the following cities: Philadelphia, PA.",39.9967308,-75.112421,19134,FALSE,8:00AM - 8:00PM,8:00AM - 8:00PM,8:00AM - 8:00PM,8:00AM - 8:00PM,8:00AM - 8:00PM,8:00AM - 6:00PM,Closed,0,Mental Health
Child and Adolescent Anxiety Disorders Clinic (Psychological Services Center at Temple University),https://www.auntbertha.com//psychological-services-center-at-temple-university--philadelphia-pa--child-and-adolescent-anxiety-disorders-clinic/4703518570971136?postal=19111,"['mental health care', 'counseling']",,"['teens', 'school-aged children', 'students', 'anxiety', 'all mental health']",215-204-7165,https://sites.temple.edu/psc/fees-hours/,"1701 North 13th Street, Philadelphia, PA 19122","https://www.google.com/maps/?q=1701+North+13th+Street,+Philadelphia,+PA+19122/","['This program helps people who are 7 to 17 years old.', 'Must meet the following guidelines: 1. This program serves children who suffer from excessive anxiety that interferes with academic or social activity.2. This program serves children living in the greater Philadelphia area.']",available,"The Child and Adolescent Anxiety Disorders Clinic provides help for children who suffer from anxiety disorders. The clinic uses a cognitive behavioral therapy approach to treat anxiety and their standard treatment is 16 weeks, although the exact length varies based on the client’s needs.This program provides:- Cognitive behavioral therapyThe fee for therapy sessions for this clinic is determined based on a sliding scale depending on estimated annual household income and number of dependents.",['English'],Sliding Scale,TRUE,None,None,"This program covers residents of the following counties: Philadelphia County, PA.",39.9786317,-75.1551765,19122,FALSE,9:00AM - 7:00PM,9:00AM - 7:00PM,9:00AM - 7:00PM,9:00AM - 7:00PM,9:00AM - 5:00PM,Closed,Closed,5,Mental Health
Child and Adolescent Outpatient Psychiatry Services (Jefferson Health - Vickie & Jack Farber Institute for Neuroscience),https://www.auntbertha.com//jefferson-health---vickie-%2526-jack-farber-institute-for-neuroscience--philadelphia-pa--child-and-adolescent-outpatient-psychiatry-services/5835145656664064?postal=19111,"['outpatient treatment', 'understand mental health', 'counseling', 'mental health care', 'family counseling', 'medications for mental health', 'mental health evaluation']",['early childhood intervention'],"['teens', 'children', 'families', 'with children', 'benefit recipients', 'all mental health']",215-955-8420,https://www.jeffersonhealth.org/conditions-and-treatments/child-adolescent-outpatient-psychiatry,"325 Chestnut Street, Philadelphia, PA 19106","https://www.google.com/maps/?q=325+Chestnut+Street,+Philadelphia,+PA+19106/",['This program serves children and adolescents.'],available,"Jefferson's Child and Adolescent Psychiatry Outpatient Services are here to help children and adolescents with mental health issues. They treat a variety of clinical problems including attention deficit hyperactivity disorder (ADHD), mood disorders, anxiety disorders (generalized anxiety and obsessive compulsive disorder), pervasive developmental disorders and disruptive behavior disorders. This program provides:- Child and adolescent outpatient psychiatry servicesAdditional services include:- Comprehensive diagnostic evaluation - Psychotherapy- Psychopharmacology- Parent counseling- Family therapyJefferson Health accepts Medical Assistance (Medicaid) and Self-Pay with a sliding scale fee schedule.",['English'],Sliding Scale,TRUE,https://www.facebook.com/jeffersonhospital/,https://www.twitter.com/@TJUHospital,"This program covers residents of the following counties: Philadelphia County, PA.",39.949088,-75.147154,19106,TRUE,0:00AM - 11:59PM,0:00AM - 11:59PM,0:00AM - 11:59PM,0:00AM - 11:59PM,0:00AM - 11:59PM,0:00AM - 11:59PM,0:00AM - 11:59PM,5,Mental Health
Child and Family Behavioral Health Services Outpatient (University of Pennsylvania Perelman School of Medicine),https://www.auntbertha.com//university-of-pennsylvania-perelman-school-of-medicine--philadelphia-pa--child-and-family-behavioral-health-services-outpatient/6344585237495808?postal=19104,"['checkup & test', 'disability screening', 'mental health evaluation', 'mental health care', 'counseling']",,"['teens', 'children', 'autism', 'families', 'benefit recipients', 'low-income', 'uninsured']",215-829-7271,https://www.med.upenn.edu/hallmercer/clinical_family.html,"245 South 8th Street, Philadelphia, PA 19107","https://www.google.com/maps/?q=245+South+8th+Street,+Philadelphia,+PA+19107/","['This program helps people who are 3 to 18 years old.', 'Must be resident of Philadelphia']",available,"Child and Family Outpatient Services provide mental health evaluations and treatment to children and adolescents ages 3-18 and their families, who are residents of Philadelphia.Services available:- Mental health evaluation- Behavioral health treatmentReferrals are received from area public, parochial and private schools, social service agencies, pediatricians, health centers, managed care organizations (primarily Community Behavioral Health), police, courts, and residents.Hall-Mercer Community Behavioral Health Center offers Mental Health services for those clients who are eligible for Medical Assistance in Philadelphia County. Fee for Service Medicare is also accepted for those who live in Hall Mercer's catchment area. Self-pay on a sliding-scale is also an option for receiving services.","['English', 'Spanish']",Sliding Scale,TRUE,https://www.facebook.com/MFCPenn/,https://www.twitter.com/https://twitter.com/MFCPenn,"This program covers residents of the following cities: Philadelphia, PA.",39.9465396,-75.1544013,19107,FALSE,8:30AM - 5:00PM,8:00AM - 5:00PM,8:00AM - 5:00PM,8:00AM - 5:00PM,8:00AM - 5:00PM,Closed,Closed,2.1,Mental Health
Child Outpatient Behavioral Health Services (Merakey - Pennsylvania),https://www.auntbertha.com//merakey---pennsylvania--philadelphia-pa--child-outpatient-behavioral-health-services/5173233465950208?postal=19111,"['psychiatric emergency services', 'outpatient treatment', 'counseling', 'specialized therapy', 'mental health care', 'group therapy']",,"['young adults', 'teens', 'children', 'families', 'with children', 'benefit recipients', 'parents', 'all mental health']",570-218-8210,https://www.merakey.org/services/children-and-family,"265 East Lehigh Avenue, Philadelphia, PA 19125","https://www.google.com/maps/?q=265+East+Lehigh+Avenue,+Philadelphia,+PA+19125/",['This program helps people who are younger than 22 years old.'],available,"Merakey's MCRSS program is designed to help those in crisis work through the crisis and maintain their mental health in our 8 week stabilization program. This program is open to clients ages 5-21 experiencing mental health issues. If you are in crisis, please contact 570-224-9002 for immediate response. If you are inquiring about stabilization services, please contact the number listed for the main office.",['English'],Reduced Cost,TRUE,https://www.facebook.com/MerakeyOrg/,,This program covers residents of the following states: PA.,39.9907137,-75.1272193,19125,FALSE,8:00AM - 5:00PM,8:00AM - 5:00PM,8:00AM - 5:00PM,8:00AM - 5:00PM,8:00AM - 5:00PM,Closed,Closed,4,Mental Health
Children & Youth Outpatient Services (Northeast Community Center for Behavioral Health),https://www.auntbertha.com//northeast-community-center-for-behavioral-health-%2528neccbh%2529--philadelphia-pa--children-%2526-youth-outpatient-services/5356872163655680?postal=19104,"['mental health care', 'group therapy', 'family counseling', 'individual counseling', 'medications for mental health', 'mental health evaluation', 'outpatient treatment', 'psychiatric emergency services']",,"['teens', 'children', 'families', 'benefit recipients', 'low-income', 'uninsured', 'all mental health']",215-831-2800,https://www.neccbh.org/children-youth-outpatient-services/,"Roosevelt Blvd. & Adams Ave., Philadelphia, PA 19124","https://www.google.com/maps/place/Roosevelt+Blvd+%26+Adams+Ave,+Philadelphia,+PA+19124/@40.0268551,-75.0999843,731m/data=!3m2!1e3!4b1!4m6!3m5!1s0x89c6b65747a9c9df:0x5a539239a8ef86b3!8m2!3d40.0268551!4d-75.0974094!16s%2Fg%2F11f32p9rg7?entry=ttu&g_ep=EgoyMDI1MDMzMC4wIKXMDSoASAFQAw%3D%3D","['This program helps people who are 3 to 18 years old.', 'Must reside in Philadelphia.', 'Must have Medicare or Medicaid, or be an uninsured person living in our service area.']",available,"NECCBH provides on-site behavioral health services to children and adolescents age 3 to 18 years old who are experiencing mental health or behavioral difficulties. We provide youth and their families with individualized services that promote recovery, resilience and wellness. Services include: - Individual therapy - Family therapy - Group therapy- Psychiatric evaluation- Medication consultation and medication management - Crisis management and intervention services - Inter-agency treatment team meetings Confidential treatment services are provided to assist children and youth with resolving conflicts and overcoming challenges within their home, school and community environments. An emphasis is placed upon person centered and strength based interventions, which help develop new skills and foster resiliency. Staff members will work with each child and family to develop a family centered plan to identify and achieve their personal recovery goals.NECCBH accepts Medicare and Medicaid. An uninsured person who lives in our service area may receive services. The cost for service is based on solely on an individual's ability to pay when not covered by insurance.",['English'],Reduced Cost,TRUE,None,None,"This program covers residents of the following cities: Philadelphia, PA.",40.0268551,-75.0999843,19124,FALSE,8:00AM - 9:00PM,8:00AM - 9:00PM,8:00AM - 9:00PM,8:00AM - 9:00PM,8:00AM - 6:00PM,Closed,Closed,3.8,Mental Health
Children and Adolescent Behavioral Health Rehabilitation Services (WES Health System),https://www.auntbertha.com//wes-health-system--philadelphia-pa--children-and-adolescent-behavioral-health-rehabilitation-services/5026565672140800?postal=19131,"['mental health evaluation', 'mental health care']","['navigating the system', 'support network', 'one-on-one support']","['teens', 'children', 'benefit recipients', 'all mental health']",215-456-2626,http://drwes.org/individuals-families/behavioral-health-rehabilitation-services/,"2514 North Broad Street, Philadelphia, PA 19132","https://www.google.com/maps/?q=2514+North+Broad+Street,+Philadelphia,+PA+19132/","['This program helps people who are 5 to 21 years old.', 'Must go through an evaluation by a psychologist and approved by Community Behavioral Health before obtaining services.']",available,"Behavioral Health Rehabilitation Services, also known as Wraparound, are services for children and adolescents who may be experiencing mental and behavioral health challenges in their daily lives. Wraparound services are a shift from traditional mental health services provided in a therapist’s office, to services where the child normally is, in the home, school, or community. This program provides:- Wraparound services - building constructive relationships and support networks- ReferralMedicaid and Medicare accepted. Private pay available.  Obtaining BHRS services first requires an evaluation by a psychologist. The request is then submitted to CBH (Community Behavioral Health) for an approval. Given the child’s diagnosis, services can be approved for 6 months – 1 year, at a time.","['English', 'Vietnamese']",Reduced Cost,TRUE,https://www.facebook.com/weshealthsystems,https://www.twitter.com/@WESHealthSystem,"This program covers residents of the following cities: Philadelphia, PA.",39.9915494,-75.155541,19132,FALSE,8:45 AM - 5:00PM,8:45 AM - 5:00PM,8:45 AM - 5:00PM,8:45 AM - 5:00PM,8:45 AM - 5:00PM,Closed,Closed,2.7,Mental Health
"Children's Behavioral Health Outpatient Program (The Consortium, Inc.)",https://www.auntbertha.com//the-consortium%252C-inc.--philadelphia-pa--children%2527s-behavioral-health-outpatient-program/5918707198197760?postal=19131,"['group therapy', 'family counseling', 'individual counseling']",,"['teens', 'children', 'benefit recipients', 'low-income', 'uninsured', 'underinsured', 'all mental health']",267-233-5391,https://consortiuminc.org/,"2821 Island Avenue, Philadelphia, PA 19153","https://www.google.com/maps/?q=2821+Island+Avenue,+Philadelphia,+PA+19153/","['This program helps people who are 5 to 18 years old.', 'Must meet income requirements or have Medicaid.']",available,"The Children’s Outpatient program serves children aged five to 18. Children receive individual and group therapy at the level of care most appropriate to meet their needs. Family therapy is also provided, as needed. Enhanced services for children include:- Summer treatment program- Students are Nurtured to Achieve and make Progress (SNAP)- Parents Engagement Program (PEP)- Specialty groups including Anger Management, Bullying Prevention, Girls Empowerment, Boys Empowerment, Mentoring and Sexuality AcceptanceThe Consortium accepts Medicaid and offers a sliding scale fee for low-income individuals. We don't turn anyone away.",['English'],Sliding Scale,TRUE,,,"This program covers residents of the following counties: Philadelphia County, PA.",39.906809,-75.239429,19153,FALSE,8:00AM - 7:00PM,8:00AM - 8:00PM,8:00AM - 8:00PM,8:00AM - 8:00PM,8:00AM - 7:00PM,10:00AM - 2:00PM,Closed,0,Mental Health
"Children's Blended Case Management (The Consortium, Inc.)",https://www.auntbertha.com//the-consortium%252C-inc.--philadelphia-pa--children%2527s-blended-case-management/4980312141725696?postal=19131,"['mental health care', 'navigating the system', 'one-on-one support']",,"['teens', 'children', 'intellectual disability', 'benefit recipients', 'low-income', 'all mental health']",215-596-7100,https://consortiuminc.org/,"2821 Island Avenue, Philadelphia, PA 19153","https://www.google.com/maps/?q=2821+Island+Avenue,+Philadelphia,+PA+19153/","['This program helps people who are 6 to 17 years old.', 'Behavioral or mental health diagnosis.', 'Must meet income requirements or have Medicaid.', 'Will serve 21 year old if they are enrolled in school.', 'Must have a referral.']",available,"The Children’s Blended Case Management Unit provides assistance for children 6 to 17 years of age (21 years if still enrolled in school) with a behavioral or mental health diagnosis, or intellectual disability in the community or residential treatment facility setting with low, moderate, and severe needs.Services include:- 24 hour-a-day, 7 day-a-week crisis responseThe program’s goals are to connect children to services and resources which will help with their recovery and improvement, collaborate with service providers to monitor consumer participation and satisfaction, help coordinate existing services, and to advocate and provide additional support for the child. The Consortium accepts Medicaid and offers a sliding scale fee for low-income individuals. We don't turn anyone away.",['English'],Sliding Scale,TRUE,,,"This program covers residents of the following counties: Philadelphia County, PA.",39.906809,-75.239429,19153,TRUE,0:00AM - 11:59PM,0:00AM - 11:59PM,0:00AM - 11:59PM,0:00AM - 11:59PM,0:00AM - 11:59PM,0:00AM - 11:59PM,0:00AM - 11:59PM,0,Mental Health
Children's Mental Health Crisis Services (Philadelphia Children's Crisis Response Center),https://www.auntbertha.com//philadelphia-childrens-crisis-response-center-%2528pccrc%2529--philadelphia-pa--children%2527s-mental-health-crisis-services/5405395361988608?postal=19104,"['residential treatment', 'counseling', 'mental health care', 'group therapy', 'family counseling', 'individual counseling', 'mental health evaluation', 'psychiatric emergency services']",,"['young adults', 'teens', 'school-aged children', 'families', 'with children', 'benefit recipients', 'in crisis', 'all mental health']",877-203-2491,https://www.philachildrenscrc.com/about/,"3300 Henry Avenue, Philadelphia, PA 19129","https://www.google.com/maps/?q=3300+Henry+Avenue,+Philadelphia,+PA+19129/","['This program helps people who are 3 to 17 years old.', 'Must be a member of Community Behavioral Health.']",available,"Philadelphia Children’s Crisis Response Center provides the on-site Crisis Stabilization Unit (CSU) as an option for children and young adults experiencing extreme distress who can benefit from an intensive, short-term, coordinated treatment experience. This program provides:- Mental health assessmentDepending upon the results of this assessment, we may recommend the following services:- Therapeutic stabilization- Admission into our on-site Crisis Stabilization Unit (CSU) - Referral to appropriate level of care - Crisis/aftercare planning Typical length of stay is three to five days. If you are members of Community Behavioral Health (Philadelphia’s Medicaid behavioral health program), then treatment is provided at no cost to the patient.",['English'],Free,TRUE,https://www.facebook.com/philachildrenscrc,,"This program covers residents of the following counties: Philadelphia County, PA and Montgomery County, PA.",40.012558,-75.1838355,19129,TRUE,0:00AM - 11:59PM,0:00AM - 11:59PM,0:00AM - 11:59PM,0:00AM - 11:59PM,0:00AM - 11:59PM,0:00AM - 11:59PM,0:00AM - 11:59PM,1.6,Mental Health
"Children's Outpatient Evaluation and Counseling (COMHAR, Inc.)",https://www.auntbertha.com//comhar%252C-inc.--philadelphia-pa--children%2527s-outpatient-evaluation-and-counseling/5046548787101696?postal=19131,"['understand mental health', 'specialized therapy', 'medication management', 'mental health care', 'medications for mental health', 'mental health evaluation']",,"['teens', 'children', 'families', 'with children', 'caregivers', 'parents', 'all mental health']",267-861-4382,https://www.comhar.org/children-and-families,"2600 N. American Street, Philadelphia, PA 19133","https://www.google.com/maps/?q=2600+N.+American+Street,+Philadelphia,+PA+19133/","['Free for individuals who are uninsured.', 'Must have Medicaid.']",available,"COMHAR offers outpatient evaluation and counseling for youth beginning at age 5. Services are all focused on building familial strength and community support.  Services are available both for children with existing behavioral health diagnoses and for those whose families want them to be assessed.

This program provides:

- Psychiatric evaluation
- Medication management
- Family therapy
- Individual and group therapy 

COMHAR accepts Medicaid.","['English', 'Spanish']",Reduced Cost,TRUE,,,"This program covers residents of the following counties: Bucks County, PA, Burlington County, PA, Camden County, PA, Cecil County, PA, Chester County, PA, Delaware County, PA, Gloucester County, PA, Montgomery County, PA, New Castle County, PA, Philadelphia County, PA and Salem County, PA.",39.990206,-75.136872,19133,FALSE,8:00AM - 9:00PM,8:00AM - 9:00PM,8:00AM - 9:00PM,8:00AM - 9:00PM,8:00AM - 9:00PM,9:00AM - 5:00PM,Closed,2.3,Mental Health
Children's Outpatient Services (Community Council Health Systens),https://www.auntbertha.com//community-council-health-systems--philadelphia-pa--children%2527s-outpatient-services-%2528cos%2529/5117647412002816?postal=19131,"['outpatient treatment', 'mental health evaluation', 'counseling', 'family counseling', 'individual counseling', 'medications for mental health']",,"['teens', 'children', 'families', 'benefit recipients']",215-473-7033,http://cchss.org,"4900 Wyalusing Avenue, Philadelphia, PA 19131","https://www.google.com/maps/?q=4900+Wyalusing+Avenue,+Philadelphia,+PA+19131/",['This program helps people who are younger than 18 years old.'],available,"The Children's Outpatient Service (COS) Program is housed in the Hutchins Pavilion on the main campus. The primary focus of the program is to help each consumer have a better understanding of self and value who they are as well as to help them create positive coping skills.COS Services: - Psychiatric and psychological evaluation services- Medication management- Individual, group, and family therapy","['English', 'Spanish']",Reduced Cost,TRUE,https://www.facebook.com/CCHSS/,https://www.twitter.com/@cchs_pa,"This program covers residents of the following counties: Philadelphia County, PA.",39.9697728,-75.218871,19131,FALSE,9:00AM - 5:00PM,9:00AM - 5:00PM,9:00AM - 5:00PM,9:00AM - 5:00PM,9:00AM - 5:00PM,Closed,Closed,3.7,Mental Health
Children's Outpatient Services COS (Community Council Health Systems),https://www.auntbertha.com//community-council-health-systems--philadelphia-pa--children%2527s-outpatient-services-%2528cos%2529/5117647412002816?postal=19111,"['outpatient treatment', 'mental health evaluation', 'counseling', 'family counseling', 'individual counseling', 'medications for mental health']",,"['teens', 'children', 'families', 'benefit recipients']",215-473-7033,http://cchss.org,"4900 Wyalusing Avenue, Philadelphia, PA 19131","https://www.google.com/maps/?q=4900+Wyalusing+Avenue,+Philadelphia,+PA+19131/",['This program helps people who are younger than 18 years old.'],available,"The Children's Outpatient Service (COS) Program is housed in the Hutchins Pavilion on the main campus. The primary focus of the program is to help each consumer have a better understanding of self and value who they are as well as to help them create positive coping skills.COS Services: - Psychiatric and psychological evaluation services- Medication management- Individual, group, and family therapy","['English', 'Spanish']",Reduced Cost,TRUE,https://www.facebook.com/CCHSS/,https://www.twitter.com/@cchs_pa,"This program covers residents of the following counties: Philadelphia County, PA.",39.9697728,-75.2188713,19131,FALSE,9:00AM - 5:00PM,9:00AM - 5:00PM,9:00AM - 5:00PM,9:00AM - 5:00PM,9:00AM - 5:00PM,Closed,Closed,3.7,Mental Health
Chinese Immigrant Families Wellness Initiative CIFWI (Philadelphia Chinatown Development Corporation),https://www.auntbertha.com//philadelphia-chinatown-development-corporation-%2528pcdc%2529--philadelphia-pa--chinese-immigrant-families-wellness-initiative-%2528cifwi%2529/4815418956054528?postal=19111,"['mental health care', 'navigating the system']",,"['all ages', 'immigrants', 'families', 'asian']",215-922-6156,https://no1credit.com/genkinka/,"301 North 9th Street, Philadelphia, PA 19107","https://www.google.com/maps/?q=301+North+9th+Street,+Philadelphia,+PA+19107/",['This program serves Chinese immigrant families.'],available,"CIFWI introduces mental and emotional health as a key component of health and community development. CIFWI builds the capacity to address local community needs, increases awareness of access to resources, and works with organizational and individual partners to meet people’s mental health needs where they are at.This program provides:- Access to wellness resources","['Chinese', 'English']",Free,TRUE,https://www.facebook.com/phillychinatown/,,"This program covers residents of the following cities: Philadelphia, PA.",39.95722,-75.153647,19107,FALSE,8:00AM - 5:00PM,8:00AM - 5:00PM,8:00AM - 5:00PM,8:00AM - 5:00PM,8:00AM - 5:00PM,Closed,Closed,4.5,Mental Health
"Chronic Disease Management (Greater Philadelphia Health Action, Inc.)",https://www.auntbertha.com//greater-philadelphia-health-action%252C-inc.-%2528gpha%2529--philadelphia-pa--chronic-disease-management/4548750494924800?postal=19131,"['disease management', 'medical care', 'checkup & test', 'disease screening', 'prevent & treat', 'counseling', 'std/sti treatment & prevention', 'hiv treatment']",,"['all ages', 'all care phases', 'infectious disease', 'hiv/aids', 'chronic illness', 'diabetes', 'benefit recipients', 'low-income', 'uninsured', 'underinsured']",888-296-4742,https://www.gphainc.org/services/medical/services-medical/specialty/chronic-disease-management/,"5000 Woodland Avenue, Philadelphia, PA 19143","https://www.google.com/maps/?q=5000+Woodland+Avenue,+Philadelphia,+PA+19143/",[],available,"GPHA provides complete diagnostic and management services for all chronic diseases. Their specialists believe that patients living with chronic disease deserve the finest healthcare available.This program provides confidential and comprehensive services including:- Confidential testing- Long-term primary medical care- Mental health counseling- The latest therapeutics and treatments- Thorough medical evaluations- Access to infectious disease specialists and a network of support They offer complete care for chronic diseases such as:- Arthritic conditions- Asthma- Chronic obstructive pulmonary disease (COPD)- Diabetes- Heart disease- HIV and AIDS- Kidney disease- Viral hepatitis (hepatitis B and C)GPHA accepts Medicare and Medicaid, and offers a sliding fee scale based on income to uninsured patients. GPHA seeks to meet the needs of a diverse population, regardless of their ability to pay.","['Chinese', 'English', 'Spanish']",Sliding Scale,TRUE,https://www.facebook.com/Greater-Philadelphia-Health-Action-Inc-1343315085728047/,,"This program covers residents of the following counties: Philadelphia County, PA.",39.9396061,-75.213949,19143,FALSE,8:30AM - 8:00PM,8:30AM - 8:00PM,8:30AM - 8:00PM,8:30AM - 8:00PM,8:30AM - 5:00PM,8:30AM - 3:00PM,Closed,0,Mental Health
Clinica Bienestar (The Institute for Community Justice),https://www.auntbertha.com//the-institute-for-community-justice--philadelphia-pa--clinica-bienestar/5989492794851328?postal=19111,"['health education', 'disease management', 'medical care', 'checkup & test', 'disease screening', 'prevent & treat', 'counseling', 'hiv treatment', 'case management']",,"['adults 18+', 'infectious disease', 'hiv/aids', 'limited english']",267-436-3125,https://fight.org/programs/clinica-bienestar/,"1233 Locust Street, Philadelphia, PA 19107","https://www.google.com/maps/?q=2913+Kensington+Avenue,+Philadelphia,+PA+19134/",[],temporarily closed,Clinica Bienestar is a Spanish-speaking comprehensive HIV primary care clinic. Clinica Bienestar staff are especially skilled in providing medical and social services to individuals who are actively using or have a history of using injection drugs and have received inconsistent HIV medical care.Services provided:- HIV primary care- Hepatitis C treatment - HIV PrEP- Wound care- Medical case management- Medication-assisted treatment- Harm reduction servicesAll patients are served regardless of their ability to pay. We accept both Medicaid and Medicare.,"['English', 'Spanish']",Reduced Cost,TRUE,https://www.facebook.com/pages/Philadelphia-FIGHT/80411861715,https://www.twitter.com/@PhillyFIGHT,"This program covers residents of the following counties: Philadelphia County, PA.",39.9927048,-75.1196476,19134,FALSE,Closed,1:00PM - 5:00PM,9:00AM - 5:00PM,Closed,Closed,Closed,Closed,4.4,Mental Health
Clinical Services (Cohen Veteran's Network),https://www.auntbertha.com//cohen-veteran%2527s-network--philadelphia-pa--clinical-services/6569331327631360?postal=19104,"['counseling', 'mental health care', 'individual counseling']","['help find housing', 'financial assistance', 'navigating the system', 'support network']","['adults', 'young adults', 'teens', 'children', 'seniors', 'active duty', 'veterans', 'all disabilities', 'individuals', 'spouses', 'dependents']",844-336-4226,https://www.cohenveteransnetwork.org/at-a-glance/,"3535 Market Street, Philadelphia, PA 19104","https://www.google.com/maps/?q=3535+Market+Street,+Philadelphia,+PA+19104/","['This program serves veterans, active duty and their families. This program also support post-911 veterans and families.']",available,"The Cohen's Veteran's Network provides clinical services to veterans, active duty military, and their families. This program provides high-quality, accessible and integrated mental health care.This program provides:- Evidence based therapy services This program also provides support and referrals for related needs including unemployment, housing, finance and education. They also offer in-home services, telehealth and childcare are offered on a clinic-by-clinic basis. Please check the nearest clinic for more information on provided services.","['English', 'Spanish']",Free,TRUE,https://www.facebook.com/cohenveteransnetwork/,https://www.twitter.com/@CohenVeterans,"This program covers residents of the following cities: Anchorage, AK, Fairbanks, AK, Los Angeles, CA, Oceanside, CA, San Diego, CA, Colorado Springs, CO, Denver, CO, Washington, DC, Jacksonville, FL, Tampa, FL, Hinesville, GA, Honolulu, HI, Fayetteville, NC, Jacksonville, NC, New York, NY, Lawton, OK, Philadelphia, PA, Clarksville, TN, Dallas, TX, Killeen, TX, San Antonio, TX, Virginia Beach, VA and Tacoma, WA.",39.9565128,-75.1937293,19104,FALSE,8:30AM - 5:00PM,8:30AM - 7:00PM,8:30AM - 7:00PM,8:30AM - 5:00PM,8:30AM - 5:00PM,Closed,Closed,0,Mental Health
Clinical Services (University of Pennsylvania - Department of Psychiatry Penn Center for Women's Behavioral Wellness),https://www.auntbertha.com//university-of-pennsylvania---department-of-psychiatry-penn-center-for-women%2527s-behavioral-wellness--philadelphia-pa--clinical-services/6556041360965632?postal=19104,"['mental health care', 'counseling', 'family counseling', 'individual counseling', 'mental health evaluation']",,"['adults', 'young adults', 'teens', 'seniors', 'female', 'pregnant']",215-573-8886,https://www.med.upenn.edu/womenswellness/,"3535 Market Street, Philadelphia, PA 19104","https://www.google.com/maps/?q=3535+Market+Street,+Philadelphia,+PA+19104/",['Must have Medicare and/or Medicaid.'],available,"The PCWBW provides clinical consultations and evaluations regarding psychotropic medications in pregnancy and lactation, postpartum and antepartum depression and anxiety, and mood disorders specific to the menstrual cycle and menopausal transition. These evaluations can function as a one-time comprehensive consultation only, or as an ongoing resource for patients during a difficult period.Services:- Clinical consultation & evaluations- Psychotherapy- Cognitive Behavioral Therapy- Couples Therapy- PsychopharmacologyWe accept most major insurances, including Medicare and Medicaid (Philadelphia county only).",['English'],Reduced Cost,TRUE,None,None,"This program covers residents of the following counties: Philadelphia County, PA.",39.9565128,-75.1937293,19104,FALSE,8:00AM - 5:00PM,8:00AM - 5:00PM,8:00AM - 5:00PM,8:00AM - 5:00PM,8:00AM - 5:00PM,Closed,Closed,3.7,Mental Health
Community Counseling Services (Methodist Services),https://www.auntbertha.com//methodist-services--philadelphia-pa--community-counseling-services-%2528ccs%2529/5046363410661376?postal=19131,"['parenting education', 'medical care', 'counseling', 'specialized therapy', 'medication management', 'family counseling', 'individual counseling', 'navigating the system', 'support network', 'support groups']",,"['young adults', 'children', 'families']",215-877-1925,http://www.ccsbangor.org/,"4300 Monument Rd, Philadelphia, PA 19131","https://www.google.com/maps/?q=4300+Monument+Rd,+Philadelphia,+PA+19131/","['Community Counseling Services accepts Medical Assistance to cover the costs of services as well as many private insurance carriers. Please contact your insurance provider directly to determine if we are in your network.  Grant assistance and a sliding fee scale is also available to those who qualify.  For more information, please contact our office.']",available,Community Counseling Services (CCS) provides outpatient mental health treatment to Northampton County and the surrounding areas.Services provided include:- Individual and family therapy- Psychiatric medication management- Support groups- ReferralsPlease contact the intake coordinator to learn more about services and to begin the process of receiving services. An informational intake packet is available on the website. Grant assistance and a sliding fee scale is also available to those who qualify.During Covid: All counseling is done via telehealth. Currently accepting new patients.,['English'],Reduced Cost,TRUE,https://www.facebook.com/methodistservicesphiladelphia,,"This program covers residents of the following counties: Northampton County, PA and Philadelphia County, PA.",39.9978971,-75.214589,19131,FALSE,8:00AM - 5:00PM,8:00AM - 5:00PM,8:00AM - 5:00PM,8:00AM - 5:00PM,8:00AM - 5:00PM,Closed,Closed,4.2,Mental Health
Community Counseling Services CCS (Methodist Services),https://www.auntbertha.com//methodist-services--philadelphia-pa--community-counseling-services-%2528ccs%2529/5046363410661376?postal=19104,"['parenting education', 'medical care', 'counseling', 'specialized therapy', 'medication management', 'family counseling', 'individual counseling', 'navigating the system', 'support network', 'support groups']",,"['young adults', 'children', 'families']",610-588-9109,http://www.ccsbangor.org/,"4300 Monument Rd, Philadelphia, PA 19131","https://www.google.com/maps/?q=4300+Monument+Rd,+Philadelphia,+PA+19131/","['Community Counseling Services accepts Medical Assistance to cover the costs of services as well as many private insurance carriers. Please contact your insurance provider directly to determine if we are in your network.  Grant assistance and a sliding fee scale is also available to those who qualify.  For more information, please contact our office.']",available,Community Counseling Services (CCS) provides outpatient mental health treatment to Northampton County and the surrounding areas.Services provided include:- Individual and family therapy- Psychiatric medication management- Support groups- ReferralsPlease contact the intake coordinator to learn more about services and to begin the process of receiving services. An informational intake packet is available on the website. Grant assistance and a sliding fee scale is also available to those who qualify.During Covid: All counseling is done via telehealth. Currently accepting new patients.,['English'],Reduced Cost,TRUE,https://www.facebook.com/methodistservicesphiladelphia,,"This program covers residents of the following counties: Northampton County, PA and Philadelphia County, PA.",39.9978971,-75.2145893,19131,FALSE,8:00AM - 5:00PM,8:00AM - 5:00PM,8:00AM - 5:00PM,8:00AM - 5:00PM,8:00AM - 5:00PM,Closed,Closed,4.2,Mental Health
"Community Integrated Recovery Center (CIRC) at Packer (Citizens Acting Together Can Help, Inc.)",https://www.auntbertha.com//citizens-acting-together-can-help%252C-inc.-%2528catch%2529--philadelphia-pa--community-integrated-recovery-center-%2528circ%2529-at-packer/5687081289646080?postal=19131,"['outpatient treatment', 'mental health care', 'medications for mental health', 'mental health evaluation', 'understand mental health']",,"['adults', 'seniors', 'individuals', 'all mental health']",215-551-3150,https://catchinc.com/services/mental-health/circ-programs/,"700 Packer Avenue, Philadelphia, PA 19146","https://www.google.com/maps/?q=700+Packer+Avenue,+Philadelphia,+PA+19146/","['This program helps people who are older than 54 years old.', 'Our members must have a present, or a history of a, serious mental illness which includes the following diagnoses by a psychiatrist: schizophrenia, major mood disorder, psychotic disorder, schizoaffective disorder or borderline personality disorder. The person must also have a moderate to severe fun', 'Members must choose to participate in the program, be stable, absent of any withdrawal symptoms. The person must also be willing to come to the program.']",available,"Using clinical protocols and activities that promote the concepts of personal strengths and resiliency, these programs combine outpatient psychiatric services with community-oriented psychiatric rehabilitation services.

Members work on skills which will help them achieve a variety of goals ranging from psychiatric symptom reduction to independent living and vocational/educational placement. Our dedicated staff uses a blend of best practices, recovery models, and a person-centered approach that builds coping and socialization proficiency. Services are provided on-site and in a community-based setting. We also offer psychiatric resources in the form of psychiatric evaluations, medication consultation, and medication management.

Members work on specific issues of aging with a strong focus on health and wellness management.

Community inclusion at the Packer program begins to incorporate organizations that work with an elderly population such as PHILADELPHIA CORPORATION FOR THE AGING along with various neighborhood SENIOR CENTERS.",['English'],Reduced Cost,TRUE,,,"This program covers residents of the following counties: Philadelphia County, PA.",39.9089296,-75.162655,19146,FALSE,8:00AM - 5:00PM,8:00AM - 5:00PM,8:00AM - 5:00PM,8:00AM - 5:00PM,8:00AM - 5:00PM,Closed,Closed,0,Mental Health
"Community Integrated Recovery Center (CIRC) at Penrose (Citizens Acting Together Can Help, Inc.)",https://www.auntbertha.com//citizens-acting-together-can-help%252C-inc.-%2528catch%2529--philadelphia-pa--community-integrated-recovery-center-%2528circ%2529-at-penrose/4815968842022912?postal=19131,"['daily life skills', 'medication management', 'mental health care', 'group therapy', 'substance abuse counseling', 'individual counseling', 'medications for mental health', 'mental health evaluation']",['mental health care'],"['anyone in need', 'seniors', 'all mental health']",215-336-6926,https://catchinc.com/services/mental-health/circ-programs/,"2401 Penrose Avenue, Philadelphia, PA 19145","https://www.google.com/maps/?q=2401+Penrose+Avenue,+Philadelphia,+PA+19145/","['This program helps people who are 18 to 30 years old.', 'Our members must have a present, or a history of a, serious mental illness which includes the following diagnoses by a psychiatrist: schizophrenia, major mood disorder, psychotic disorder, schizoaffective disorder or borderline personality disorder. The person must also have a moderate to severe fun', 'Members must choose to participate in the program, be stable, absent of any withdrawal symptoms. The person must also be willing to come to the program']",available,"Using clinical protocols and activities that promote the concepts of personal strengths and resiliency, these programs combine outpatient psychiatric services with community-oriented psychiatric rehabilitation services.

Members work on skills which will help them achieve a variety of goals ranging from psychiatric symptom reduction to independent living and vocational/educational placement. Our dedicated staff uses a blend of best practices, recovery models, and a person-centered approach that builds coping and socialization proficiency. Services are provided on-site and in a community-based setting. We also offer psychiatric resources in the form of psychiatric evaluations, medication consultation, and medication management.

Members develop the skills needed to transition from early to later adulthood. This program works with a forensic population that requires many additional skills as they attempt to move away from an institutional lifestyle.",['English'],Reduced Cost,TRUE,https://www.facebook.com/CATCHIncPhilly,https://www.twitter.com/@CatchInc,"This program covers residents of the following counties: Philadelphia County, PA.",39.9088907,-75.1886,19145,FALSE,8:00AM - 5:00PM,8:00AM - 5:00PM,8:00AM - 5:00PM,8:00AM - 5:00PM,8:00AM - 5:00PM,Closed,Closed,0,Mental Health
Community Integrated Recovery Center CIRC (JEVS Human Services),https://www.auntbertha.com//jevs-human-services--philadelphia-pa--community-integrated-recovery-center-%2528circ%2529/5088555084939264?postal=19111,"['mental health care', 'bereavement', 'counseling', 'community support services', 'recreation', 'navigating the system', 'support network', 'peer support', 'help find work', 'skills & training', 'supported employment']",['transportation'],"['adults 18+', 'all mental health']",267-350-8600,https://www.jevshumanservices.org/program/day-services/,"9350 Ashton Road, Philadelphia, PA 19114","https://www.google.com/maps/?q=9350+Ashton+Road,+Philadelphia,+PA+19114/","['Serves adults with a mental illness who meet Philadelphia County Office of Behavioral Health eligibility requirements, and qualify for funding from Community Behavioral Health.']",available,"JEVS Community Integrated Recovery Center assists individuals who have a serious mental illness by promoting wellness, socialization, independence, community integration, education and employment to help participants achieve their goals for recovery. It includes site-based activities, training and therapy, as well as community-based activities, training and connections. JEVS offers a specialized focus for individuals with co-occurring disabilities, as well as other services including prolonged exposure therapy, mobile psychiatric rehabilitation and outpatient support.This program provides:- Career exploration and employment volunteer opportunities - Assistance to develop natural supports and use of community resources- Travel training- Psycho-education groups- Evidence-based practices, including: Cognitive Enhancement Therapy (CET)*, Prolonged Exposure and Illness Management and Recovery - Psychiatric treatment, including medication management and therapy- Bereavement/grief/loss support- Support from Certified Peer Specialists- Skills training, including coping, socialization, communication and life skills- Problem-solving and decision-making skill development - JEVS fit gym and healthy eating/cooking skills trainingJEVS provides services at no cost for those who qualify for funding; a sliding fee scale for those who are not covered by one of these funding options",['English'],Sliding Scale,TRUE,https://www.facebook.com/JEVSHumanServices,https://www.twitter.com/@JEVSHumanServs,"This program covers residents of the following counties: Philadelphia County, PA.",40.0684653,-75.0197705,19114,FALSE,8:00AM - 4:00PM,8:00AM - 4:00PM,8:00AM - 4:00PM,8:00AM - 4:00PM,8:00AM - 4:00PM,Closed,Closed,0,Mental Health
"Community Integrated Recovery Center CIRC at Packer (Citizens Acting Together Can Help, Inc.)",https://www.auntbertha.com//citizens-acting-together-can-help%252C-inc.-%2528catch%2529--philadelphia-pa--community-integrated-recovery-center-%2528circ%2529-at-packer/5687081289646080?postal=19111,"['outpatient treatment', 'mental health care', 'medications for mental health', 'mental health evaluation', 'understand mental health']",,"['adults', 'seniors', 'individuals', 'all mental health']",215-551-3150,https://catchinc.com/services/mental-health/circ-programs/,"700 Packer Avenue, Philadelphia, PA 19146","https://www.google.com/maps/?q=700+Packer+Avenue,+Philadelphia,+PA+19146/","['This program helps people who are older than 54 years old.', 'Our members must have a present, or a history of a, serious mental illness which includes the following diagnoses by a psychiatrist: schizophrenia, major mood disorder, psychotic disorder, schizoaffective disorder or borderline personality disorder. The person must also have a moderate to severe fun', 'Members must choose to participate in the program, be stable, absent of any withdrawal symptoms. The person must also be willing to come to the program.']",available,"Using clinical protocols and activities that promote the concepts of personal strengths and resiliency, these programs combine outpatient psychiatric services with community-oriented psychiatric rehabilitation services.

Members work on skills which will help them achieve a variety of goals ranging from psychiatric symptom reduction to independent living and vocational/educational placement. Our dedicated staff uses a blend of best practices, recovery models, and a person-centered approach that builds coping and socialization proficiency. Services are provided on-site and in a community-based setting. We also offer psychiatric resources in the form of psychiatric evaluations, medication consultation, and medication management.

Members work on specific issues of aging with a strong focus on health and wellness management.

Community inclusion at the Packer program begins to incorporate organizations that work with an elderly population such as PHILADELPHIA CORPORATION FOR THE AGING along with various neighborhood SENIOR CENTERS.",['English'],Reduced Cost,TRUE,None,None,"This program covers residents of the following counties: Philadelphia County, PA.",39.9089296,-75.1626553,19146,FALSE,8:00AM - 5:00PM,8:00AM - 5:00PM,8:00AM - 5:00PM,8:00AM - 5:00PM,8:00AM - 5:00PM,Closed,Closed,5,Mental Health
"Community Integrated Recovery Center CIRC at Penrose (Citizens Acting Together Can Help, Inc.)",https://www.auntbertha.com//citizens-acting-together-can-help%252C-inc.-%2528catch%2529--philadelphia-pa--community-integrated-recovery-center-%2528circ%2529-at-penrose/4815968842022912?postal=19104,"['daily life skills', 'medication management', 'mental health care', 'group therapy', 'substance abuse counseling', 'individual counseling', 'medications for mental health', 'mental health evaluation']",['mental health care'],"['anyone in need', 'seniors', 'all mental health']",215-336-6926,https://catchinc.com/services/mental-health/circ-programs/,"2401 Penrose Avenue, Philadelphia, PA 19145","https://www.google.com/maps/?q=2401+Penrose+Avenue,+Philadelphia,+PA+19145/","['This program helps people who are 18 to 30 years old.', 'Our members must have a present, or a history of a, serious mental illness which includes the following diagnoses by a psychiatrist: schizophrenia, major mood disorder, psychotic disorder, schizoaffective disorder or borderline personality disorder. The person must also have a moderate to severe fun', 'Members must choose to participate in the program, be stable, absent of any withdrawal symptoms. The person must also be willing to come to the program']",available,"Using clinical protocols and activities that promote the concepts of personal strengths and resiliency, these programs combine outpatient psychiatric services with community-oriented psychiatric rehabilitation services.

Members work on skills which will help them achieve a variety of goals ranging from psychiatric symptom reduction to independent living and vocational/educational placement. Our dedicated staff uses a blend of best practices, recovery models, and a person-centered approach that builds coping and socialization proficiency. Services are provided on-site and in a community-based setting. We also offer psychiatric resources in the form of psychiatric evaluations, medication consultation, and medication management.

Members develop the skills needed to transition from early to later adulthood. This program works with a forensic population that requires many additional skills as they attempt to move away from an institutional lifestyle.",['English'],Reduced Cost,TRUE,https://www.facebook.com/CATCHIncPhilly,https://www.twitter.com/@CatchInc,"This program covers residents of the following counties: Philadelphia County, PA.",39.9088907,-75.1886001,19145,FALSE,8:00AM - 5:00PM,8:00AM - 5:00PM,8:00AM - 5:00PM,8:00AM - 5:00PM,8:00AM - 5:00PM,Closed,Closed,0,Mental Health
"Community Integrated Recovery Centers (CIRCs) at Carlisle (Citizens Acting Together Can Help, Inc.)",https://www.auntbertha.com//citizens-acting-together-can-help%252C-inc.-%2528catch%2529--philadelphia-pa--community-integrated-recovery-centers-%2528circs%2529-at-carlisle/5113735971864576?postal=19131,"['outpatient treatment', 'daily life skills', 'counseling', 'medications for mental health', 'mental health evaluation', 'community support services']",,"['anyone in need', 'adults', 'all mental health']",215-389-0903,https://catchinc.com/services/mental-health/circ-programs/,"1400 Reed Street, Philadelphia, PA 19146","https://www.google.com/maps/?q=1400+Reed+Street,+Philadelphia,+PA+19146/","['This program helps people who are 30 to 35 years old.', 'Our members must have a present, or a history of a, serious mental illness which includes the following diagnoses by a psychiatrist: schizophrenia, major mood disorder, psychotic disorder, schizoaffective disorder or borderline personality disorder. The person must also have a moderate to severe fun', 'Members must choose to participate in the program, be stable, absent of any withdrawal symptoms. The person must also be willing to come to the program.']",available,"Using clinical protocols and activities that promote the concepts of personal strengths and resiliency, these programs combine outpatient psychiatric services with community-oriented psychiatric rehabilitation services.

Members work on skills which will help them achieve a variety of goals ranging from psychiatric symptom reduction to independent living and vocational/educational placement. Our dedicated staff uses a blend of best practices, recovery models, and a person-centered approach that builds coping and socialization proficiency. Services are provided on-site and in a community-based setting. We also offer psychiatric resources in the form of psychiatric evaluations, medication consultation, and medication management.

Members –build off of the development and social maturity of its participants in order to help them actively integrate into local community events and activities.",['English'],Reduced Cost,TRUE,https://www.facebook.com/CATCHIncPhilly/?view_public_for=116347695646253,,"This program covers residents of the following counties: Philadelphia County, PA.",39.932861,-75.16893,19146,FALSE,8:00AM - 5:00PM,8:00AM - 5:00PM,8:00AM - 5:00PM,8:00AM - 5:00PM,8:00AM - 5:00PM,Closed,Closed,3.1,Mental Health
"Community Integrated Recovery Centers CIRCs at Carlisle (Citizens Acting Together Can Help, Inc.)",https://www.auntbertha.com//citizens-acting-together-can-help%252C-inc.-%2528catch%2529--philadelphia-pa--community-integrated-recovery-centers-%2528circs%2529-at-carlisle/5113735971864576?postal=19111,"['outpatient treatment', 'daily life skills', 'counseling', 'medications for mental health', 'mental health evaluation', 'community support services']",,"['anyone in need', 'adults', 'all mental health']",215-389-0903,https://catchinc.com/services/mental-health/circ-programs/,"1400 Reed Street, Philadelphia, PA 19146","https://www.google.com/maps/?q=1400+Reed+Street,+Philadelphia,+PA+19146/","['This program helps people who are 30 to 35 years old.', 'Our members must have a present, or a history of a, serious mental illness which includes the following diagnoses by a psychiatrist: schizophrenia, major mood disorder, psychotic disorder, schizoaffective disorder or borderline personality disorder. The person must also have a moderate to severe fun', 'Members must choose to participate in the program, be stable, absent of any withdrawal symptoms. The person must also be willing to come to the program.']",available,"Using clinical protocols and activities that promote the concepts of personal strengths and resiliency, these programs combine outpatient psychiatric services with community-oriented psychiatric rehabilitation services.

Members work on skills which will help them achieve a variety of goals ranging from psychiatric symptom reduction to independent living and vocational/educational placement. Our dedicated staff uses a blend of best practices, recovery models, and a person-centered approach that builds coping and socialization proficiency. Services are provided on-site and in a community-based setting. We also offer psychiatric resources in the form of psychiatric evaluations, medication consultation, and medication management.

Members –build off of the development and social maturity of its participants in order to help them actively integrate into local community events and activities.",['English'],Reduced Cost,TRUE,https://www.facebook.com/CATCHIncPhilly/?view_public_for=116347695646253,,"This program covers residents of the following counties: Philadelphia County, PA.",39.932861,-75.1689296,19146,FALSE,8:00AM - 5:00PM,8:00AM - 5:00PM,8:00AM - 5:00PM,8:00AM - 5:00PM,8:00AM - 5:00PM,Closed,Closed,0,Mental Health
"Community Outreach, Recovery, & Empowerment (Horizon House)",https://www.auntbertha.com//horizon-house--philadelphia-pa--community-outreach%252C-recovery%252C-%2526-empowerment-%2528core%2529/6023043218931712?postal=19131,"['outpatient treatment', 'daily life skills', 'mental health care', 'group therapy', 'individual counseling', 'medications for mental health', 'psychiatric emergency services', 'understand mental health', 'support network', 'one-on-one support']",,"['all ages', 'individuals', 'all mental health']",215-386-3838,http://www.hhinc.org/behavioral-health-services/community-based-treatment-services/,"5901 Market Street, Philadelphia, PA 19136","https://www.google.com/maps/?q=5901+Market+Street,+Philadelphia,+PA+19136/","['We serve individuals with long histories of serious mental illness.', 'Must have Medicare or Medicaid.']",available,Community Outreach Recovery & Empowerment (CORE) is designed to assist individuals with long histories of serious mental illness achieve and maintain stability while minimizing their use of emergency behavioral health systems. Services provided:- Case management- Psychiatric services- Individual and group outpatient therapy- Self–help groups- Medication management- Skill buildingPlease call for more information about services. Medicare and Medicaid are accepted.,['English'],Reduced Cost,TRUE,https://www.facebook.com/horizonhouseinc/,,"This program covers residents of the following counties: Philadelphia County, PA.",39.962058,-75.239132,19136,FALSE,8:00AM - 5:00PM,8:00AM - 5:00PM,8:00AM - 5:00PM,8:00AM - 5:00PM,8:00AM - 5:00PM,Closed,Closed,0,Mental Health
"Community Outreach, Recovery, & Empowerment CORE (Horizon House)",https://www.auntbertha.com//horizon-house--philadelphia-pa--community-outreach%252C-recovery%252C-%2526-empowerment-%2528core%2529/6023043218931712?postal=19104,"['outpatient treatment', 'daily life skills', 'mental health care', 'group therapy', 'individual counseling', 'medications for mental health', 'psychiatric emergency services', 'understand mental health', 'support network', 'one-on-one support']",,"['all ages', 'individuals', 'all mental health']",215-386-3838,http://www.hhinc.org/behavioral-health-services/community-based-treatment-services/,"5901 Market Street, Philadelphia, PA 19136","https://www.google.com/maps/?q=5901+Market+Street,+Philadelphia,+PA+19136/","['We serve individuals with long histories of serious mental illness.', 'Must have Medicare or Medicaid.']",available,Community Outreach Recovery & Empowerment (CORE) is designed to assist individuals with long histories of serious mental illness achieve and maintain stability while minimizing their use of emergency behavioral health systems. Services provided:- Case management- Psychiatric services- Individual and group outpatient therapy- Self–help groups- Medication management- Skill buildingPlease call for more information about services. Medicare and Medicaid are accepted.,['English'],Reduced Cost,TRUE,https://www.facebook.com/horizonhouseinc/,,"This program covers residents of the following counties: Philadelphia County, PA.",39.962058,-75.2391324,19136,FALSE,8:00AM - 5:00PM,8:00AM - 5:00PM,8:00AM - 5:00PM,8:00AM - 5:00PM,8:00AM - 5:00PM,Closed,Closed,0,Mental Health
Community Residential Rehabilitation Services (Horizon House),https://www.auntbertha.com//horizon-house--philadelphia-pa--community-residential-rehabilitation-services/5633415975534592?postal=19131,"['short-term housing', 'residential treatment']","['daily life skills', 'peer support']","['all ages', 'chronic illness', 'benefit recipients', 'all mental health']",215-386-383812224,https://www.hhinc.org/behavioral-health-services/housing-and-supported-living/,"5901 Market Street, Philadelphia, PA 19136","https://www.google.com/maps/?q=5901+Market+Street,+Philadelphia,+PA+19136/","['This program serves people individuals with chronic mental illness.', 'Must have Medicare or Medicaid.']",available,"Community Residential Rehabilitation Services program assists individuals with chronic a mental illness live in a group home setting. Services provided are evidenced-based and follow several key priorities including an individual’s willingness to participate in rehabilitation treatment, the need for structure, support, assistance to live and cooperate with others, and demonstrate the ability to live independently without intensive supports.This program provides:- Residential living- Daily life skills- Peer support- Rehabilitation treatmentHorizon House accepts Medicare and Medicaid. For services in Chester County, please call Chester County Department of Mental Health/Intellectual & Developmental Disabilities at 610-344-6265 or 800-692-1100, ext. 6265. For services in Delaware County, please call Delaware County Office of Behavioral Health at 610-713-2365. For services in Philadelphia County, please call Horizon House Residential Services at phone: 215-386-3838, ext. 12224.",['English'],Reduced Cost,TRUE,https://www.facebook.com/horizonhouseinc/?fref=ts,,"This program covers residents of the following counties: Chester County, PA, Delaware County, PA and Philadelphia County, PA.",39.962058,-75.239132,19136,FALSE,8:00AM - 5:00PM,8:00AM - 5:00PM,8:00AM - 5:00PM,8:00AM - 5:00PM,8:00AM - 5:00PM,Closed,Closed,0,Mental Health
Community Residential Services (Horizon House),https://www.auntbertha.com//horizon-house--philadelphia-pa--community-residential-services/5005659797454848?postal=19131,"['psychiatric emergency services', 'residential treatment']","['daily life skills', 'recreation', 'one-on-one support']","['adults', 'young adults', 'teens', 'seniors', 'intellectual disability', 'all mental health']",215-386-383812704,https://www.hhinc.org/intellectual-and-developmental-disabilities-services-overview/intellectual-disability-and-behavioral-health-challenges/,"5901 Market Street, Philadelphia, PA 19136","https://www.google.com/maps/?q=5901+Market+Street,+Philadelphia,+PA+19136/","['This program helps people who are older than 17 years old.', 'Must have Medicare and Medicaid.']",available,"Community Residential Services are available for adults with an intellectual disability and co-occurring mental illness.  Services are designed for individuals who are willing to voluntarily participate in a supervised community residence with a wide variety of support services to help nurture a more independent, whole life.

Services offered:

- Residential living
- Recreation
- Financial education and management
- Daily life skills
- Medical care coordination
- Psychiatric assessments 
- Psychopharmacology 

We accept Medicare and Medicaid. To start the application process, please call us.",['English'],Reduced Cost,TRUE,https://www.facebook.com/horizonhouseinc/?fref=ts,,"This program covers residents of the following counties: Bucks County, PA, Delaware County, PA, Montgomery County, PA and Philadelphia County, PA.",39.962058,-75.239132,19136,FALSE,8:00AM - 5:00PM,8:00AM - 5:00PM,8:00AM - 5:00PM,8:00AM - 5:00PM,8:00AM - 5:00PM,Closed,Closed,0,Mental Health
Community Services Division (CORA Services),https://www.auntbertha.com//cora-services--philadelphia-pa--community-services-division/4721819823112192?postal=19111,"['outpatient treatment', 'counseling', 'substance abuse counseling']",,"['adults', 'young adults', 'teens', 'children', 'substance dependency']",215-342-7660,https://www.coraservices.org/,"8540 Verree Rd, Philadelphia, PA 19111","https://www.google.com/maps/?q=8540+Verree+Rd,+Philadelphia,+PA+19111/",[],available,This program offers substance dependency treatment services on a sliding scale fee.,['English'],Not specified,TRUE,None,None,"This program covers residents of the following counties: Bucks County, PA, Burlington County, PA, Camden County, PA, Cecil County, PA, Chester County, PA, Delaware County, PA, Gloucester County, PA, Montgomery County, PA, New Castle County, PA, Philadelphia County, PA and Salem County, PA.",40.0815149,-75.0681876,19111,FALSE,8:00AM - 9:00PM,8:00AM - 9:00PM,8:00AM - 9:00PM,8:00AM - 9:00PM,8:00AM - 5:00PM,Closed,Closed,4.4,Mental Health
"Continuity of Care (The Consortium, Inc.)",https://www.auntbertha.com//the-consortium%252C-inc.--philadelphia-pa--continuity-of-care/5827818778001408?postal=19111,"['mental health care', 'navigating the system', 'one-on-one support']",,"['adults 18+', 'benefit recipients', 'low-income']",215-748-8400,https://consortiuminc.org/,"5501 Chestnut Street, Philadelphia, PA 19139","https://www.google.com/maps/?q=5501+Chestnut+Street,+Philadelphia,+PA+19139/",['Must meet income requirements or have Medicaid.'],available,Continuity of Care serves individuals who have been discharged from psychiatric hospitals and their families. We assist with:- Accessing community services- Consulting with in-patient staff- Discharge planningThe Consortium accepts Medicaid and offers a sliding scale fee for low-income individuals. We don't turn anyone away.,['English'],Sliding Scale,TRUE,None,None,"This program covers residents of the following counties: Philadelphia County, PA.",39.9595245,-75.2314499,19139,FALSE,9:00AM - 5:00PM,9:00AM - 5:00PM,9:00AM - 5:00PM,9:00AM - 5:00PM,9:00AM - 5:00PM,9:00AM - 4:00PM,Closed,2.6,Mental Health
CORE Group (Women Organized Against Rape),https://www.auntbertha.com//women-organized-against-rape-%2528woar%2529--philadelphia-pa--core-group/6621935621636096?postal=19104,"['group therapy', 'support network', 'support groups']",,"['adults 18+', 'sexual assault survivors']",215-985-3333,https://www.woar.org/open-drop-in-therapeutic-groups/,"1617 J F K Blvd Ste 1100, Philadelphia, PA 19103","https://www.google.com/maps/?q=1617+J+F+K+Blvd+Ste+1100,+Philadelphia,+PA+19103/","['This program helps people who are older than 17 years old.', 'This program serves sexual assault survivors.']",available,"A 10-week open psycho-education group for adult survivors of sexual violence of any gender identification. Our CORE group covers topics, including: - Common reactions after a sexual violence experience- Coping skills/self-care- Anger- Guilt and self-blame- Relaxation techniquesThe goals of the CORE group focus on raising awareness of sexual violence, healing techniques, and connecting with other survivors for support. Group participants are asked not to share graphic sexual violent experiences in the group.",['English'],Free,TRUE,https://www.facebook.com/woarphila/,,"This program covers residents of the following counties: Philadelphia County, PA.",39.9542677,-75.1678993,19103,FALSE,9:00AM - 5:00PM,9:00AM - 5:00PM,9:00AM - 5:00PM,9:00AM - 5:00PM,9:00AM - 5:00PM,Closed,Closed,0,Mental Health
Counseling (Circle Counseling),https://www.auntbertha.com//circle-counseling--philadelphia-pa--counseling/4780892498952192?postal=19104,"['substance abuse counseling', 'bereavement', 'parenting education', 'understand mental health', 'counseling', 'mental health care', 'anger management', 'family counseling', 'individual counseling', 'mental health evaluation']",,"['adults', 'young adults', 'teens', 'children', 'seniors', 'grieving', 'families', 'with children', 'spouses', 'parents', 'depression', 'bipolar', 'suicidal thoughts', 'anxiety', 'eating disorder', 'ptsd', 'substance dependency']",267-254-0015,https://www.circlecounseling.com/therapists-and-services/,"4617 Woodland Avenue, Philadelphia, PA 19143","https://www.google.com/maps/?q=4617+Woodland+Avenue,+Philadelphia,+PA+19143/",['Anyone can access this program.'],available,Circle Counseling offers counseling for those who are living with mental health issues and are seeking treatment to help address issues related to mental health and loved ones. This program provides: - Individual counseling- Couples counseling- Family counselingTherapists specialize in:- Depression- Anxiety- Spiritual formation- Women’s issues- Grief- Personal growth- Aging- Self-esteem- Anger management- Stress- Eating disorders- Sexuality- Emotional and physical abuse- Work and career concerns- Substance Abuse- Separation & Divorce- Relaxation and Meditation training- Relationship skills- Communication- Intimacy- Money management- Power- Parenting issuesServices are offered on a sliding scale basis. Please inquire for more information.,['English'],Sliding Scale,TRUE,None,None,"This program covers residents of the following counties: Philadelphia County, PA.",39.9442155,-75.2103581,19143,FALSE,8:00AM - 5:00PM,8:00AM - 5:00PM,8:00AM - 5:00PM,8:00AM - 5:00PM,8:00AM - 5:00PM,Closed,Closed,5,Mental Health
Counseling (Feast of Justice),https://www.auntbertha.com//feast-of-justice--philadelphia-pa--counseling/6281856067305472?postal=19111,"['mental health care', 'individual counseling', 'virtual support']",,"['anyone in need', 'adults 18+', 'covid19', 'grieving', 'trauma survivors', 'depression', 'anxiety', 'all mental health']",215-268-3510,https://www.feastofjustice.org/copy-of-general-information,"3101 Tyson Ave, Philadelphia, PA, United States, Pennsylvania","https://www.google.com/maps/place/3101+Tyson+Ave,+Philadelphia,+PA+19149/",[],temporarily closed,"In partnership with Thomas Jefferson University, Feast of Justice will begin to offer free telehealth counseling sessions as a way to provide support for stresses and anxieties associated with the coronavirus pandemic. This is a chance to speak with a counselor to help process feelings of grief, worry, and loss, as well as some physical symptoms that are associated with trauma.This program provides:- Virtual counseling If you are interested, please leave a message on the counseling help line: 215-305-9824. The program will connect you with a counselor who can meet with you over a secure phone line or on a secure video call. The counselors can provide up to three sessions free of charge to support you.",['English'],Free,TRUE,https://www.facebook.com/FeastOfJusticePhiladelphia/,None,"This program covers residents of the following counties: Philadelphia County, PA.",40.037247,-75.0550357,19149,FALSE,Closed,9:00AM - 12:00PM,4:00PM - 7:00PM,5:30AM - 7:00PM,10:00 - 11:30AM,10:00AM - 4:00PM,Closed,4.6,Mental Health
Counseling (Horizon House),https://www.auntbertha.com//horizon-house--philadelphia-pa--counseling/6312682165370880?postal=19131,"['counseling', 'group therapy', 'family counseling', 'individual counseling', 'medications for mental health', 'mental health evaluation']",,"['adults 18+', 'intellectual disability', 'benefit recipients', 'all mental health']",215-386-3838,https://www.hhinc.org/intellectual-and-developmental-disabilities-services-overview/intellectual-disability-and-behavioral-health-challenges/,"5901 Market Street, Philadelphia, PA 19136","https://www.google.com/maps/?q=5901+Market+Street,+Philadelphia,+PA+19136/","['Must have Medicare or Medicaid.', 'This program serves people with intellectual disabilities and co-occurring mental illness who live in the community, or those considering a residential setting.']",available,"People with intellectual disabilities and co-occurring mental illness who live in the community, or those considering a residential setting, may be eligible to receive ongoing counseling and psychiatric services through Horizon House. Treatment is individualized and includes personal and interpersonal competency skill development.Services include:- Psychological assessment- Individual, group or family counseling- Psychiatric assessment- PsychopharmacologyMedicare and Medicaid are accepted. To contact for services, please call.",['English'],Reduced Cost,TRUE,https://www.facebook.com/horizonhouseinc/?fref=ts,,"This program covers residents of the following counties: Bucks County, PA, Delaware County, PA, Montgomery County, PA and Philadelphia County, PA.",39.962058,-75.239132,19136,FALSE,8:00AM - 5:00PM,8:00AM - 5:00PM,8:00AM - 5:00PM,8:00AM - 5:00PM,8:00AM - 5:00PM,Closed,Closed,0,Mental Health
Counseling and Coaching (Seeds of Potential),https://www.auntbertha.com//seeds-of-potential--philadelphia-pa--counseling-and-coaching/5942430668685312?postal=19104,"['mental health care', 'group therapy', 'family counseling', 'individual counseling']",,"['all ages', 'individuals', 'families']",267-571-9037,http://www.seedsofpotential.com/index.html,"4919 Pentridge Street, Philadelphia, PA 19143","https://www.google.com/maps/?q=4919+Pentridge+Street,+Philadelphia,+PA+19143/",[],available,"Seeds of Potential offers creative and holistic counseling and coaching services alongside verbal counseling to provide a rich opportunity to meet individual and family needs.Services include:- Individual counseling- Family counseling- Group counseling - Mindfulness workshops- Dance/Movement Therapy- Creative Art Therapy- Play therapy- Sand Tray, sandbox or sand play therapy- Attachment TherapyEach therapist has a sliding scale to make therapy more affordable and available. Please contact us to discuss sliding scale options.",['English'],Sliding Scale,TRUE,None,None,"This program covers residents of the following counties: Philadelphia County, PA and Burlington County, NJ.",39.9475718,-75.2220622,19143,FALSE,8:00AM - 5:00PM,8:00AM - 5:00PM,8:00AM - 5:00PM,8:00AM - 5:00PM,8:00AM - 5:00PM,Closed,Closed,3.6,Mental Health
Counseling Center (Anti-Violence Partnership of Philadelphia),https://www.auntbertha.com//anti-violence-partnership-of-philadelphia-%2528avp%2529--philadelphia-pa--counseling-center/5773333359755264?postal=19104,"['bereavement', 'counseling', 'specialized therapy', 'group therapy', 'support groups']",,"['adults', 'young adults', 'teens', 'children', 'seniors', 'adults 18+', 'immigrants', 'refugees', 'undocumented', 'grieving', 'trauma survivors', 'abuse or neglect survivors', 'domestic violence survivors', 'sexual assault survivors', 'all mental health']",267-209-0171,http://avpphila.org/counseling-center/,"2000 Hamilton Street, Philadelphia, PA 19130","https://www.google.com/maps/?q=2000+Hamilton+Street,+Philadelphia,+PA+19130/",['AVP serves victims of crime or co-victims (someone who has lost a loved one) of homicide'],waitlist,"Anti-Violence Partnership (AVP) offers free, professional counseling to adult and child co-victims of homicide and those who have been traumatized by other forms of violence. This includes, but is not limited to, clients who have experienced domestic violence, aggravated assault, or robbery. These services are provided at AVP’s offices in the Art Museum Area and in West Philadelphia. 

Services provided:

- Counseling 

Please call us to schedule an appointment as we do not accept walk-ins.",['English'],Free,TRUE,None,None,"This program covers residents of the following cities: Philadelphia, PA.",39.9620251,-75.1722359,19130,FALSE,8:00AM - 8:00PM,8:00AM - 8:00PM,8:00AM - 8:00PM,8:00AM - 8:00PM,8:00AM - 8:00PM,Closed,Closed,0,Mental Health
Counseling Program (Feast of Justice),https://www.auntbertha.com//feast-of-justice--philadelphia-pa--counseling-program/5733017817448448?postal=19111,"['counseling', 'group therapy', 'family counseling', 'individual counseling']",['spiritual support'],"['adults 18+', 'individuals', 'families', 'depression', 'anxiety', 'all mental health', 'substance dependency']",215-268-3510,https://www.feastofjustice.org/counseling,"3101 Tyson Avenue, Philadelphia, PA 19149","https://www.google.com/maps/?q=3101+Tyson+Avenue,+Philadelphia,+PA+19149/",[],temporarily closed,"A partnership with Jefferson University helps Feast of Justice to offer free individual, family, or group counseling to guests to help address stress, addiction, family struggles, and more. All counselors are supervised by Pastor Tricia, but otherwise, confidentiality is of the utmost importance.  This program provides:- Individual Counseling- Family Counseling- Group CounselingAll sessions will currently be over the phone for safety during the pandemic.",['English'],Free,TRUE,https://www.facebook.com/FeastOfJusticePhiladelphia,,"This program covers residents of the following counties: Philadelphia County, PA.",40.0372116,-75.0524062,19149,FALSE,Closed,9:00AM - 12:00PM,4:00PM - 7:00PM,5:30AM - 7:00PM,10:00 - 11:30AM,10:00AM - 4:00PM,Closed,4.6,Mental Health
"Counseling Services (Antonia Cianfrani, MA, ATR-BC, LPC)",https://www.auntbertha.com//antonia-cianfrani%252C-ma%252C-atr-bc%252C-lpc--philadelphia-pa--counseling-services/5203429905530880?postal=19104,"['counseling', 'group therapy']",,"['adults', 'young adults', 'teens', 'children', 'seniors', 'grieving', 'trauma survivors', 'depression', 'anxiety', 'eating disorder', 'substance dependency']",,https://www.antoniacianfranilpc.com/,"1901 South 9th Street, Philadelphia, PA 19146","https://www.google.com/maps/?q=1901+South+9th+Street,+Philadelphia,+PA+19146/",[],available,"Antonia Cianfrani Counseling Services help people learn how to deal more effectively with situations in their lives such as depression, addiction and substance abuse, stress, problems with self- esteem, grief, issues related to mental and emotional health, and relational problems.This program provides:- Individual Counseling- Group Therapy- Child and Adolescent Counseling- Art TherapyThis program offers sliding scale rates to low-income individuals and has specific times of the day to see such clients. Please email or use their website to contact for more information.",['English'],Sliding Scale,TRUE,None,None,"This program covers residents of the following counties: Philadelphia County, PA.",39.9252224,-75.1600935,19146,FALSE,8:00AM - 5:00PM,8:00AM - 5:00PM,8:00AM - 5:00PM,8:00AM - 5:00PM,8:00AM - 5:00PM,Closed,Closed,0,Mental Health
Counseling Services (Estadt Psychological Services),https://www.auntbertha.com//estadt-psychological-services--philadelphia-pa--counseling-services/4764254634508288?postal=19111,"['counseling', 'family counseling', 'individual counseling']",,"['adults', 'young adults', 'teens', 'children', 'seniors', 'grieving', 'benefit recipients', 'uninsured', 'underinsured', 'all mental health']",267-559-0471,https://www.estadtpsychological.com/insurance,"255 South 17th Street, Philadelphia, PA 19103","https://www.google.com/maps/?q=255+South+17th+Street,+Philadelphia,+PA+19103/",[],available,"Estadt Psychological Services work with a wide range of emotional and behavioral issues providing services that span from therapy for depression and grief counseling to parenting support, couples counseling and beyond.  This program provides:- Individual counseling- Couples counseling- Family counselingTreatment specialization includes:- Therapy for depression and anxiety- Therapy for insomnia and other sleep-related problems- Therapy for psychological issues associated with medical problems- Couples counseling- Family counseling- Parenting support- Grief counseling- Work and career issues- Stress management- Addiction & recovery- Conflict resolutionThe fee for patients who elect to not use insurance is $150 for a 55 minute session. Reduced fee services are available for private pay patients on a limited basis.",['English'],Reduced Cost,TRUE,None,None,"This program covers residents of the following counties: Delaware County, PA and Philadelphia County, PA.",39.9481867,-75.1692901,19103,FALSE,9:00AM - 9:00PM,9:00AM - 9:00PM,9:00AM - 9:00PM,9:00AM - 9:00PM,9:00AM - 9:00PM,9:00AM - 5:00PM,9:00AM - 2:00PM,0,Mental Health
Counseling Services (Pan American Counseling),https://www.auntbertha.com//pan-american-counseling--philadelphia-pa--counseling-services/5782315539365888?postal=19104,"['outpatient treatment', 'mental health evaluation', 'counseling', 'family counseling', 'medications for mental health']",,"['adults', 'young adults', 'teens', 'children', 'seniors', 'benefit recipients', 'depression', 'bipolar', 'suicidal thoughts', 'brain injury', 'anxiety', 'eating disorder', 'ptsd', 'all mental health']",215-457-1620,https://panamericanmhs.org/,"4519 North 5th Street, Philadelphia, PA 19140","https://www.google.com/maps/?q=4519+North+5th+Street,+Philadelphia,+PA+19140/",['Must be enrolled in Medicaid.'],available,"Pan American Counseling Services helps people learn how to deal more effectively with situations in their lives such as depression, addiction and substance abuse, stress, problems with self- esteem, grief, issues related to mental and emotional health, and relational problems.Services include:- Individual Counseling- Family Counseling- Psychiatrists for medication prescriptions We proudly accept Medicaid.",['English'],Reduced Cost,TRUE,None,None,"This program covers residents of the following cities: Philadelphia, PA.",40.0200513,-75.1338898,19140,FALSE,8:30AM - 7:00PM,8:30AM - 7:00PM,8:30AM - 7:00PM,8:30AM - 7:00PM,8:30AM - 7:00PM,9:00AM - 3:00PM,Closed,2.7,Mental Health
"Counseling Services (Rebecca Asch, MA, ATR-BC, LPC)",https://www.auntbertha.com//rebecca-asch%252C-ma%252C-atr-bc%252C-lpc--philadelphia-pa--counseling-services/4533992546238464?postal=19104,"['counseling', 'group therapy', 'individual counseling']",,"['adults 18+', 'individuals', 'spouses', 'trauma survivors', 'depression', 'anxiety']",,https://www.rebeccaaschlpc.com/,"1901 South 9th Street, Philadelphia, PA 19148","https://www.google.com/maps/?q=1901+South+9th+Street,+Philadelphia,+PA+19148/",[],available,"Rebecca Asch's Counseling Services help people learn how to deal more effectively with situations in their lives such as depression, addiction and substance abuse, stress, problems with self- esteem, grief, issues related to mental and emotional health, and relational problems.This program provides:- Art Therapy- Individual and Couples Counseling- Group TherapyThis provider offers a sliding scale based off of availability of slots. Please use the contact page of their website for more information.",['English'],Sliding Scale,TRUE,None,None,"This program covers residents of the following counties: Philadelphia County, PA.",39.9252224,-75.1600935,19148,FALSE,8:00AM - 5:00PM,8:00AM - 5:00PM,8:00AM - 5:00PM,8:00AM - 5:00PM,8:00AM - 5:00PM,Closed,Closed,0,Mental Health
Counseling Services (Springfield Psychological),https://www.auntbertha.com//springfield-psychological--philadelphia-pa--counseling-services/5971927496916992?postal=19111,"['mental health evaluation', 'group therapy', 'family counseling', 'individual counseling']",,"['adults', 'young adults', 'teens', 'children', 'seniors', 'benefit recipients', 'all mental health']",610-544-2110,https://springpsych.com/services/,"1420 Walnut Street, Philadelphia, PA 19102","https://www.google.com/maps/?q=1420+Walnut+Street,+Philadelphia,+PA+19102/",['Must have Medicare.'],available,"Springfield Psychological provides a full range of programs and services with psychologists, clinical social workers, psychiatrists and master’s level counselors.We offer:- Family counseling- Individual counseling- Group therapy- Psychological evaluation- Medication managementWe accept Medicare. Unfortunately, we are unable to accept Medical Assistance (such as Keystone first) or any Medicaid plan as we are not a participating provider. Please note that federal rules do not allow us to bill for patients who have Medicare WITH Medicaid as the secondary payer and we are not permitted to charge an out of pocket rate.",['English'],Reduced Cost,TRUE,https://www.facebook.com/pg/SpringfieldPsychological,https://www.twitter.com/@springpsych1,"This program covers residents of the following counties: Monmouth County, NJ, Berks County, PA, Chester County, PA, Delaware County, PA, Montgomery County, PA and Philadelphia County, PA.",39.9492642,-75.1654596,19102,FALSE,8:00AM - 9:00PM,8:00AM - 9:00PM,8:00AM - 9:00PM,8:00AM - 9:00PM,9:00AM - 5:00PM,Closed,Closed,2.8,Mental Health
"Counseling Services (The Center, LLC)",https://www.auntbertha.com//the-center%252C-llc--philadelphia-pa--counseling-services/6434633803366400?postal=19104,"['nutrition education', 'mental health care', 'group therapy', 'family counseling', 'individual counseling', 'virtual support']",,"['adults', 'young adults', 'teens', 'children', 'seniors', 'add/adhd', 'benefit recipients', 'depression', 'bipolar', 'anxiety', 'eating disorder', 'ptsd', 'all mental health']",610-878-9330,https://www.centeredpsychology.com/psychotherapy/,"255 South 17th Street, Philadelphia, PA 19103","https://www.google.com/maps/?q=255+South+17th+Street,+Philadelphia,+PA+19103/",['Must have Medicare.'],available,"The Center provides counseling services which help people learn how to deal more effectively with situations in their lives such as depression, addiction and substance abuse, stress, problems with self-esteem, grief, issues related to mental and emotional health, and relational problems.Services provided include:- Individual therapy - Family therapy - Group therapy - Couples therapy - Child therapy - Nutritional counselingThe Center, LLC accepts Medicare and private insurances. We are offering telehealth appointments at this time.",['English'],Reduced Cost,TRUE,None,None,"This program covers residents of the following counties: Bucks County, PA, Chester County, PA, Delaware County, PA, Montgomery County, PA and Philadelphia County, PA.",39.9481867,-75.1692901,19103,FALSE,8:00AM - 5:00PM,8:00AM - 5:00PM,8:00AM - 5:00PM,8:00AM - 5:00PM,8:00AM - 5:00PM,Closed,Closed,4.2,Mental Health
Counseling Services (Thriveworks - Pennsylvania),https://www.auntbertha.com//thriveworks---pennsylvania--philadelphia-pa--counseling-services/4732162034892800?postal=19104,"['mental health care', 'anger management', 'bereavement', 'counseling', 'family counseling', 'individual counseling', 'medications for mental health', 'outpatient treatment', 'understand mental health', 'support network']","['substance abuse counseling', 'mental health care', 'insurance', 'spiritual support']","['adults', 'young adults', 'teens', 'school-aged children', 'seniors', 'grieving', 'lgbtqia+', 'individuals', 'families', 'limited english', 'trauma survivors', 'depression', 'bipolar', 'anxiety', 'ptsd', 'all mental health', 'substance dependency']",855-604-9376,https://thriveworks.com/,"22 South 40th Street, Philadelphia, PA 19104","https://www.google.com/maps/?q=22+South+40th+Street,+Philadelphia,+PA+19104/",[],available,"At Thriveworks, you can get therapy online & in person. We offer individual therapy (for kids, teens, & adults), couples & marriage counseling, psychiatry by video, and more-and we accept most insurances. Choose your ideal provider and start therapy as soon as tomorrow.

Our licensed clinicians & psychiatric providers create personalized treatment plans for challenges like anxiety and depression. Our support team is available with extended hours to help book an appointment, or you can book online.

Established in 2008, Thriveworks is a leading mental health provider working to make therapy better for everyone. We provide best-practice care & foster a supportive environment our clinicians can thrive in.",['English'],Not specified,TRUE,https://www.facebook.com/Thriveworks,https://www.twitter.com/@Thriveworks,"This program covers residents of the following counties: Lehigh County, PA, Bucks County, PA, Allegheny County, PA, Berks County, PA, Delaware County, PA, Northampton County, PA and Philadelphia County, PA.",39.9564704,-75.2021774,19104,FALSE,8:00AM - 9:00PM,8:00AM - 9:00PM,8:00AM - 9:00PM,8:00AM - 9:00PM,8:00AM - 9:00PM,8:00AM - 9:00PM,8:00AM - 9:00PM,4.4,Mental Health
Counseling Services (Women Organized Against Rape),https://www.auntbertha.com//women-organized-against-rape-%2528woar%2529--philadelphia-pa--counseling-services/5117985614200832?postal=19111,"['counseling', 'group therapy', 'individual counseling']",,"['anyone in need', 'all ages', 'individuals', 'families', 'abuse or neglect survivors', 'domestic violence survivors', 'sexual assault survivors']",215-985-3333,https://www.woar.org/counseling/,"1617 John F Kennedy Boulevard, Philadelphia, PA 19103","https://www.google.com/maps/?q=1617+John+F+Kennedy+Boulevard,+Philadelphia,+PA+19103/",[],available,"Our counseling services provides support and aid to anyone who has experience sexual abuse. WOAR staff are here to help each client and support their needs.Services include:- Group and individual counseling- 24/7 Support hotlineIn the effort to mitigate the spread of COVID-19, WOAR is working remotely and virtually to provide 24-hour crisis services and counseling. Our team will continue to work this way until further notice. Our Hotline operates 24/7 at 215-985-3333. Our WOAR office is open Monday-Friday 9-5pm. Evening appointments are based on staff availability and can be made by arrangement. Once counseling begins, the scheduling of ongoing sessions is the responsibility of the client and Counselor.",['English'],Free,TRUE,https://www.facebook.com/woarphila/,https://www.twitter.com/@WOARphila,"This program covers residents of the following counties: Philadelphia County, PA.",39.9542677,-75.1678993,19103,FALSE,9:00AM - 5:00PM,9:00AM - 5:00PM,9:00AM - 5:00PM,9:00AM - 5:00PM,9:00AM - 5:00PM,Closed,Closed,0,Mental Health
Create (Child Guidance Resource Centers),https://www.auntbertha.com//child-guidance-resource-centers-%2528cgrc%2529--philadelphia-pa--create/4566562926493696?postal=19111,"['outpatient treatment', 'daily life skills', 'recreation']",,"['young adults', 'teens', 'children', 'autism', 'benefit recipients']",267-713-4100,https://cgrc.org/services/8/create-,"2901 Island Avenue, Philadelphia, PA 19153","https://www.google.com/maps/?q=2901+Island+Avenue,+Philadelphia,+PA+19153/","['This program helps people who are 3 to 21 years old.', 'Must have an Autism diagnosis.']",available,"CREATE is a year round, innovative group outpatient service for children and young adults with a diagnosis of autism. Participants will build social and communication skills, improve problem solving and emotional regulation, and enhance flexibility and motivation. Each day in CREATE, every child will participate in evidence-based interactive therapies including:- ABA (Applied Behavior Analysis)- PRT (Pivotal Response Therapy)- Hidden Curriculum- QuestTM- Social ThinkingTM- social stories- behavior mappingFamily therapy and parent workshops are also a component of CREATE. CREATE is an outpatient service, so anyone can make refer someone. Parents, teachers, pediatricians, grandparents, clinicians, case managers, anyone can make a referral, even clients themselves!CREATE is covered by Medical Assistance and most private insurance plans. In most cases, transportation is provided.",['English'],Reduced Cost,TRUE,https://www.facebook.com/ChildGuidanceResourceCenters,https://www.twitter.com/@_CGRC,"This program covers residents of the following counties: Chester County, PA, Delaware County, PA, Montgomery County, PA and Philadelphia County, PA.",39.9028317,-75.239064,19153,FALSE,8:00AM - 5:00PM,8:00AM - 5:00PM,8:00AM - 5:00PM,8:00AM - 5:00PM,8:00AM - 5:00PM,Closed,Closed,5,Mental Health
"Crisis Residence (Citizens Acting Together Can Help, Inc.)",https://www.auntbertha.com//citizens-acting-together-can-help%252C-inc.-%2528catch%2529--philadelphia-pa--crisis-residence/4555293298393088?postal=19104,"['addiction & recovery', 'residential treatment', 'mental health care', 'psychiatric emergency services']",,"['adults 18+', 'individuals', 'homeless', 'in crisis']",215-236-9414,https://catchinc.com/services/mental-health/crisis-residence/,"801 W Girard Avenue, Philadelphia, PA 19122","https://www.google.com/maps/?q=719+East+Girard+Avenue,+Philadelphia,+PA+19123/","[""Must be referred to us from the City of Philadelphia’s Community Behavioral Health, Hospitals, Delegates, City of Philadelphia Department of Behavioral Health, and CATCH's own outreach initiative."", 'This program helps people who are older than 17 years old.', 'Must be chronically homeless and have a DSM-V Diagnosis.']",available,"CATCH's Residence is an eight bed program designed for consumers who are homeless and have psychiatric or psychiatric/substance abuse issues. Using the Mental Health Recovery Model, their highly trained staff treats mental health/substance abuse issues and facilitates the transfer of consumers to longer care transitional housing programs. 

This program provides:

- Residential treatment for mental health/substance dependency issues

The length of stay and treatment is 30 to 90 days.",['English'],Free,TRUE,https://www.facebook.com/CATCHIncPhilly/?view_public_for=116347695646253,,"This program covers residents of the following cities: Philadelphia, PA.",39.9722327,-75.1256707,19123,TRUE,0:00AM - 11:59PM,0:00AM - 11:59PM,0:00AM - 11:59PM,0:00AM - 11:59PM,0:00AM - 11:59PM,0:00AM - 11:59PM,0:00AM - 11:59PM,0,Mental Health
Crisis Response Center Adults (Temple Health - Episcopal Campus),https://www.auntbertha.com//temple-health---episcopal-campus--philadelphia-pa--crisis-response-center-%2528adults%2529/5769102520745984?postal=19111,"['psychiatric emergency services', 'addiction & recovery', 'medications for addiction', 'mental health care', 'medications for mental health', 'mental health evaluation', 'hospital treatment']",,"['adults 18+', 'individuals', 'benefit recipients', 'low-income', 'uninsured', 'in crisis', 'emergency', 'suicidal thoughts', 'all mental health', 'substance dependency', 'alcohol dependency', 'dual diagnosis']",215-707-2577,https://www.templehealth.org/services/psychiatry/crisis-response-center,"100 East Lehigh Avenue, Philadelphia, PA 19125","https://www.google.com/maps/?q=100+East+Lehigh+Avenue,+Philadelphia,+PA+19125/",['Anyone can access this program.'],available,"The CRC is a 24-hour psychiatric emergency service where individuals experiencing behavioral health crises receive evaluation, treatment and referral for additional care. We treat episodes of psychosis, intoxication, substance withdrawal, and threatened or attempted suicide, among other conditions.Patients can receive the following services: - Evaluation & stabilization- Medical treatment when necessary- Medication to calm or stabilize them, as necessary- Access to our six-bed, 23-hour observation unit for those who require more time for assessment Our goal is to refer patients to the most appropriate services after discharge, which may include: - The inpatient Behavioral Health Center onsite at Episcopal Campus- Other agencies and facilities throughout the Delaware Valley- An inpatient substance use program- Outpatient care- Homeless shelters or recovery housesThe CRC accepts walk-in patients experiencing a behavioral health crisis, or they may receive treatment at the center at the direction of medical providers or law enforcement authorities. Patients may access the CRC by visiting the Episcopal Campus emergency room. Upon arrival at the CRC, patients undergo an initial interview with a nurse or mental health technician, followed by a second, more detailed discussion with an attending psychiatrist or psychiatry resident. Temple Health's Episcopal Campus accepts Medicaid and Medicare, and offers Financial Assistance & Charity Care (free or reduced-priced care) to uninsured and/or low-income persons who qualify.",['English'],Reduced Cost,TRUE,https://www.facebook.com/TempleHealth,,"This program covers residents of the following counties: Philadelphia County, PA.",39.9903107,-75.1301384,19125,TRUE,0:00AM - 11:59PM,0:00AM - 11:59PM,0:00AM - 11:59PM,0:00AM - 11:59PM,0:00AM - 11:59PM,0:00AM - 11:59PM,0:00AM - 11:59PM,2,Mental Health
CRISIS/MATES (Mobile Assessment Treatment and Evaluation Services) (WES Health System),https://www.auntbertha.com//wes-health-system--philadelphia-pa--crisis-mates-%2528mobile-assessment-treatment-and-evaluation-services%2529/5341377346142208?postal=19131,"['psychiatric emergency services', 'mental health care', 'navigating the system']",,"['adults', 'young adults', 'teens', 'seniors', 'chronic illness', 'in crisis', 'emergency', 'all mental health']",215-455-3900,http://drwes.org/individuals-families/crisismates/,"1315 Windrim Avenue, Philadelphia, PA 19141","https://www.google.com/maps/?q=1315+Windrim+Avenue,+Philadelphia,+PA+19141/",[],available,"CRISIS/MATES provide short–term home and community based intervention services to children and adults who are experiencing a behavioral health crisis. The crisis staff conducts an assessment in the community to determine the appropriate level of care. The teams are prepared to handle a variety of interventions including:- Crisis assessments- Involuntary/voluntary hospitalizations- Linkage with other mental health providers depending on medical coverage- Mobile mental health treatment services (for individuals who are temporarily homebound due to existing medical conditions or specialized mental health disorders)- Emergency psychiatric services for those who are eligibleAll services are confidential and handicap accessible transportation is available. Individuals can be referred to the program by family members, schools, public agencies and/or the Office of Mental Health.","['English', 'Spanish']",Free,TRUE,https://www.facebook.com/weshealthsystems,https://www.twitter.com/@WESHealthSystem,"This program covers residents of the following counties: Philadelphia County, PA.",40.0307555,-75.144916,19141,FALSE,9:00AM - 5:00PM,9:00AM - 5:00PM,9:00AM - 5:00PM,9:00AM - 5:00PM,9:00AM - 5:00PM,Closed,Closed,3,Mental Health
"Crossroads Treatment Center of NE Philadelphia (ARS Treatment Centers, P.C.)",https://www.auntbertha.com//ars-treatment-centers%252C-p.c.--philadelphia-pa--crossroads-treatment-center-of-ne-philadelphia/6479544444649472?postal=19111,"['addiction & recovery', 'outpatient treatment', 'medications for addiction']",,"['adults 18+', 'individuals', 'substance dependency', 'opioid dependency']",800-805-6989,https://www.crossroadstreatmentcenters.com/center/crossroads-of-philadelphia-pa-frankford-avenue/,"4821 Frankford Avenue, Philadelphia, PA 19124","https://www.google.com/maps/?q=4821+Frankford+Avenue,+Philadelphia,+PA+19124/",['This program serves individuals with Substance Use Disorder.'],available,"Crossroads Treatment Center of NE Philadelphia offers Buprenorphine, Sublocade and Brixadi to treat Opioid Use Disorder.

This program provides:

- Addiction & Recovery
- Medications for Addiction

This program may be full cost and/or accept some insurances, including Medicare and Medicaid. Please contact Crossroads for more information about cost.",['English'],Not specified,TRUE,None,None,"This program covers residents of the following counties: Philadelphia County, PA.",40.0182914,-75.0820076,19124,FALSE,Closed,1:00PM - 5:00PM,10:00AM - 6:00PM,Closed,Closed,Closed,Closed,4.4,Mental Health
"Crossroads Treatment Center of Philadelphia (ARS Treatment Centers, P.C.)",https://www.auntbertha.com//ars-treatment-centers%252C-p.c.--philadelphia-pa--crossroads-treatment-center-of-philadelphia-%2528kensington%2529/6264787900956672?postal=19131,"['addiction & recovery', 'outpatient treatment', 'medications for addiction']",,"['adults 18+', 'individuals', 'substance dependency', 'opioid dependency']",866-698-8864,https://www.crossroadstreatmentcenters.com/center/crossroads-of-philadelphia-pa-east-westmoreland-street/,"2317 East Westmoreland Street, Philadelphia, PA 19134","https://www.google.com/maps/?q=2317+East+Westmoreland+Street,+Philadelphia,+PA+19134/",['This program serves individuals with Substance Use Disorder.'],available,"Crossroads Treatment Center of Philadelphia (Kensington) offers Buprenorphine, Sublocade, Vivitrol and Brixadi to treat Opioid Use Disorder.

This program provides:

- Addiction & Recovery
- Medications for Addiction

This program may be full cost and/or accept some insurances, including Medicare and Medicaid. Please contact Crossroads for more information about cost",['English'],Not specified,TRUE,,,"This program covers residents of the following counties: Philadelphia County, PA.",39.990576,-75.104366,19134,FALSE,8:00AM - 6:00PM,8:00 - 12:00AM,8:00AM - 6:00PM,10:00 - 12:00AM,Closed,8:00AM - 2:00PM,8:00AM - 12:00PM,4.6,Mental Health
"Crossroads Treatment Center of Philadelphia Girard Ave (ARS Treatment Centers, P.C.)",https://www.auntbertha.com//ars-treatment-centers%252C-p.c.--philadelphia-pa--crossroads-treatment-center-of-philadelphia-%2528girard-ave%2529/6450066850971648?postal=19104,"['addiction & recovery', 'outpatient treatment', 'medications for addiction']",,"['adults 18+', 'individuals', 'substance dependency', 'opioid dependency']",800-805-6989,https://www.crossroadstreatmentcenters.com/center/crossroads-of-philadelphia-pa-west-girard-avenue/,"2820 West Girard Avenue, Philadelphia, PA 19130","https://www.google.com/maps/?q=2820+West+Girard+Avenue,+Philadelphia,+PA+19130/",['This program serves individuals with Substance Use Disorder.'],available,"Crossroads Treatment Center of Philadelphia (Girard Ave) offers Buprenorphine treatment for individuals with Opioid Use Disorder.

This program provides:

- Addiction & Recovery
- Medications for Addiction

This program may be full cost and/or accept some insurances, including Medicare and Medicaid. Please contact Crossroads for more information about cost",['English'],Not specified,TRUE,None,None,"This program covers residents of the following counties: Philadelphia County, PA.",39.974203,-75.1826851,19130,FALSE,4:30PM - 8:00PM,4:30PM - 8:00PM,4:30PM - 8:00PM,9:00 - 11:00AM,Closed,8:00AM - 2:00PM,8:00AM - 2:00PM,4.6,Mental Health
"Crossroads Treatment Center of Philadelphia Kensington (ARS Treatment Centers, P.C.)",https://www.auntbertha.com//ars-treatment-centers%252C-p.c.--philadelphia-pa--crossroads-treatment-center-of-philadelphia-%2528kensington%2529/6264787900956672?postal=19104,"['addiction & recovery', 'outpatient treatment', 'medications for addiction']",,"['adults 18+', 'individuals', 'substance dependency', 'opioid dependency']",866-698-8864,https://www.crossroadstreatmentcenters.com/center/crossroads-of-philadelphia-pa-east-westmoreland-street/,"2317 East Westmoreland Street, Philadelphia, PA 19134","https://www.google.com/maps/?q=2317+East+Westmoreland+Street,+Philadelphia,+PA+19134/",['This program serves individuals with Substance Use Disorder.'],available,"Crossroads Treatment Center of Philadelphia (Kensington) offers Buprenorphine, Sublocade, Vivitrol and Brixadi to treat Opioid Use Disorder.

This program provides:

- Addiction & Recovery
- Medications for Addiction

This program may be full cost and/or accept some insurances, including Medicare and Medicaid. Please contact Crossroads for more information about cost",['English'],Not specified,TRUE,None,None,"This program covers residents of the following counties: Philadelphia County, PA.",39.990576,-75.104366,19134,FALSE,8:00AM - 6:00PM,8:00AM - 8:00PM,7:30AM - 5:30PM,9:00AM - 8:00PM,7:30AM - 3:00PM,7:30 - 2:30AM,8:00AM - 12:30PM,4.6,Mental Health
"Crossroads Treatment Center of Philadelphia N. Broad Street (ARS Treatment Centers, P.C.)",https://www.auntbertha.com//ars-treatment-centers%252C-p.c.--philadelphia-pa--crossroads-treatment-center-of-philadelphia-%2528n.-broad-street%2529/5823788208750592?postal=19111,"['addiction & recovery', 'outpatient treatment', 'medications for addiction']",,"['adults 18+', 'individuals', 'substance dependency', 'opioid dependency']",877-848-9810,https://www.crossroadstreatmentcenters.com/center/crossroads-of-philadelphia-pa-north-broad-street/,"2307 North Broad Street, Philadelphia, PA 19132","https://www.google.com/maps/?q=2307+North+Broad+Street,+Philadelphia,+PA+19132/",['This program serves individuals with Substance Use Disorder.'],available,"Crossroads Treatment Center of Philadelphia (N. Broad Street) offers Buprenorphine, Sublocade, Vivitrol, and Brixadi treatment for individuals with Opioid Use Disorder.

This program provides:

- Addiction & Recovery
- Medications for Addiction

This program may be full cost and/or accept some insurances, including Medicare and Medicaid. Please contact Crossroads for more information about cost",['English'],Not specified,TRUE,None,None,"This program covers residents of the following counties: Philadelphia County, PA.",39.9881664,-75.1554712,19132,FALSE,9:00AM - 6:00PM,Closed,Closed,9:00AM - 6:00PM,10:00AM - 3:00PM,Closed,8:00AM - 12:00PM,4.7,Mental Health
"Crossroads Treatment Center of Philadelphia West Tabor (ARS Treatment Centers, P.C.)",https://www.auntbertha.com//ars-treatment-centers%252C-p.c.--philadelphia-pa--crossroads-treatment-center-of-philadelphia-%2528west-tabor%2529/4569432633245696?postal=19111,"['addiction & recovery', 'outpatient treatment', 'medications for addiction']",,"['adults 18+', 'individuals', 'substance dependency', 'opioid dependency']",855-694-8288,https://www.crossroadstreatmentcenters.com/center/crossroads-of-philadelphia-pa-west-tabor-road/,"1335 West Tabor Road, Philadelphia, PA 19141","https://www.google.com/maps/?q=1335+West+Tabor+Road,+Philadelphia,+PA+19141/",['This program serves individuals with Substance Use Disorder.'],available,"Crossroads Treatment Center of Philadelphia (West Tabor) offers buprenorphine, sublocade, and brixadi treatment for individuals with Opioid Use Disorder.

This program provides:

- Addiction & Recovery
- Medications for Addiction

This program may be full cost and/or accept some insurances, including Medicare and Medicaid. Please contact Crossroads for more information about cost",['English'],Not specified,TRUE,None,None,"This program covers residents of the following counties: Philadelphia County, PA.",40.0383603,-75.1440521,19141,FALSE,Closed,2:00PM - 6:00 PM,3:00PM - 7:00PM,Closed,Closed,Closed,Closed,4.5,Mental Health
"Crossroads Treatment Center of South Philadelphia (ARS Treatment Centers, P.C.)",https://www.auntbertha.com//ars-treatment-centers%252C-p.c.--philadelphia-pa--crossroads-treatment-center-of-south-philadelphia/6194943243452416?postal=19111,"['addiction & recovery', 'outpatient treatment', 'medications for addiction']",,"['adults 18+', 'individuals', 'substance dependency', 'opioid dependency']",800-805-6989,https://www.crossroadstreatmentcenters.com/center/crossroads-of-philadelphia-pa-south-street/,"504 South Street, Philadelphia, PA 19147","https://www.google.com/maps/?q=504+South+Street,+Philadelphia,+PA+19147/",['This program serves individuals with Substance Use Disorder.'],available,"Crossroads Treatment Center of South Philadelphia offers Buprenorphine, Sublocade, Vivitrol and Brixadi to treat Opioid Use Disorder.

This program provides:

- Addiction & Recovery
- Medications for Addiction

This program may be full cost and/or accept some insurances, including Medicare and Medicaid. Please contact Crossroads for more information about cost.",['English'],Not specified,TRUE,None,None,"This program covers residents of the following counties: Philadelphia County, PA.",39.9416961,-75.1510026,19147,FALSE,Closed,8:00AM - 1:00PM,8:00AM - 12:00PM,Closed,8:30AM - 10:30PM,2:00PM - 5:00PM,8:00AM - 12:00PM,4.7,Mental Health
"Crossroads Treatment Center of West Philadelphia (ARS Treatment Centers, P.C.)",https://www.auntbertha.com//ars-treatment-centers%252C-p.c.--philadelphia-pa--crossroads-treatment-center-of-west-philadelphia/6026331106967552?postal=19131,"['addiction & recovery', 'outpatient treatment', 'medications for addiction']",,"['adults 18+', 'individuals', 'substance dependency', 'opioid dependency']",866-698-8864,https://www.crossroadstreatmentcenters.com/center/crossroads-of-philadelphia-pa-south-60th-street/,"323 South 60th Street, Philadelphia, PA 19143","https://www.google.com/maps/?q=323+South+60th+Street,+Philadelphia,+PA+19143/",['This program serves individuals with Substance Use Disorder.'],available,"Crossroads Treatment Center of West Philadelphia offers Buprenorphine treatment for individuals with Opioid Use Disorder.

This program provides:

- Addiction & Recovery
- Medications for Addiction

This program may be full cost and/or accept some insurances, including Medicare and Medicaid. Please contact Crossroads for more information about cost",['English'],Not specified,TRUE,,,"This program covers residents of the following counties: Philadelphia County, PA.",39.9557736,-75.241836,19143,FALSE,Closed,3:00PM - 6:30PM,Closed,Closed,Closed,Closed,Closed,4.6,Mental Health
Dental Services (Family Practice & Counseling Network),https://www.auntbertha.com//family-practice-%2526-counseling-network-%2528fpcn%2529--philadelphia-pa--dental-services/5927815682981888?postal=19104,"['dental care', 'counseling']",,"['all ages', 'benefit recipients', 'low-income', 'uninsured', 'underinsured']",267-350-5150,https://www.fpcn.com/services/dental/,"3901 Market Street, Philadelphia, PA 19104","https://www.google.com/maps/?q=3901+Market+Street,+Philadelphia,+PA+19104/",[],available,"The Family Practice and Counseling Network’s Dental Department is dedicated to providing high quality, affordable, and comprehensive oral health services to a culturally diverse community. The Dental staff is comprised of committed professionals who enjoy working together to support our patients, each other, and our mission.Preventative services provided include:- Comprehensive and periodic oral exams- Digital x-rays- Emergency treatment- Adult and children’s cleanings- Sealants- Fluoride treatment- Space maintainers- Tobacco counseling- Oral hygiene instructionRestorative and comprehensive services provided include:- Fillings - amalgam (silver) and composite (tooth colored)- Crowns (caps)- Bridges- Dentures- Extractions- Periodontal cleaning (scaling)- Pulpotomies (Emergency root therapy)- Tooth whitening (bleaching)We accept Medicaid, Medicare, and most major insurances. We also participate with many PPO plans and offers sliding fees for our uninsured patients.",['English'],Sliding Scale,TRUE,None,None,"This program covers residents of the following counties: Bucks County, PA, Chester County, PA, Delaware County, PA, Montgomery County, PA and Philadelphia County, PA.",39.9574429,-75.2007276,19104,FALSE,8:30AM - 5:00PM,8:30AM - 5:00PM,8:30AM - 5:00PM,8:30AM - 5:00PM,Closed,Closed,Closed,2.3,Mental Health
Developmental Behavioral Pediatrics (Nemours Children's Health System),https://www.auntbertha.com//nemours-children%2527s-health-system--philadelphia-pa--developmental-behavioral-pediatrics/5650852548444160?postal=19104,"['checkup & test', 'disability screening', 'mental health evaluation']",,"['teens', 'children', 'learning disability', 'developmental disability', 'intellectual disability', 'autism', 'families', 'benefit recipients', 'low-income', 'uninsured', 'parents', 'depression', 'anxiety', 'all mental health']",215-861-8800,https://www.nemours.org/services/developmental-behavioral-pediatrics.html,"833 Chestnut Street, Philadelphia, PA 19107","https://www.google.com/maps/?q=833+Chestnut+Street,+Philadelphia,+PA+19107/","['Must have Medicaid or Medicare, or meet income guidelines for financial assistance.']",available,"Developmental behavioral pediatrics is a specialty that focuses on children’s growth and development. Nemours Children's Health System works together with a team of medical specialists to develop individualized treatment plans for kids with developmental delays, developmental disabilities or medical conditions that affect their learning and behavior.This program provides: - A comprehensive evaluation- A physical exam, checking things like coordination, reflexes and muscle tone- Observations of how your child communicates, moves and plays- Further testing, if needed, to evaluate concerns such as speech and language abilities, fine motor skills, gross motor skillsNemours Children's Health System may also provide a full report of its findings and, if a problem is diagnosed, specific recommendations (such as at-home or school-based therapies, early intervention services, counseling and/or medications, guidance and referrals about agencies and educational programs that may be helpful).Nemours Children's Health System primarily focuses on children under the age of 7 years old in this specialty. They have a limited number of appointments for older children and teens. They prioritize appointments for young children, but please know that there can be a significant wait — potentially six months or more — for appointments for children of any age.Nemours Children's Health System accepts Medicaid and Medicare, and offers financial assistance to eligible uninsured families. Please call 800-416-4441 if you are in the Delaware/Greater Philadelphia area and call 407-650-7715 if you are in Central Florida.",['English'],Reduced Cost,TRUE,https://www.facebook.com/Nemours/,,"This program covers residents of the following counties: New Castle County, DE, Sussex County, DE, Orange County, FL, Camden County, NJ, Gloucester County, NJ, Montgomery County, PA and Philadelphia County, PA.",39.9502495,-75.154913,19107,FALSE,9:00AM - 4:00PM,9:00AM - 4:00PM,9:00AM - 4:00PM,9:00AM - 4:00PM,9:00AM - 4:00PM,Closed,Closed,3.9,Mental Health
"Diabetes Management (Puentes De Salud)
",https://www.auntbertha.com//puentes-de-salud--philadelphia-pa--diabetes-management/5290367514836992?postal=19111,"['individual counseling', 'health education']",,"['all ages', 'diabetes', 'limited english', 'latino']",,http://www.puentesdesalud.org,"1700 South Street, Philadelphia, PA 19146","https://www.google.com/maps/?q=1700+South+Street,+Philadelphia,+PA+19146/",['This program help individuals who have been diagnosed with diabetes.'],available,"Puentes de Salud offers all diabetic patients individual counseling with a nurse educator that covers the principles of sugar monitoring at home, dietary modification, physical activity and weight management. 

Services:

-  Individual counseling for diabetes management


You can make an appointment by visiting us during the first hour of clinic hours each day: monday 12:30-1:30, weds 12:30-1:30, and thurs 10-11am.","['English', 'Spanish']",Reduced Cost,TRUE,https://www.facebook.com/PuentesDeSalud/,https://www.twitter.com/@PuentesDeSalud,"This program covers residents of the following counties: Philadelphia County, PA.",39.944116,-75.1710457,19146,FALSE,12:30AM - 1:30PM,Closed,12:30 - 1:30AM,10:00AM - 11:00PM,Closed,Closed,Closed,4.7,Mental Health
Diana Baldwin Mental Health Clinic (The Institute for Community Justice),https://www.auntbertha.com//the-institute-for-community-justice--philadelphia-pa--diana-baldwin-mental-health-clinic/4800201587949568?postal=19111,"['outpatient treatment', 'mental health care', 'individual counseling', 'navigating the system', 'support groups']",,"['anyone in need', 'adults', 'young adults', 'teens', 'seniors', 'hiv/aids', 'benefit recipients', 'low-income', 'uninsured', 'trauma survivors', 'all mental health']",215-525-8657,http://fight.org/programs/diana-baldwin-clinic/,"1211 Chestnut Street, Philadelphia, PA 19107","https://www.google.com/maps/?q=1211+Chestnut+Street,+Philadelphia,+PA+19107/",['We serve individuals living with HIV/AIDS.'],available,"The Diana Baldwin Mental Health Clinic provides culturally competent behavioral health services that address the psychological, social and emotional needs of every patient. Our outpatient mental health clinic staff provide an integrated, holistic approach to therapeutic intervention.Services offered:- Individual Therapy- HIV and Trauma Informed Therapy - Women & Men’s Support Groups for people living with HIV- Referral CoordinationIf you are currently experiencing any of the following: Depression, Post-Traumatic Stress Disorder (PTSD), Bipolar Disorder, Anxiety, Anger Management, Family/ Relationship problems, the Diana Baldwin Mental Health Clinic may be the right place for you.All patients are served regardless of their ability to pay. We accept both Medicaid and Medicare.",['English'],Sliding Scale,TRUE,https://www.facebook.com/Philadelphia-FIGHT-80411861715/,https://www.twitter.com/@PhillyFIGHT,"This program covers residents of the following counties: Philadelphia County, PA.",39.9506585,-75.1606944,19107,FALSE,9:00AM - 5:00PM,9:00AM - 5:00PM,9:00AM - 5:00PM,9:00AM - 5:00PM,9:00AM - 5:00PM,Closed,Closed,3.7,Mental Health
Drop-In Social Services (Broad Street Love BSL),https://www.auntbertha.com//broad-street-love-%2528bsl%2529--philadelphia-pa--drop-in-social-services/5436313791889408?postal=19104,"['meals', 'clothing', 'personal care items', 'medical care', 'mental health care', 'understand government programs', 'advocacy & legal aid', 'community support services', 'navigating the system', 'support network']",,"['anyone in need', 'all ages', 'homeless', 'low-income', 'all mental health']",215-735-4847,https://broadstreetlove.org/our-services/,"315 South Broad Street, Philadelphia, PA 19107","https://www.google.com/maps/?q=315+South+Broad+Street,+Philadelphia,+PA+19107/",['Anyone can access this program.'],available,Broad Street Love (BSL) invites anyone and everyone into their space and offers a wide range of services to meet basic needs. BSM’s commitment to radical hospitality means that hundreds of vulnerable adults are welcomed through their doors each week. This program provides:- Lunch - Mail services - Case management- Re/PreEntry services- Personal care items- Clothing- Clothes mending services,['English'],Free,TRUE,None,None,"This program covers residents of the following cities: Philadelphia, PA.",39.946478,-75.1646329,19107,FALSE,11:30AM - 3:00PM,11:30AM - 3:00PM,11:30AM - 3:00PM,11:30AM - 3:00PM,11:30AM - 3:00PM,Closed,Closed,4.6,Mental Health
Drug & Alcohol Detox (Livengrin Foundation),https://www.auntbertha.com//livengrin-foundation--philadelphia-pa--drug-%2526-alcohol-detox/4838718221844480?postal=19111,"['addiction & recovery', 'detox', 'drug testing', 'individual counseling', 'support network']",,"['adults', 'young adults', 'teens', 'seniors', 'benefit recipients', 'substance dependency']",800-245-4746,https://livengrin.org/addiction-treatment/drug-detox/,"9140 Academy Road, Philadelphia, PA 19114","https://www.google.com/maps/?q=9140+Academy+Road,+Philadelphia,+PA+19114/",['Must have Medicare Advantage.'],available,"Drug & Alcohol Detox program offers detox in non-hospital, medical-monitored program for individuals who don’t have a high risk of intense or life-threatening withdrawal symptoms, but still have detox needs.We provide:- Detox- Drug screening- CounselingLivengrin Foundation accepts BlueCross BlueShield.",['English'],Reduced Cost,TRUE,https://www.facebook.com/livengrin,https://www.twitter.com/@Livengrin,"This program covers residents of the following counties: Bucks County, PA, Chester County, PA, Delaware County, PA, Lehigh County, PA, Montgomery County, PA and Philadelphia County, PA.",40.0554508,-75.0083123,19114,FALSE,8:00AM - 5:00PM,8:00AM - 5:00PM,8:00AM - 5:00PM,8:00AM - 5:00PM,8:00AM - 5:00PM,Closed,Closed,3.4,Mental Health
Drug and Alcohol Services (Child Guidance Resource Centers),https://www.auntbertha.com//child-guidance-resource-centers-%2528cgrc%2529--philadelphia-pa--drug-and-alcohol-services/4542572480692224?postal=19111,"['addiction & recovery', 'substance abuse counseling', 'group therapy', 'family counseling', 'navigating the system']",,"['young adults', 'teens', 'families', 'benefit recipients', 'substance dependency', 'opioid dependency', 'alcohol dependency']",267-713-4100,https://cgrc.org/service/drug-and-alcohol-services/,"2901 Island Avenue, Philadelphia, PA 19153","https://www.google.com/maps/?q=2901+Island+Avenue,+Philadelphia,+PA+19153/","['Must have Medical Assistance (Medicaid).', 'This program helps people who are 13 to 19 years old.']",available,"Child Guidance Resource Centers offers a supportive and effective program specifically for teenagers struggling with addiction. The Drug and Alcohol Service (D and A) is an extensive, family-based program that focuses on education, treatment and recovery from substance abuse. We supportively confront and coach our clients through the personal, academic, social and family problems created by and participating in the use of drugs and alcohol.Our treatment includes- Individual therapy- Family therapy- Group therapy- Relapse prevention techniques - After-care planningChild Guidance Resource Centers accepts Medicaid for their services.",['English'],Reduced Cost,TRUE,https://www.facebook.com/ChildGuidanceResourceCenters,https://www.twitter.com/@_CGRC,"This program covers residents of the following counties: Chester County, PA, Delaware County, PA, Montgomery County, PA and Philadelphia County, PA.",39.9028317,-75.239064,19153,FALSE,8:00AM - 5:00PM,8:00AM - 5:00PM,8:00AM - 5:00PM,8:00AM - 5:00PM,8:00AM - 5:00PM,Closed,Closed,5,Mental Health
Drug and Alcohol Substance Use Disorder Residential Rehabilitation (Horizon House),https://www.auntbertha.com//horizon-house--philadelphia-pa--drug-and-alcohol-%2528substance-use-disorder%2529-residential-rehabilitation/5145071801860096?postal=19104,"['addiction & recovery', 'residential treatment']",,"['adults', 'young adults', 'teens', 'seniors', 'benefit recipients', 'substance dependency']",215-386-3838,https://www.hhinc.org/behavioral-health-services/residential-treatment/,"5901 Market Street, Philadelphia, PA 19136","https://www.google.com/maps/?q=5901+Market+Street,+Philadelphia,+PA+19136/","['This program helps people who are older than 17 years old.', 'Must have Medicare or Medicaid.']",available,"At Horizon House we focus on an individual’s re-socialization and engage the entire community—other residents, staff, and social context—as components of treatment. The residential treatment model is a therapeutic community with planned lengths of stay between 6 and 12 months. Addiction treatment focuses on developing personal accountability, responsibility, and living a socially productive life. Treatment is highly structured and may be confrontational at times. Activities are tailored for individuals to examine their damaging beliefs, self-concept, and destructive patterns of behavior, so they may adopt positive, constructive and harmonious ways to treat themselves and others.

Services offered:

- Residential treatment
- Short-term housing
- Recreation and activities
- Substance abuse rehabilitation

We accept Medicare and Medicaid.",['English'],Reduced Cost,TRUE,https://www.facebook.com/horizonhouseinc/?fref=ts,,"This program covers residents of the following counties: Philadelphia County, PA.",39.962058,-75.2391324,19136,FALSE,7:00AM - 6:00PM,7:00AM - 6:00PM,7:00AM - 6:00PM,7:00AM - 6:00PM,7:00AM - 6:00PM,Closed,Closed,0,Mental Health
Early Intervention Program (Wedge Recovery Center),https://www.auntbertha.com//wedge-recovery-center--philadelphia-pa--early-intervention-program/6272068172382208?postal=19111,"['drug testing', 'substance abuse counseling', 'parenting education', 'counseling', 'group therapy', 'family counseling', 'understand mental health']",,"['young adults', 'teens', 'children', 'families', 'caregivers', 'substance dependency']",215-276-3922,http://www.wedgepc.com/early-intervention-program/,"4243 Frankford Avenue, Philadelphia, PA 19124","https://www.google.com/maps/?q=4243+Frankford+Avenue,+Philadelphia,+PA+19124/","['This program helps people who are 12 to 21 years old.', 'Must attend weekly individual and family counseling; Group psychoeducation and parenting education occur for 6 hours/week over an 8 week period.']",available,"Wedge Recovery Center offers the Early Intervention Program for Philadelphia residents between the ages 12-21 who are currently using substances or who are otherwise at risk for substance abuse because of factors in the environmental, school, legal, family, mental health, peer & social, and dependency system domains.We offer:- Substance Use Screening and Assessment- Evidenced-based Substance Abuse Education- Intervention Counseling- Family Counseling- Community/School/Child service outreach- Individualized Service Planning- Group Psychoeducational Sessions- Parental Education/Consultation- Service Linkage",['English'],Reduced Cost,TRUE,https://www.facebook.com/wedgerecoverycenters/,https://www.twitter.com/@WedgeRecovery,"This program covers residents of the following counties: Philadelphia County, PA.",40.0096804,-75.0891975,19124,FALSE,8:00AM - 8:00PM,8:00AM - 8:00PM,8:00AM - 8:00PM,8:00AM - 8:00PM,8:00AM - 5:00PM,Closed,Closed,4.1,Mental Health
"East Division Crime Victim Advocacy Project (Congreso De Latinos Unidos, Inc.)",https://www.auntbertha.com//congreso-de-latinos-unidos%252C-inc.--philadelphia-pa--east-division-crime-victim-advocacy-project/6727523800055808?postal=19131,"['counseling', 'mental health care', 'navigating the system', 'case management']","['community support services', 'advocacy & legal aid']","['all ages', 'in crisis']",267-968-1813,https://www.congreso.net/services/health-promotion-and-wellness/crime-victim-advocacy-services-of-the-east-division/,"216 West Somerset Street, Philadelphia, PA 19133","https://www.google.com/maps/?q=216+West+Somerset+Street,+Philadelphia,+PA+19133/",['This program serves anyone who has experienced victimization regardless if the crime was reported to the police or not.'],available,"The Crime Victim Advocacy Services of the East Division offers client centered, trauma-informed services to members of the community who have experienced a crime. This program provides:- In-person crisis counseling- Case management- Court accompaniment- Information and assistance with filing crime victim compensation claims- Legal advocacy- Linkage to resources in the community  Services are available to anyone who has experienced victimization regardless if the crime was reported to the police or not. Walk-ins are welcome.","['English', 'Spanish']",Free,TRUE,https://www.facebook.com/Congreso1977/,https://www.twitter.com/@Congreso1977,"This program covers residents of the following counties: Philadelphia County, PA.",39.9928854,-75.135429,19133,FALSE,8:30AM - 5:00PM,8:30AM - 5:00PM,8:30AM - 5:00PM,8:30AM - 5:00PM,8:30AM - 5:00PM,Closed,Closed,4.3,Mental Health
Education Planning and Career Development (Family Promise of Philadelphia),https://www.auntbertha.com//family-promise-of-philadelphia--philadelphia-pa--education-planning-and-career-development/6742286504427520?postal=19104,"['family counseling', 'financial education', 'support network', 'help find school', 'ged/high-school equivalency', 'skills & training', 'resume development', 'help find work']",,"['adults', 'young adults', 'teens', 'seniors', 'dropouts', 'unemployed']",215-247-4663,https://www.familypromisephl.org/what-we-do,"7047 Germantown Avenue, Philadelphia, PA 19119","https://www.google.com/maps/?q=7047+Germantown+Avenue,+Philadelphia,+PA+19119/",['This program serves those seeking education and career development.'],available,"The Education Planning and Career Development helps individuals young and old work to achieve various goals including obtaining a GED, preparing for college and standardized exams, obtaining an Associate’s or Bachelor’s Degree, building a resume and searching for a job.This program provides:- Help finding school- Help finding work - GED support and preparation - Resume writing help- Family therapy- Financial educationPlease call for more information.",['English'],Free,TRUE,https://www.facebook.com/philaihn,https://www.twitter.com/@Philaihn,"This program covers residents of the following counties: Philadelphia County, PA.",40.058274,-75.1887816,19119,FALSE,9:00AM - 5:00PM,9:00AM - 5:00PM,9:00AM - 5:00PM,9:00AM - 5:00PM,9:00AM - 5:00PM,Closed,Closed,3.5,Mental Health
"Fairmount Primary Care Center at Girard Medical Center (Delaware Valley Community Health, Inc.)",https://www.auntbertha.com//delaware-valleycommunity-health%252C-inc.-%2528dvch%2529--philadelphia-pa--fairmount-primary-care-center-at-girard-medical-center/5305447737982976?postal=19111,"['medical care', 'hiv treatment', 'medications for mental health', 'sexual and reproductive health']","['health insurance', 'help fill out forms']","['adults 18+', 'hiv/aids', 'individuals', 'benefit recipients', 'low-income', 'uninsured', 'underinsured', 'all mental health']",215-827-8010,https://dvch.org/fairmount-primary-girard/,"820 West Thompson Street, Philadelphia, PA 19122","https://www.google.com/maps/?q=801+West+Girard+Avenue,+Philadelphia,+PA+19122/",[],available,"The Fairmount Primary Care Center at Girard Medical Center (FPCC-GMC) brings comprehensive primary care medical services to the patients of Girard Medical Center, furthering our commitment to making healthcare accessible to patients of all needs.This program provides:- Adult Medicine- Gynecology- HIV/HEP C Care- Medication Assisted TreatmentA sliding fee scale is available to eligible patients.","['English', 'Spanish']",Sliding Scale,TRUE,https://www.facebook.com/DVCHInc/,,"This program covers residents of the following cities: Philadelphia, PA.",39.9711839,-75.1501385,19122,FALSE,7:30AM - 4:00PM,7:30AM - 4:00PM,7:30AM - 4:00PM,7:30AM - 4:00PM,7:30AM - 4:00PM,Closed,Closed,4.2,Mental Health
"Fairmount Primary Care Center at Horizon House (Delaware Valley Community Health, Inc.)",https://www.auntbertha.com//delaware-valleycommunity-health%252C-inc.-%2528dvch%2529--philadelphia-pa--fairmount-primary-care-center-at-horizon-house/4904356163092480?postal=19104,"['primary care', 'mental health care']",,"['all ages', 'benefit recipients', 'uninsured', 'underinsured', 'all mental health']",215-235-9600,https://www.hhinc.org/behavioral-health-services/housing-and-supported-living-2/,"1412 Farimount Avenue, Philadelphia, PA 19130","https://www.google.com/maps/?q=120+S+30th+St,+Philadelphia,+PA+19104/",['We serve adults with mental health needs.'],available,"*Please check dvch.org for COVID-19 updates or call (215) 222-2466*

As of Monday, March 23, 2020, we will continue to see all scheduled patients for visits by phone (telemedicine). 

In partnership with Delaware Valley Community Health and Fairmount Primary Care Health Center, the coordination of medical and behavioral health care is provided for adults with mental health needs. Its focus is to support individuals live longer, healthier, and more satisfying lives in the community. Coordination and collaboration of these services have been proven to reduce the barriers to recovery. 

Services offered:

- Primary care
- Behavioral health care

We accept Medicare and Medicaid and also offer a sliding scale fee. For more information, please call us.",['English'],Sliding Scale,TRUE,https://www.facebook.com/horizonhouseinc/?fref=ts,,"This program covers residents of the following counties: Philadelphia County, PA.",39.9528209,-75.1844135,19104,FALSE,7:00AM - 5:00PM,7:00AM - 5:00PM,7:00AM - 5:00PM,7:00AM - 5:00PM,7:00AM - 5:00PM,Closed,Closed,2.6,Mental Health
Family Based Mental Health Services (Gemma Services),https://www.auntbertha.com//gemma-services--philadelphia-pa--family-based-mental-health-services-%2528fbmhs%2529/5692369447288832?postal=19131,"['psychiatric emergency services', 'in-home support', 'family counseling', 'individual counseling', 'residential treatment', 'case management', 'one-on-one support']",,"['young adults', 'teens', 'school-aged children', 'preschoolers', 'toddlers', 'families', 'with children', 'caregivers', 'all mental health']",215-730-2270,https://www.gemmaservices.org/community/mental-health/,"6517 Chester Avenue, Philadelphia, PA 19142","https://www.google.com/maps/?q=6517+Chester+Avenue,+Philadelphia,+PA+19142/","['This program helps people who are younger than 22 years old', 'This program serves families with children who are managing severe emotional and behavioral difficulties.']",available,"Family Based Mental Health Services (FBMHS) is an intensive in-home program designed to help families care for their children, teens, and young adults (up to age 21) who are experiencing severe emotional and behavioral difficulties. The program helps parents and caregivers increase their effectiveness and reduce the need for out-of-home placement or higher level of care such as residential treatment or psychiatric hospitalization.This program provides:- Individual and Family Therapy- 24-hour Crisis Stabilization- Case Management Services- 90-Day Overlap Service with Residential Treatment",['English'],Free,TRUE,https://www.facebook.com/GemmaServices.org/,,"This program covers residents of the following counties: Philadelphia County, PA.",39.9282567,-75.239658,19142,FALSE,8:30AM - 8:00PM,8:30AM - 8:00PM,8:30AM - 8:00PM,8:30AM - 5:00PM,8:30AM - 5:00PM,Closed,Closed,4.2,Mental Health
Family Based Mental Health Services FBMHS (Gemma Services),https://www.auntbertha.com//gemma-services--philadelphia-pa--family-based-mental-health-services-%2528fbmhs%2529/5692369447288832?postal=19111,"['psychiatric emergency services', 'in-home support', 'family counseling', 'individual counseling', 'residential treatment', 'case management', 'one-on-one support']",,"['young adults', 'teens', 'school-aged children', 'preschoolers', 'toddlers', 'families', 'with children', 'caregivers', 'all mental health']",215-730-2270,https://www.gemmaservices.org/community/mental-health/,"6517 Chester Avenue, Philadelphia, PA 19142","https://www.google.com/maps/?q=6517+Chester+Avenue,+Philadelphia,+PA+19142/","['This program helps people who are younger than 22 years old', 'This program serves families with children who are managing severe emotional and behavioral difficulties.']",available,"Family Based Mental Health Services (FBMHS) is an intensive in-home program designed to help families care for their children, teens, and young adults (up to age 21) who are experiencing severe emotional and behavioral difficulties. The program helps parents and caregivers increase their effectiveness and reduce the need for out-of-home placement or higher level of care such as residential treatment or psychiatric hospitalization.This program provides:- Individual and Family Therapy- 24-hour Crisis Stabilization- Case Management Services- 90-Day Overlap Service with Residential Treatment",['English'],Free,TRUE,https://www.facebook.com/GemmaServices.org/,,"This program covers residents of the following counties: Philadelphia County, PA.",39.9282567,-75.2396578,19142,FALSE,8:30AM - 8:00PM,8:30AM - 8:00PM,8:30AM - 8:00PM,8:30AM - 5:00PM,8:30AM - 5:00PM,Closed,Closed,4.2,Mental Health
"Family Based Program (The Consortium, Inc.)",https://www.auntbertha.com//the-consortium%252C-inc.--philadelphia-pa--family-based-program/4972998483509248?postal=19131,"['mental health care', 'outpatient treatment', 'case management']",,"['young adults', 'teens', 'children', 'benefit recipients', 'low-income', 'all mental health']",215-596-8100,https://consortiuminc.org/,"2821 Island Avenue, Philadelphia, PA 19153","https://www.google.com/maps/?q=2821+Island+Avenue,+Philadelphia,+PA+19153/","['This program helps people who are younger than 21 years old.', 'Must meet income requirements or have Medicaid.']",available,"The Family Based program combines treatment and case management services geared toward children up to age 21 who are at risk for out-of-home placement due to a severe emotional and/or behavioral disorder or severe mental illness.This program provides:- Crisis intervention- Behavioral health stabilizationFamily Based uses Eco-Systemic Structural Family Therapy (ESFT), an evidence-based practice that focuses on the entire family, not just the identified child.The Consortium accepts Medicaid and offers a sliding scale fee for low-income individuals. The Consortium does not turn anyone away.",['English'],Sliding Scale,TRUE,,,"This program covers residents of the following counties: Philadelphia County, PA.",39.906809,-75.239429,19153,FALSE,8:30AM - 4:30PM,8:30AM - 4:30PM,8:30AM - 4:30PM,8:30AM - 4:30PM,8:30AM - 4:30PM,Closed,Closed,0,Mental Health
Family First (Child Guidance Resource Centers),https://www.auntbertha.com//child-guidance-resource-centers-%2528cgrc%2529--philadelphia-pa--family-first/4984898546040832?postal=19111,"['parenting education', 'family counseling', 'individual counseling', 'navigating the system', 'support network', 'one-on-one support']",,"['young adults', 'teens', 'children', 'families', 'with children', 'benefit recipients']",267-713-4100,https://cgrc.org/service/family-based-services/,"2901 Island Avenue, Philadelphia, PA 19153","https://www.google.com/maps/?q=2901+Island+Avenue,+Philadelphia,+PA+19153/",['Must have PA Medical Assistance.'],available,"Family First believes that the most effective way to help troubled children and adolescents is through a family-focused, home-based model designed to recognize struggles and build on family strengths. Services:- Family therapy- Individual counseling- Parent education- Case management- Family support- 24-hour on-call supportFamily First is a 32 week process. Your family is assigned a team of two Master’s level clinicians who work closely with you in the home, school and community to address not only your child’s emotional struggles but the larger systemic issues contributing to troublesome behavior. The flexibility of being in the home and community allows your therapists to address the root of your struggles and create long-term positive change.Medical Assistance (Medicaid) is accepted for these services.",['English'],Reduced Cost,TRUE,https://www.facebook.com/ChildGuidanceResourceCenters,https://www.twitter.com/@_CGRC,"This program covers residents of the following counties: Chester County, PA, Delaware County, PA, Montgomery County, PA and Philadelphia County, PA.",39.9028317,-75.239064,19153,FALSE,8:00AM - 5:00PM,8:00AM - 5:00PM,8:00AM - 5:00PM,8:00AM - 5:00PM,8:00AM - 5:00PM,Closed,Closed,5,Mental Health
Family House Now New Options for Women (Resources for Human Development RHD - Pennsylvania),https://www.auntbertha.com//resources-for-human-development-%2528rhd%2529---pennsylvania--philadelphia-pa--family-house-now-%2528new-options-for-women%2529/5453759373770752?postal=19111,"['residential housing', 'addiction & recovery', 'residential treatment']","['parenting education', 'skills & training']","['teens', 'children', 'infants <1', 'with children', 'low-income', 'mothers']",215-878-8616,https://www.rhd.org/program/family-house-now-new-options-for-women/,"1020 North 48th Street, Philadelphia, PA 19131","https://www.google.com/maps/?q=1020+North+48th+Street,+Philadelphia,+PA+19131/","['Women experiencing mental illness and chemical dependence, and their children can access this program.']",available,"Resources for Human Development (RHD) offers a long-term residential treatment facility for women experiencing mental illness and chemical dependence, and their children. Special components address drug/alcohol addiction, mental illness, life skills, trauma, and parenting skills, as well as prevention and intervention for the children.This program provides:- Residential treatment",['English'],Reduced Cost,TRUE,https://www.facebook.com/ResourcesHD,https://www.twitter.com/@Resources4HD,"This program covers residents of the following counties: Philadelphia County, PA.",39.970982,-75.2177545,19131,FALSE,8:00AM - 5:00PM,8:00AM - 5:00PM,8:00AM - 5:00PM,8:00AM - 5:00PM,8:00AM - 5:00PM,Closed,Closed,4.1,Mental Health
Family Self-Sufficiency Program (ACHIEVEability),https://www.auntbertha.com//achieveability--philadelphia-pa--family-self-sufficiency-program/5665724315205632?postal=19131,"['help find housing', 'help pay for housing', 'residential housing', 'baby supplies', 'clothing', 'family counseling', 'individual counseling', 'financial education', 'tax preparation', 'community support services', 'help find school', 'help pay for school', 'skills & training', 'help find work']",,"['adults 18+', 'families', 'low-income']",267-930-5412,https://achieveability.org/fssp,"5901 Market Street, Philadelphia, PA 19139","https://www.google.com/maps/?q=5901+Market+Street,+Philadelphia,+PA+19139/","['Single parent with custody of child(ren) 17 years old or younger', 'Working 30 hours a week, making $1,500 a month', 'Looking to go back to school to obtain a degree']",available,"ACHIEVEability's Family Self-Sufficiency Program (FSSP) offers affordable housing and wrap around coaching supports to families experiencing housing instability. Through FSSP, professional coaches with a background in social work will provide clients with one-on-one counseling and guidance on career, education, financial, parenting, and personal goals. These supports add structure while parents go back to school for a better degree, navigate the start of a career,  establish next steps in housing, and step into a homebuying pipeline to secure generational wealth for their family.",['English'],Free,TRUE,,,"This program covers residents of the following cities: Philadelphia, PA.",39.9620586,-75.239132,19139,FALSE,9:00AM - 5:00PM,9:00AM - 5:00PM,9:00AM - 5:00PM,9:00AM - 5:00PM,9:00AM - 5:00PM,Closed,Closed,4.2,Mental Health
Family Services (Uplift Center for Grieving Children),https://www.auntbertha.com//uplift-center-for-grieving-children--philadelphia-pa--family-services/5703863241801728?postal=19104,"['bereavement', 'mental health care', 'peer support', 'support groups']",,"['teens', 'children', 'grieving', 'families', 'caregivers']",267-437-3123,https://www.upliftphilly.org/programs/for-families/griefsupportgroups/,"1819 John F Kennedy Blvd Ste 460, Philadelphia, PA 19103","https://www.google.com/maps/place/1819+John+F+Kennedy+Blvd+%23460,+Philadelphia,+PA+19103/",['This program helps people who are 5 to 18 years old.'],available,"Family Services provides peer support groups for children and teens who have experienced the death of someone close to them.  Peer support and a caring adult presence help to reduce feelings of isolation and loneliness that children may experience after a death.This program provides:- Creative activities help with grief expression in children and teens.Additional information:- Groups are divided by age/developmental levels so children and teens are with their peers.- Caregiver groups are held nearby at the same time to help adults support a grieving child.We use a model of peer support, adult mentoring, and therapeutic play and creative expression – enabling children to respond in constructive ways and to discover skills for growing through their grieving process.Call program to register and pick a meeting location.",['English'],Free,TRUE,None,None,"This program covers residents of the following cities: Philadelphia, PA.",40.0117295,-75.184536,19129,FALSE,9:00AM - 5:00PM,9:00AM - 5:00PM,9:00AM - 5:00PM,9:00AM - 5:00PM,9:00AM - 5:00PM,Closed,Closed,5,Mental Health
Family Stress and Illness Program FSIP (Children's Hospital of Philadelphia),https://www.auntbertha.com//children%2527s-hospital-of-philadelphia-%2528chop%2529--philadelphia-pa--family-stress-and-illness-program-%2528fsip%2529/4792983871553536?postal=19104,"['family counseling', 'individual counseling']",,"['adults', 'young adults', 'teens', 'children', 'seniors', 'chronic illness', 'families', 'benefit recipients', 'low-income', 'uninsured', 'underinsured', 'parents']",215-590-7555,https://www.chop.edu/centers-programs/family-stress-and-illness-program,"3401 Civic Center Blvd., Philadelphia, PA 19104","https://www.google.com/maps/?q=3440+Market+St.,+Philadelphia,+PA+19104/",['This program provides services for children and adolescents ages 3 to 18 with acute or chronic illness and their families.'],available,"Our FSIP team provides individual and family therapy for children and adolescents ages 3 to 18 with acute or chronic illness. Our goal is to optimize your child’s care and health outcomes and family adjustment.To develop a customized plan for your family, our experts will:  - Meet with your family to better understand your needs and concerns- Consult with your child’s doctor(s) to assess existing and potential challenges in the management of your child’s illness- Provide counseling that supports your family as you move forward with implementing changesCHOP accepts Medicare and Medical Assistance (Medicaid) of New Jersey and Pennsylvania. Financial Assistance is also available to families with health insurance to help them pay for healthcare bills not covered by insurance, or to help uninsured families pay for services.",['English'],Reduced Cost,TRUE,https://www.facebook.com/ChildrensHospitalofPhiladelphia,https://www.twitter.com/@ChildrensPhila,"This program covers residents of the following counties: Philadelphia County, PA.",39.9557137,-75.1925667,19104,TRUE,0:00AM - 11:59PM,0:00AM - 11:59PM,0:00AM - 11:59PM,0:00AM - 11:59PM,0:00AM - 11:59PM,0:00AM - 11:59PM,0:00AM - 11:59PM,4.1,Mental Health
Family Support Services (Philadelphia Family Voices),https://www.auntbertha.com//philadelphia-family-voices--philadelphia-pa--family-support-services/4667761185390592?postal=19104,"['parenting education', 'understand mental health', 'navigating the system', 'one-on-one support', 'advocacy & legal aid']","['navigating the system', 'help fill out forms', 'in-home support', 'peer support']","['adults 18+', 'criminal justice history', 'autism', 'families', 'with children', 'limited english', 'parents', 'all mental health']",484-228-1229,https://philadelphiafamilyvoices.com/,"841 East Hunting Park Avenue, Philadelphia, PA 19124","https://www.google.com/maps/?q=841+East+Hunting+Park+Avenue,+Philadelphia,+PA+19124/","['This program serves families with children who are facing emotional, social, behavioral and mental health challenges AND/OR autism', 'Must be a Philadelphia, PA resident.']",available,"Family Peer Support Specialists offer resources, provide advocacy, and help facilitate access to educational, behavioral health, autism, Juvenile Justice and other child welfare services in Philadelphia.

This program provides:

- One-on-one support
- Resource navigation
- Advocacy 
- Legal education, information and support","['English', 'Spanish']",Free,TRUE,https://www.facebook.com/philadelphiafamilyvoices,,"This program covers residents of the following cities: Philadelphia, PA.",40.0120399,-75.1103427,19124,FALSE,8:00AM - 5:00PM,8:00AM - 5:00PM,8:00AM - 5:00PM,8:00AM - 5:00PM,8:00AM - 5:00PM,Closed,Closed,0,Mental Health
Family-Based Program (NorthEast Treatment NET Centers),https://www.auntbertha.com//northeast-treatment-%2528net%2529-centers--philadelphia-pa--family-based-program/4508545383923712?postal=19104,"['mental health care', 'counseling', 'family counseling', 'navigating the system', 'case management']",,"['all ages', 'autism', 'families']",215-408-4962,http://netcenters.org/services/behavioral-health/#ffs-tabbed-13,"499 North 5th Street, Philadelphia, PA 19123","https://www.google.com/maps/?q=499+North+5th+Street,+Philadelphia,+PA+19123/",[],available,"The Family-Based Program uses a team-based approach in which clinicians provide intensive behavioral health treatment and case management support to all members of the family in home, school, and community settings. The family-based program focuses on the family as a system and how the system affects the identified child of concern.This program provides:- Counseling- Case management",['English'],Reduced Cost,TRUE,None,None,"This program covers residents of the following counties: Philadelphia County, PA.",39.9607763,-75.145884,19123,FALSE,8:00AM - 5:00PM,8:00AM - 5:00PM,8:00AM - 5:00PM,8:00AM - 5:00PM,8:00AM - 5:00PM,Closed,Closed,4.2,Mental Health
FamilyBased Mental Health Services (WES Health System),https://www.auntbertha.com//wes-health-system--philadelphia-pa--familybased-mental-health-services-%2528fbmhs%2529/5689617321033728?postal=19131,"['mental health care', 'support network']",,"['teens', 'children', 'families', 'benefit recipients', 'parents', 'all mental health']",215-456-2662,http://drwes.org/individuals-families/family-based-mental-health-services/,"2514 North Broad Street, Philadelphia, PA 19132","https://www.google.com/maps/?q=2514+North+Broad+Street,+Philadelphia,+PA+19132/",['Must have Medicaid or Medicare.'],available,"FBMHS provides intense therapeutic interventions and support services to families of children or adolescents who have emotional disturbances. Our team works in close partnership with the child and his or her family to identify strengths, assess any areas of need, and collaborate to develop a treatment plan.Services offered:- Intense therapeutic interventions - Support services that further empower the familyWES Health System accepts Medicaid and Medicare.Potential clients need to be evaluated by WES’ Assessment & Evaluation Center in order to determine which service(s) should be utilized. For more information, please call the Assessment & Evaluation Center.","['English', 'Spanish']",Reduced Cost,TRUE,https://www.facebook.com/weshealthsystems,https://www.twitter.com/@WESHealthSystem,"This program covers residents of the following counties: Philadelphia County, PA.",39.9915494,-75.155541,19132,FALSE,8:00AM - 5:00PM,8:00AM - 5:00PM,8:00AM - 5:00PM,8:00AM - 5:00PM,8:00AM - 5:00PM,Closed,Closed,2.7,Mental Health
FamilyBased Mental Health Services FBMHS (WES Health System),https://www.auntbertha.com//wes-health-system--philadelphia-pa--familybased-mental-health-services-%2528fbmhs%2529/5689617321033728?postal=19104,"['mental health care', 'support network']",,"['teens', 'children', 'families', 'benefit recipients', 'parents', 'all mental health']",215-226-7100,http://drwes.org/individuals-families/family-based-mental-health-services/,"2514 North Broad Street, Philadelphia, PA 19132","https://www.google.com/maps/?q=2514+North+Broad+Street,+Philadelphia,+PA+19132/",['Must have Medicaid or Medicare.'],available,"FBMHS provides intense therapeutic interventions and support services to families of children or adolescents who have emotional disturbances. Our team works in close partnership with the child and his or her family to identify strengths, assess any areas of need, and collaborate to develop a treatment plan.Services offered:- Intense therapeutic interventions - Support services that further empower the familyWES Health System accepts Medicaid and Medicare.Potential clients need to be evaluated by WES’ Assessment & Evaluation Center in order to determine which service(s) should be utilized. For more information, please call the Assessment & Evaluation Center.","['English', 'Spanish']",Reduced Cost,TRUE,https://www.facebook.com/weshealthsystems,https://www.twitter.com/@WESHealthSystem,"This program covers residents of the following counties: Philadelphia County, PA.",39.9915494,-75.1555413,19132,FALSE,8:45AM - 5:00PM,8:45AM - 5:00PM,8:45AM - 5:00PM,8:45AM - 5:00PM,8:45AM - 5:00PM,Closed,Closed,2.7,Mental Health
Fatherhood Enrichment Program FEP (City of Philadelphia - Mayor's Office of Reintegration Services),https://www.auntbertha.com//city-of-philadelphia---mayor%2527s-office-of-reintegration-services--philadelphia-pa--fatherhood-enrichment-program-%2528fep%2529/6247717496946688?postal=19111,"['daily life skills', 'parenting education', 'anger management', 'help find work', 'skills & training']",,"['adults 18+', 'criminal justice history', 'male', 'fathers']",215-683-3370,https://www.phila.gov/rise/riseservices/Pages/default.aspx,"1400 John F Kennedy Blvd, Philadelphia, PA 19107","https://www.google.com/maps/place/Philadelphia+Mayor's+Office/@39.9528,-75.1660582,732m/data=!3m1!1e3!4m10!1m2!2m1!1sThe+Mayor's+Office+of+Reintegration+Services+(RISE)!3m6!1s0x89c6c62fa8d5658b:0xb9e0cbd4de845c93!8m2!3d39.952848!4d-75.1634788!15sCjNUaGUgTWF5b3IncyBPZmZpY2Ugb2YgUmVpbnRlZ3JhdGlvbiBTZXJ2aWNlcyAoUklTRSlaMyIxdGhlIG1heW9yJ3Mgb2ZmaWNlIG9mIHJlaW50ZWdyYXRpb24gc2VydmljZXMgcmlzZZIBFmNpdHlfZ292ZXJubWVudF9vZmZpY2WaASNDaFpEU1VoTk1HOW5TMFZKUTBGblNVTTJaMlZEUzBsM0VBReABAPoBBAgAEEI!16s%2Fg%2F1tgdv2m3?entry=ttu&g_ep=EgoyMDI1MDMzMC4wIKXMDSoASAFQAw%3D%3D",[],available,"Under the umbrella of The Mayor’s Office of Reintegration Services (RISE), The Fatherhood Enrichment Program strives to provide fathers with the basic skills necessary to function in today’s economy, so they are able to rise to self-sufficiency. The goal of FEP is to engage non-custodial and custodial fathers to support the well-being of their children, through education, training and with personal development with a focus on family strengthening. FEP offers services with an emphasis on:- Parenting and Healthy Relationships- Anger Management and Conflict Resolution- Job Readiness and Job Search AssistanceClasses are offered Monday through Friday 9:30am-12pm for two weeks. Please call for more information.",['English'],Free,TRUE,https://www.facebook.com/cityofphiladelphia,None,"This program covers residents of the following cities: Philadelphia, PA.",39.9528,-75.1660582,19107,FALSE,9:00AM - 5:00PM,9:00AM - 5:00PM,9:00AM - 5:00PM,9:00AM - 5:00PM,9:00AM - 5:00PM,Closed,Closed,0,Mental Health
Forensic Mental Health Serivces (Assessment & Treatment Alternatives),https://www.auntbertha.com//assessment-%2526-treatment-alternatives-%2528ata%2529--philadelphia-pa--forensic-mental-health-serivces/6044427171397632?postal=19111,"['counseling', 'family counseling', 'individual counseling', 'mental health evaluation']",,"['teens', 'children', 'abuse or neglect survivors', 'domestic violence survivors', 'sexual assault survivors']",215-405-2100,http://atainc.org,"1225 Vine Street, Philadelphia, PA 19107","https://www.google.com/maps/?q=1225+Vine+Street,+Philadelphia,+PA+19107/",[],available,"ATA specializes in providing mental health services to children and adolescents with severe behavior problems, histories of physical abuse, sexual abuse, or neglect, child or adolescent sexual abusers and/or substance abuse issues. This program provides: - Victim services- Forensic foster care- Family servicesATA accepts medicaid and medicare.",['English'],Reduced Cost,TRUE,None,None,"This program covers residents of the following counties: Philadelphia County, PA.",39.9580428,-75.1594506,19107,FALSE,8:00AM - 5:00PM,8:00AM - 5:00PM,8:00AM - 5:00PM,8:00AM - 5:00PM,8:00AM - 5:00PM,Closed,Closed,2.4,Mental Health
Forge Health & Forge VFR (Forge Health),https://www.auntbertha.com//forge-health--philadelphia-pa--forge-health-%2526-forge-vfr/4892229387812864?postal=19111,"['outpatient treatment', 'substance abuse counseling', 'medications for addiction', 'understand mental health', 'counseling', 'group therapy', 'mental health evaluation']",,"['young adults', 'adults 18+', 'active duty', 'national guard', 'veterans', 'lgbtqia+', 'individuals', 'families', 'uninsured', 'underinsured', 'young adult cancer survivors', 'all mental health', 'substance dependency']",888-224-7312,https://forgehealth.com,"1880 John F Kennedy Boulevard, Philadelphia, PA 19103","https://www.google.com/maps/?q=1880+John+F+Kennedy+Boulevard,+Philadelphia,+PA+19103/",[],available,"Our multidisciplinary team, led by pioneers in evidence-based mental health and substance use care, offers comprehensive outpatient services tailored to your individual needs. These services are easily accessible, cost-effective, and personalized.

We offer both in-person and virtual consultations, with the possibility of scheduling an appointment within one business day. We are in-network with major health insurance providers and are committed to delivering proven results with the help of our world-class clinicians. You will receive guidance at every step of your journey.

Forge VFR (Veteran and First Responder) is dedicated to enhancing the mental health and well-being of active-duty service members, veterans, first responders, and their families. Our teams, composed of clinicians and medical professionals who are often veterans or first responders themselves, are highly skilled and prepared to support you.

These programs provides: 

- Therapy & Counseling
- Outpatient Programming
- Intensive Outpatient Programming
- Medication Assisted Treatment

If patient is underinsured or uninsured Forge may be able to arrange a ""self-rate"" per situation. If ""self-rate"" cost is still too high, special payment arrangements may be made with Forge Health.",['English'],Sliding Scale,TRUE,https://www.facebook.com/ForgeYourHealth,https://www.twitter.com/@Forge_Health,"This program covers residents of the following states: MA, NH, NJ, NY and PA.",39.9540924,-75.1710076,19103,FALSE,9:00AM - 5:00PM,9:00AM - 5:00PM,9:00AM - 5:00PM,9:00AM - 5:00PM,9:00AM - 5:00PM,Closed,Closed,1,Mental Health
Free Therapy (Black Brain Campaign),https://www.auntbertha.com//black-brain-campaign-%2528bbc%2529--philadelphia-pa--free-therapy/5993602242183168?postal=19111,"['family counseling', 'individual counseling']",,"['adults', 'young adults', 'teens', 'children', 'seniors', 'individuals', 'families', 'african american']",267-292-2287,https://joinbbc.org/services/,"5429 Chestnut Street, Philadelphia, PA 19139","https://www.google.com/maps/?q=5429+Chestnut+Street,+Philadelphia,+PA+19139/",['This program serves individuals and families.'],available,"The Black Brain Campaign is geared to help the community learn more about mental health and to advocate to ensure treatment is provided with cultural humility. In an effort to reduce the stigma and improve the mental health in the community, the Black Brain Campaign provides free therapy for individuals and families.This program provides:- Individual counseling- Family counselingThis program consists of 12 free sessions. Visit the website to learn more, and to complete the initial intake form.",['English'],Free,TRUE,https://www.facebook.com/TheBlackBrainCampaign/,,"This program covers residents of the following counties: Philadelphia County, PA.",39.9595251,-75.230865,19139,FALSE,8:00AM - 5:00PM,8:00AM - 5:00PM,8:00AM - 5:00PM,8:00AM - 5:00PM,8:00AM - 5:00PM,Closed,Closed,5,Mental Health
Free Veteran Service Dog (Alpha Bravo Canine),https://www.auntbertha.com//alpha-bravo-canine--philadelphia-pa--free-veteran-service-dog/5064017478025216?postal=19104,['support & service animals'],,"['adults 18+', 'veterans', 'physical disability', 'individuals', 'families', 'brain injury', 'ptsd']",267-689-1593,https://alphabravocanine.org/get-a-service-dog/,"PO Box 16030, Philadelphia, PA 19114","https://www.google.com/maps/?q=PO+Box+16030,+Philadelphia,+PA+19114/","['Must be a U.S. military combat veteran. Cannot be currently on active duty or discharged within six months.', 'Must live in a permanent residence for at least 12 months prior to submitting an application. Those currently living within an inpatient setting do not qualify to apply at this time.', 'Must be able to provide a stable, safe environment for a dog which includes love, exercise, medical care and food, and ongoing training.', 'Must have a combat-related, such as PTSD or TBI.']",waitlist,"Alpha Bravo Canine trains and donates service dogs to U.S. military veterans who suffer from post-traumatic stress disorder (PTSD), traumatic brain injury (TBI), and other combat-related disabilities.This program provides:- Trained service dogVisit the website for more information and to apply. The wait time to receive a service dog varies anywhere from 6 months to 2 years.",['English'],Free,TRUE,https://www.facebook.com/AlphaBravoCanine/,,"This program covers residents of the following counties: Salem County, NJ, Camden County, NJ, Burlington County, NJ, Gloucester County, NJ, Bucks County, PA, Montgomery County, PA, Delaware County, PA, Chester County, PA, New Castle County, DE, Cecil County, MD and Philadelphia County, PA.",40.068629,-75.0026972,19114,FALSE,8:00AM - 5:00PM,8:00AM - 5:00PM,8:00AM - 5:00PM,8:00AM - 5:00PM,8:00AM - 5:00PM,Closed,Closed,0,Mental Health
Free Virtual Learning Resources (Kinney Center for Austism Education and Support),https://www.auntbertha.com//saint-joseph%2527s-university---kinney-center-for-autism-education-and-support--philadelphia-pa--free-virtual-learning-resources/5508814662795264?postal=19131,"['counseling', 'exercise & fitness', 'recreation', 'college readiness', 'skills & training']",,"['all ages', 'developmental disability']",,https://www.sju.edu/kinney/s/1378/kinney/interior-hybrid.aspx?sid=1378&gid=56&pgid=9370,"5600 City Avenue, Philadelphia, PA 19131","https://www.google.com/maps/?q=5600+City+Avenue,+Philadelphia,+PA+19131/",['This program serves individuals with Autism Spectrum Disorder (ASD) and their families.'],available,"The Kinney Center is staying commitment to supporting our families and clients by providing virtual lessons and Zoom sessions.Services include:- College Support- Sessions with Board Certified Behavior Analysts- Skills Development- Virtual Recreation and Exercise- Parental ResourcesOur virtual lessons will be released every weekday via our Facebook and YouTube channels.We can't ensure perfection, but we promise to listen to your feedback continually to work to improve. We are looking forward to taking this virtual journey together.",['English'],Free,TRUE,https://www.facebook.com/KinneyCenter/,https://www.twitter.com/@KinneyCenter,"This program covers residents of the following cities: Philadelphia, PA.",39.995634,-75.240614,19131,FALSE,8:00AM - 5:00PM,8:00AM - 5:00PM,8:00AM - 5:00PM,8:00AM - 5:00PM,8:00AM - 5:00PM,Closed,Closed,0,Mental Health
Free Virtual Learning Resources (Saint Joseph's University - Kinney Center for Autism Education and Support),https://www.auntbertha.com//saint-joseph%2527s-university---kinney-center-for-autism-education-and-support--philadelphia-pa--free-virtual-learning-resources/5508814662795264?postal=19111,"['counseling', 'exercise & fitness', 'recreation', 'college readiness', 'skills & training']",,"['all ages', 'developmental disability']",,https://www.sju.edu/kinney/s/1378/kinney/interior-hybrid.aspx?sid=1378&gid=56&pgid=9370,"5600 City Avenue, Philadelphia, PA 19131","https://www.google.com/maps/?q=5600+City+Avenue,+Philadelphia,+PA+19131/",['This program serves individuals with Autism Spectrum Disorder (ASD) and their families.'],available,"The Kinney Center is staying commitment to supporting our families and clients by providing virtual lessons and Zoom sessions.Services include:- College Support- Sessions with Board Certified Behavior Analysts- Skills Development- Virtual Recreation and Exercise- Parental ResourcesOur virtual lessons will be released every weekday via our Facebook and YouTube channels.We can't ensure perfection, but we promise to listen to your feedback continually to work to improve. We are looking forward to taking this virtual journey together.",['English'],Free,TRUE,https://www.facebook.com/KinneyCenter/,https://www.twitter.com/@KinneyCenter,"This program covers residents of the following cities: Philadelphia, PA.",39.995634,-75.2406137,19131,FALSE,8:00AM - 5:00PM,8:00AM - 5:00PM,8:00AM - 5:00PM,8:00AM - 5:00PM,8:00AM - 5:00PM,Closed,Closed,5,Mental Health
Fresh Start and Quads Housing (Methodist Services),https://www.auntbertha.com//methodist-services--philadelphia-pa--fresh-start-and-quads-housing/4828341743910912?postal=19104,"['residential housing', 'daily life skills', 'counseling', 'navigating the system', 'support network', 'one-on-one support', 'skills & training']",,"['young adults', 'teens', 'foster youth', 'pregnant', 'with children', 'single parent']",215-877-1925,https://methodistservices.org/?page_id=73,"4300 Monument Road, Philadelphia, PA 19131","https://www.google.com/maps/?q=4300+Monument+Road,+Philadelphia,+PA+19131/",['This program helps people who are 18 to 21 years old.'],available,"Older youth and young adults, ages 18-21, who are in the process of or who have aged out of the foster care system can obtain subsidized one-bedroom apartments either on Methodist’s 22-acre campus or in community based sites. On Methodist Services’ Main Campus, young adults who are single, pregnant or have an infant when they enter the program, have access to stable housing, effective case management and behavioral health services.This program provides:- Subsidized housing- Case management- Behavioral health careResidents are encouraged to pursue educational advancement, vocational and life skills training, employment and other means of self-sufficiency. Connections to caring family members and mentors are supported.",['English'],Reduced Cost,TRUE,https://www.facebook.com/methodistservicesphiladelphia,,"This program covers residents of the following counties: Northampton County, PA and Philadelphia County, PA.",39.9978798,-75.2149966,19131,FALSE,9:00AM - 6:00PM,9:00AM - 6:00PM,9:00AM - 6:00PM,9:00AM - 6:00PM,9:00AM - 6:00PM,Closed,Closed,4.2,Mental Health
"Functional Family Therapy (The Consortium, Inc.)",https://www.auntbertha.com//the-consortium%252C-inc.--philadelphia-pa--functional-family-therapy/6699148322799616?postal=19131,"['mental health care', 'mental health evaluation']",,"['teens', 'children', 'benefit recipients', 'low-income', 'all mental health']",267-233-5862,https://consortiuminc.org/,"2821 Island Avenue, Philadelphia, PA 19153","https://www.google.com/maps/?q=2821+Island+Avenue,+Philadelphia,+PA+19153/","['Must meet income requirements or have Medicaid.', 'Must have a referral.']",available,"Functional Family Therapy (FFT) is a strength-based model built on a foundation of acceptance and respect. FFT is a short-term, high-quality intervention program with an average of 12 to 14 sessions over three to five months. FFT works primarily with 11 to 18-year-old youth who have been referred for behavioral or emotional problems by the juvenile justice, mental health, school or child welfare systems.Services are conducted in the home settings but not limited to schools, child welfare facilities, probation offices/aftercare systems and mental health facilities. We focus on:- Assessment- InterventionThe Consortium accepts Medicaid and offers a sliding scale fee for low-income individuals. We don't turn anyone away.",['English'],Sliding Scale,TRUE,,,"This program covers residents of the following counties: Philadelphia County, PA.",39.906809,-75.239429,19153,FALSE,8:00AM - 4:30PM,8:00AM - 4:30PM,8:00AM - 4:30PM,8:00AM - 4:30PM,8:00AM - 4:30PM,Closed,Closed,0,Mental Health
Gender and Sexuality Program (Children's Hospital of Philadelphia),https://www.auntbertha.com//children%2527s-hospital-of-philadelphia-%2528chop%2529--philadelphia-pa--gender-and-sexuality-program/5119284349108224?postal=19104,"['counseling', 'financial education', 'support network', 'one-on-one support', 'support groups', 'screening & exams', 'advocacy & legal aid']",,"['teens', 'children', 'lgbtqia+']",800-879-2467,https://www.chop.edu/centers-programs/gender-and-sexuality-development-program/about,"3401 Civic Center Boulevard, Philadelphia, PA 19104","https://www.google.com/maps/?q=3401+Civic+Center+Boulevard,+Philadelphia,+PA+19104/",[],available,"The Gender and Sexuality Development Program at Children’s Hospital of Philadelphia (CHOP) can help families by supporting children, youth and their families so they can live healthy and happy lives.This program provides:- Comprehensive gender assessment- Gender affirming medical care- Monthly support groups- Insurance advocacy- Legal support- Lending library for parents, children and adolescents- Connections to local stylists and salon owners who are LGBTQ friendly- School, church, community, and healthcare provider training- Referrals for ongoing outpatient therapy and/or psychiatric treatment- Surgical referrals- Innovative research projects that will contribute to best practices in careAfter the initial intake, you may request additional resources. Book recommendations, support group referrals, and mental health referrals can be provided.Note: At this time, the program is unable to provide ongoing outpatient therapy. However, there is an extensive list of gender competent and supportive providers. We can make referrals during intake and/or throughout our assessment process.",['English'],Free,TRUE,https://www.facebook.com/ChildrensHospitalofPhiladelphia,https://www.twitter.com/@ChildrensPhila,"This program covers residents of the following counties: Philadelphia County, PA.",39.9487265,-75.1943904,19104,FALSE,8:00AM - 5:00PM,8:00AM - 5:00PM,8:00AM - 5:00PM,8:00AM - 5:00PM,8:00AM - 5:00PM,Closed,Closed,4.1,Mental Health
Good Shepherd (Catholic Social Services of the Archdiocese of Philadelphia - Saint John's Hospice),https://www.auntbertha.com//catholic-social-services-of-the-archdiocese-of-philadelphia---saint-john%2527s-hospice-%2528sjh%2529--philadelphia-pa--good-shepherd/5922109384294400?postal=19111,"['residential housing', 'short-term housing', 'sober living', 'addiction & recovery', 'substance abuse counseling', 'mental health care', 'counseling', 'case management']",,"['adults 18+', 'male', 'chronic illness', 'homeless', 'near homeless', 'substance dependency']",215-563-7763,https://saintjohnshospice.org/all-programs/,"1221 Race St, Philadelphia, PA 19107","https://www.google.com/maps/?q=1221+Race+St,+Philadelphia,+PA+19107/","['This program serves medically fragile, homeless men.']",available,"Good Shepherd provides a drug and alcohol-free, 12-bed residence for medically fragile, homeless men. The Good Shepherd Program focuses on transition from homeless to independent living, while also working with its clients to manage their specific healthcare needs.This program provides:- Short-Term Housing- Case Management- Counseling",['English'],Free,TRUE,https://www.facebook.com/saintjohnshospice,https://www.twitter.com/@saintjohnshosp,"This program covers residents of the following counties: Philadelphia County, PA.",39.9561156,-75.159942,19107,FALSE,8:30AM - 5:00PM,8:30AM - 5:00PM,8:30AM - 5:00PM,8:30AM - 5:00PM,8:30AM - 5:00PM,Closed,Closed,4.4,Mental Health
GrandFamily Resource Center (Connectedly),https://www.auntbertha.com//connectedly--philadelphia-pa--grandfamily-resource-center/5833492055982080?postal=19111,"['health education', 'group therapy', 'individual counseling', 'community support services', 'exercise & fitness', 'recreation', 'navigating the system', 'mentoring', 'peer support', 'parenting education']",,"['adults', 'young adults', 'teens', 'infants', 'children', 'seniors', 'families', 'with children', 'caregivers', 'dependents']",215-487-3000,https://www.connectedly.org/programs/grandfamily-resource-center/,"4100 Main Street, Philadelphia, PA 19127","https://www.google.com/maps/?q=4100+Main+Street,+Philadelphia,+PA+19127/","['Must be a resident of Philadelphia.', 'This program serves grandparents who have become caregivers of their grandchildren.']",available,"Connectedly offers a resource center to help grandparents raise their grandchildren and strive towards a stable home life. A variety of services are provided that ensure school enrollment, health care, and the well-being of the grandparents.

This program provides:

- Individual counseling
- Group counseling
- Information and referral
- Parenting education
-Case Management
- Peer mentorship
- Advocacy",['English'],Free,TRUE,None,None,"This program covers residents of the following counties: Philadelphia County, PA.",40.0222463,-75.2186873,19127,FALSE,9:00AM - 5:00PM,9:00AM - 5:00PM,9:00AM - 5:00PM,9:00AM - 5:00PM,9:00AM - 5:00PM,Closed,Closed,0,Mental Health
Greater Philadelphia Association For Recovery Education (Greater Philadelphia Association For Recovery Education),https://www.auntbertha.com//greater-philadelphia-association-for-recovery-education--philadelphia-pa--greater-philadelphia-association-for-recovery-education/5753645203193856?postal=19111,"['sober living', 'addiction & recovery', 'counseling', 'navigating the system', 'support network', 'support groups', 'more education', 'job placement']",,"['teens', 'students', 'substance dependency']",267-437-2194,http://gpare.org,"4101 Freeland Avenue , Philadelphia, PA 19128","https://www.google.com/maps/?q=4101+Freeland+Avenue+,+Philadelphia,+PA+19128/",['This program serves students in grades 9 through 12.'],available,"Greater Philadelphia Association For Recovery Education offers a strong academic program to high school students who are in grades 9 - 12 in recovery allowing them to focus on learning and providing a community that requires and supports sobriety.This program provides:- High school credits for all core subjects necessary for graduation- Placement services for transfer, college or employment- Daily group meetings- Learning support services for educational needs- On-site guidance and crisis counseling- Referral services for long-term counseling and/or treatment",['English'],Reduced Cost,TRUE,None,None,"This program covers residents of the following counties: Philadelphia County, PA.",40.0264394,-75.2121543,19128,FALSE,8:00AM - 5:00PM,8:00AM - 5:00PM,8:00AM - 5:00PM,8:00AM - 5:00PM,8:00AM - 5:00PM,Closed,Closed,0,Mental Health
"Greenridge Counseling Center (Intercommunity Action, Inc. Interact)",https://www.auntbertha.com//intercommunity-action%252C-inc.-%2528interact%2529--philadelphia-pa--greenridge-counseling-center/5520149139423232?postal=19111,"['counseling', 'medication management', 'group therapy', 'family counseling', 'individual counseling', 'mental health evaluation', 'virtual support']",,"['adults', 'young adults', 'teens', 'children', 'seniors', 'families', 'benefit recipients', 'low-income', 'spouses', 'in crisis', 'all mental health']",215-487-1330,http://intercommunityaction.org/behavioral-health-services/greenridge-counseling-center/,"6122 Ridge Ave, Philadelphia, PA 19128","https://www.google.com/maps/?q=6122+Ridge+Ave,+Philadelphia,+PA+19128/",[],available,"The Greenridge Counseling Center provides a range of behavioral health services to children and adults recovering from mental health challenges as well as people struggling with substance use issues. Our experienced staff includes psychiatrists, psychologists, social workers, and professional counselors who are trained to deal with your concerns using a wide range of evidence-based and evidence-informed therapeutic techniques in an outpatient office setting.Services:- Intake and referral- Individual, couples, family and group counseling- Comprehensive biopsychosocial evaluations- Psychotropic medication monitoringWe also provide crisis services on a walk-in basis including brief treatment and arrangements for psychiatric hospitalization if necessary.The Greenridge Counseling Center accepts Medicare and Medicaid. We also work to offer our services at a low-cost to clients with difficulty paying.Due to the ongoing COVID-19 pandemic, most of our services are being offered in a telehealth format at this time.",['English'],Reduced Cost,TRUE,https://www.facebook.com/IntercommunityAction,https://www.twitter.com/@InteracINC,"This program covers residents of the following counties: Philadelphia County, PA.",40.033778,-75.216059,19128,FALSE,8:30AM - 8:00PM,8:30AM - 8:00PM,8:30AM - 8:00PM,8:30AM - 8:00PM,8:30AM - 5:00PM,Closed,Closed,2.5,Mental Health
Halfway House-2B (Self Help Movement),https://www.auntbertha.com//self-help-movement--philadelphia-pa--halfway-house-%25282b%2529/5477271096786944?postal=19111,"['addiction & recovery', 'residential treatment', 'substance abuse counseling', 'navigating the system', 'one-on-one support']","['addiction & recovery', '12-step', 'navigating the system', 'case management', 'skills & training', 'interview training', 'resume development', 'help find work']","['adults', 'young adults', 'seniors', 'male', 'benefit recipients', 'substance dependency']",215-677-7778,https://selfhelpmovement.org/our-programs-services/,"2600 Southampton Rd, Philadelphia, PA 19116","https://www.google.com/maps/?q=2600+Southampton+Rd,+Philadelphia,+PA+19116/",['This program helps people who are older than 16 years old.'],available,"Our Halfway House is a 24/7 structured community-based residential treatment and rehabilitation facility. This program emphasizes a family atmosphere, encouraging independent growth, personal accountability, and responsible community living.  Our residents continue their individual journey of recovery in a live in/ work out environment, with the support and structure of staff and peers to provide an opportunity for continued success. In addition, the residents of the Halfway House are supported through Case Management and Computer Lab services with resume building, on-line and in-person employment application, interview skills, college/trade school enrollment, money management/budgeting, establishing savings accounts, and addressing legal concerns.  Of greatest importance is maintaining the established in-house recovery support network and gradually extending this into the larger non-treatment community through 12 Step Fellowship meeting attendance, faith-based community worship, social visits with family and sober friends.  In doing so, the goal of the Halfway House is to prepare the individual to successfully and charitably manage the affairs of his daily living without the use of alcohol and other drugs.

We provide:
- Short-term housing
- Sober living
- Case management
- Interview skills
- Resume building
- Help finding work
- 12 step meeting

Self Help Movement accepts BHSI, CBH, Magellan through Bucks, Delaware, Lehigh and Montgomery Counties, Private Insurance and Self Pay.",['English'],Reduced Cost,TRUE,None,None,"This program covers residents of the following counties: Philadelphia County, PA.",40.1153855,-74.9904682,19116,FALSE,8:00AM - 5:00PM,8:00AM - 5:00PM,8:00AM - 5:00PM,8:00AM - 5:00PM,8:00AM - 5:00PM,Closed,Closed,4.5,Mental Health
Hall Mercer Crisis Response Center at Pennsylvania Hospital Adults (University of Pennsylvania Perelman School of Medicine),https://www.auntbertha.com//university-of-pennsylvania-perelman-school-of-medicine--philadelphia-pa--hall-mercer-crisis-response-center-at-pennsylvania-hospital-%2528adults%2529/5018163688505344?postal=19111,"['psychiatric emergency services', 'mental health care', 'mental health evaluation']",,"['adults 18+', 'unemployed', 'hiv/aids', 'homeless', 'in crisis', 'emergency', 'depression', 'bipolar', 'anxiety', 'all mental health', 'substance dependency']",215-829-5433,https://www.med.upenn.edu/psychiatry/pah.html,"245 South 8th Street, Philadelphia, PA 19107","https://www.google.com/maps/?q=245+South+8th+Street,+Philadelphia,+PA+19107/",['Anyone in need can access this program.'],available,"Open 24 hours a day, the Crisis Response Center provides a safe, caring setting for people who have serious behavioral health problems such as bipolar disorder, major depression, anxiety disorders, schizophrenia or substance abuse. The Crisis Response Center is also appropriate for people with psychiatric problems who may be overwhelmed by homelessness, unemployment, legal or financial problems, or those experiencing the emotional consequences of physical illnesses such as HIV or AIDS.This program provides:- Mental health evaluation - Immediate care - Assistance making arrangements for inpatient or outpatient servicesPlease call the 24/hour crisis line for services.",['English'],Free,TRUE,None,None,"This program covers residents of the following counties: Philadelphia County, PA.",39.9465712,-75.1543901,19107,TRUE,0:00AM - 11:59PM,0:00AM - 11:59PM,0:00AM - 11:59PM,0:00AM - 11:59PM,0:00AM - 11:59PM,0:00AM - 11:59PM,0:00AM - 11:59PM,2.1,Mental Health
Health Services (Philadelphia Department of Health),https://www.auntbertha.com//philadelphia-department-of-health--philadelphia-pa--health-services/5449781842018304?postal=19104,"['medications for addiction', 'disease management', 'family planning', 'primary care', 'disease screening', 'prevent & treat', 'vaccinations', 'mental health care', 'sexual and reproductive health', 'navigating the system', 'translation & interpretation']",,"['all ages', 'benefit recipients', 'low-income', 'uninsured', 'limited english']",215-685-7601,https://www.phila.gov/services/mental-physical-health/city-health-centers/,"4400 Haverford Avenue, Philadelphia, PA 19104","https://www.google.com/maps/?q=4400+Haverford+Avenue,+Philadelphia,+PA+19104/",['Anyone can access this program.'],available,"The Department of Public Health provides primary health care services to people of all ages. Our doctors serve as key members of your health care team and help coordinate patient care all in one place.We offer:- Primary careAdditional services:- Diagnosis and treatment of chronic and acute illnesses- Medical checkups and medications for enrolled patients- Behavioral health services- Medication-assisted treatment (MAT) for opioid use disorder- Prenatal care- Family planning and pregnancy options counseling- Breastfeeding support services- Comprehensive pediatric care for infants, children and teens- Immunizations for infants, children and teens- Children’s developmental assessments- Healthy weight nutrition counseling for children and teens- Nutrition counseling and health education- Flu shots- Lab tests, x-rays and tests for tuberculosis- Referrals to specialty services for enrolled patients- Social work support that connects patients to follow-up care, education/counseling, and other servicesWe accept Medicare, Medicaid, HMO plans, and most other insurance options. If you are uninsured, the centers will charge a small fee based on family size and income. Health centers can also help you apply for affordable health insurance.We provide translation and interpretation services for health center patients and their families.In general, walk-ins are accepted, but we encourage patients to call ahead in case certain services require an appointment.","['English', 'Spanish']",Sliding Scale,TRUE,https://www.facebook.com/cityofphiladelphia,https://www.twitter.com/@PhiladelphiaGov,"This program covers residents of the following counties: Philadelphia County, PA.",39.9622373,-75.2110306,19104,FALSE,8:00AM - 4:30PM,8:00AM - 8:00PM,8:00AM - 4:30PM,8:00AM - 4:30PM,8:00AM - 4:30PM,Closed,Closed,2.8,Mental Health
HIV Care (Mazzoni Center),https://www.auntbertha.com//mazzoni-center--philadelphia-pa--hiv-care/5249334304047104?postal=19104,"['prescription assistance', 'primary care', 'counseling', 'hiv treatment', 'support network']","['navigating the system', 'case management']","['all ages', 'hiv/aids', 'individuals', 'benefit recipients', 'low-income', 'uninsured']",215-563-0658,https://www.mazzonicenter.org/health-care/hiv-care,"1348 Bainbridge Street, Philadelphia, PA 19147","https://www.google.com/maps/?q=1348+Bainbridge+Street,+Philadelphia,+PA+19147/",[],available,"The HIV Care program is committed to caring for the whole person: helping patients identify their individual health and wellness needs and access the specific care and resources that will be of greatest benefit.  This program provides:- Routine physicals- Medication management- Prophylactic treatments- Treatment adherence counseling- Direct referrals to other Mazzoni Center supportive services, as neededThe Mazzoni Center accepts Medicaid and Medicare for these services. For non-insured clients they offer low cost co-pays on a sliding-scale, based on annual income and number of dependents.",['English'],Reduced Cost,TRUE,https://www.facebook.com/MazzoniCenter,https://www.twitter.com/@MazzoniCenter,"This program covers residents of the following counties: Philadelphia County, PA.",39.9426271,-75.1650829,19147,FALSE,8:00AM - 9:00PM,8:00AM - 9:00PM,8:00AM - 9:00PM,8:00AM - 9:00PM,8:00AM - 5:00PM,Closed,Closed,3.4,Mental Health
HIV Services (Penn Medicine),https://www.auntbertha.com//penn-medicine--philadelphia-pa--hiv-services/6300256807550976?postal=19111,"['nutrition education', 'health education', 'disease screening', 'hiv treatment', 'vaccinations', 'individual counseling', 'sexual and reproductive health', 'womens health', 'std/sti treatment & prevention', 'navigating the system', 'help fill out forms']",,"['anyone in need', 'all ages', 'hiv/aids', 'benefit recipients', 'uninsured', 'underinsured', 'lgbtqia+']",215-662-9908,https://www.pennmedicine.org/for-patients-and-visitors/find-a-program-or-service/infectious-diseases/hiv-clinic,"3801 Filbert Street, Philadelphia, PA 19104","https://www.google.com/maps/?q=3801+Filbert+Street,+Philadelphia,+PA+19104/",['This program helps those in need of HIV-related services.'],available,"Penn Medicine provides an array of supportive services for those who are in need of HIV screening, treatment, and support. Penn Medicine's HIV Clinics are among of the best in the nation, providing extraordinarily compassionate care from expert physicians, exceptional attention to detail and world-class expertise across multiple disciplines.This program provides:- Assistance with insurance applications- Coordination of hospital and community-based care for HIV-positive patients- Coordination of the services required for the care of HIV-positive patients and their families- Counseling and psychological support- Developmental assessments- Education for patients, families and the community- Laboratory tests, including HIV screening- Nutritional support services- On-site Social Worker- Physical examinations- Referrals to other physicians and health professionals and/or community agencies, when appropriate- Routine gynecologic care for women (Pap smears)- VaccinationsIf you've received a new diagnosis of HIV, you will be provided with an outpatient appointment within one week.This program provides care to patients with HIV regardless of insurance coverage, as we are a Ryan White–funded HIV program. Medicaid and Medicare are also accepted. As part of this commitment, we offer financial counseling and assistance programs to uninsured and underinsured patients to assist those who cannot pay for all or part of their care.Patients will be considered for financial assistance on an individual basis, taking into consideration total household income and other resources. Penn Medicine will also consider other factors in the patient/family financial situation, should there be other critical expenses, not related to the patient's medical care, that make payment of the financial obligation impossible, such as caring for a disabled family member.",['English'],Reduced Cost,TRUE,https://www.facebook.com/pennmed/,https://www.twitter.com/@PennMedicine,"This program covers residents of the following counties: Bucks County, PA, Chester County, PA, Delaware County, PA, Montgomery County, PA and Philadelphia County, PA.",39.957524,-75.1980127,19104,FALSE,8:00AM - 5:00PM,8:00AM - 5:00PM,8:00AM - 5:00PM,8:00AM - 5:00PM,8:00AM - 5:00PM,Closed,Closed,5,Mental Health
HIV/AIDS and STI Testing (Bebashi),https://www.auntbertha.com//bebashi--philadelphia-pa--hiv-aids-and-sti-testing/5584011499405312?postal=19111,"['health education', 'checkup & test', 'disease screening', 'counseling', 'hiv treatment', 'std/sti treatment & prevention', 'navigating the system', 'support network', 'one-on-one support']",,"['anyone in need', 'all ages', 'in jail', 'lgbtqia+', 'infectious disease', 'hiv/aids', 'individuals', 'african american', 'mothers']",215-769-3561,https://www.bebashi.org/health-screening/,"1235 Spring Garden Street, Philadelphia, PA 19123","https://www.google.com/maps/?q=1235+Spring+Garden+Street,+Philadelphia,+PA+19123/",['Anyone can access this program.'],available,"Bebashi offers free, confidential, and anonymous testing and counseling for HIV and other Sexually Transmitted Infections (STIs), as well as for pregnancy and Hepatitis C.This program provides:- Prevention Education- At-Home HIV Testing Kits- HIV/Hep C/STI and Pregnancy Counseling and Testing- HIV Medical Case Management- Prison Discharge Planning- Support Groups- Case management services targeting HIV+ women and HIV+ women who have children who are not positiveAnyone can order a free In-Home HIV test from Bebashi's website. The at-home testing kits can only be sent to Philadelphia residents.",['English'],Free,TRUE,https://www.facebook.com/bebashi,https://www.twitter.com/@bebashi,"This program covers residents of the following counties: Philadelphia County, PA.",39.9621954,-75.158675,19123,FALSE,10:00AM - 3:30PM,10:00AM - 3:30PM,10:00AM - 3:30PM,10:00AM - 3:30PM,10:00AM - 3:30PM,Closed,Closed,4.3,Mental Health
HIV/AIDS Care (Family Practice & Counseling Network),https://www.auntbertha.com//family-practice-%2526-counseling-network-%2528fpcn%2529--philadelphia-pa--hiv-aids-care/5279726148124672?postal=19131,"['medical care', 'primary care', 'checkup & test', 'prevent & treat', 'counseling', 'hiv treatment', 'sexual and reproductive health', 'std/sti treatment & prevention', 'navigating the system']",,"['anyone in need', 'all ages', 'lgbtqia+', 'infectious disease', 'hiv/aids', 'benefit recipients', 'low-income', 'uninsured', 'underinsured']",215-727-4721,https://www.fpcn.com/services/primary-care/specialty-services/,"807 North 48th Street, Philadelphia, PA 19139","https://www.google.com/maps/?q=807+North+48th+Street,+Philadelphia,+PA+19139/",[],available,"FPCN offers free, confidential HIV testing and counseling to anyone who would like to know their HIV status. Staff makes appropriate referrals to HIV specialist providers as needed; some patients choose to receive primary care at an FPCN health center while receiving HIV-specific care elsewhere. This program provides:- HIV Testing and Counseling - STI Screening and Treatment- Primary Care- HIV Education- Referrals to specialists- Assistance accessing insurance and social services",['English'],Free,TRUE,https://www.facebook.com/TheFamilyPracticeandCounselingNetwork/,,"This program covers residents of the following counties: Bucks County, PA, Chester County, PA, Delaware County, PA, Montgomery County, PA and Philadelphia County, PA.",39.9670062,-75.215682,19139,FALSE,8:30AM - 6:00PM,8:30AM - 6:00PM,8:30AM - 6:00PM,8:30AM - 6:00PM,8:30AM - 6:00PM,8:30AM - 12:00PM,Closed,0,Mental Health
HIV/AIDS Prevention - Philadelphia HIV Prevention Street Outreach Project (Public Health Management Corporation PHMC),https://www.auntbertha.com//public-health-management-corporation-%2528phmc%2529--philadelphia-pa--hiv-aids-prevention---philadelphia-hiv-prevention-street-outreach-project/5926587295858688?postal=19111,"['health education', 'medical care', 'counseling', 'navigating the system']",,"['hiv/aids', 'substance dependency', 'individuals', 'in crisis', 'all ages']",215-985-2500,https://www.phmc.org/site/index.php,"1500 Market Street Suite 1500, Philadelphia, PA 19102","https://www.google.com/maps/?q=1500+Market+Street,+Philadelphia,+PA+19102/",[],available,"Philadelphia HIV Prevention Street Outreach Project program conduct health promotion services to individuals at high risk of HIV and viral Hepatitis C (HCV) infection and transmission through behaviors associated with their substance abuse. Services include HIV/HCV risk reduction education, counseling and referral to substance abuse, HCV screening and HIV early intervention.This program provides:- Risk reduction education- Counseling- Referrals",['English'],Free,TRUE,https://www.facebook.com/publichealthmanagementcorporation,https://www.twitter.com/@phmctweets,"This program covers residents of the following counties: Philadelphia County, PA.",39.9523167,-75.1664857,19102,FALSE,8:30AM - 5:00PM,8:30AM - 5:00PM,8:30AM - 5:00PM,8:30AM - 5:00PM,8:30AM - 5:00PM,Closed,Closed,4.1,Mental Health
HIV/AIDS Prevention (Public Health Management Corporation),https://www.auntbertha.com//public-health-management-corporation-%2528phmc%2529--philadelphia-pa--hiv-aids-prevention/6374267037941760?postal=19111,"['sex education', 'checkup & test', 'counseling', 'navigating the system']",,"['teens', 'african american', 'female']",215-985-2500,http://www.phmc.org/site/programs/health-promotion/hiv-aids-prevention#ystc,"1500 Market Street, Philadelphia, PA 19102","https://www.google.com/maps/?q=1500+Market+Street,+Philadelphia,+PA+19102/",['This program helps people who are 14 to 18 years old.'],available,"Sisters Informing, Healing, Living and Empowering (SIHLE) is an evidence-based, gender-specific, peer-led, social skills training intervention to help reduce HIV sexual risk behaviors among sexually active African American girls.The SIHLE intervention offers its participants on-site, confidential, rapid HIV counseling, testing and referral services conducted by the Women's Anonymous Test Site, a program of the Health Federation of Philadelphia.This program provides:- HIV testing- HIV counseling- Referral services",['English'],Free,TRUE,https://www.facebook.com/publichealthmanagementcorporation,https://www.twitter.com/@phmctweets,"This program covers residents of the following counties: Philadelphia County, PA.",39.9523167,-75.1664857,19102,FALSE,8:30AM - 5:00PM,8:30AM - 5:00PM,8:30AM - 5:00PM,8:30AM - 5:00PM,8:30AM - 5:00PM,Closed,Closed,3.3,Mental Health
HIV/AIDS Prevention-Young Sisters Take Charge YSTC (Public Health Management Corporation),https://www.auntbertha.com//public-health-management-corporation-%2528phmc%2529--philadelphia-pa--hiv-aids-prevention-young-sisters-take-charge-%2528ystc%2529/6614475968872448?postal=19111,"['health education', 'checkup & test', 'counseling', 'navigating the system']",,"['adults', 'young adults', 'teens', 'children', 'female', 'hiv/aids', 'african american']",215-985-2500,http://www.phmc.org/site/programs/health-promotion/hiv-aids-prevention#nphiv,"1500 Market St, Philadelphia, PA 19102","https://www.google.com/maps/?q=1500+Market+St,+Philadelphia,+PA+19102/",['This program serves women and girls.'],available,"Young Sisters Take Charge (YSTC) program is a one-day, community-based HIV prevention and education event targeting African American women and girls. YSTC also offers on-site, confidential, rapid HIV counseling, testing and referral services conducted by the Women's Anonymous Test Site, a program of the Health Federation of Philadelphia.This program provideS: - HIV education and prevention- HIV testing- HIV counseling",['English'],Free,TRUE,https://www.facebook.com/publichealthmanagementcorporation,https://www.twitter.com/@phmctweets,"This program covers residents of the following counties: Philadelphia County, PA.",39.9521634,-75.1661894,19102,FALSE,8:30AM - 5:00PM,8:30AM - 5:00PM,8:30AM - 5:00PM,8:30AM - 5:00PM,8:30AM - 5:00PM,Closed,Closed,3.3,Mental Health
HIV/AIDS Program HAP - Medical Case Management (Family Service Association of Bucks County),https://www.auntbertha.com//family-service-association-of-bucks-county--langhorne-pa--hiv-aids-program-%2528hap%2529---medical-case-management/4724425396060160?postal=19111,"['health education', 'hiv treatment', 'mental health care', 'counseling', 'sexual and reproductive health', 'navigating the system', 'case management', 'one-on-one support']",,"['adults', 'young adults', 'teens', 'seniors', 'lgbtqia+', 'infectious disease', 'hiv/aids', 'individuals', 'low-income', 'uninsured', 'underinsured']",215-985-2437,https://www.fsabc.org/program/hiv-aids-program/,"4 Cornerstone Dr, Langhorne, PA, United States, Pennsylvania","https://www.google.com/maps/place/4+Cornerstone+Dr,+Langhorne,+PA+19047/@40.1887548,-74.8875794,729m/data=!3m2!1e3!4b1!4m6!3m5!1s0x89c153e5e547ef19:0xf0130265c98650dc!8m2!3d40.1887548!4d-74.8850045!16s%2Fg%2F11c18b8g_6?entry=ttu&g_ep=EgoyMDI1MDMzMC4wIKXMDSoASAFQAw%3D%3D","['Proof of HIV+ status', 'Must reside in Philadelphia, Bucks, Montgomery, Chester or Delaware County in PA, or in Southern NJ', 'This program helps people with income at or below 500% of federal poverty guidelines.']",available,"The Family Service HIV/AIDS Program (HAP) is a gateway service, connecting recently diagnosed individuals and those who have been living with the virus for years, with the tools and resources necessary to achieve ongoing wellness and self-sufficiency. Services are confidential and free of charge.

Services include medical case management and support and education in navigating medical care, medication benefits, treatment adherence and counseling, prevention techniques, support groups, transportation, emergency food & supplements, nutritional information, oral health care. housing and more.

All services are free of charge. To connect with Medical Case Management services, call the Health Information Hotline at 1-800-985-2437. Please mention the HAP program, and state that you are interested in receiving support Family Service. After receiving your referral from the Hotline, a Medical Case Manager will call you within 24 to 48 hours of that referral.",['English'],Free,TRUE,https://www.facebook.com/FamilyServiceBucks,https://www.twitter.com/@FSABucksCo,"This program covers residents of the following counties: Bucks County, PA, Chester County, PA, Delaware County, PA, Montgomery County, PA and Philadelphia County, PA.",40.1887548,-74.8875794,19047,FALSE,9:00AM - 5:00PM,9:00AM - 5:00PM,9:00AM - 5:00PM,9:00AM - 5:00PM,9:00AM - 5:00PM,Closed,Closed,0,Mental Health
HIV/STD Services Program (Spectrum Health Services),https://www.auntbertha.com//spectrum-health-services--philadelphia-pa--hiv-std-services-program/6065915239071744?postal=19111,"['health education', 'checkup & test', 'disease screening', 'vaccinations', 'mental health care', 'navigating the system']",,"['hiv/aids', 'individuals', 'all ages']",215-471-2761,https://www.spectrumhs.org/services/hiv-services/,"1415 North Broad Street, Philadelphia, PA 19122","https://www.google.com/maps/?q=1415+North+Broad+Street,+Philadelphia,+PA+19122/",['Must meet income and household size requirements.'],available,"Spectrum Health Services provides patients with HIV and STDs care and treatment, including screening and testings.This program provides:- Annual screenings- Information and education on the transmission, signs/symptoms, and treatment/cure of various STDs- Linkage to primary care services for HIV/STD treatment if you have tested positive- Behavioral health support to help manage your mood as well as other onsite resources available",['English'],Sliding Scale,TRUE,None,None,"This program covers residents of the following counties: Philadelphia County, PA.",39.9748703,-75.1575497,19122,FALSE,8:00AM - 5:00PM,8:00AM - 5:00PM,8:00AM - 5:00PM,8:00AM - 5:00PM,8:00AM - 5:00PM,Closed,Closed,0,Mental Health
Hospice and Palliative care (Maplewood Nursing & Rehabilitation Center),https://www.auntbertha.com//maplewood-nursing-%2526-rehabilitation-center--philadelphia-pa--hospice-and-palliative-care/5217369276022784?postal=19104,"['end-of-life care', 'bereavement', 'hospice']",,"['all ages', 'post-treatment', 'facing end of life', 'terminal illness', 'benefit recipients']",215-844-8806,https://maplewoodhealthpa.com/services-amenities/,"125 West School House Lane, Philadelphia, PA 19144","https://www.google.com/maps/?q=125+West+School+House+Lane,+Philadelphia,+PA+19144/",['Must have Medicare or Medicaid.'],available,"Maplewood Nursing & Rehabilitation Center’s hospice care is designed to support patients and their loved ones during the final phase of terminal illness. Our services focus on  comfort and quality of life, enabling patients to live each day as alert,  pain-free, and fully as possible.Services include:- End-of-life CareMaplewood Nursing & Rehabilitation Center accepts Medicare & Medicaid.",['English'],Reduced Cost,TRUE,None,None,"This program covers residents of the following counties: Philadelphia County, PA.",40.0326252,-75.1754687,19144,FALSE,8:00AM - 5:00PM,8:00AM - 5:00PM,8:00AM - 5:00PM,8:00AM - 5:00PM,8:00AM - 5:00PM,Closed,Closed,4.1,Mental Health
Housing First Treatment Teams and the Housing First Model (Horizon House),https://www.auntbertha.com//horizon-house--philadelphia-pa--housing-first-treatment-teams-and-the-housing-first-model/4666716061171712?postal=19131,"['daily life skills', 'prescription assistance', 'prevent & treat', 'substance abuse counseling']",,"['all ages', 'all disabilities', 'substance dependency', 'homeless']",267-930-5412,https://www.hhinc.org/homeless-services-overview/housing/,"5901 Market Street, Philadelphia, PA 19139","https://www.google.com/maps/?q=5901+Market+Street,+Philadelphia,+PA+19139/",['This program serves people experiencing homelessness.'],available,"Housing First Treatment Teams provide support services using the models “Housing First” and “Assertive Community Treatment”. This program supports chronically homeless persons with behavioral health disorders who have not been able to address their behavioral health and/or drug and alcohol issues or maintain housing through more traditional treatment approaches.This program provides:- Crisis assessment and intervention 24/7- System assessment- Management and treatment- Prescription- Administration documentation and monitoring of medication- Mental health and/or addiction counseling (individual or group)- Activities of daily living instruction- Using public transportation- Assistance accessing benefits (medical, SSI or SSD, food stamps)- Education or employment assistance- Specialized counseling and therapyFor more information about services in Philadelphia County, please call 215-386-3838, ext. 12667. For more information about services in Delaware County, please call 610-328-1306.",['English'],Reduced Cost,TRUE,https://www.facebook.com/horizonhouseinc/?fref=ts,,"This program covers residents of the following counties: Delaware County, PA and Philadelphia County, PA.",39.9620586,-75.239132,19139,FALSE,8:00AM - 5:00PM,8:00AM - 5:00PM,8:00AM - 5:00PM,8:00AM - 5:00PM,8:00AM - 5:00PM,Closed,Closed,0,Mental Health
Hub of Hope (Project HOME),https://www.auntbertha.com//project-home--philadelphia-pa--hub-of-hope/5134319057633280?postal=19111,"['meals', 'help find housing', 'primary care', 'checkup & test', 'personal hygiene', 'mental health evaluation', 'sexual and reproductive health', 'community support services', 'navigating the system', 'help fill out forms', 'case management', 'one-on-one support']",,"['all ages', 'individuals', 'families', 'homeless']",215-309-5225,https://projecthome.org/hub-hope,"1400 Arch Street, Philadelphia, PA 19102","https://www.google.com/maps/?q=1400+Arch+Street,+Philadelphia,+PA+19102/",[],available,"The Hub of Hope offers a safe place where people who are experiencing homelessness can enjoy a warm cup of coffee, take a shower, wash their laundry, and speak to peers or resource coordinators and ultimately, begin the process of finding a permanent home.  In addition to social services, the Hub of Hope offers a range of health care services, including—primary medical care, behavioral health care, and reproductive health services.This program provides:- Primary care- Mental health care- Women's health- Help completing housing applications- Showers- Meals- Laundry facilities- One on one support- Meals on the weekend",['English'],Free,TRUE,https://www.facebook.com/projectHOME/,https://www.twitter.com/@ProjectHOME,"This program covers residents of the following cities: Philadelphia, PA.",39.9542144,-75.1641174,19102,FALSE,7:00AM - 4:00PM,7:00AM - 4:00PM,7:00AM - 4:00PM,7:00AM - 4:00PM,7:00AM - 4:00PM,Closed,Closed,3,Mental Health
Human Services (African Family Health Organization),https://www.auntbertha.com//african-family-health-organization-%2528afaho%2529--philadelphia-pa--human-services/5355967947210752?postal=19131,"['temporary shelter', 'food pantry', 'mental health care', 'navigating the system', 'case management']",,"['all ages', 'immigrants', 'refugees', 'individuals', 'families']",215-546-1232,http://afaho.org/human-services/,"2420 South 45th Street, Philadelphia, PA 19143","https://www.google.com/maps/?q=2420+South+45th+Street,+Philadelphia,+PA+19143/",['This program serves African and Caribbean immigrants/refugees.'],available,"AFAHO’s multi-lingual and bi-cultural case managers assist clients in mitigating the myriad of barriers they face in accessing critical health and social services which play a vital role in their successful integration, improved health, and ability to be self-sufficient. This program provides:- Behavioral health - Domestic violence awareness and support- Housing assistance and monthly food assistance- Elders' programming- Individual case management- Family case management","['Arabic', 'English', 'French', 'Kinyarwanda', 'Swahili', 'Yoruba']",Free,TRUE,https://www.facebook.com/The-Salvation-Army-Nampa-Idaho-208522825852957/,https://www.twitter.com/@AFAHO,"This program covers residents of the following cities: Philadelphia, PA.",39.9454475,-75.208596,19143,FALSE,8:00AM - 5:00PM,8:00AM - 5:00PM,8:00AM - 5:00PM,8:00AM - 5:00PM,8:00AM - 5:00PM,Closed,Closed,0,Mental Health
Individual Counseling (Women In Transition),https://www.auntbertha.com//women-in-transition-%2528wit%2529--philadelphia-pa--individual-counseling/5132597714747392?postal=19104,"['individual counseling', 'navigating the system', 'advocacy & legal aid']",,"['adults', 'young adults', 'teens', 'seniors', 'abuse or neglect survivors', 'domestic violence survivors', 'sexual assault survivors', 'substance dependency']",215-751-1111,https://www.helpwomen.org/counseling-advocacy,"718 Arch Street, Philadelphia, PA 19106","https://www.google.com/maps/?q=718+Arch+Street,+Philadelphia,+PA+19106/",['This program serves those who are or have been affected by domestic violence and/or substance abuse.'],Not specified,"WIT offers Individual counseling that is available to those who are currently experiencing domestic violence and/or substance abuse, or have experienced domestic violence/substance abuse in the past. In individual counseling, your counselor will support you in gaining control over your life, choosing your own actions, and moving forward towards safety and sobriety. Your counselor will help you create a goal plan, serve as an advocate to you, and support you in processing your experience.This program provides:- One-on-one counseling- Individualized planning- Personal advocacy such as, preparing for a job interview, accompaniment to Family Court, navigating various systems in the cityWIT offers Playcare for children during business hours upon request. All sessions are 100% free and confidential. If you are interested in scheduling an appointment, contact the LifeLine at 215-751-1111.",['English'],Free,FALSE,https://www.facebook.com/pages/Women-In-Transition/168983453161507,https://www.twitter.com/@helpwomen,"This program covers residents of the following counties: Philadelphia County, PA.",39.952915,-75.1523431,19106,FALSE,9:00AM - 5:00PM,9:00AM - 5:00PM,9:00AM - 5:00PM,9:00AM - 5:00PM,9:00AM - 5:00PM,Closed,Closed,4.9,Mental Health
"Individual Therapy for Adults (Inner Balance Psychology Center, LLC)
",https://www.auntbertha.com//inner-balance-psychology-center%252C-llc--philadelphia-pa--individual-therapy-for-adults/5662884161126400?postal=19104,"['outpatient treatment', 'specialized therapy', 'mental health care', 'individual counseling', 'navigating the system']",,"['adults 18+', 'individuals', 'benefit recipients', 'all mental health']",267-534-3533,https://www.innerbalancepsychology.com/individual-therapy-for-adults/,"1628 John F Kennedy Boulevard Suite 1003, Philadelphia, PA 19103","https://www.google.com/maps/?q=1628+John+F+Kennedy+Boulevard,+Philadelphia,+PA+19103/","['This program helps people who are older than 17 years old.', 'Must have Medicare.']",available,"Inner Balance Psychology Center provides a safe and supportive environment for individuals so that they can process painful memories and feelings in an objective non-judgmental atmosphere. The therapist provides objective support and aids individuals with finding ways of coping with stress, negative feelings and challenges. This program provides:- Individual counseling-Evidence-based therapy such as Cognitive-Behavioral Therapy (CBT), Acceptance and Commitment Therapy (ACT), Psychodynamic, Exposure and Response Prevention (ERP), Interpersonal Therapy and Solution TherapySelect providers at Inner Balance Psychology Center accept Medicare.",['English'],Reduced Cost,TRUE,https://www.facebook.com/ibpcllc/,,"This program covers residents of the following counties: Burlington County, NJ, Mercer County, NJ and Philadelphia County, PA.",39.9536633,-75.1680817,19103,FALSE,9:00AM - 8:00PM,9:00AM - 8:00PM,9:00AM - 8:00PM,9:00AM - 8:00PM,9:00AM - 6:00PM,9:00AM - 5:00PM,Closed,3,Mental Health
Inpatient and Halfway House Services (Gaudenzia),https://www.auntbertha.com//gaudenzia--philadelphia-pa--inpatient-and-halfway-house-services/5739860398440448?postal=19131,"['residential housing', 'long-term housing', 'short-term housing', 'addiction & recovery', 'residential treatment', 'mental health care']",,"['adults 18+', 'female', 'male', 'chronic illness', 'with children', 'homeless', 'all mental health', 'substance dependency']",833-976-4357,https://www.gaudenzia.org/addiction-treatment-programs/residential-housing-options/,"2100 West Venango Street, Philadelphia, PA 19140","https://www.google.com/maps/?q=2100+West+Venango+Street,+Philadelphia,+PA+19140/",['This program serves individuals and families affected by substance abuse.'],available,"Inpatient and Halfway House Services are available for adults, women with children, homeless individuals, and individuals with chronic medical conditions. This program helps with short, moderate, and long-term Substance Use Disorder (SUD) co-occurring and mental health services.This program provides:- Inpatient services- Halfway houseGaudenzia services are available to everyone, regardless of insurance. They also accept Medicaid and Medicare.",['English'],Reduced Cost,TRUE,https://www.facebook.com/gaudenziaorg/,https://www.twitter.com/@Gaudenzia,"This program covers residents of the following states: DE, MD and PA.",40.0088613,-75.163186,19140,FALSE,8:00AM - 5:00PM,8:00AM - 5:00PM,8:00AM - 5:00PM,8:00AM - 5:00PM,8:00AM - 5:00PM,Closed,Closed,4.5,Mental Health
Inpatient Treatment (Malvern Treatment Centers),https://www.auntbertha.com//malvern-treatment-centers--philadelphia-pa--inpatient-treatment/5184736817577984?postal=19131,"['addiction & recovery', 'detox', 'residential treatment', 'group therapy', 'residential care']",,"['adults 18+', 'substance dependency']",610-625-8376,https://www.malverntreatment.com/programs/inpatient-treatment/,"1930 South Broad Street, Philadelphia, PA 19145","https://www.google.com/maps/?q=1930+South+Broad+Street,+Philadelphia,+PA+19145/","['Must have Medicaid or other insurance.', 'This program helps people who are older than 17 years old.']",available,The Malvern Inpatient Treatment program allows patients to achieve lasting sobriety by providing them with all the skills and knowledge they need to remain sober indefinitely. This program provides:  - Psychotherapy - Substance use treatment Services also include: - Personalized treatment plan - Psychoeducation - Therapy,['English'],Reduced Cost,TRUE,https://www.facebook.com/malverninstituteC/,https://www.twitter.com/https://twitter.com/malvrninstitute,"This program covers residents of the following counties: Chester County, PA, Montgomery County, PA and Philadelphia County, PA.",39.926294,-75.170244,19145,TRUE,0:00AM - 11:59PM,0:00AM - 11:59PM,0:00AM - 11:59PM,0:00AM - 11:59PM,0:00AM - 11:59PM,0:00AM - 11:59PM,0:00AM - 11:59PM,0,Mental Health
Inpatient Treatment for Adults (Fairmount Behavioral Health System),https://www.auntbertha.com//fairmount-behavioral-health-system--philadelphia-pa--inpatient-treatment-for-adults/4765349447467008?postal=19111,"['mental health care', 'mental health evaluation', 'hospital treatment']","['checkup & test', 'group therapy', 'individual counseling', 'medications for mental health']","['adults 18+', 'benefit recipients', 'all mental health', 'dual diagnosis']",215-487-4100,https://fairmountbhs.com/programs-services/adult-treatment/adult-inpatient-program/,"561 Fairthorne Avenue, Philadelphia, PA 19128","https://www.google.com/maps/?q=561+Fairthorne+Avenue,+Philadelphia,+PA+19128/","['Must have Medicare or Medicaid.', 'This program helps people who are 18 to 65 years old.']",available,"Fairmount Behavioral Health System offers a specialized level of psychiatric care designed to meet the individual treatment needs of adults.Services include:- Psychiatric evaluation- Psychosocial assessment- Nursing assessment- History and physical exam- Medical and surgical consults- Dietary consults- Psychological screening and testing (by referral)- Individual, family and group therapy- Diagnostic testing (lab, x-ray, EKG, MRI, CT, etc.)- Therapeutic recreation- Continuing care planning- Dental services- PsychopharmacologyWe accept Medicare and Medicaid. If a psychiatric disorder or chemical dependency affects you or a loved one, please call us. We are available 24 hours a day, seven days a week to perform no-cost assessments and answer questions on programs and admissions.",['English'],Reduced Cost,TRUE,https://www.facebook.com/FairmountBH,,"This program covers residents of the following counties: Philadelphia County, PA.",40.0434701,-75.2217431,19128,TRUE,0:00AM - 11:59PM,0:00AM - 11:59PM,0:00AM - 11:59PM,0:00AM - 11:59PM,0:00AM - 11:59PM,0:00AM - 11:59PM,0:00AM - 11:59PM,2,Mental Health
Integrated Services Supporting Independence (Volunteers of America Delaware Valley),https://www.auntbertha.com//volunteers-of-america-delaware-valley--philadelphia-pa--integrated-services-supporting-independence-%2528issi%2529/5868569196232704?postal=19131,"['mental health care', 'counseling', 'mental health evaluation', 'understand mental health', 'navigating the system', 'one-on-one support']",,"['adults', 'all mental health']",215-229-6434,http://www.voadv.org/behavioral-health,"2601 North Broad Street, Philadelphia, PA 19132","https://www.google.com/maps/?q=2601+North+Broad+Street,+Philadelphia,+PA+19132/","['This program helps people who are older than 17 years old.', 'Must be a Philadelphia resident for at least six months.', 'Must be diagnosed with adult priority  targeted mental illness and referred by The Department of Behavioral Health.', 'Must be clean and sober for at least nine months and demonstrate a minimum proficiency in independent living.']",available,"Integrated Services Supporting Independence (ISSI) 14-bed residential program for mentally ill with co-occuring disorders providing case management, an integrated approach to treatment and rehabilitation, continuation of treatment and extended aftercare reintegration services as well as 24-hour case management. Due to Covid-19 visitation and access to the facilities is restricted until further notice.",['English'],Reduced Cost,TRUE,https://www.facebook.com/pages/VOLUNTEERS-OF-AMERICA-DELAWARE-VALLEY/115089443808,https://www.twitter.com/@voadv,"This program covers residents of the following counties: Philadelphia County, PA.",39.9923325,-75.154481,19132,FALSE,8:00AM - 5:00PM,8:00AM - 5:00PM,8:00AM - 5:00PM,8:00AM - 5:00PM,8:00AM - 5:00PM,Closed,Closed,5,Mental Health
Integrated Services Supporting Independence ISSI (Volunteers of America Delaware Valley),https://www.auntbertha.com//volunteers-of-america-delaware-valley--philadelphia-pa--integrated-services-supporting-independence-%2528issi%2529/5868569196232704?postal=19104,"['mental health care', 'counseling', 'mental health evaluation', 'understand mental health', 'navigating the system', 'one-on-one support']",,"['adults', 'all mental health']",856-854-4660,http://www.voadv.org/behavioral-health,"2601 North Broad Street, Philadelphia, PA 19132","https://www.google.com/maps/?q=2601+North+Broad+Street,+Philadelphia,+PA+19132/","['This program helps people who are older than 17 years old.', 'Must be a Philadelphia resident for at least six months.', 'Must be diagnosed with adult priority  targeted mental illness and referred by The Department of Behavioral Health.', 'Must be clean and sober for at least nine months and demonstrate a minimum proficiency in independent living.']",available,"Integrated Services Supporting Independence (ISSI) 14-bed residential program for mentally ill with co-occuring disorders providing case management, an integrated approach to treatment and rehabilitation, continuation of treatment and extended aftercare reintegration services as well as 24-hour case management. Due to Covid-19 visitation and access to the facilities is restricted until further notice.",['English'],Reduced Cost,TRUE,https://www.facebook.com/pages/VOLUNTEERS-OF-AMERICA-DELAWARE-VALLEY/115089443808,https://www.twitter.com/@voadv,"This program covers residents of the following counties: Philadelphia County, PA.",39.9923325,-75.154481,19132,FALSE,8:00AM - 5:00PM,8:00AM - 5:00PM,8:00AM - 5:00PM,8:00AM - 5:00PM,8:00AM - 5:00PM,Closed,Closed,5,Mental Health
Intensive Behavioral Health Services - Individual Services (Malvern Community Health Services),https://www.auntbertha.com//malvern-community-health-services--philadelphia-pa--intensive-behavioral-health-services---individual-services/6376344842928128?postal=19131,"['daily life skills', 'counseling', 'in-home support', 'mental health care', 'family counseling', 'mental health evaluation']",['medications for mental health'],"['young adults', 'teens', 'children', 'families', 'benefit recipients', 'parents', 'all mental health']",215-924-0684,https://malvernchs.com/services/intensive-behavioral-health-services/,"6006 West Girard Avenue, Philadelphia, PA 19151","https://www.google.com/maps/?q=6006+West+Girard+Avenue,+Philadelphia,+PA+19151/",['This program helps people who are 3 to 21 years old.'],available,"Our Intensive Behavioral Health Services - Individual Services provide intensive behavioral health support for children and youth between the ages of 3 and 18, who have serious emotional or behavioral issues and their schools and families want on-location services. In some cases, eligibility may extend to age 21 for youth who are still in school and need behavioral support.

This program provides:

- Prescriptions (Written Orders) for IBHS
- Interventions provided in home, school, and/or community
- Behavioral consultations for treatment planning and interventions
- Mobile therapy services
- Behavioral health technician staff

These services are funded by Pennsylvania Medical Assistance and select private insurance health plans.  If you do not have Medical Assistance, we can help with your eligibility.  

Referrals for services can be called into our office by the parent or legal guardian. You do not need a specialty referral from your primary healthcare provider.",['English'],Sliding Scale,TRUE,https://www.facebook.com/pbhsitrevose/,https://www.twitter.com/@pbhsi,"This program covers residents of the following counties: Berks County, PA, Bucks County, PA, Lehigh County, PA, Montgomery County, PA and Philadelphia County, PA.",39.9696013,-75.23993,19151,FALSE,8:00AM - 5:00PM,8:00AM - 5:00PM,8:00AM - 5:00PM,8:00AM - 5:00PM,8:00AM - 5:00PM,Closed,Closed,0,Mental Health
Intensive Behavioral Health Services IBHS (Gemma Services),https://www.auntbertha.com//gemma-services--philadelphia-pa--intensive-behavioral-health-services-%2528ibhs%2529/6328158174576640?postal=19104,"['understand mental health', 'mental health care', 'family counseling', 'individual counseling', 'mental health evaluation', 'one-on-one support']",,"['young adults', 'teens', 'children', 'benefit recipients', 'all mental health']",267-297-5170,https://gemmaservices.org/community/mental-health/,"7301 Germantown Avenue, Philadelphia, PA 19119","https://www.google.com/maps/?q=7301+Germantown+Avenue,+Philadelphia,+PA+19119/","['Must have Medicaid.', 'This program helps people who are 4 to 21 years old.']",available,"INTENSIVE BEHAVIORAL HEALTH SERVICES
Children, teens, and young adults up to age 21 who are experiencing emotional or behavioral challenges may benefit from our community-based Intensive Behavioral Health Services (IBHS). This program is designed to give each individual the tools they need to face challenges with a greater sense of strength and resilience. Our services are provided for high schools in zip codes 19128, 19138, and 19150. Our team of Behavior Consultants and Mobile Therapists work with each child, adolescent, or young adult, and their family to develop an individualized plan to address specific needs and difficulties. Services may include:

Assessment across settings that are typical for a child, teen, or youth adult
Functional Behavioral Assessments
Individual and family therapy
Behavior Consultation across home, school, and community settings to develop interventions to teach skills and improve overall functioning
1:1 individual support in a specific identified setting with a Behavioral Health Technician to teach skills
FOR REFERRALS OR INFORMATION ABOUT IBHS, PLEASE CALL (267) 297-5170.",['English'],Free,TRUE,https://www.facebook.com/GemmaServices.org/,,"This program covers residents of the following counties: Philadelphia County, PA.",40.0617485,-75.1907886,19119,FALSE,8:00AM - 5:00PM,8:00AM - 5:00PM,8:00AM - 5:00PM,8:00AM - 5:00PM,8:00AM - 5:00PM,Closed,Closed,3.7,Mental Health
Intensive Outpatient Program (Casa de Consejeria),https://www.auntbertha.com//casa-de-consejeria--philadelphia-pa--intensive-outpatient-program/5630846852399104?postal=19131,"['addiction & recovery', 'outpatient treatment', 'substance abuse counseling']",,"['adults 18+', 'individuals', 'benefit recipients', 'substance dependency']",215-634-3259,https://www.casacares.net/Services/IntensiveOutpatientProgram/tabid/122/Default.aspx,"616 West Lehigh Avenue, Philadelphia, PA 19133","https://www.google.com/maps/?q=616+West+Lehigh+Avenue,+Philadelphia,+PA+19133/","['Must have Medicaid.', 'Must reside in Philadelphia.']",available,CASA’s Intensive Outpatient treatment program specializes in implementing multifaceted therapy approaches in conjunction with preventive education. CASA also supplements these approaches by integrating a variety of supportive services in a holistic context in order to increase resilience and assist individuals through their recovery process.Services include:- Outpatient treatmentCASA accepts Medicaid.,['English'],Reduced Cost,TRUE,https://www.facebook.com/casacaresinc?ref=aymt_homepage_panel,https://www.twitter.com/@CasaConsejeria,"This program covers residents of the following cities: Philadelphia, PA.",39.9922578,-75.142821,19133,FALSE,8:00AM - 8:00PM,8:00AM - 8:00PM,8:00AM - 4:00PM,8:00AM - 8:00PM,8:00AM - 4:00PM,Closed,Closed,4.3,Mental Health
Intensive Outpatient Program (IOP) at Mazzoni Center (Mazzoni Center),https://www.auntbertha.com//mazzoni-center--philadelphia-pa--intensive-outpatient-program-%2528iop%2529-at-mazzoni-center/4921265385242624?postal=19131,"['addiction & recovery', 'substance abuse counseling', 'peer recovery coaching', 'support network', 'peer support', 'support groups']","['peer recovery coaching', 'support groups']","['adults', 'lgbtqia+', 'individuals', 'families', 'spouses', 'substance dependency']",215-563-0652,https://www.mazzonicenter.org/supportive-services/therapy-and-recovery/recovery-services/recovery-services-iopop,"1348 Bainbridge Street, Philadelphia, PA 19147","https://www.google.com/maps/?q=1348+Bainbridge+Street,+Philadelphia,+PA+19147/",['This program helps people who are older than 17 years old.'],available,"Mazzoni Center provides a LGBTQ-focused Intensive Outpatient Program (IOP) for alcohol and substance use. This program provides an affirming, safe and respectful treatment opportunity promoting growth and self-discovery.

This program provides:

- Multi-faceted group therapy    
- Aftercare planning
- Individual therapy    
- Medication-Assisted Treatment
- Psychiatric services    
- Peer-based support     
- Peer Recovery support
- Family therapy    
- Relapse prevention    
- Referrals to other Mazzoni Center supportive services

This program is exclusively for LGBTQ people.

We accept most major insurance plans, as well as Medicaid, and some Medicare plans. it is important to understand that all plans vary in coverage. As part of the intake process, they will determine your coverage and cost for IOP. If you are uninsured, we can help determine if you are eligible for special funding, such as Ryan White, to help cover costs. We offer a sliding scale to those who are uninsured and/or not eligible for other coverage.",['English'],Sliding Scale,TRUE,https://www.facebook.com/MazzoniCenter,https://www.twitter.com/@MazzoniCenter,"This program covers residents of the following counties: Philadelphia County, PA.",39.9426271,-75.165083,19147,FALSE,8:00AM - 9:00PM,8:00AM - 9:00PM,8:00AM - 9:00PM,8:00AM - 9:00PM,8:00AM - 5:00PM,Closed,Closed,3.4,Mental Health
Intensive Outpatient Programs (IOP)/Day Treatment - Youth (Youth Advocate Programs of Pennsylvania),https://www.auntbertha.com//youth-advocate-programs-of-pennsylvania--philadelphia-pa--intensive-outpatient-programs-%2528iop%2529-day-treatment---youth/6494806799548416?postal=19104,"['addiction & recovery', 'substance abuse counseling', 'counseling', 'individual counseling']",,"['teens', 'all mental health', 'substance dependency']",717-232-7580,http://www.yapinc.org/youth-bh,"900 West Jefferson Street, Philadelphia, PA 19122","https://www.google.com/maps/?q=900+West+Jefferson+Street,+Philadelphia,+PA+19122/",[],available,"Youth Advocate Programs offers an IOP program for its youth residents. IOP services are different from residential inpatient rehab programs and partial hospitalization programs in that treatment is generally part-time.  However, the intensive outpatient program is far more comprehensive than traditional outpatient programs that only consist of a few therapy sessions.  The IOP consists of numerous weekly therapy sessions at YAP's outpatient facility with experienced counselors (trained in addictions, eating disorders, etc.).Services offered:- Individual therapy- Substance abuse therapyTo make a self referral and inquire about specific services in your area please contact your local county office.",['English'],Free,TRUE,https://www.facebook.com/YAPINC1975/,https://www.twitter.com/https://twitter.com/YAPInc,"This program covers residents of the following counties: Adams County, PA, Allegheny County, PA, Bedford County, PA, Berks County, PA, Bradford County, PA, Carbon County, PA, Crawford County, PA, Dauphin County, PA, Franklin County, PA, Huntingdon County, PA, Juniata County, PA, Lackawanna County, PA, Lancaster County, PA, Lebanon County, PA, Lehigh County, PA, Mercer County, PA, Mifflin County, PA, Monroe County, PA, Northampton County, PA, Philadelphia County, PA, Pike County, PA, Schuylkill County, PA, Somerset County, PA, Susquehanna County, PA, Wyoming County, PA and York County, PA.",39.9740456,-75.1507073,19122,FALSE,8:00AM - 5:00PM,8:00AM - 5:00PM,8:00AM - 5:00PM,8:00AM - 5:00PM,8:00AM - 5:00PM,Closed,Closed,4.3,Mental Health
Intensive Prevention Services IPS (CORA Services),https://www.auntbertha.com//cora-services--philadelphia-pa--intensive-prevention-services-%2528ips%2529/4704997889802240?postal=19104,"['in-home support', 'family counseling', 'individual counseling', 'navigating the system', 'support network', 'one-on-one support']","['community support services', 'recreation', 'after school care', 'mentoring', 'tutoring']","['teens', 'children', 'benefit recipients', 'uninsured', 'all mental health']",215-342-7660,https://www.coraservices.org/,"8540 Verree Road, Philadelphia, PA 19111","https://www.google.com/maps/?q=8540+Verree+Road,+Philadelphia,+PA+19111/","['Must be approved for service by the funder: Phila DHS', 'This program helps people who are 10 to 17 years old.', 'Must reside in Philadelphia County']",available,"The Intensive Prevention Services (IPS) program is an early intervention program for youth ages 10 to 17 years old who exhibit high-risk or at-risk behaviors. IPS is designed to work with youth and families to prevent truancy, steer youth away from delinquency, improve school performance, enhance life and social skills, and strengthen family relationships. CORA takes a comprehensive approach, offering individual, group and family counseling complemented by group activities and case management. Our staff make school and home visits to determine what supports each participant requires to be successful and to work with parents/guardians to address issues that might be contributing to truant or delinquent behavior.

Services:

- Individual and family counseling
- Home and school visits
- Case management
- Professional Consultation with clients’ schools, other service systems or service providers

After-school group programming three days/week:

- Academic support
- Individual and group counseling
- Social-emotional competency building
- Mentoring
- Educational recreation
- Work-ready activities
- Community service/engagement

Youth between the ages of 10 and 17, who reside in Philadelphia County, and present with at least one of the following characteristics is eligible:

- Chronically truant
- Suspended from school 3 or more times or expelled in last 12 months
- Arrested within the past 12 months
- History of running away
- First time infraction on school grounds

Youth may be referred for service by a parent/guardian, an IPS program partner, or another agency.","['English', 'Spanish']",Free,TRUE,https://facebook.com/CORAServices,,"This program covers residents of the following counties: Philadelphia County, PA.",40.0817112,-75.0681416,19111,FALSE,8:00AM - 9:00PM,8:00AM - 8:00PM,8:00AM - 9:00PM,8:00AM - 9:00PM,8:00AM - 5:00PM,Closed,Closed,4.4,Mental Health
Intensive Prevention Services ISP (Philadelphia Anti-Drug/Anti-Violence Network),https://www.auntbertha.com//philadelphia-anti-drug-anti-violence-network-%2528paan%2529--philadelphia-pa--intensive-prevention-services-%2528isp%2529/5736693051949056?postal=19111,"['counseling', 'community support services', 'case management', 'one-on-one support']",,"['teens', 'children', 'students', 'individuals', 'families']",215-940-0550,https://www.paan1989.org/youth-violence-reduction-partners-y,"2700 North 17th Street, Philadelphia, PA 19132","https://www.google.com/maps/?q=2700+North+17th+Street,+Philadelphia,+PA+19132/",['This program helps people who are 10 to 17 years old.'],available,"IPS provides early intervention programming for boys and girls ages 10 to 17 years old who have been exhibiting at-risk behaviors in school, home or in the community, are having discipline problems at school or recurring conflicts at home, or have been diverted from possible arrest or formal court involvement.Services provided:- Case Management- Counseling- Site Based ProgrammingYouth attend after school activities to practice pro-social behavior with other young people.",['English'],Free,TRUE,https://www.facebook.com/PAANOrganization/,,"This program covers residents of the following counties: Philadelphia County, PA.",39.9952331,-75.1594176,19132,TRUE,0:00AM - 11:59PM,0:00AM - 11:59PM,0:00AM - 11:59PM,0:00AM - 11:59PM,0:00AM - 11:59PM,0:00AM - 11:59PM,0:00AM - 11:59PM,4.3,Mental Health
John Bell Health Center (The Institute for Community Justice),https://www.auntbertha.com//the-institute-for-community-justice--philadelphia-pa--john-bell-health-center/5728175074312192?postal=19111,"['nutrition education', 'addiction & recovery', 'medical care', 'primary care', 'checkup & test', 'disease screening', 'prevent & treat', 'mental health evaluation', 'case management']",,"['adults 18+', 'hiv/aids', 'individuals', 'low-income', 'uninsured', 'underinsured']",267-725-0252,https://fight.org/programs/john-bell-center/,"1207 Chestnut Street, Philadelphia, PA 19107","https://www.google.com/maps/?q=1207+Chestnut+Street,+Philadelphia,+PA+19107/",['This program helps people who are older than 17 years old.'],available,"The John Bell Health Center provides a safe space for people to access culturally competent, comprehensive primary medical care, regardless of the individual’s insurance status, ability to pay, or life circumstances. The team of compassionate providers focus on addressing each patient’s unique needs and challenges.This program provides:- Practitioner Examination- Medical History- Diagnostic Testing- Age Appropriate Cancer Screening- Routine Screening for Sexually Transmitted Infections, HIV, Hepatitis B and C with treatments as indicated- Screening and Preventative Care for Diabetes and Hypertension- Mental Health Screening and Referral- Nutrition Education- Smoking Cessation- Referrals for Specialty Care- Cervical and breast cancer screening- Case Management- Community Health Worker services- Behavioral Health Consultant- PrEP Counseling/ PrEP Assistance Program services- Rapid Hepatitis C & HIV Testing onsiteThe John Bell Health Center allows same-day scheduling as well as walk-ins for sick visits, while those who are able to adhere to appointments are encouraged to do so.",['English'],Reduced Cost,TRUE,https://www.facebook.com/FIGHTPHL/,https://www.twitter.com/@FIGHTPHL,"This program covers residents of the following counties: Bucks County, PA, Chester County, PA, Delaware County, PA, Montgomery County, PA and Philadelphia County, PA.",39.9507133,-75.160512,19107,FALSE,9:00AM - 5:00PM,9:00AM - 5:00PM,9:00AM - 5:00PM,9:00AM - 5:00PM,9:00AM - 5:00PM,Closed,Closed,4.4,Mental Health
Journey of Hope Project JOH (Philadelphia Department of Behavioral Health and Intellectual disAbility Services DBHIDS - Office of Addiction Services OAS),https://www.auntbertha.com//philadelphia-department-of-behavioral-health-and-intellectual-disability-services-%2528dbhids%2529---office-of-addiction-services-%2528oas%2529--philadelphia-pa--journey-of-hope-project-%2528joh%2529/4807644920676352?postal=19111,"['addiction & recovery', 'mental health evaluation', 'support network']",,"['adults', 'young adults', 'teens', 'seniors', 'homeless', 'substance dependency', 'alcohol dependency', 'dual diagnosis']",888-545-2600,https://dbhids.org/about/organization/office-of-mental-health/office-of-addiction-services/the-journey-of-hope-project/,"5000 Jackson Street, Philadelphia, PA 19124","https://www.google.com/maps/?q=5000+Jackson+Street,+Philadelphia,+PA+19124/","['Must meet the HUD definition of chronic homelessness (i.e. documented one year continuous homelessness or four episodes in three years).', 'Must be referred by an outreach worker.']",available,"The Journey of Hope Project offers individuals experiencing prolonged homelessness, substance use disorders, and co-occurring mental health challenges with an opportunity for free treatment and support services. The Project admits individuals directly from the street, shelters, and Safe Havens by reducing barriers to treatment admission. We provide the following: - Substance use, mental health, and nursing assessment at a Crisis Response Center- Transition into the most appropriate treatment setting to meet the client's needs- Upon completion of treatment, connection with permanent supportive housing opportunities- Ongoing outreach and follow-up to help support long-term sustained recovery in the communityReferrals for all of these programs come primarily from street homeless outreach teams, such as Project HOME, Horizon House, Hall Mercer, Self, Inc, and MHA, as well as from staff located within OSH shelters, DBH safe havens, and winter cafes via Bethesda, Horizon House and Project HOME.Journey of Hope Project is funded by Community Behavioral Health (CBH), Behavioral Health Special Initiative Program (BHSI), and The Department of Behavioral Health and Intellectual disAbility Services (DBHIDS).",['English'],Free,TRUE,https://www.facebook.com/DBHIDS,https://www.twitter.com/@dbhids,"This program covers residents of the following cities: Philadelphia, PA.",40.0155597,-75.0742328,19124,TRUE,0:00AM - 11:59PM,0:00AM - 11:59PM,0:00AM - 11:59PM,0:00AM - 11:59PM,0:00AM - 11:59PM,0:00AM - 11:59PM,0:00AM - 11:59PM,4.5,Mental Health
"Latina Domestic Violence Program (Congreso de Latinos Unidos, Inc.)",https://www.auntbertha.com//congreso-de-latinos-unidos%252C-inc.--philadelphia-pa--latina-domestic-violence-program-%2528ldvp%2529/5231651916349440?postal=19131,"['immediate safety', 'safe housing', 'safety education', 'individual counseling', 'navigating the system', 'support groups', 'advocacy & legal aid']",,"['teens', 'school-aged children', 'preschoolers', 'individuals', 'families', 'with children', 'limited english', 'trauma survivors', 'abuse or neglect survivors', 'domestic violence survivors', 'in crisis', 'in danger']",215-763-88701300,https://www.congreso.net/health-safety/domestic-violence-services/,"216 West Somerset Street, Philadelphia, PA 19133","https://www.google.com/maps/?q=216+West+Somerset+Street,+Philadelphia,+PA+19133/","['This program serves individuals who are/have been affected by domestic violence.', 'Must meet income requirements for Housing and Legal programs.', 'This program helps people who are 4 to 17 years old.']",available,"The Latina Domestic Violence Program (LDVP) is a free, confidential, and voluntary counseling and advocacy program for victims and survivors of domestic violence. This also includes children who have witnessed domestic violence and teens experiencing domestic violence, ages 4-17 years old. This program provides:- Individual counseling- Safety Planning- Domestic Violence Education for individuals and families- Weekly support groups in English/Spanish for individuals, parents, and children- Linkage to legal advice and representation in family law matters- Emergency relocation and rental/housing assistance- Referrals and linkage to community resources- Advocacy- Remote and In-person services offered at preference of clientCrisis counseling, safety planning, and resources are also available through the Philadelphia Domestic Violence Hotline – 866-723-3014.Friends and family members looking for resources to help a loved one can also contact Congreso de Latinos Unidos for additional support.When calling, please leave a message with a safe phone number and time to call back.","['English', 'Spanish']",Free,TRUE,https://www.facebook.com/Congreso1977/,https://www.twitter.com/@congreso1977,"This program covers residents of the following counties: Philadelphia County, PA.",39.9928854,-75.135429,19133,FALSE,10:00AM - 4:00PM,10:00AM - 4:00PM,10:00AM - 4:00PM,10:00AM - 4:00PM,Closed,Closed,Closed,4.3,Mental Health
"Latina Domestic Violence Program LDVP (Congreso de Latinos Unidos, Inc.)",https://www.auntbertha.com//congreso-de-latinos-unidos%252C-inc.--philadelphia-pa--latina-domestic-violence-program-%2528ldvp%2529/5231651916349440?postal=19111,"['immediate safety', 'safe housing', 'safety education', 'individual counseling', 'navigating the system', 'support groups', 'advocacy & legal aid']",,"['teens', 'school-aged children', 'preschoolers', 'individuals', 'families', 'with children', 'limited english', 'trauma survivors', 'abuse or neglect survivors', 'domestic violence survivors', 'in crisis', 'in danger']",215-763-8870,https://www.congreso.net/health-safety/domestic-violence-services/,"216 West Somerset Street, Philadelphia, PA 19133","https://www.google.com/maps/?q=216+West+Somerset+Street,+Philadelphia,+PA+19133/","['This program serves individuals who are/have been affected by domestic violence.', 'Must meet income requirements for Housing and Legal programs.', 'This program helps people who are 4 to 17 years old.']",available,"The Latina Domestic Violence Program (LDVP) is a free, confidential, and voluntary counseling and advocacy program for victims and survivors of domestic violence. This also includes children who have witnessed domestic violence and teens experiencing domestic violence, ages 4-17 years old. This program provides:- Individual counseling- Safety Planning- Domestic Violence Education for individuals and families- Weekly support groups in English/Spanish for individuals, parents, and children- Linkage to legal advice and representation in family law matters- Emergency relocation and rental/housing assistance- Referrals and linkage to community resources- Advocacy- Remote and In-person services offered at preference of clientCrisis counseling, safety planning, and resources are also available through the Philadelphia Domestic Violence Hotline – 866-723-3014.Friends and family members looking for resources to help a loved one can also contact Congreso de Latinos Unidos for additional support.When calling, please leave a message with a safe phone number and time to call back.","['English', 'Spanish']",Free,TRUE,https://www.facebook.com/Congreso1977/,https://www.twitter.com/@congreso1977,"This program covers residents of the following counties: Philadelphia County, PA.",39.9928854,-75.1354291,19133,FALSE,10:00AM - 4:00PM,10:00AM - 4:00PM,10:00AM - 4:00PM,10:00AM - 4:00PM,Closed,Closed,Closed,4.3,Mental Health
"Latino Treatment Program - Family Outpatient Evaluation and Counseling (COMHAR, Inc.)",https://www.auntbertha.com//comhar%252C-inc.--philadelphia-pa--latino-treatment-program---family-outpatient-evaluation-and-counseling/6340256966115328?postal=19131,"['outpatient treatment', 'counseling', 'group therapy', 'family counseling', 'individual counseling']",,"['adults 18+', 'families', 'limited english', 'latino', 'all mental health']",267-861-4382,https://www.comhar.org/mental-health-wellness,"2600 North American Street, Philadelphia, PA 19133","https://www.google.com/maps/?q=2600+North+American+Street,+Philadelphia,+PA+19133/","['Must have Medicare or Medical Assistance.', 'This program helps people who are older than 4 years old.']",available,"COMHAR offers outpatient evaluation and counseling for children, adults and families whose primary language is Spanish. Services include:- Psychiatric evaluation- Medication management- Family therapy, individual and group therapy for childrenThis provider accepts Medicare as well as other insurance providers such as Medical Assistance, Community Behavioral Health, Cigna Health Springs, Keystone VIP First, Magellan Health Partners.","['English', 'Spanish']",Reduced Cost,TRUE,,,"This program covers residents of the following counties: Bucks County, PA, Burlington County, PA, Camden County, PA, Cecil County, PA, Chester County, PA, Delaware County, PA, Gloucester County, PA, Montgomery County, PA, New Castle County, PA, Philadelphia County, PA and Salem County, PA.",39.990206,-75.136872,19133,FALSE,8:00AM - 8:00PM,8:00AM - 8:00PM,8:00AM - 8:00PM,8:00AM - 8:00PM,8:00AM - 8:00PM,9:00AM - 5:00PM,Closed,2.3,Mental Health
Latinx Psychoeducational Groups (Women Organzied Against Rape),https://www.auntbertha.com//women-organized-against-rape-%2528woar%2529--philadelphia-pa--latinx-psychoeducational-groups/5581093415682048?postal=19131,"['health education', 'sex education', 'counseling', 'support groups']",,"['all ages', 'limited english', 'latino', 'trauma survivors', 'sexual assault survivors']",215-606-8490,https://www.woar.org/latinx/,"1617 John F Kennedy Boulevard, Philadelphia, PA 19134","https://www.google.com/maps/?q=1617+John+F+Kennedy+Boulevard,+Philadelphia,+PA+19134/",['This program serves Latinx/Hispanic individuals who have experienced sexual assault.'],available,WOAR provides Latinx Psychoeducational Groups aimed at their Hispanic communities. These groups support individuals affected and impacted by violence by providing a supportive space for them to heal.This program provides: - Psychoeducational support group- Health education,"['English', 'Spanish']",Free,TRUE,https://www.facebook.com/wellness.com,https://www.twitter.com/@wellnessgroup,"This program covers residents of the following counties: Philadelphia County, PA.",39.9540975,-75.16733,19134,FALSE,9:00AM - 5:00PM,9:00AM - 5:00PM,9:00AM - 5:00PM,9:00AM - 5:00PM,9:00AM - 5:00PM,Closed,Closed,0,Mental Health
Lifeline (CORA Services),https://www.auntbertha.com//cora-services--philadelphia-pa--lifeline/4853418483253248?postal=19111,"['parenting education', 'group therapy', 'family counseling', 'individual counseling', 'navigating the system', 'case management', 'one-on-one support']",['support network'],"['young adults', 'teens', 'female', 'male', 'parents']",215-342-7660,https://www.coraservices.org/services/child-family-services/lifeline/,"8540 Verree Road, Philadelphia, PA 19111","https://www.google.com/maps/?q=8540+Verree+Road,+Philadelphia,+PA+19111/",['Services are available to young parents 21 or younger (males & females) who reside in Philadelphia County.'],available,"Lifeline provides support and information services to pregnant or parenting teens and young adults  
Services:

- Initial assessment and service planning
- Case management
- Rotating 8 week parenting support sessions
- Parenting education, pregnancy & labor education, access to resources
- Delivers group workshops to prevent teen dating violence
- Disseminates health information at community fairs

To access services, contact CORA’s Community Services Division to discuss your needs.",['English'],Free,TRUE,https://facebook.com/CORAServices,,"This program covers residents of the following counties: Philadelphia County, PA.",40.0817112,-75.0681416,19111,FALSE,8:00AM - 9:00PM,8:00AM - 9:00PM,8:00AM - 9:00PM,8:00AM - 9:00PM,8:00AM - 5:00PM,Closed,Closed,4.4,Mental Health
Liver Disease Care Center (Einstein Healthcare Network),https://www.auntbertha.com//einstein-healthcare-network--philadelphia-pa--liver-disease-care-center/5395872228704256?postal=19131,"['medical care', 'skilled nursing', 'checkup & test', 'disease management', 'hospital treatment']",,"['all ages', 'liver cancer', 'chronic illness', 'individuals', 'low-income', 'uninsured']",215-456-7890,https://www.jeffersonhealth.org/clinical-specialties/liver-transplant-program,"5501 Old York Road, Philadelphia, PA 19141","https://www.google.com/maps/?q=5501+Old+York+Road,+Philadelphia,+PA+19141/","['This program serves individuals with liver disease.', 'For free or reduced cost services, individuals must be uninsured AND', 'Must reside in Einstein’s service area AND', 'Must Apply for state medical assistance.', 'This program helps people with income at or below 200% of federal poverty guidelines.']",available,"Einstein Healthcare Network provides liver disease care and transplant services. Their multidisciplinary team of hepatology and transplantation specialists consists of physicians, nurses, researchers, nutritionists, behavioral specialists, social workers and support staff who work closely with patients, families and referring physicians throughout the entire treatment process.This program provides:- Diagnostic testing and treatment- Liver transplantsWhen you contact Einstein for liver disease treatment, a nurse coordinator will arrange a comprehensive evaluation. After your initial visit, any tests and follow-up appointments you need are scheduled for you. Your case is then examined and evaluated each week by your treatment team.Einstein Healthcare Network is dedicated to improving the health of the community it serves, including those who lack the means to pay for services. Qualifying patients may receive free temporary medical treatment through our Financial Assistance process.",['English'],Sliding Scale,TRUE,https://www.facebook.com/EinsteinHealth/,,"This program covers residents of the following counties: Kent County, DE, New Castle County, DE, Burlington County, NJ, Camden County, NJ, Mercer County, NJ, Montgomery County, PA, Philadelphia County, PA and York County, PA.",40.0370599,-75.143706,19141,FALSE,8:00AM - 5:00PM,8:00AM - 5:00PM,8:00AM - 5:00PM,8:00AM - 5:00PM,8:00AM - 5:00PM,Closed,Closed,2.2,Mental Health
Low Fee Therapy Services (Council for Relationships CFR),https://www.auntbertha.com//council-for-relationships-%2528cfr%2529--philadelphia-pa--low-fee-therapy-services/5916752448061440?postal=19111,"['counseling', 'family counseling', 'individual counseling']",,"['all ages', 'students', 'individuals', 'families', 'low-income', 'spouses']",215-382-6680,https://councilforrelationships.org/low-fee-therapy,"1800 John F Kennedy Boulevard, Philadelphia, PA 19103","https://www.google.com/maps/?q=1800+John+F+Kennedy+Boulevard,+Philadelphia,+PA+19103/",['Must meet income guidelines.'],available,"Council for Relationships (CFR) provider intern led counseling services to couples, families, and individuals along with sex therapy. Low fee sessions are intended to provide access to counseling for those who aren’t able to otherwise afford it. This program provides:- Individual Counseling- Family Therapy - Couples Therapy- Sex Therapy- Systemic TherapyClients enrolled in Low Fee Therapy Services will be enrolled in one of two programs:- Post Graduate Certificate Program in Marriage and Family Therapy- Master’s Degree in Family Therapy CFR offers a sliding fee scale based on income. If there is a waiting list for services, verification of income may be required.",['English'],Sliding Scale,TRUE,https://www.facebook.com/CouncilforRelationships,,"This program covers residents of the following counties: Camden County, NJ, Bucks County, PA, Chester County, PA, Montgomery County, PA and Philadelphia County, PA.",39.9539914,-75.1699969,19103,FALSE,8:00AM - 9:00PM,8:00AM - 9:00PM,8:00AM - 9:00PM,8:00AM - 9:00PM,8:00AM - 9:00PM,8:00AM - 9:00PM,8:00AM - 9:00PM,3.9,Mental Health
"Making Homes Affordable - Housing Counseling Program (Intercultural Family Services, Inc.)",https://www.auntbertha.com//intercultural-family-services%252C-inc.--philadelphia-pa--making-homes-affordable---housing-counseling-program/6739527616954368?postal=19104,"['housing advice', 'counseling', 'financial education']",,"['adults 18+', 'individuals', 'families', 'home owners', 'home renters', 'low-income']",215-386-1298,https://www.ifsinc.org/our-services/community-enrichmentbasic-needs-services/#section4,"4225 Chestnut Street, Philadelphia, PA 19104","https://www.google.com/maps/?q=4225+Chestnut+Street,+Philadelphia,+PA+19104/",['This program serves low-income homeowners and renters in Philadelphia.'],available,"Intercultural's Housing Counseling Program (HCP) successful encourages and assists participants to become – and importantly – remain homeowners. HCP enhances home management skills, to sustain your family in a stable housing environment, and to help individuals become successful homeowners through wise money management and budgeting. The main focus of the program is foreclosure prevention counseling in response to the current housing crisis and its impact on Philadelphia's low-income families.This program provides:- Housing Counseling- Homeowner Counseling- Financial Education",['English'],Reduced Cost,TRUE,https://www.facebook.com/pages/Intercultural-Family-Services-Inc/163370949918,,"This program covers residents of the following counties: Philadelphia County, PA.",39.9566712,-75.2074747,19104,FALSE,9:00AM - 5:30PM,9:00AM - 5:30PM,9:00AM - 5:30PM,9:00AM - 5:30PM,9:00AM - 5:30PM,9:00AM - 5:30PM,9:00AM - 5:30PM,3.8,Mental Health
Marconi Older Adult Program (Caring People Alliance),https://www.auntbertha.com//caring-people-alliance--philadelphia-pa--marconi-older-adult-program/5718361092653056?postal=19131,"['meals', 'nutrition education', 'transportation', 'group therapy', 'community support services', 'recreation', 'navigating the system', 'one-on-one support', 'skills & training', 'computer class']",,"['seniors', 'individuals']",215-218-0800,https://www.caringpeoplealliance.org/our-programs/marconi-older-adult-program,"2433 South 15th Street, Philadelphia, PA 19145","https://www.google.com/maps/?q=2433+South+15th+Street,+Philadelphia,+PA+19145/",['This program helps people who are older than 49 years old.'],available,"The Marconi Older Adult Program offers meals and wide-ranging educational, social and recreational activities. Members take part in dance, art, theater, games, discussions and more to adults age 50 and over.Senior centers offer a wide variety of programs and services, including:- Meal and nutrition programs- Information and assistance- Health, fitness, and wellness programs- Transportation services- Technology classes- Group counseling- Trips- Social and recreational activities- Educational and arts programs- Intergenerational prograhey ask for a suggested yearly contribution of $25.",['English'],Reduced Cost,TRUE,https://www.facebook.com/caringpeoplealliance/,https://www.twitter.com/@cpalliance,"This program covers residents of the following cities: Philadelphia, PA.",39.9200204,-75.172094,19145,FALSE,8:00AM - 6:00PM,8:00AM - 6:00PM,8:00AM - 6:00PM,8:00AM - 6:00PM,8:00AM - 6:00PM,Closed,Closed,4.5,Mental Health
"Maria de los Santos Health Center (Delaware Valley Community Health, Inc.)",https://www.auntbertha.com//delaware-valleycommunity-health%252C-inc.-%2528dvch%2529--philadelphia-pa--maria-de-los-santos-health-center/5202634877960192?postal=19131,"['dental care', 'health education', 'medical care', 'prevent & treat', 'hiv treatment', 'mental health care', 'sexual and reproductive health', 'maternity care']","['health insurance', 'help fill out forms', 'case management']","['adults 18+', 'all disabilities', 'pregnant', 'hiv/aids', 'individuals', 'families', 'benefit recipients', 'low-income', 'uninsured', 'underinsured', 'latino', 'all mental health']",215-291-2509,https://dvch.org/locations/maria-de-los-santos-health-center/,"401 West Allegheny Avenue, Philadelphia, PA 19133","https://www.google.com/maps/?q=401+West+Allegheny+Avenue,+Philadelphia,+PA+19133/",[],available,"Maria de los Santos Health Center is a comprehensive health center providing high-quality medical services to all patients, regardless of their ability to pay for them at the time of service.Services provided include:- Adult & Family Medicine- Behavioral Health- Care Coordination- Dental- Gynecology- Health Education- Health Insurance Enrollment- HIV Services- Medication Dispensary- Pediatrics- Podiatry/Foot Care- Prenatal Care- Social ServicesWe accept Medicaid, Medicare, CHIP and most other forms of health insurance. If you need health insurance our Health Insurance Enrollment Staff can help you apply for Medicaid, CHIP and private health insurance through the Health Insurance Marketplace.COVID-19 Testing Location: Patients are able to call the main number 215.291.2500 to schedule a telemedicine visit with a provider who will determine if you need testing and will work with our teams to schedule you for an appointment.As of Monday, March 23, 2020, we will continue to see all scheduled patients for visits by phone (telemedicine). Visits for patients who need to be seen in person will be scheduled between 8:30AM - 5:00PM. All visits after 5:00PM will be telemedicine. Please call us before coming into the office. Our providers are looking forwards to speaking with you.","['English', 'Spanish']",Sliding Scale,TRUE,,,"This program covers residents of the following cities: Philadelphia, PA.",39.9999232,-75.136752,19133,FALSE,8:00AM - 6:30PM,8:00AM - 6:30PM,8:00AM - 6:30PM,8:00AM - 6:30PM,8:00AM - 5:00PM,Closed,Closed,2.3,Mental Health
"Maternal Addiction Treatment, Education and Research MATER - Family Center (Jefferson Health)",https://www.auntbertha.com//jefferson-health--philadelphia-pa--maternal-addiction-treatment%252C-education-and-research-%2528mater%2529---family-center/5993992326742016?postal=19111,"['addiction & recovery', 'outpatient treatment', 'medications for addiction', 'medical care', 'mental health care', 'maternity care', 'postnatal care', 'case management']",,"['adults 18+', 'female', 'pregnant', 'with children', 'benefit recipients', 'mothers', 'substance dependency', 'opioid dependency']",800-533-3669,https://www.jeffersonhealth.org/clinical-specialties/maternal-addiction-treatment-education-research,"1233 Locust Street, Philadelphia, PA 19107","https://www.google.com/maps/?q=1233+Locust+Street,+Philadelphia,+PA+19107/","['This program helps people who are older than 17 years old.', 'Must be a pregnant or parenting female.', 'Must be in need of treatment for substance problems.', 'Must have Medicaid.']",available,"Family Center is our outpatient treatment program designed exclusively for pregnant and parenting women. Family Center offers intensive outpatient care and long-term support for outpatient care with access to comprehensive medical, psychological and social service support.This program provides:- Care Coordination and Case Management- Prenatal care- Delivery care - Coordination of specialist and general medical care for you and your child(ren)- Mental Health Care- Individual Therapy and Peer Support- Group Therapy- Child Care- Medications for Opioid Use Disorder (methadone and buprenorphine)MATER offers an outpatient and residential program called The Family Center. This treatment program accepts Medicaid. Please call the Family Center for more information or to make an appointment.",['English'],Reduced Cost,TRUE,https://www.facebook.com/jeffersonhospital,https://www.twitter.com/@TJUHospital,"This program covers residents of the following counties: Philadelphia County, PA.",39.9479892,-75.1619304,19107,FALSE,8:00AM - 5:00PM,8:00AM - 5:00PM,8:00AM - 5:00PM,8:00AM - 5:00PM,8:00AM - 5:00PM,Closed,Closed,0,Mental Health
Medical Case Management (Action Wellness),https://www.auntbertha.com//action-wellness--philadelphia-pa--medical-case-management/4735004268298240?postal=19104,"['health education', 'disease management', 'understand disability', 'understand mental health', 'discounted healthcare', 'navigating the system', 'daily life skills', 'advocacy & legal aid']","['financial assistance', 'community support services', 'support network', 'help find school', 'help find work']","['all ages', 'immigrants', 'criminal justice history', 'in jail', 'deaf or hard of hearing', 'lgbtqia+', 'pregnant', 'hiv/aids', 'individuals', 'families', 'all mental health', 'substance dependency']",215-981-0088,https://www.actionwellness.org/services/how-we-can-help/case-management/,"1216 Arch Street, Philadelphia, PA 19107","https://www.google.com/maps/?q=3901+Market+Street,+Philadelphia,+PA+19104/",['Must be struggling with HIV Disease (HIV/AIDS).'],available,Action Wellness offers the Medical Case Management program to support individuals with HIV/AIDS who need assistance accessing services.We offer assistance in:- Medical services- Social services- Legal services- Emergency servicesOur Medical Case Managers include specialists trained in providing supportive services for:- The LGBTQ community- Drug and alcohol addiction- Families- Immigrants- Mental health- Perinatal care- Individuals in the prison system- Women- Youth,"['American Sign Language', 'English', 'French', 'Spanish']",Free,TRUE,https://www.facebook.com/ActionWellnessPHL/,https://www.twitter.com/https://twitter.com/ActionWellPHL,"This program covers residents of the following counties: Delaware County, PA and Philadelphia County, PA.",39.9574429,-75.2007276,19104,FALSE,9:00AM - 5:00PM,9:00AM - 5:00PM,9:00AM - 5:00PM,9:00AM - 5:00PM,9:00AM - 5:00PM,Closed,Closed,0,Mental Health
Medication-Assisted Treatment (CleanSlate),https://www.auntbertha.com//cleanslate--philadelphia-pa--medication-assisted-treatment-%2528mat%2529/6155816684224512?postal=19131,"['addiction & recovery', 'outpatient treatment', 'medications for addiction']",['navigating the system'],"['adults 18+', 'individuals', 'benefit recipients', 'limited english', 'substance dependency', 'opioid dependency']",267-238-2406,https://www.cleanslatecenters.com/treatment-opioid-addiction,"2300 South Broad Street, Philadelphia, PA 19145","https://www.google.com/maps/?q=2300+South+Broad+Street,+Philadelphia,+PA+19145/",['Must have Medicare or Medicaid.'],available,"CleanSlate improves the quality of life for people suffering from opioid and alcohol addictions through high-quality medication-assisted treatment (MAT), led by physicians and licensed medical providers in a convenient outpatient environment. Through CleanSlate's customized model of care, physicians are able to focus on the unique needs of each patient, providing them with a positive experience, better outcomes and an improved quality of life.This program provides: - Individualized treatment plans for each patient- Prescription of FDA-approved medications for addiction- A full team of licensed medical professionals ensuring that these medications are properly managed- Coordination with additional local healthcare and social services partnersCleanSlate accepts Medicare and Medicaid.","['English', 'Spanish']",Not specified,TRUE,https://www.facebook.com/CleanSlateCenters,https://www.twitter.com/@CleanSlateCtrs,"This program covers residents of the following counties: Maricopa County, AZ, Hillsborough County, FL, Allen County, IN, Delaware County, IN, Elkhart County, IN, Floyd County, IN, Hamilton County, IN, Hendricks County, IN, Howard County, IN, Johnson County, IN, Kosciusko County, IN, Lake County, IN, Madison County, IN, Marion County, IN, Monroe County, IN, Putnam County, IN, Tippecanoe County, IN, Vanderburgh County, IN, Wayne County, IN, Fayette County, KY, Jefferson County, KY, Barnstable County, MA, Berkshire County, MA, Bristol County, MA, Essex County, MA, Franklin County, MA, Hampden County, MA, Hampshire County, MA, Middlesex County, MA, Plymouth County, MA, Suffolk County, MA, Worcester County, MA, Butler County, OH, Clark County, OH, Delaware County, OH, Franklin County, OH, Montgomery County, OH, Warren County, OH, Blair County, PA, Clinton County, PA, Lackawanna County, PA, Lehigh County, PA, Luzerne County, PA, Lycoming County, PA, Northampton County, PA, Philadelphia County, PA, Tioga County, PA, Tarrant County, TX, Hanover County, VA, Norfolk City County, VA, Richmond City County, VA, Brown County, WI, Dane County, WI, Kenosha County, WI, La Crosse County, WI, Milwaukee County, WI, Racine County, WI, Rock County, WI, Sheboygan County, WI and Waukesha County, WI.",39.9218131,-75.170814,19145,FALSE,8:00AM - 5:00PM,8:00AM - 5:00PM,8:00AM - 5:00PM,8:00AM - 5:00PM,8:00AM - 5:00PM,Closed,Closed,5,Mental Health
Medication-Assisted Treatment (NorthEast Treatment Centers - OTP),https://www.auntbertha.com//northeast-treatment-centers---otp--philadelphia-pa--medication-assisted-treatment/6378689670414336?postal=19111,"['addiction & recovery', 'detox', 'substance abuse counseling', 'medications for addiction', 'counseling', 'medication management']","['checkup & test', 'mental health evaluation', 'peer support']","['adults 18+', 'substance dependency', 'opioid dependency']",215-831-6024,http://netcenters.org/services/addiction-recovery-programs/#ffs-tabbed-14,"2205 Bridge St, Philadelphia, PA 19137","https://www.google.com/maps/?q=2205+Bridge+St,+Philadelphia,+PA+19137/",['This program serves those facing opioid addiction.'],available,"Medication-Assisted Treatment offers services for those addicted to opiods such as oxycodone, codeine, fentanyl, morphine, heroin and others. Common treatment drugs are methadone, buprenorphine (Suboxone and Subutex), or naltrexone. Check with this program to see what options are available.This program provides:- Medication management for opioid dependency",['English'],Reduced Cost,TRUE,https://www.facebook.com/NorthEastTreatmentCenters/,,"This program covers residents of the following counties: Philadelphia County, PA.",40.010615,-75.069159,19137,FALSE,8:00AM - 5:00PM,8:00AM - 5:00PM,8:00AM - 5:00PM,8:00AM - 5:00PM,8:00AM - 5:00PM,Closed,Closed,3.6,Mental Health
Medication-Assisted Treatment MAT (CleanSlate),https://www.auntbertha.com//cleanslate--philadelphia-pa--medication-assisted-treatment-%2528mat%2529/6155816684224512?postal=19104,"['addiction & recovery', 'outpatient treatment', 'medications for addiction']",['navigating the system'],"['adults 18+', 'individuals', 'benefit recipients', 'limited english', 'substance dependency', 'opioid dependency']",833-505-4673,https://www.cleanslatecenters.com/treatment-opioid-addiction,"2300 South Broad Street, Philadelphia, PA 19145","https://www.google.com/maps/?q=2300+South+Broad+Street,+Philadelphia,+PA+19145/",['Must have Medicare or Medicaid.'],available,"CleanSlate improves the quality of life for people suffering from opioid and alcohol addictions through high-quality medication-assisted treatment (MAT), led by physicians and licensed medical providers in a convenient outpatient environment. Through CleanSlate's customized model of care, physicians are able to focus on the unique needs of each patient, providing them with a positive experience, better outcomes and an improved quality of life.This program provides: - Individualized treatment plans for each patient- Prescription of FDA-approved medications for addiction- A full team of licensed medical professionals ensuring that these medications are properly managed- Coordination with additional local healthcare and social services partnersCleanSlate accepts Medicare and Medicaid.","['English', 'Spanish']",Not specified,TRUE,https://www.facebook.com/CleanSlateCenters,https://www.twitter.com/@CleanSlateCtrs,"This program covers residents of the following counties: Maricopa County, AZ, Hillsborough County, FL, Allen County, IN, Delaware County, IN, Elkhart County, IN, Floyd County, IN, Hamilton County, IN, Hendricks County, IN, Howard County, IN, Johnson County, IN, Kosciusko County, IN, Lake County, IN, Madison County, IN, Marion County, IN, Monroe County, IN, Putnam County, IN, Tippecanoe County, IN, Vanderburgh County, IN, Wayne County, IN, Fayette County, KY, Jefferson County, KY, Barnstable County, MA, Berkshire County, MA, Bristol County, MA, Essex County, MA, Franklin County, MA, Hampden County, MA, Hampshire County, MA, Middlesex County, MA, Plymouth County, MA, Suffolk County, MA, Worcester County, MA, Butler County, OH, Clark County, OH, Delaware County, OH, Franklin County, OH, Montgomery County, OH, Warren County, OH, Blair County, PA, Clinton County, PA, Lackawanna County, PA, Lehigh County, PA, Luzerne County, PA, Lycoming County, PA, Northampton County, PA, Philadelphia County, PA, Tioga County, PA, Tarrant County, TX, Hanover County, VA, Norfolk City County, VA, Richmond City County, VA, Brown County, WI, Dane County, WI, Kenosha County, WI, La Crosse County, WI, Milwaukee County, WI, Racine County, WI, Rock County, WI, Sheboygan County, WI and Waukesha County, WI.",39.9218131,-75.1708136,19145,FALSE,8:00AM - 5:00PM,8:00AM - 5:00PM,8:00AM - 5:00PM,8:00AM - 5:00PM,8:00AM - 5:00PM,Closed,Closed,0,Mental Health
Mental Health & Substance Abuse program (Pathways to Housing PA PTHPA),https://www.auntbertha.com//pathways-to-housing-pa-%2528pthpa%2529--philadelphia-pa--mental-health-%2526-substance-abuse-program/5728648493531136?postal=19104,"['substance abuse counseling', 'mental health care', 'family counseling', 'help hotlines', 'support groups']",,"['all ages', 'homeless', 'low-income', 'all mental health', 'substance dependency']",215-599-2150,https://pathwaystohousingpa.org/mental-health-substance-abuse,"5201 Old York Rd, Philadelphia, PA 19141","https://www.google.com/maps/?q=5201+Old+York+Rd,+Philadelphia,+PA+19141/","['Chronically homeless at the time of admission with a documented history of long-term homelessness (over 1 year)', 'Living with a severe and persistent mental health diagnosis', 'Not currently connected to mental health services in Philadelphia', ""Rent should be equal to 30% of a person's income (regardless of income - 30% of 0 is 0).""]",available,Mental Health & Substance Abuse Program is a comprehensive community-based treatment designed to end chronic homelessness and support recovery. The model provides comprehensive community–based supports and harm reduction based treatment to persons with mental health and substance abuse diagnoses who are chronically homeless. Services Provided:- Housing- Substance Abuse Recovery- Mental Health Services- Crisis InterventionFor referrals call the Department of Behavioral Health (DBH) at 215-599-2150.,['English'],Free,TRUE,https://www.facebook.com/pathwaystohousing,https://www.twitter.com/@PTHPA,"This program covers residents of the following counties: Philadelphia County, PA.",40.0329607,-75.1446309,19141,FALSE,9:00AM - 5:00PM,9:00AM - 5:00PM,9:00AM - 5:00PM,9:00AM - 5:00PM,9:00AM - 5:00PM,Closed,Closed,4.3,Mental Health
Mental Health Assistance (Overington House Inc),https://www.auntbertha.com//overington-house-inc--philadelphia-pa--mental-health-assistance/5928074864492544?postal=19104,"['short-term housing', 'sober living', 'addiction & recovery', 'substance abuse counseling', 'mental health care']",,"['adults 18+', 'individuals', 'all mental health', 'substance dependency', 'alcohol dependency']",215-613-7121,http://www.joyoflivingrecovery.org/,"4716 Leiper Street, Philadelphia, PA 19124","https://www.google.com/maps/?q=4716+Leiper+Street,+Philadelphia,+PA+19124/","[""Families not be eligible to participate in the city's housing voucher program upon graduation."", 'This program helps people who are older than 18 years old.']",available,"Overington House Inc offers services to children, adolescents, and adults who are facing depression, anxiety, or other mental health concerns. The program’s experienced, compassionate specialists help each patient find the treatment options that will work best for their unique situation.This program provides:- Case management- Mental health assessment- Intensive outpatients referrals- Judicial advocacy- Medication monitoring",['English'],Reduced Cost,TRUE,None,None,"This program covers residents of the following counties: Philadelphia County, PA.",40.0186938,-75.0858672,19124,FALSE,9:00AM - 4:30PM,9:00AM - 4:30PM,9:00AM - 4:30PM,9:00AM - 4:30PM,9:00AM - 4:30PM,Closed,Closed,4.3,Mental Health
Mental Health Case Management (African Cultural Alliance of North America Inc. ACANA),https://www.auntbertha.com//african-cultural-alliance-of-north-america-inc.-%2528acana%2529--philadelphia-pa--mental-health-case-management/5518928626450432?postal=19104,"['understand mental health', 'mental health care', 'navigating the system', 'case management']",,"['all ages', 'immigrants', 'refugees', 'individuals', 'families', 'all mental health']",215-729-8225,https://acanaus.org/public-health-program-mental-health/,"5530 Chester Avenue, Philadelphia, PA 19143","https://www.google.com/maps/?q=5530+Chester+Avenue,+Philadelphia,+PA+19143/",['This program serves individuals who are seeking mental health services.'],available,"ACANA offers mental health case management services for members of the community. Services include: (1) engaging immigrant community on mental health, (2) encouraging members to seek mental health services for self and family, (3) tackling acculturation issues that strain family dynamics, (4) suicide prevention, and (5) referrals to access free mental health services.This program provides:- Mental health case management",['English'],Free,TRUE,https://www.facebook.com/ACANA.Philadelphia,https://www.twitter.com/@ACANAevents,"This program covers residents of the following counties: Philadelphia County, PA.",39.938005,-75.2248314,19143,FALSE,10:00AM - 6:00PM,10:00AM - 6:00PM,10:00AM - 6:00PM,10:00AM - 6:00PM,Closed,Closed,Closed,4.3,Mental Health
Mental Health Counseling (Philip Jaisohn Memorial Foundation),https://www.auntbertha.com//philip-jaisohn-memorial-foundation--philadelphia-pa--mental-health-counseling/5397303851220992?postal=19104,"['mental health care', 'counseling', 'group therapy', 'family counseling', 'individual counseling']",,"['adults', 'young adults', 'teens', 'children', 'seniors', 'benefit recipients', 'asian', 'depression', 'anxiety', 'all mental health']",267-648-7458,http://jaisohn.com/mental-health-counseling/,"6705 Old York Road, Philadelphia, PA 19126","https://www.google.com/maps/?q=6705+Old+York+Road,+Philadelphia,+PA+19126/",['Must have Medicaid or Medicare.'],available,"Jaisohn Mental Health Services offers mental health consultations, counseling, and outreach services for Korean Americans in the Greater Philadelphia area.Services may include:- Individual counseling- Group and couples counseling- Case management- ReferralsDuring the initial appointment client and counselor work together to determine which, if any, of our services would be most helpful. We help the Korean community reduce the stigma with regard to asking for help with family and personal stress and mental health concerns so that they can cope with stress in healthier ways.This program accepts Medicaid and Medicare.","['English', 'Korean']",Reduced Cost,TRUE,https://www.facebook.com/jaisohnmemorialfoundation,,"This program covers residents of the following counties: Bucks County, PA, Chester County, PA, Delaware County, PA, Montgomery County, PA and Philadelphia County, PA.",40.0551023,-75.140446,19126,FALSE,9:00AM - 5:00PM,9:00AM - 5:00PM,9:00AM - 5:00PM,9:00AM - 5:00PM,9:00AM - 5:00PM,Closed,Closed,0,Mental Health
Mental Health Counseling (The Attic Youth Center),https://www.auntbertha.com//the-attic-youth-center--philadelphia-pa--mental-health-counseling/4914263431577600?postal=19111,"['substance abuse counseling', 'counseling', 'mental health care', 'anger management', 'group therapy', 'family counseling', 'individual counseling']",['virtual support'],"['young adults', 'teens', 'immigrants', 'developmental disability', 'lgbtqia+', 'transgender or non-binary', 'individuals', 'families', 'caregivers', 'trauma survivors', 'domestic violence survivors', 'sexual assault survivors', 'all mental health', 'substance dependency']",215-545-4331,https://atticyouthcenter.org/mental-health-counseling/,"255 South 16th Street, Philadelphia, PA 19102","https://www.google.com/maps/?q=255+South+16th+Street,+Philadelphia,+PA+19102/","['This program helps people who are 14 to 23 years old.', 'This program serves Lesbian, Gay, Bisexual, Transgender and Questioning (LGBTQ) youth and young adults, up to the age of 23, and their families/caregivers (biological or by choice)']",available,"The Counseling Department of The Attic Youth Center provides counseling services to LGBTQ youth and young adults and their families/caregivers (biological or by choice). This service uses an LGBTQ affirmative and strength based approach that it is contextual, developmental and culturally sensitive.  This program provides: - Individual therapy- Group therapy- Family and couples therapyThe Attic’s clinical team is skilled in addressing a variety of challenges including:- Coming out- Gender questions- Problems at school- Depression and anxiety- Trauma and PTSD- Sexual abuse- Substance abuse- Violence and domestic violence- Anger management- Immigration transitions- Developmental delays- Behavioral and family dynamics as related to the LGBTQ experienceAll Attic counselors and therapists are masters or PhD level and have significant experience working with LGBTQ youth.  To inquire about counseling or to make an appointment, please call The Attic’s counseling line and leave a confidential voicemail message with your name and the best way to reach you. A staff member will return your call. You can also reach out by email.All counseling services are currently virtual.",['English'],Free,TRUE,https://www.facebook.com/TheAtticYouthCenter/,https://www.twitter.com/@atticyouthcen,"This program covers residents of the following counties: Philadelphia County, PA and Montgomery County, PA.",39.9477098,-75.1677397,19102,FALSE,10:00AM - 6:00PM,10:00AM - 7:00PM,10:00AM - 7:00PM,10:00AM - 6:00PM,10:00AM - 7:00PM,Closed,Closed,4.6,Mental Health
Mental Health Crisis Response Center Adults (Einstein Healthcare Network),https://www.auntbertha.com//einstein-healthcare-network--philadelphia-pa--mental-health-crisis-response-center-%2528adults%2529/6345013326512128?postal=19104,"['psychiatric emergency services', 'mental health care', 'mental health evaluation']",,"['adults 18+', 'uninsured', 'underinsured', 'in crisis', 'emergency', 'depression', 'anxiety', 'all mental health']",215-951-8300,https://www.jeffersonhealth.org/conditions-and-treatments/behavioral-health-crisis-services,"5501 Old York Road, Philadelphia, PA 19141","https://www.google.com/maps/?q=5501+Old+York+Road,+Philadelphia,+PA+19141/",['This program serves individuals who are experiencing a mental illness crisis.'],available,"Einstein Healthcare Network treats mental and behavioral health crisis emergencies with psychiatric coverage 24-hours a day, seven days a week. Services include:- Mental health assessments- Evaluations- Urgent care advice- Social worker assistance for mental health crisis counseling and treatment, such as for domestic abuse, are scheduled if warrantedEmergency mental health services are available to all people, regardless of health insurance coverage or ability to pay. No appointment is needed. People are seen on a walk-in basis in a safe and secure environment.",['English'],Reduced Cost,TRUE,https://www.facebook.com/EinsteinHealth/,https://www.twitter.com/https://twitter.com/einsteinhealth,"This program covers residents of the following counties: Philadelphia County, PA.",40.0367216,-75.1431823,19141,TRUE,0:00AM - 11:59PM,0:00AM - 11:59PM,0:00AM - 11:59PM,0:00AM - 11:59PM,0:00AM - 11:59PM,0:00AM - 11:59PM,0:00AM - 11:59PM,1.8,Mental Health
Mental Health Outpatient Service (Horizon House),https://www.auntbertha.com//horizon-house--philadelphia-pa--mental-health-outpatient-service/5122729113550848?postal=19131,['outpatient treatment'],,"['adults', 'young adults', 'teens', 'seniors', 'benefit recipients', 'all mental health', 'substance dependency']",267-930-5412,https://www.hhinc.org/behavioral-health-services/outpatient-services/,"5901 Market Street, Philadelphia, PA 19139","https://www.google.com/maps/?q=5901+Market+Street,+Philadelphia,+PA+19139/","['Horizon House serves people with serious mental illness, with or without a substance abuse disorder.', 'Must have Medicare or Medicaid.']",available,"Mental Health Outpatient Service program treats behavioral health disorders for people with serious mental illness, with or without a substance abuse disorder. The approach is recovery-oriented and tailored to meet the needs of each person and their individual goals. Services offered:- Mental health treatment- Psychosis treatmentHorizon House accepts Medicare and Medicaid. Referrals can be made from hospitals, community treatment centers, self-referrals or Community Behavioral Health (CBH). You can call CBH at 1-888-545-2600.",['English'],Reduced Cost,TRUE,https://www.facebook.com/horizonhouseinc/?fref=ts,,"This program covers residents of the following counties: Philadelphia County, PA.",39.962058,-75.239132,19139,FALSE,8:00AM - 5:00PM,8:00AM - 5:00PM,8:00AM - 5:00PM,8:00AM - 5:00PM,8:00AM - 5:00PM,Closed,Closed,0,Mental Health
Mental Health Outpatient Services (Wedge Recovery Center),https://www.auntbertha.com//wedge-recovery-center--philadelphia-pa--mental-health-outpatient-services/6032627249184768?postal=19131,"['outpatient treatment', 'understand mental health', 'mental health care', 'counseling', 'group therapy', 'family counseling', 'individual counseling', 'mental health evaluation']",,"['adults 18+', 'individuals', 'families', 'with children', 'benefit recipients', 'all mental health']",215-276-3922,http://www.wedgepc.com/mental-health-outpatient/,"4913 North Broad Street, Philadelphia, PA 19141","https://www.google.com/maps/?q=4913+North+Broad+Street,+Philadelphia,+PA+19141/",['Must have Medicaid.'],available,"Wedge Recovery Center's Outpatient Mental Health Services treat a wide range of mental health issues such as depression, anxiety, bipolar disorder, and ADHD. We preform a full psychiatric evaluation and assign a therapist to each client to personalize their care and recovery. Our Professional, trained staff offer services that includes:- Evaluation- Individualized treatment care - Family, couple, and group therapyWedge Recovery Center accepts Medicaid. An individual can schedule for an intake/assessment appointment in advance or walk-in.",['English'],Reduced Cost,TRUE,https://www.facebook.com/wedgerecoverycenters/,https://www.twitter.com/@WedgeRecovery,"This program covers residents of the following counties: Philadelphia County, PA.",40.0280366,-75.146763,19141,FALSE,8:00AM - 8:00PM,8:00AM - 8:00PM,8:00AM - 8:00PM,8:00AM - 8:00PM,8:00AM - 8:00PM,9:00AM - 5:00PM,Closed,0,Mental Health
Mental Health Peer Support (Merakey - Pennsylvania)_v1,https://www.auntbertha.com//merakey---pennsylvania--philadelphia-pa--mental-health-peer-support/4841846745595904?postal=19104,"['understand mental health', 'peer support']",,"['adults', 'young adults', 'teens', 'children', 'seniors']",866-647-0020,https://www.merakey.org/services/adult-behavioral-health,"810 South 3rd Street, Philadelphia, PA 19147","https://www.google.com/maps/?q=810+South+3rd+Street,+Philadelphia,+PA+19147/",['Must have Medicare.'],available,Mental Health Peer Support is intended to provide supports by staff who have direct experience utilizing public mental health services. This program provides:- Advocacy- Support In Building Natural Supports- Enhancing Personal Relationships- Service Coordination- Wellness Recovery Action Planning,['English'],Reduced Cost,TRUE,https://www.facebook.com/MerakeyOrg/,,This program covers residents of the following states: PA.,39.9376146,-75.1486428,19147,FALSE,8:00AM - 5:00PM,8:00AM - 5:00PM,8:00AM - 5:00PM,8:00AM - 5:00PM,8:00AM - 5:00PM,Closed,Closed,0,Mental Health
Mental Health Peer Support (Merakey - Pennsylvania)_v2,https://www.auntbertha.com//merakey---pennsylvania--philadelphia-pa--mental-health-peer-support/4841846745595904?postal=19131,"['understand mental health', 'peer support']",,"['adults', 'young adults', 'teens', 'children', 'seniors']",866-647-0007,https://www.merakey.org/services/adult-behavioral-health,"20 East Armat Street, Philadelphia, PA 19144","https://www.google.com/maps/?q=20+East+Armat+Street,+Philadelphia,+PA+19144/",['Must have Medicare.'],available,Mental Health Peer Support is intended to provide supports by staff who have direct experience utilizing public mental health services. This program provides:- Advocacy- Support In Building Natural Supports- Enhancing Personal Relationships- Service Coordination- Wellness Recovery Action Planning,['English'],Reduced Cost,TRUE,https://www.facebook.com/MerakeyOrg/,,This program covers residents of the following states: PA.,40.0353625,-75.173006,19144,FALSE,8:00AM - 5:00PM,8:00AM - 5:00PM,8:00AM - 5:00PM,8:00AM - 5:00PM,8:00AM - 5:00PM,Closed,Closed,0,Mental Health
Mental Health Services (American Living Organ Donor Fund),https://www.auntbertha.com//american-living-organ-donor-fund-%2528alodf%2529--philadelphia-pa--mental-health-services/4533349973098496?postal=19104,"['mental health care', 'virtual support']",,"['all ages', 'all care phases', 'individuals', 'families', 'caregivers']",215-601-6530,https://www.helplivingdonorssavelives.org/services/,"1635 Market St, floor 7, Philadelphia, PA, United States, Pennsylvania","https://www.google.com/maps/place/Gift+of+Life+Donor+Program/@39.9579807,-75.1463829,732m/data=!3m2!1e3!4b1!4m6!3m5!1s0x89c6c87d43e59e99:0x5cf3522f03012e02!8m2!3d39.9579807!4d-75.143808!16s%2Fg%2F1xpwkr48?entry=ttu&g_ep=EgoyMDI1MDMzMC4wIKXMDSoASAFQAw%3D%3D","['This program helps living organ donors.', 'Must be a US citizen.']",available,American Living Organ Donor Fund provides free mental health services by trained providers to any living donor pre- and post-donation. This program provides:- Mental health care Mental health services are provided via telehealth.,['English'],Free,TRUE,https://www.facebook.com/HelpLivingDonorsSaveLives/,https://www.twitter.com/@HelpOrganDonors,This program covers residents of All US states and territories.,39.9579807,-75.1463829,19103,FALSE,8:00AM - 5:00PM,8:00AM - 5:00PM,8:00AM - 5:00PM,8:00AM - 5:00PM,8:00AM - 5:00PM,Closed,Closed,0,Mental Health
Mental Health Services (Best Behavioral Healthcare),https://www.auntbertha.com//best-behavioral-healthcare--philadelphia-pa--mental-health-services/5128979153944576?postal=19111,"['substance abuse counseling', 'mental health care', 'anger management', 'counseling', 'group therapy', 'family counseling', 'individual counseling']",,"['adults', 'young adults', 'teens', 'children', 'seniors', 'individuals', 'families', 'benefit recipients', 'spouses', 'all mental health']",215-744-4343,http://bbhirecovery.org/about-us/,"5043 Frankford Avenue, Philadelphia, PA 19124","https://www.google.com/maps/?q=5043+Frankford+Avenue,+Philadelphia,+PA+19124/",['Must have Medicaid or Medicare.'],available,"Best Behavioral Healthcare provides outpatient services to children, adolescents and adults with mental and behavioral health needs.Services Include:- Therapy For Individual, Couples, Families - Group Therapy- Psychiatric Evaluation - Medication Management- Anger management - Stress management - Smoking cessationCall us to schedule an appointment.Best Behavioral Healthcare accepts Medicaid and Medicare.",['English'],Reduced Cost,TRUE,None,None,"This program covers residents of the following counties: Philadelphia County, PA.",40.0212549,-75.0793885,19124,FALSE,8:30AM - 9:00PM,8:30AM - 9:00PM,8:30AM - 9:00PM,8:30AM - 9:00PM,8:30AM - 9:00PM,9:00AM - 5:00PM,Closed,3,Mental Health
Mental Health Services (Cognitive Behavioral Services),https://www.auntbertha.com//cognitive-behavioral-services--philadelphia-pa--mental-health-services/4806418992726016?postal=19131,"['daily life skills', 'specialized therapy', 'mental health care', 'anger management', 'group therapy', 'family counseling', 'individual counseling', 'medications for mental health', 'mental health evaluation', 'outpatient treatment']",,"['adults', 'young adults', 'teens', 'children', 'seniors', 'individuals', 'families', 'benefit recipients', 'all mental health']",215-634-3976,http://cognitivebehavioralservices.org/,"3257 North 6th Street, Philadelphia, PA 19140","https://www.google.com/maps/?q=3257+North+6th+Street,+Philadelphia,+PA+19140/","['This program helps people who are older than 4 years old.', 'Must have Medicaid.']",available,"Cognitive Behavioral Services provides outpatient mental health evaluation and treatment to individuals and families in the Philadelphia area. Services include: - Psychiatric Evaluation- Psychotherapy- Medication Follow Ups- Couple and Family Therapy- Group Therapy- Anger Management Training- Dialectic Behavioral Therapy- Cognitive Therapy- Play Therapy- Stress Tolerance Skills Training- Mindfulness Skills TrainingCBS accepts Medicaid. Clients may call to schedule an appointment, or the provider takes walk-ins during all business hours.","['English', 'Spanish']",Reduced Cost,TRUE,https://www.facebook.com/cognitivebehavioralservicesinc/,,"This program covers residents of the following counties: Philadelphia County, PA.",40.0014257,-75.14007,19140,FALSE,8:00AM - 7:00PM,8:00AM - 7:00PM,8:00AM - 7:00PM,8:00AM - 7:00PM,8:00AM - 7:00PM,8:00AM - 5:00PM,Closed,2.9,Mental Health
Mental Health Services (Corporal Michael J. Crescenz VA Medical Center),https://www.auntbertha.com//corporal-michael-j.-crescenz-va-medical-center-%2528cmcvamc%2529--philadelphia-pa--mental-health-services/6564615232684032?postal=19111,"['mental health care', 'counseling', 'medications for mental health', 'mental health evaluation', 'understand mental health']",['transportation for healthcare'],"['adults', 'young adults', 'teens', 'seniors', 'veterans', 'ptsd', 'in crisis', 'all mental health']",215-823-4014,https://www.va.gov/philadelphia-health-care/,"3900 Woodland Ave, Philadelphia, PA 19104","https://www.google.com/maps/?q=3900+Woodland+Ave,+Philadelphia,+PA+19104/",['Must be a registered veteran'],available,"Veteran Affairs Hospital in Philadelphia offers Mental Health Services and inpatient mental health treatment for veterans.This program provides.- Mental health careIf you are receiving outpatient mental health services at the VA outpatient office in Camden and can get a referral from their primary care provider or psychiatrist, you can receive services more quickly. Otherwise, there may be a waitlist.",['English'],Free,TRUE,https://www.facebook.com/VeteransAffairs,https://www.twitter.com/@DeptVetAffairs,"This program covers residents of the following counties: Camden County, NJ, Cumberland County, NJ, Hudson County, NJ, Mercer County, NJ and Philadelphia County, PA.",39.9481824,-75.2000374,19104,TRUE,0:00AM - 11:59PM,0:00AM - 11:59PM,0:00AM - 11:59PM,0:00AM - 11:59PM,0:00AM - 11:59PM,0:00AM - 11:59PM,0:00AM - 11:59PM,3.7,Mental Health
Mental Health Services (Mazzoni Center),https://www.auntbertha.com//mazzoni-center--philadelphia-pa--mental-health-services/5571102987255808?postal=19131,"['addiction & recovery', 'peer recovery coaching', 'understand mental health', 'mental health care', 'medications for mental health', 'mental health evaluation', 'support groups']",,"['adults', 'young adults', 'teens', 'seniors', 'lgbtqia+', 'individuals', 'families', 'spouses', 'all mental health', 'substance dependency']",215-563-0652,https://www.mazzonicenter.org/supportive-services/therapy-and-recovery,"1348 Bainbridge Street, Philadelphia, PA 19147","https://www.google.com/maps/?q=1348+Bainbridge+Street,+Philadelphia,+PA+19147/",['This program serves LGBTQ+ adolescents and adults.'],available,"Mazzoni Center provides quality professional, accessible and culturally affirming psychotherapy and psychiatric services for LGBTQ+ individuals, couples, and families. This program offers an array of outpatient therapeutic services including individual, couples/relationship and family therapy. Out staff has expertise in helping to address  many issues including depression, anxiety, trauma,  exploration of gender identity, sexuality and sexual health, all through the lens of social justice and LGBTQ+ affirmation.This program provides:- Supportive recovery oriented counseling & groups- Psychiatric evaluation- Medication management- Peer recovery support- Referrals to community based servicesThis provider accepts most major insurance plans, as well as Medicaid and Medicare. Sliding scale is available to those who are uninsured and/or not eligible for other coverage.",['English'],Sliding Scale,TRUE,https://www.facebook.com/MazzoniCenter,https://www.twitter.com/@MazzoniCenter,"This program covers residents of the following counties: Philadelphia County, PA.",39.9426271,-75.165083,19147,FALSE,8:00AM - 9:00PM,8:00AM - 9:00PM,8:00AM - 9:00PM,8:00AM - 9:00PM,8:00AM - 5:00PM,Closed,Closed,0,Mental Health
Mental Health Services (Philadelphia Consultation Center),https://www.auntbertha.com//philadelphia-consultation-center--philadelphia-pa--mental-health-services/4616740875272192?postal=19111,"['counseling', 'mental health care', 'anger management', 'individual counseling']",,"['all ages', 'trauma survivors', 'abuse or neglect survivors', 'depression', 'bipolar', 'anxiety', 'eating disorder', 'ptsd', 'all mental health']",215-732-8244611,https://pcctherapy.com/about-pcc/,"313 South 16th Street, Philadelphia, PA 19102","https://www.google.com/maps/?q=313+South+16th+Street,+Philadelphia,+PA+19102/",['Must have Medicaid or Medicare to receive reduced cost services.'],available,"Philadelphia Consultation Center's Mental Health services address a wide range of mental health issues through counseling and support.This program provides:- Individual therapyServices can address:- Anxiety and depression- Phobias- Abusive or traumatic life experiences- Anger- Eating disorders- Schizophrenia, OCD, PTSD, bi-polar, and severe depressionPhiladelphia Consultation Center accepts Medicaid and Medicare. Please call to complete an intake. If nobody answers, leave a message and someone will return your call within 2 business days.","['English', 'Persian', 'Portuguese', 'Spanish']",Reduced Cost,TRUE,https://www.facebook.com/Philadelphia-Consultation-Center-133865143332142/,,"This program covers residents of the following counties: Philadelphia County, PA.",39.9468198,-75.1679905,19102,FALSE,9:00AM - 5:00PM,9:00AM - 5:00PM,9:00AM - 5:00PM,9:00AM - 5:00PM,9:00AM - 5:00PM,Closed,Closed,3.5,Mental Health
"Mental Health Services (Preventive Measures, Inc.)",https://www.auntbertha.com//preventive-measures%252C-inc.--philadelphia-pa--mental-health-services/5662013538435072?postal=19131,"['counseling', 'medication management', 'mental health care', 'family counseling', 'individual counseling', 'medications for mental health', 'mental health evaluation']",,"['all ages', 'benefit recipients', 'limited english', 'depression', 'anxiety', 'all mental health']",215-999-8210,https://www.preventivemeasuresinc.com/mental-health,"1335 West Tabor Road, Philadelphia, PA 19141","https://www.google.com/maps/?q=1335+West+Tabor+Road,+Philadelphia,+PA+19141/",['Must have Medicaid.'],available,"Preventative Measures offers mental health services to individuals, couples, families, and children.This program provides:- Individual Therapy- Couples Therapy- Family Therapy- Child Therapy- Psychiatric Evaluations- Medication ManagementPreventive Measures accepts Medicaid for its services.","['English', 'Spanish']",Reduced Cost,TRUE,https://www.facebook.com/preventivemeasuresinc/?eid=ARBlQM%20OZxhxMXUI2vnSbADbX7j4z6a3el4N1lU2swL2NDHFwSpYr5NdCs_kY%20gyt0sVh3U5Q540UbeDaX,,"This program covers residents of the following counties: District Of Columbia County, DC, Rockdale County, GA, Lehigh County, PA, Monroe County, PA, Philadelphia County, PA and Passaic County, NJ.",40.0383603,-75.144052,19141,FALSE,8:00AM - 6:00PM,8:00AM - 6:00PM,8:00AM - 6:00PM,8:00AM - 6:00PM,8:00AM - 5:00PM,Closed,Closed,0,Mental Health
Mental Health Services (The City of Philadelphia Department of Behavioral Health and Intellectual Disability Services),https://www.auntbertha.com//the-city-of-philadelphia-department-of-behavioral-health-and-intellectual-disability-services--philadelphia-pa--mental-health-services/5809062152503296?postal=19111,"['understand mental health', 'counseling', 'navigating the system', 'help hotlines']",,"['all ages', 'benefit recipients', 'uninsured', 'underinsured', 'caregivers', 'parents', 'all mental health']",888-545-2600,https://dbhids.org/mental-health-services/,"1101 Market St 7th Floor, Philadelphia, PA 19107","https://www.google.com/maps/place/City+of+Philadelphia+Department+of+Behavioral+Health+and+Intellectual+disAbility+Services+(DBHIDS)/@39.9521671,-75.1609892,732m/data=!3m2!1e3!4b1!4m6!3m5!1s0x89c6c62913a064a9:0x5c873e55997d2ec7!8m2!3d39.9521671!4d-75.1584143!16s%2Fg%2F11fll67z7k?entry=ttu&g_ep=EgoyMDI1MDMzMC4wIKXMDSoASAFQAw%3D%3D",[],available,"DBHIDS offers help accessing and navigating mental health services for yourself, a family member or a significant other.Sensitive and trained staff are available to assist with general information and referral resources for services such as:- Case Management- Housing Supports- Homelessness Outreach- Mental Health Court- Criminal Justice supports- Family Supports- Other mental health-related supportsIf you are a Philadelphian that is uninsured or underinsured call 215-685-5400. If you are Medicaid eligible call 888-545-2600. Services are available regardless of your ability to pay.*Effective immediately, and until further notice, CBH’s administrative offices will not receive visitors. Please call if you're seeking services.*",['English'],Reduced Cost,TRUE,https://www.facebook.com/pages/Philadelphia-PA/City-of-Philadelphia/23587514958,https://www.twitter.com/@PhiladelphiaGov,"This program covers residents of the following cities: Philadelphia, PA.",39.9521671,-75.1609892,19107,TRUE,0:00AM - 11:59PM,0:00AM - 11:59PM,0:00AM - 11:59PM,0:00AM - 11:59PM,0:00AM - 11:59PM,0:00AM - 11:59PM,0:00AM - 11:59PM,0,Mental Health
"Mental Health Therapy (Julia Ferrence, MSW, LSSW.)",https://www.auntbertha.com//julia-ferrence%252C-msw%252C-lssw.--philadelphia-pa--mental-health-therapy/6074864257204224?postal=19111,"['bereavement', 'anger management', 'family counseling', 'individual counseling', 'virtual support']",,"['adults', 'young adults', 'teens', 'seniors', 'students', 'grieving', 'pregnant', 'individuals', 'families', 'mothers', 'parents', 'ptsd', 'all mental health', 'transgender or non-binary']",267-399-1092,,"2305 Fairmount Avenue, Philadelphia, PA 19130","https://www.google.com/maps/?q=2305+Fairmount+Avenue,+Philadelphia,+PA+19130/",[],available,Ms. Ferrence's therapeutic services address a range of potential mental and emotional issues. She utilizes a variety of well-tested techniques to help clients achieve and maintain mental and emotional wellbeing.Services:- Individual counseling- Couples counseling- Family counseling- Phone and video-based sessionsPlease call for a free consultation.Ms. Ferrence offers a sliding fee scale.,['English'],Sliding Scale,TRUE,None,None,"This program covers residents of the following counties: Philadelphia County, PA.",39.967587,-75.1755941,19130,FALSE,8:00AM - 5:00PM,8:00AM - 5:00PM,8:00AM - 5:00PM,8:00AM - 5:00PM,8:00AM - 5:00PM,Closed,Closed,0,Mental Health
Mental Health Treatment (CORA Services),https://www.auntbertha.com//cora-services--philadelphia-pa--mental-health-treatment/5869386343907328?postal=19104,"['mental health care', 'counseling', 'group therapy', 'family counseling', 'individual counseling']",,"['adults', 'young adults', 'teens', 'children', 'individuals', 'families', 'benefit recipients', 'all mental health']",215-342-7660,https://www.coraservices.org/services/child-family-services/mental-health-treatment/,"8540 Verree Road, Philadelphia, PA 19111","https://www.google.com/maps/?q=8540+Verree+Road,+Philadelphia,+PA+19111/",['This is a FFS program so fees are greatly reduced by commercial insurance; this is not a Medicaid-based service.'],available,"CORA’s Clinical Services Division offers counseling and therapy services for the treatment of mental health issues in children, adolescents, adults, and families. We focus on relationship difficulties, family functioning issues, stress-related problems, parenting and child behavior concerns and adjusting/ reacting to significant changes such as loss/trauma.

Services: 

- Individual, couples and family counseling/therapy

CORA accepts Medicaid for AOD Treatment services.

Services are currently being delivered in-person and remotely through telehealth due to the ongoing COVID-19 pandemic.",['English'],Sliding Scale,TRUE,https://www.facebook.com/CORAServices,,"This program covers residents of the following cities: Philadelphia, PA.",40.0817112,-75.0681416,19111,FALSE,8:00AM - 9:00PM,8:00AM - 9:00PM,8:00AM - 9:00PM,8:00AM - 9:00PM,8:00AM - 5:00PM,Closed,Closed,4.4,Mental Health
Mental Health Walk-In Clinic (Merakey - Pennsylvania),https://www.auntbertha.com//merakey---pennsylvania--philadelphia-pa--mental-health-walk-in-clinic/4730912096780288?postal=19131,"['mental health care', 'mental health evaluation', 'case management']",['peer support'],"['adults', 'young adults', 'teens', 'seniors', 'grieving', 'low-income', 'uninsured', 'depression', 'anxiety', 'all mental health', 'substance dependency']",267-219-8801,https://www.merakey.org/programs/mental-health-walk-in-clinic,"3125 North Broad Street, Philadelphia, PA 19132","https://www.google.com/maps/?q=3125+North+Broad+Street,+Philadelphia,+PA+19132/","['This program helps people who are older than 17 years old.', 'This program serves adults needing same-day mental health care that is not an emergency.']",available,The Mental Health Walk-In Clinic is Philadelphia’s first and only behavioral health urgent care for adults (18+) needing same-day mental health care that is not an emergency.This program provides:- Mental health careSupport services include:- Depression/Anxiety/Stress/Grief- De-escalation and stabilization- Mood disturbances- Medication issues- Short-term prescriptions- Care Coordination- Solution-focused brief therapy- Psychiatric Evaluation- Peer support- Short term case management- Warm hand offs- Substance Use Assessments and referrals (ASAM)- Referrals to follow-up services and community resourcesMerakey can serve individuals regardless of insurance or ability to pay.,['English'],Reduced Cost,TRUE,https://www.facebook.com/MerakeyOrg,,"This program covers residents of the following cities: Philadelphia, PA.",40.0006951,-75.152636,19132,FALSE,11:00AM - 6:00PM,11:00AM - 6:00PM,11:00AM - 6:00PM,11:00AM - 6:00PM,11:00AM - 6:00PM,11:00AM - 6:00PM,11:00AM - 6:00PM,2.8,Mental Health
Mental Health/ Co-Occurring Residential Services (Gaudenzia),https://www.auntbertha.com//gaudenzia--philadelphia-pa--mental-health--co-occurring-residential-services/6149967672508416?postal=19111,"['addiction & recovery', 'residential treatment', 'mental health care']",,"['adults 18+', 'individuals', 'all mental health', 'substance dependency', 'dual diagnosis']",833-976–4357,http://www.gaudenzia.org/services,"607 Church Lane, Philadelphia, PA 19144","https://www.google.com/maps/?q=607+Church+Lane,+Philadelphia,+PA+19144/",['Must have Medicaid or Medicare.'],available,"Mental Health Residential Services is a specialized program to treat individuals whose chemical dependency co-occurs with mental disorders. This program provides: - Specialized addiction treatment- Mental health careGaudenzia services are available to everyone, regardless of insurance. They also accept Medicaid and Medicare.",['English'],Reduced Cost,TRUE,None,None,"This program covers residents of the following states: DC, DE, MD and PA.",40.0414041,-75.1633005,19144,TRUE,0:00AM - 11:59PM,0:00AM - 11:59PM,0:00AM - 11:59PM,0:00AM - 11:59PM,0:00AM - 11:59PM,0:00AM - 11:59PM,0:00AM - 11:59PM,0,Mental Health
Miracles In Progress (The Behavioral Wellness Center at Girard),https://www.auntbertha.com//the-behavioral-wellness-center-at-girard--philadelphia-pa--miracles-in-progress/4795404263882752?postal=19111,"['substance abuse counseling', 'residential treatment']",,"['adults 18+', 'male', 'homeless', 'substance dependency']",215-787-2000,https://bewellctr.org/inpatient-drug-alcohol/,"801 West Girard Avenue, Philadelphia, PA 19122","https://www.google.com/maps/?q=801+West+Girard+Avenue,+Philadelphia,+PA+19122/",[],available,"The Behavioral Wellness Center's Miracles in Progress program provides long-term recovery services for chronically homeless men with substance use disorders and co-occurring mental health issues. The program is open ended, targeting men who have lived on the streets or in Philadelphia shelters for at least five years.This program provides: - Drug and alcohol treatment for men that are chronically homeless",['English'],Free,TRUE,https://www.facebook.com/BeWellatGirard/,,"This program covers residents of the following counties: Philadelphia County, PA.",39.9712194,-75.149293,19122,TRUE,0:00AM - 11:59PM,0:00AM - 11:59PM,0:00AM - 11:59PM,0:00AM - 11:59PM,0:00AM - 11:59PM,0:00AM - 11:59PM,0:00AM - 11:59PM,3.5,Mental Health
"Mobile Crisis (The Consortium, Inc.)",https://www.auntbertha.com//the-consortium%252C-inc.--philadelphia-pa--mobile-crisis/5632912957636608?postal=19131,['psychiatric emergency services'],,"['adults 18+', 'benefit recipients', 'low-income']",215-748-8400,https://consortiuminc.org/,"5501 Chestnut Street, Philadelphia, PA 19139","https://www.google.com/maps/?q=5501+Chestnut+Street,+Philadelphia,+PA+19139/","['This program helps people who are older than 18 years old.', 'Must meet income requirements or have Medicaid.']",available,The Mobile Crisis Unit is designed to handle psychiatric emergencies for individuals 18 years and older and for businesses located in West and Southwest Philadelphia area. Services include but are not limited to: - On-site evaluations- Arranging voluntary and involuntary hospitalization- Crisis interventionThe Consortium accepts Medicaid and offers a sliding scale fee for low-income individuals. We don't turn anyone away.,['English'],Sliding Scale,TRUE,,,"This program covers residents of the following counties: Philadelphia County, PA.",39.9595245,-75.23145,19139,TRUE,0:00AM - 11:59PM,0:00AM - 11:59PM,0:00AM - 11:59PM,0:00AM - 11:59PM,0:00AM - 11:59PM,0:00AM - 11:59PM,0:00AM - 11:59PM,0,Mental Health
Mobile Mental Health Services (Philadelphia Mental Health Center),https://www.auntbertha.com//philadelphia-mental-health-center--philadelphia-pa--mobile-mental-health-services/6386179860856832?postal=19111,"['mental health care', 'counseling', 'in-home support']",,"['adults 18+', 'all disabilities', 'autism', 'all mental health']",215-735-9379,http://www.pmhccares.org/,"1235 Pine Street, Philadelphia, PA 19107","https://www.google.com/maps/?q=1235+Pine+Street,+Philadelphia,+PA+19107/","['Must have Medical Assistance (Medicaid).', 'This program serves adults who have a medical condition or disability that limits their ability to come into the office for regular sessions.']",available,Our Mobile Mental Health Services is individual therapy that is provided in the home. This service is available to adults who has a medical condition or disability that limits his/her ability to come into the office for regular sessions. Mobile Mental Health is performed by a qualified Master’s-Level or Doctoral Level clinician.Services include:- Trained professional staff- Individual therapyPhiladelphia Mental Health Center accepts Medical Assistance (Medicaid).,['English'],Reduced Cost,TRUE,https://www.facebook.com/PMHCCares/,,"This program covers residents of the following counties: Bucks County, PA and Philadelphia County, PA.",39.9453496,-75.1625869,19107,FALSE,8:00AM - 9:00PM,8:00AM - 9:00PM,8:00AM - 9:00PM,8:00AM - 9:00PM,8:00AM - 9:00PM,8:00AM - 7:00PM,8:00AM - 7:00PM,2.9,Mental Health
Mobile Psychiatric Rehabilitation Service (Horizon House),https://www.auntbertha.com//horizon-house--philadelphia-pa--mobile-psychiatric-rehabilitation-service/6235162526875648?postal=19104,"['mental health care', 'mental health evaluation']",['in-home support'],"['adults 18+', 'all mental health']",215-386-3838,https://www.hhinc.org/behavioral-health-services/housing-and-supported-living-2/,"5901 Market Street, Philadelphia, PA 19136","https://www.google.com/maps/?q=5901+Market+Street,+Philadelphia,+PA+19136/","['This program serves adults with serious mental illness.', 'Must have a referral to receive services.']",available,"Mobile Psychiatric Rehabilitation (MPR) is a service for adults with serious mental illness. Service is provided on site, in the individual’s location of choice, be it their home, school, work or elsewhere in the community. Mobile psychiatry is recovery/resiliency-oriented and time limited aimed at supporting individual functioning levels in four domains: living, learning, socializing and working. This service focuses on skill development and providing support for individuals to live independently in the community of their choice.Services offered:- Psychiatric support- Mobile servicesHorizon House accepts Medicare and Medicaid. Weekend hours are available as needed.For services in Philadelphia County, referrals are only received from Community Behavioral Health (CBH). Please call them at 1-888-545-2600; For services in Delaware County, referrals are made through – Horizon House Psychiatric Rehabilitation Assessment Specialist at 610-876-2403 or intensive case manager, case manager, therapist, Licensed Professional of the Healing Arts, self-referral or Delaware County Base Service Unit.",['English'],Reduced Cost,TRUE,None,None,"This program covers residents of the following counties: Delaware County, PA and Philadelphia County, PA.",39.962058,-75.2391324,19136,FALSE,8:00AM - 5:00PM,8:00AM - 5:00PM,8:00AM - 5:00PM,8:00AM - 5:00PM,8:00AM - 5:00PM,Closed,Closed,0,Mental Health
Mobile Psychiatric Rehabilitation Services MPRS (JEVS Human Services),https://www.auntbertha.com//jevs-human-services--philadelphia-pa--mobile-psychiatric-rehabilitation-services-%2528mprs%2529/4608273741381632?postal=19111,"['daily life skills', 'understand disability', 'understand mental health', 'community support services', 'recreation']",['transportation'],"['adults 18+', 'all mental health']",267-350-8600,https://www.jevshumanservices.org/program/integrated-behavioral-health-mobile-psychiatric-rehabilitation-services-mprs/,"9350 Ashton Road, Philadelphia, PA 19114","https://www.google.com/maps/?q=9350+Ashton+Road,+Philadelphia,+PA+19114/","['Persons age 18 years or older, diagnosed with a serious mental illness who exhibit moderate to severe functional impairment, who have demonstrated the ability to live independently with support, and who reside in Philadelphia County']",available,"Mobile Psychiatric Rehabilitation Services (MPRS), part of JEVS Integrated Behavioral Health, enables adults with serious mental illness to live independently in their community and receive support to provide psychiatric stability, social competencies, skill building and personal adjustment. This program provides:- Participation in community activities, volunteer opportunities and events- Tenant/landlord supportive services- Natural supports in the community- Independent living supports- Representative payee support- Assistive technology support- Employer/employee supportFree to those who qualify through the Department of Behavioral Health Security Income (SSI)",['English'],Sliding Scale,TRUE,https://www.facebook.com/JEVSHumanServices,https://www.twitter.com/@JEVSHumanServs,"This program covers residents of the following counties: Philadelphia County, PA.",40.0684785,-75.0197478,19114,FALSE,8:00AM - 4:00PM,8:00AM - 4:00PM,8:00AM - 4:00PM,8:00AM - 4:00PM,8:00AM - 4:00PM,Closed,Closed,0,Mental Health
Mother Baby Connections (Drexel University),https://www.auntbertha.com//drexel-university--philadelphia-pa--mother-baby-connections/6313463017373696?postal=19104,"['understand mental health', 'counseling', 'specialized therapy', 'mental health care', 'family counseling', 'individual counseling', 'maternity care', 'support network']","['transportation', 'transportation for healthcare', 'childcare']","['adults', 'young adults', 'female', 'pregnant', 'families', 'with children', 'mothers', 'depression', 'anxiety', 'all mental health']",215-553-7128,https://drexel.edu/cnhp/practices/mother-baby-connections/,"3201 Chestnut Street, Philadelphia, PA 19102","https://www.google.com/maps/?q=3201+Chestnut+Street,+Philadelphia,+PA+19102/","['This program serves mothers who are pregnant, or have given birth within the last year, who are feeling stressed, depressed or anxious.']",available,"Mother-Baby Connections offers intensive outpatient services for issues that arise during pregnancy and postpartum focusing on a mother’s relationships with her baby, partner and encourages moms to bring their infants to therapy. This program provides:- Individual and group therapy- Support networksSpecific treatment services include:- Cognitive Behavioral Therapy- Mother-baby Interaction Therapy- Interpersonal Therapy- Infant Massage- Women’s Wellness- Yoga, Breath Awareness, Meditation, Deep Relaxation- Referrals for Medication Management- Trauma-focused Therapy (if needed)This program operates on a sliding scale fee schedule based on annual gross income and number of people supported by that income.",['English'],Sliding Scale,TRUE,None,None,"This program covers residents of the following counties: Philadelphia County, PA.",39.9541758,-75.1876883,19102,FALSE,9:00AM - 8:00 PM,9:00AM - 8:00 PM,9:00AM - 8:00 PM,9:00AM - 8:00 PM,9:00AM - 8:00 PM,Closed,Closed,0,Mental Health
MST-PSB Multisystemic Therapy for Problem Sexual Behavior (Public Health Management Corporation),https://www.auntbertha.com//public-health-management-corporation-%2528phmc%2529--philadelphia-pa--mst-psb-%2528multisystemic-therapy-for-problem-sexual-behavior%2529/4927571165446144?postal=19111,"['mental health care', 'family counseling', 'individual counseling', 'outpatient treatment']",,"['teens', 'children', 'criminal justice history', 'families', 'benefit recipients', 'caregivers', 'parents', 'all mental health']",215-764-2387,https://www.phmc.org/site/programs/behavioral-health-services/1267-mst-psb-2,"1500 Market St, Philadelphia, PA, United States, 19102","https://www.google.com/maps/place/Centre+Square,+1500+Market+St,+Philadelphia,+PA+19102/@39.9523167,-75.1690606,732m/data=!3m2!1e3!4b1!4m6!3m5!1s0x89c6c631d57c2da5:0x7b18396985a5990!8m2!3d39.9523167!4d-75.1664857!16s%2Fm%2F02wvksd?entry=ttu&g_ep=EgoyMDI1MDMzMC4wIKXMDSoASAFQAw%3D%3D","['This program helps people who are 11 to 17 years old.', 'Must be experiencing problem sexual behaviors that involve a victim or victims.', 'Must be living with a permanent guardian or preparing for transition to live with a permanent guardian.', 'Must have a caregiver who is willing to participate in family therapy, to enforce the safety plan and who acknowledges that the youth has engaged in problem sexual behavior.', 'Must be MA eligible.', 'Must have an evaluation signed by a licensed psychologist or psychiatrist specifically recommending MSTPSB services.', 'The youth must not: Be actively suicidal, homicidal or psychotic; Be on the Autism Spectrum; Have an IQ less than 70 (some exceptions may apply); or Be in an out-of-home placement with no plan to be reunified with his or her caregiver.']",available,"MST-PSB serves youth 11-17 years old who have engaged in harmful sexual behavior by providing intensive, family-driven therapy delivered in the individual’s home, school or community. Families participate in regular sessions to address the multiple systemic factors associated with youth who have committed sexual offenses.We provide: - Intensive therapy in youth’s natural environment (average of three sessions per week)- 24/7 crisis supportBasic components of the model include:- Assessment and Evaluation- Safety Planning- Addressing Denial and Minimization- Grooming and Cognitive Variables- Clarification Work- Managing the Youth’s Own Victimization and Trauma- Skills Training and Development of Pro-Social Behaviors and Peer Group- Reunification (when appropriate) The average duration of services is 5-7 months. Caregivers must be willing to participate in family therapy, to enforce the safety plan, and to acknowledge that the youth has engaged in problem sexual behavior.MST-PSB accepts Medical Assistance (MA)/Pennsylvania Medicaid. The Referral Form may be downloaded from our website, and completed and faxed back to us. Clients must have an evaluation signed by a licensed psychologist or psychiatrist specifically recommending MSTPSB services. If the referral does not have an evaluation recommending MST-PSB services, we can schedule an appointment with our doctor to determine medical necessity.",['English'],Reduced Cost,TRUE,https://www.facebook.com/publichealthmanagementcorporation,https://www.twitter.com/@phmctweets,"This program covers residents of the following counties: Bucks County, PA, Chester County, PA, Delaware County, PA, Montgomery County, PA and Philadelphia County, PA.",39.9523167,-75.1690606,19102,FALSE,8:00AM - 5:00PM,8:00AM - 5:00PM,8:00AM - 5:00PM,8:00AM - 5:00PM,8:00AM - 5:00PM,Closed,Closed,4.1,Mental Health
Multiple Pathways (The School District of Philadelphia),https://www.auntbertha.com//the-school-district-of-philadelphia--philadelphia-pa--multiple-pathways/6157996095438848?postal=19111,"['counseling', 'more education', 'ged/high-school equivalency']","['navigating the system', 'one-on-one support']","['young adults', 'teens', 'adults 18+']",215-400-4000,https://www.philasd.org/alternative/get-started/,"440 North Broad Street, Philadelphia, PA 19130","https://www.google.com/maps/?q=440+North+Broad+Street,+Philadelphia,+PA+19130/",['Must reside in The School District of Philadelphia area.'],available,"The Multiple Pathways program was designed to help individuals obtain their high school diploma or GED.Services provided include:- Counseling- Placement services- Access to information leading to achievement of a high school diploma or GEDIf you’re interested in the Multiple Pathways options, the Re-Engagement Center should be your first stop. Please feel free to call or visit the Re-Engagement Center during business hours; an appointment is not necessary.","['Arabic', 'Chinese', 'English', 'French', 'Russian', 'Spanish', 'Vietnamese']",Free,TRUE,https://www.facebook.com/PhillySchools/,https://www.twitter.com/@PHLschools,"This program covers residents of the following counties: Delaware County, PA, Montgomery County, PA and Philadelphia County, PA.",39.9607252,-75.1629289,19130,FALSE,9:00AM - 3:00PM,9:00AM - 3:00PM,9:00AM - 3:00PM,9:00AM - 3:00PM,9:00AM - 3:00PM,Closed,Closed,2.4,Mental Health
My Brother's House (Bethesda Project),https://www.auntbertha.com//bethesda-project--philadelphia-pa--my-brother%2527s-house/5138871176658944?postal=19131,"['temporary shelter', 'safe housing', 'mental health care', 'substance abuse counseling']","['meals', 'navigating the system', 'case management']","['all ages', 'male', 'homeless', 'near homeless', 'all mental health']",215-985-1600,https://www.bethesdaproject.org/housing-shelter,"609 South 15th Street, Philadelphia, PA 19146","https://www.google.com/maps/?q=609+South+15th+Street,+Philadelphia,+PA+19146/",['This program serves homeless men.'],available,"My Brother's House program offers a safe heaven that provides pre-recovery housing and an array of supportive services to 20 vulnerable men with chronic mental illness and substance abuse problem. This program provides:- Temporary shelterIn addition to a safe place to stay, resident are provided with:- Meals- Social services",['English'],Free,TRUE,https://www.facebook.com/BethesdaProject/,https://www.twitter.com/@Bethesda_Proj,"This program covers residents of the following counties: Philadelphia County, PA.",39.9435352,-75.167141,19146,FALSE,8:00AM - 5:00PM,8:00AM - 5:00PM,8:00AM - 5:00PM,8:00AM - 5:00PM,8:00AM - 5:00PM,Closed,Closed,4.2,Mental Health
New Pathways Project (Public Health Management Corporation),https://www.auntbertha.com//public-health-management-corporation-%2528phmc%2529--philadelphia-pa--new-pathways-project/6379467169595392?postal=19131,"['addiction & recovery', 'substance abuse counseling', 'medical care', 'checkup & test', 'disease screening', 'prevent & treat', 'counseling', 'group therapy', 'navigating the system', 'case management', 'support network']",,"['all ages', 'hiv/aids', 'individuals', 'limited english', 'substance dependency']",215-985-2526,https://www.phmc.org/site/programs/health-promotion/hiv-aids-prevention#npp,"2539 Germantown Avenue, Philadelphia, PA 19133","https://www.google.com/maps/?q=2539+Germantown+Avenue,+Philadelphia,+PA+19133/",['This program serves men and women seeking help with their drug and alcohol related problems.'],available,"Public Health Management Corporation (PHMC) offers a community-based pre-treatment recovery support program serving men and women seeking help with their drug and alcohol related problems. Individuals who are not ready to enter treatment receive recovery oriented culturally tailored support including referral to health care, mental health and social services.This program provides:- Enhanced individual pre-treatment counseling- Case management support services- Group psychoeducational and peer support sessions- On-site rapid HIV testing- As requested escort and referral to medical care- Substance abuse treatment","['English', 'Spanish']",Reduced Cost,TRUE,https://www.facebook.com/publichealthmanagementcorporation,https://www.twitter.com/@phmctweets,"This program covers residents of the following counties: Philadelphia County, PA.",39.9907117,-75.147869,19133,FALSE,9:00AM - 5:00PM,9:00AM - 5:00PM,9:00AM - 5:00PM,9:00AM - 5:00PM,9:00AM - 5:00PM,Closed,Closed,3.4,Mental Health
Older Adult and Senior Counseling (Jewish Family and Children's Service of Greater Philadelphia),https://www.auntbertha.com//jewish-family-and-children%2527s-service-of-greater-philadelphia-%2528jfcs%2529--philadelphia-pa--older-adult-and-senior-counseling/6199634183061504?postal=19104,"['bereavement', 'counseling', 'individual counseling', 'support network', 'support groups']",,"['seniors', 'grieving', 'trauma survivors', 'abuse or neglect survivors', 'all mental health', 'lgbtqia+']",866-532-7669,https://www.jfcsphilly.org/main-home-page/older-adults/counseling/,"2100 Arch St, Philadelphia, PA 19103","https://www.google.com/maps/?q=2100+Arch+St,+Philadelphia,+PA+19103/",['This program serves older adults.'],available,"The Jewish Family and Children’s Service of Greater Philadelphia offers a range of Older Adult and Senior Counseling including individual counseling, as well as moderated support groups.This program provides:- Individual Counseling- Support GroupsTopics that are addressed:- Bereavement and loss- Changes in health- Aging- Retirement- Intimacy- Financial challenges- LGBTQ- Reduce isolation- Changes in living arrangements- Trauma- Abuse and neglect- Elder abuse- Mental health challenges- Spiritual needs- Caregiving fatigue- Transportation barriers",['English'],Reduced Cost,TRUE,https://www.facebook.com/JFCSPhilly,https://www.twitter.com/@JFCS_Philly,"This program covers residents of the following counties: Bucks County, PA, Chester County, PA, Delaware County, PA, Montgomery County, PA and Philadelphia County, PA.",39.9556566,-75.1751414,19103,FALSE,8:00AM - 5:00PM,8:00AM - 5:00PM,8:00AM - 5:00PM,8:00AM - 5:00PM,8:00AM - 5:00PM,Closed,Closed,0,Mental Health
"Open Door Clubhouse (COMHAR, Inc.)",https://www.auntbertha.com//comhar%252C-inc.--philadelphia-pa--open-door-clubhouse/5715547962605568?postal=19131,"['addiction & recovery', 'mental health care', 'navigating the system', 'support network', 'skills & training', 'basic literacy', 'computer class', 'daily life skills', 'specialized training', 'help find work', 'job placement']","['skills & training', 'basic literacy', 'computer class', 'interview training', 'resume development', 'specialized training', 'supported employment']","['adults 18+', 'veterans', 'benefit recipients', 'low-income', 'all mental health', 'substance dependency']",215-427-5763,https://www.comhar.org/mental-health-wellness,"3147 Emerald Street, Philadelphia, PA 19134","https://www.google.com/maps/?q=3147+Emerald+Street,+Philadelphia,+PA+19134/","['This program helps people who are older than 17 years old.', 'This program serves adults with a mental illness diagnosis.']",available,"The Open Door Clubhouse is a community-based employment and mental health program. The mission of Open Door Clubhouse is to offer persons with mental health challenges a safe and healing environment wherein each person is given the opportunity to explore their personal and vocational potentials to their fullest, receive support in achieving their goals in employment and education, and achieve their highest level of independence. 

This program provides:

The “Work-Ordered Day” (opportunities to develop job skills in any of several in-house Clubhouse work units ( i.e administrative, food service, janitorial))
• Access to paid employment through its Transitional Employment (TE) and Supported Employment (SE) Programs 
• Assistance with accessing community-based educational resources 
• Opportunities to participate in social and leisure activities
• Assistance with job placement and job applications
· Resume writing and interviewing techniques
· Participation in consensus-based decision-making regarding Clubhouse operations","['English', 'Spanish']",Free,TRUE,https://www.facebook.com/Open-Door-Clubhouse-893763780697216/,,"This program covers residents of the following counties: Montgomery County, PA, Northampton County, PA and Philadelphia County, PA.",39.9935988,-75.112315,19134,FALSE,8:30AM - 4:30PM,8:30AM - 4:30PM,8:30AM - 4:30PM,8:30AM - 4:30PM,8:30AM - 4:30PM,Closed,Closed,5,Mental Health
"Opioid Treatment Program (Northeast Treatment Centers, Inc,)",https://www.auntbertha.com//northeast-treatement-centers%252C-inc--philadelphia-pa--opioid-treatment-program-%2528otp%2529/6410727744077824?postal=19131,"['detox', 'counseling', 'substance abuse counseling']",,"['adults', 'substance dependency', 'opioid dependency']",267-348-3550,http://www.northeastlifeskills.org/index.html,"7520 State Road, Philadelphia, PA 19136","https://www.google.com/maps/?q=7520+State+Road,+Philadelphia,+PA+19136/",[],Not specified,"This program provides Medication-Assisted Treatment services for those addicted to opiods such as oxycodone, codeine, fentanyl, morphine, heroin and others. Common treatment drugs are methadone, buprenorphine (Suboxone and Subutex), or naltrexone. Check with this program to see what options are available.",['English'],Not specified,FALSE,,,"This program covers residents of the following counties: Philadelphia County, PA.",40.0294574,-75.026752,19136,FALSE,8:00AM - 5:00PM,8:00AM - 5:00PM,8:00AM - 5:00PM,8:00AM - 5:00PM,8:00AM - 5:00PM,Closed,Closed,0,Mental Health
Opioid Treatment Program OTP (Achievement Through Counseling and Treatment ACT 1),https://www.auntbertha.com//achievement-through-counseling-and-treatment-%2528act-1%2529--philadelphia-pa--opioid-treatment-program-%2528otp%2529/5792020391002112?postal=19111,"['detox', 'counseling', 'substance abuse counseling']",,"['adults', 'substance dependency', 'opioid dependency']",855-331-1011,http://www.acadiahealthcare.com/,"5820 Old York Rd., Philadelphia, PA 19141","https://www.google.com/maps/?q=5820+Old+York+Rd.,+Philadelphia,+PA+19141/",[],Not specified,"This program provides Medication-Assisted Treatment services for those addicted to opiods such as oxycodone, codeine, fentanyl, morphine, heroin and others. Common treatment drugs are methadone, buprenorphine (Suboxone and Subutex), or naltrexone. Check with this program to see what options are available.",['English'],Not specified,FALSE,None,None,"This program covers residents of the following counties: Philadelphia County, PA.",40.042035,-75.144729,19141,FALSE,8:00AM - 5:00PM,8:00AM - 5:00PM,8:00AM - 5:00PM,8:00AM - 5:00PM,8:00AM - 5:00PM,Closed,Closed,0,Mental Health
"Opioid Treatment Program OTP (Northeast Treatement Centers, Inc)",https://www.auntbertha.com//northeast-treatement-centers%252C-inc--philadelphia-pa--opioid-treatment-program-%2528otp%2529/6410727744077824?postal=19111,"['detox', 'counseling', 'substance abuse counseling']",,"['adults', 'substance dependency', 'opioid dependency']",973-777-2962,http://www.northeastlifeskills.org/index.html,"7520 State Road, Philadelphia, PA 19136","https://www.google.com/maps/?q=7520+State+Road,+Philadelphia,+PA+19136/",[],Not specified,"This program provides Medication-Assisted Treatment services for those addicted to opiods such as oxycodone, codeine, fentanyl, morphine, heroin and others. Common treatment drugs are methadone, buprenorphine (Suboxone and Subutex), or naltrexone. Check with this program to see what options are available.",['English'],Not specified,FALSE,None,None,"This program covers residents of the following counties: Philadelphia County, PA.",40.0294574,-75.0267519,19136,FALSE,8:00AM - 5:00PM,8:00AM - 5:00PM,8:00AM - 5:00PM,8:00AM - 5:00PM,8:00AM - 5:00PM,Closed,Closed,3.6,Mental Health
Outpatient Behavioral Health (Tower Health - Tower -Drexel Academic Medical Group)_v1,https://www.auntbertha.com//tower-health---tower-drexel-academic-medical-group--philadelphia-pa--outpatient-behavioral-health/5664762984398848?postal=19131,"['mental health care', 'group therapy', 'individual counseling', 'medications for mental health', 'outpatient treatment']",,"['adults 18+', 'individuals', 'benefit recipients', 'low-income', 'uninsured', 'all mental health']",215-967-2130,https://towerhealth.org/services/outpatient-behavioral-health,"4700 Wissahickon Avenue, Philadelphia, PA 19144","https://www.google.com/maps/?q=4700+Wissahickon+Avenue,+Philadelphia,+PA+19144/",['This program helps people who are older than 17 years old.'],available,"Tower-Drexel Academic Medical Group provides outpatient psychiatry and behavioral health services to adults age 18 and over. This program provides: - Individual counseling- Group therapy- Medications for mental healthThey offer compassionate support and guidance to help with:- Addiction and substance-use disorders- Anxiety- Behavior disorders- Health problems, including chronic pain- Depression and bipolar disorder- Eating disorders, including anorexia, bulimia, and binge eating- Family, marriage, and relationship issues- Grief and loss- Obsessive-compulsive disorder- Panic disorders and phobias- StressTower-Drexel Academic Medical Group accepts Medicaid and Medicare, and offers financial assistance based on income to uninsured and underinsured patients.","['English', 'Spanish']",Reduced Cost,TRUE,,,"This program covers residents of the following counties: Chester County, PA and Philadelphia County, PA.",40.0159527,-75.172414,19144,FALSE,8:00AM - 5:00PM,8:00AM - 5:00PM,8:00AM - 5:00PM,8:00AM - 5:00PM,8:00AM - 5:00PM,Closed,Closed,0,Mental Health
"Outpatient Behavioral Health (Tower Health - Tower-Drexel Academic Medical Group)_v2
",https://www.auntbertha.com//tower-health---tower-drexel-academic-medical-group--philadelphia-pa--outpatient-behavioral-health/5664762984398848?postal=19104,"['mental health care', 'group therapy', 'individual counseling', 'medications for mental health', 'outpatient treatment']",,"['adults 18+', 'individuals', 'benefit recipients', 'low-income', 'uninsured', 'all mental health']",267-507-6581,https://towerhealth.org/services/outpatient-behavioral-health,"1427 Vine Street, Philadelphia, PA 19102","https://www.google.com/maps/?q=1427+Vine+Street,+Philadelphia,+PA+19102/",['This program helps people who are older than 17 years old.'],available,"Tower-Drexel Academic Medical Group provides outpatient psychiatry and behavioral health services to adults age 18 and over. This program provides: - Individual counseling- Group therapy- Medications for mental healthThey offer compassionate support and guidance to help with:- Addiction and substance-use disorders- Anxiety- Behavior disorders- Health problems, including chronic pain- Depression and bipolar disorder- Eating disorders, including anorexia, bulimia, and binge eating- Family, marriage, and relationship issues- Grief and loss- Obsessive-compulsive disorder- Panic disorders and phobias- StressTower-Drexel Academic Medical Group accepts Medicaid and Medicare, and offers financial assistance based on income to uninsured and underinsured patients.","['English', 'Spanish']",Reduced Cost,TRUE,None,None,"This program covers residents of the following counties: Chester County, PA and Philadelphia County, PA.",39.9584983,-75.1636129,19102,FALSE,8:00AM - 4:30PM,8:00AM - 4:30PM,8:00AM - 4:30PM,8:00AM - 4:30PM,8:00AM - 4:30PM,Closed,Closed,3.3,Mental Health
Outpatient Behavioral Health Services (Malvern Community Health Services),https://www.auntbertha.com//malvern-community-health-services--philadelphia-pa--outpatient-behavioral-health-services-%2528therapy-and-medication-management%2529/4856424105771008?postal=19131,"['mental health care', 'group therapy', 'family counseling', 'individual counseling', 'medications for mental health', 'outpatient treatment']",,"['adults', 'young adults', 'teens', 'children', 'school-aged children', 'preschoolers', 'toddlers', 'seniors', 'benefit recipients', 'all mental health']",215-924-0684,https://malvernchs.com/services/outpatient/,"6006 West Girard Avenue, Philadelphia, PA 19151","https://www.google.com/maps/?q=6006+West+Girard+Avenue,+Philadelphia,+PA+19151/",['Eligible for Pennsylvania Medical Assistance (HealthChoices) and/or Covered under Select Private Insurance Health Plans.'],available,"The Outpatient Services provide counseling and psychiatric treatment for children, adolescents, adults, couples, and families who are struggling to cope with life’s challenges. 

This program provides:

- Individual therapy
- Couple and family therapy
- Group therapy
- Psychiatry

This program accepts most forms of insurance, including Medical Assistance.",['English'],Sliding Scale,TRUE,,https://www.twitter.com/@pbhsi,"This program covers residents of the following counties: Berks County, PA, Bucks County, PA, Lehigh County, PA, Montgomery County, PA and Philadelphia County, PA.",39.9696013,-75.23993,19151,FALSE,8:00AM - 5:00PM,8:00AM - 5:00PM,8:00AM - 5:00PM,8:00AM - 5:00PM,8:00AM - 5:00PM,Closed,Closed,0,Mental Health
Outpatient Behavioral Health Services Therapy and Medication Management (Malvern Community Health Services),https://www.auntbertha.com//malvern-community-health-services--philadelphia-pa--outpatient-behavioral-health-services-%2528therapy-and-medication-management%2529/4856424105771008?postal=19104,"['mental health care', 'group therapy', 'family counseling', 'individual counseling', 'medications for mental health', 'outpatient treatment']",,"['adults', 'young adults', 'teens', 'children', 'school-aged children', 'preschoolers', 'toddlers', 'seniors', 'benefit recipients', 'all mental health']",215-924-0684,https://malvernchs.com/services/outpatient/,"6006 West Girard Avenue, Philadelphia, PA 19151","https://www.google.com/maps/?q=6006+West+Girard+Avenue,+Philadelphia,+PA+19151/",['Eligible for Pennsylvania Medical Assistance (HealthChoices) and/or Covered under Select Private Insurance Health Plans.'],available,"The Outpatient Services provide counseling and psychiatric treatment for children, adolescents, adults, couples, and families who are struggling to cope with life’s challenges. 

This program provides:

- Individual therapy
- Couple and family therapy
- Group therapy
- Psychiatry

This program accepts most forms of insurance, including Medical Assistance.",['English'],Sliding Scale,TRUE,None,https://www.twitter.com/@pbhsi,"This program covers residents of the following counties: Berks County, PA, Bucks County, PA, Lehigh County, PA, Montgomery County, PA and Philadelphia County, PA.",39.9696013,-75.23993,19151,FALSE,8:00AM - 5:00PM,8:00AM - 5:00PM,8:00AM - 5:00PM,8:00AM - 5:00PM,8:00AM - 5:00PM,Closed,Closed,0,Mental Health
Outpatient Department (Children's Crisis Treatment Center),https://www.auntbertha.com//children%2527s-crisis-treatment-center-%2528cctc%2529--philadelphia-pa--outpatient-department/6082146074624000?postal=19104,"['outpatient treatment', 'counseling', 'specialized therapy', 'mental health care', 'group therapy', 'family counseling', 'individual counseling', 'mental health evaluation', 'psychiatric emergency services']",,"['teens', 'school-aged children', 'preschoolers', 'toddlers', 'undocumented', 'individuals', 'families', 'benefit recipients', 'all mental health']",215-496-0707,https://www.cctckids.org/programs-services/center/outpatient-department/,"1080 North Delaware Avenue, Philadelphia, PA 19125","https://www.google.com/maps/?q=1080+North+Delaware+Avenue,+Philadelphia,+PA+19125/",['This program accepts Medicaid.'],available,CCTC’s Outpatient Department provides evaluation and therapy at our center to children and families with emotional and behavioral health challenges. This department often functions as a gateway to other services at CCTC as well as a step-down service for children who have progressed from more intensive services.This program provides:- Mental health evaluations- Eco-systemic structural family therapy- Cognitive behavioral therapy- Play therapy- Attachment therapy- Additional clinical services- One on one sessions with parents and caregivers when necessary to help them understand and cope with their child’s behavioral challengesCCTC accepts Medicare.,['English'],Reduced Cost,TRUE,https://www.facebook.com/cctckids,,"This program covers residents of the following counties: Montgomery County, PA and Philadelphia County, PA.",39.9658381,-75.1327444,19125,FALSE,8:30AM - 8:00PM,8:30AM - 8:00PM,8:30AM - 8:00PM,8:30AM - 8:00PM,8:30AM - 5:00PM,Closed,Closed,3.2,Mental Health
Outpatient Drug and Alcohol Treatment (Women's Institute for Family Health),https://www.auntbertha.com//women%2527s-institute-for-family-health-%2528wifh%2529--philadelphia-pa--outpatient-drug-and-alcohol-treatment/5639251868516352?postal=19111,"['addiction & recovery', 'outpatient treatment', 'substance abuse counseling', 'medications for addiction', 'medication management', 'mental health care', 'group therapy', 'family counseling', 'individual counseling', 'mental health evaluation', 'peer support']",,"['adults', 'young adults', 'teens', 'seniors', 'adults 18+', 'veterans', 'criminal justice history', 'lgbtqia+', 'transgender or non-binary', 'individuals', 'benefit recipients', 'substance dependency', 'alcohol dependency', 'dual diagnosis']",215-772-3111,https://www.wifamilyhealth.org/our-programs/,"255 South 17th Street, Philadelphia, PA 19103","https://www.google.com/maps/?q=255+South+17th+Street,+Philadelphia,+PA+19103/",['Must have Medicaid or Medicare.'],available,"Women's Institute for Family Health provides men and women with drug or alcohol dependence, as well as those with co-occurring substance abuse and mental health issues. Clients learn strategies to promote better health and discontinue self-destructive behaviors.Services include:- Psychiatric Assessment- Drug and Alcohol Assessment/Evaluation- Medication Assisted Therapy (Suboxone)- Medication Management- Individual, Group Psychotherapy and Family Counseling- Addiction Education- Peer Support- DUI ServicesTheir services assist people with special needs that include individuals with trauma, anger, grief and loss issues, veterans, LGBTQIA+ of all ages, and pregnant or parenting women. Women's Institute for Family Health accepts Medicaid and Medicare. Appointments are recommended however walk-ins are accepted. Call for an evaluation or intake appointment.",['English'],Reduced Cost,TRUE,None,None,"This program covers residents of the following counties: Philadelphia County, PA.",39.9481867,-75.1692901,19103,FALSE,8:00AM - 5:00PM,8:00AM - 5:00PM,8:00AM - 5:00PM,8:00AM - 5:00PM,8:00AM - 5:00PM,Closed,Closed,0,Mental Health
"Outpatient Medication-Assisted Treatment MAT (COMHAR, Inc.)",https://www.auntbertha.com//comhar%252C-inc.--philadelphia-pa--outpatient-medication-assisted-treatment-%2528mat%2529/5713516069781504?postal=19111,"['addiction & recovery', 'outpatient treatment', 'medications for addiction', 'counseling', 'medication management', 'mental health care', 'group therapy', 'family counseling', 'individual counseling']",,"['adults 18+', 'individuals', 'families', 'all mental health', 'substance dependency', 'dual diagnosis']",215-203-3000,https://www.comhar.org/mental-health-wellness,"100 W Lehigh Avenue, Philadelphia, PA 19133","https://www.google.com/maps/place/100+W+Lehigh+Ave,+Philadelphia,+PA+19133/","['Available at no cost for those who are uninsured', 'Must have Medicare or Medical Assistance.']",available,"The COMHAR Outpatient MAT program allows clients with Substance Use Disorders to maintain normal activities and relationships with family, community, workplace or school. 

This program provides:

- Psychiatric Evaluation
- Medication Assisted Treatment for Opioid Use Disorders
- Psychotherapy for Individuals, Groups and Families
- Medication Assessment and Monitoring
- Identification of Need for Other Services
- Referral to Community Resources","['English', 'Spanish']",Reduced Cost,TRUE,https://www.facebook.com/comharorg,None,"This program covers residents of the following cities: Philadelphia, PA.",39.9896329,-75.15006,19111,FALSE,8:30AM - 5:00PM,8:30AM - 5:00PM,8:30AM - 5:00PM,8:30AM - 5:00PM,8:30AM - 5:00PM,Closed,Closed,3.6,Mental Health
Outpatient Mental and Behavioral Health Therapy Services (Einstein Healthcare Network),https://www.auntbertha.com//einstein-healthcare-network--philadelphia-pa--outpatient-mental-and-behavioral-health-therapy-services/5366916094099456?postal=19131,"['specialized therapy', 'mental health care', 'counseling', 'group therapy', 'family counseling', 'individual counseling', 'mental health evaluation']",,"['all ages', 'benefit recipients', 'low-income', 'uninsured', 'all mental health', 'lgbtqia+']",215-456-9850,https://www.jeffersonhealth.org/clinical-specialties/psychiatry-human-behavior,"1200 W. Tabor Rd., Philadelphia, PA 19141","https://www.google.com/maps/?q=1200+W.+Tabor+Rd.,+Philadelphia,+PA+19141/",[],available,Mental and behavioral health therapy treatment at Einstein is customized to fit an individual patient and diagnosis. Einstein Health offers a wide range of programs and counseling options to meet a variety of mental health needs.Services:- Diagnostic re-evaluation- Family consultation- Pharmacotherapy and education about medication- Internal medicine consultation and pharmacotherapy- Couples or Family Therapy & Counseling- Prolonged Exposure Therapy for PTSD- Cognitive behavior therapy - CBT- Electroconvulsive therapy (ECT) - LGBTQ+ competent psychiatry and mental health therapy- Mental health group therapyWe accept Medicaid and Medicare and offer financial assistance for patients without insurance.,['English'],Reduced Cost,TRUE,https://www.facebook.com/EinsteinHealth/,,"This program covers residents of the following counties: Philadelphia County, PA.",40.0371815,-75.141586,19141,FALSE,8:00AM - 5:00PM,8:00AM - 5:00PM,8:00AM - 5:00PM,8:00AM - 5:00PM,8:00AM - 5:00PM,Closed,Closed,0,Mental Health
Outpatient Mental Health (Elwyn),https://www.auntbertha.com//elwyn--philadelphia-pa--outpatient-mental-health/6212058212466688?postal=19104,"['outpatient treatment', 'mental health evaluation', 'group therapy', 'family counseling', 'individual counseling']",,"['adults', 'young adults', 'teens', 'children', 'seniors', 'benefit recipients', 'all mental health']",215-895-5588,https://www.elwyn.org/services/adults-21/behavioral-health/outpatient-mental-health-alternatives/,"4040 Market Street, Philadelphia, PA 19104","https://www.google.com/maps/?q=4040+Market+Street,+Philadelphia,+PA+19104/",['Must have Medical Assistance (MA) or Medicare.'],available,Community based outpatient mental health services are headquartered at our Philadelphia 4040 Market Street location. Traditional psychiatry and therapy services are offered both individually and/or in groups for children (ages 5 and up) and adults. Services include:- Diagnostic evaluation/assessment- Testing- Therapy (group and individual)- Psychiatric medication management/ monitoringThe program accepts a wide range of insurances (call to check) and is able to provide services to individuals with medical assistance (MA) and/or Medicare. Intakes appointments include a comprehensive diagnostic evaluation that is a requirement to access all other outpatient services.,['English'],Reduced Cost,TRUE,https://www.facebook.com/elwynorg/,https://www.twitter.com/@elwynorg,"This program covers residents of the following counties: Bucks County, PA, Chester County, PA, Delaware County, PA, Montgomery County, PA and Philadelphia County, PA.",39.9569563,-75.2033262,19104,FALSE,8:30AM - 4:00PM,8:30AM - 4:00PM,8:30AM - 4:00PM,8:30AM - 4:00PM,8:30AM - 4:00PM,Closed,Closed,4.1,Mental Health
Outpatient Mental Health Care (Belmont Behavioral Health System),https://www.auntbertha.com//belmont-behavioral-health-system--philadelphia-pa--outpatient-mental-health-care/5711586992324608?postal=19131,"['psychiatric emergency services', 'outpatient treatment', 'understand mental health', 'counseling', 'mental health care', 'medications for mental health', 'mental health evaluation', 'support groups']",,"['all ages', 'benefit recipients', 'all mental health']",844-245-0160,http://www.belmontbehavioral.com,"4200 Monument Road, Philadelphia, PA 19131","https://www.google.com/maps/?q=4200+Monument+Road,+Philadelphia,+PA+19131/",['Must have Medicaid or Medicare.'],available,"Outpatient programming at Belmont Behavioral Hospital provides a full continuum of behavioral healthcare and substance abuse treatment services for children, adolescents, adults, and older adults. Each person’s needs and presenting concerns are evaluated during the initial assessment process, at which time the most appropriate level of care will be determined by our clinical staff and then recommended to the person in need of treatment.Services provided include:- Behavioral health treatment- Substance abuse treatment- Outpatient treatment options- 24/7 Triage and evaluation services- Speciality services such as Electroconvulsive Therapy (ECT) and Deep Transcranial magnetic Stimulation (DTMS)- Support groupsBelmont accepts all major forms of insurance, including Medicaid and Medicare.",['English'],Reduced Cost,TRUE,https://www.facebook.com/belmontbh/,,"This program covers residents of the following counties: Philadelphia County, PA.",39.9998986,-75.215133,19131,TRUE,0:00AM - 11:59PM,0:00AM - 11:59PM,0:00AM - 11:59PM,0:00AM - 11:59PM,0:00AM - 11:59PM,0:00AM - 11:59PM,0:00AM - 11:59PM,3.3,Mental Health
Outpatient Mental Health Services (Bethanna),https://www.auntbertha.com//bethanna--philadelphia-pa--outpatient-mental-health-services/5842773518581760?postal=19104,"['mental health evaluation', 'counseling', 'specialized therapy', 'mental health care', 'group therapy', 'family counseling', 'medications for mental health']",,"['teens', 'children', 'families', 'benefit recipients', 'trauma survivors', 'all mental health']",800-394-6500,http://bethanna.org/services/behavioral/outpatient/,"1212 Wood Street, Philadelphia, PA 19107","https://www.google.com/maps/?q=1212+Wood+Street,+Philadelphia,+PA+19107/","['Must have Medicaid', 'Must have Axis I diagnosis in order to be eligible for services.']",available,"Bethanna's Outpatient Clinics provide services to children, youth and their families, who have experienced various forms of trauma, struggle to maintain secure attachments and need help to utilize healthy coping skills to navigate life’s challenges. Interventions reflect an understanding of child development, the effects of attachment disruptions, and the belief that a nurturing living environment creates security and stability. Services:- Comprehensive Evaluations with a Child Psychiatrist or Psychologist- Individual and Family Therapy- Trauma-Focused Cognitive Behavioral Therapy (TF-CBT)- Ecosystem Family Therapy (ESFT)- Parent-Child Interaction (PCIT)- Art, Play and other Creative Therapies- Group Therapy- Medication  Evaluation and Monitoring- All clinical services are overseen by psychiatrists and licensed behavioral health professionals.This program accepts Medicaid.","['English', 'Spanish']",Reduced Cost,TRUE,https://www.facebook.com/BethannaCS/,,"This program covers residents of the following counties: Bucks County, PA, Montgomery County, PA and Philadelphia County, PA.",39.9583437,-75.1594176,19107,FALSE,9:00AM - 9:00PM,9:00AM - 9:00PM,9:00AM - 9:00PM,9:00AM - 9:00PM,9:00AM - 9:00PM,9:00AM - 9:00PM,Closed,3,Mental Health
Outpatient Mental Health Services (Child Guidance Resource Centers),https://www.auntbertha.com//child-guidance-resource-centers-%2528cgrc%2529--philadelphia-pa--outpatient-mental-health-services/6537179497758720?postal=19111,"['outpatient treatment', 'counseling', 'medication management', 'mental health care', 'family counseling', 'individual counseling', 'medications for mental health', 'mental health evaluation']",,"['young adults', 'teens', 'children', 'developmental disability', 'autism', 'families', 'with children', 'caregivers', 'all mental health']",267-713-4100,https://cgrc.org/service/counseling-services-medication-management/,"2901 Island Avenue, Philadelphia, PA 19153","https://www.google.com/maps/?q=2901+Island+Avenue,+Philadelphia,+PA+19153/","['This program helps people who are 2 to 21 years old.', 'Must have Medical Assistance (Medicaid).']",available,"Child Guidance Resource Centers provide counseling services to children struggling with emotional, social, developmental or behavioral issues. Following a comprehensive assessment and consultation, we identify your child’s needs and make recommendations for treatment. Services include:- Individual therapy- Family therapy- Group therapy- Drug and alcohol therapy- Medication managementChild Guidance Outpatient Services accepts PA Medical Assistance (If you child is diagnosed with a mental health disability, you may qualify for Medical Assistance regardless of family income) and most commercial insurances.Please call our office for intake information and to verify which documents to bring from the list below.",['English'],Reduced Cost,TRUE,https://www.facebook.com/ChildGuidanceResourceCenters,https://www.twitter.com/@_CGRC,"This program covers residents of the following counties: Bucks County, PA, Chester County, PA, Delaware County, PA, Montgomery County, PA and Philadelphia County, PA.",39.9028317,-75.239064,19153,FALSE,8:00AM - 5:00PM,8:00AM - 5:00PM,8:00AM - 5:00PM,8:00AM - 5:00PM,8:00AM - 5:00PM,Closed,Closed,5,Mental Health
Outpatient Mental Health Services (Gemma Services),https://www.auntbertha.com//gemma-services--philadelphia-pa--outpatient-mental-health-services/4731366039355392?postal=19131,"['specialized therapy', 'mental health care', 'counseling', 'family counseling', 'individual counseling']",,"['young adults', 'teens', 'children', 'grieving', 'benefit recipients', 'trauma survivors', 'sexual assault survivors', 'depression', 'anxiety', 'ptsd', 'all mental health']",215-730-2326,https://gemmaservices.org/community/mental-health/,"6517 Chester Avenue, Philadelphia, PA 19142","https://www.google.com/maps/?q=6517+Chester+Avenue,+Philadelphia,+PA+19142/","['This program helps people who are 4 to 21 years old.', 'Must have Medicaid.']",available,"Gemma Services provides a wide variety of mental health services for children and teens from age 4 to 21.

This program provides:

- Individual therapy 
- Trauma-focused cognitive-behavior therapy (TF-CBT) 
- Family therapy 
- Play therapy 
- Parent child interaction therapy (PCIT) 
- Psychiatric evaluation & medication management

Gemma Services accepts Medicaid.",['English'],Free,TRUE,https://www.facebook.com/GemmaServices.org/,,"This program covers residents of the following counties: Montgomery County, PA and Philadelphia County, PA.",39.9282567,-75.239658,19142,FALSE,8:30AM - 8:00PM,8:30AM - 8:00PM,8:30AM - 8:00PM,8:30AM - 5:00PM,8:30AM - 5:00PM,Closed,Closed,4.2,Mental Health
Outpatient Mental Health Services (NorthEast Treatment NET Centers),https://www.auntbertha.com//northeast-treatment-%2528net%2529-centers--philadelphia-pa--outpatient-mental-health-services/6548649078161408?postal=19104,"['outpatient treatment', 'mental health evaluation', 'family counseling', 'individual counseling', 'medications for mental health', 'understand mental health']",,"['teens', 'infants', 'children', 'adults 18+', 'autism', 'individuals', 'families', 'with children', 'trauma survivors', 'abuse or neglect survivors', 'domestic violence survivors', 'all mental health']",215-408-4944,http://netcenters.org,"499 North 5th Street, Philadelphia, PA 19123","https://www.google.com/maps/?q=499+North+5th+Street,+Philadelphia,+PA+19123/","['Must have Medicaid.', 'This program helps people who are older than 1 years old.']",available,"NorthEast Treatment Centers Outpatient Mental Health services address the issues of children, adolescents and families exposed to abuse, neglect, violence and other catastrophic life events.Services include:- Individualized treatment to meet client needs- Psychiatric assessment- Medication management - Evidence-based trauma treatment to children ages 2-5 and their caregiversNorthEast Treatment Centers accepts Medicaid.",['English'],Reduced Cost,TRUE,None,None,"This program covers residents of the following counties: Philadelphia County, PA.",39.9607763,-75.145884,19123,FALSE,8:00AM - 5:00PM,8:00AM - 5:00PM,8:00AM - 5:00PM,8:00AM - 5:00PM,8:00AM - 5:00PM,Closed,Closed,4.2,Mental Health
"Outpatient Program (Citizens Acting Together Can Help, Inc.)",https://www.auntbertha.com//citizens-acting-together-can-help%252C-inc.-%2528catch%2529--philadelphia-pa--outpatient-program/4611405186859008?postal=19131,"['counseling', 'medication management', 'mental health care', 'individual counseling', 'medications for mental health']",,"['adults', 'children', 'families']",215-755-0500,https://catchinc.com/services/mental-health/outpatient/,"1400 Reed Street, Philadelphia, PA 19146","https://www.google.com/maps/?q=1400+Reed+Street,+Philadelphia,+PA+19146/","['This program helps people who are older than 4 years old.', 'Must be a resident of Philadelphia', 'Insurances Accepted: CBH (Community Behavioral Health), DBH (Department of Behavioral Health),  Medicare (We DO NOT accept Medicare Advantage Plans)']",available,"Our Outpatient Mental Health Program addresses the behavioral health needs of children, adolescents, and adults. Our highly trained staff uses an array of modalities, including Behavior Modification, Person-Centered, and Trauma-Focused.

The consumer’s treatment goals are tailored to their individual needs. Services may include psychological testing, comprehensive behavioral health evaluation, individual therapy, medication consultation, and management. We employ three adult psychiatrists, one Board Certified Child psychiatrist, and one full-time licensed psychologist who is also a board-certified school psychologist. Our psychologist also facilitates a voluntary clinical supervision group for individuals who seek specialized licensure.",['English'],Reduced Cost,TRUE,https://www.facebook.com/CATCHIncPhilly/?view_public_for=116347695646253,https://www.twitter.com/@CatchInc,"This program covers residents of the following counties: Philadelphia County, PA.",39.932861,-75.16893,19146,FALSE,8:30AM - 5:00PM,8:30AM - 5:00PM,8:30AM - 5:00PM,8:30AM - 5:00PM,8:30AM - 5:00PM,Closed,Closed,3.1,Mental Health
Outpatient Program (The Center for Autism),https://www.auntbertha.com//the-center-for-autism--philadelphia-pa--outpatient-program/5156015441969152?postal=19131,"['outpatient treatment', 'family counseling', 'individual counseling']",,"['all ages', 'autism', 'families', 'benefit recipients']",215-878-3400,https://www.thecenterforautism.org/programs/,"3905 Ford Road, Philadelphia, PA 19131","https://www.google.com/maps/?q=3905+Ford+Road,+Philadelphia,+PA+19131/",['Must have Medicaid or Medicare.'],available,The Outpatient Program provides therapy for individuals with autism and their family. Sessions are typically scheduled weekly and aim to address each individual's developmental needs and build upon strengths. Services include:- One-on-one therapy- Small group therapy sessions for familiesWe accept Medical Assistance and Medicare.,['English'],Reduced Cost,TRUE,https://www.facebook.com/cfaphilly,https://www.twitter.com/@cfaphilly,"This program covers residents of the following counties: Montgomery County, PA and Philadelphia County, PA.",39.9999897,-75.207801,19131,FALSE,8:30AM - 7:00PM,8:30AM - 7:00PM,8:30AM - 7:00PM,8:30AM - 7:00PM,8:30AM - 5:00PM,Closed,Closed,0,Mental Health
Outpatient Rehabilitation (Good Shepherd Rehabilitation),https://www.auntbertha.com//good-shepherd-rehabilitation--philadelphia-pa--outpatient-rehabilitation/5487477713010688?postal=19104,"['medical care', 'prevent & treat', 'outpatient treatment']",,"['adults', 'young adults', 'teens', 'children', 'seniors', 'all disabilities', 'individuals', 'benefit recipients']",888-447-3422,https://www.goodshepherdrehab.org/condition/outpatient-rehabilitation/,"3737 Market Street, Philadelphia, PA 19104","https://www.google.com/maps/?q=3737+Market+Street,+Philadelphia,+PA+19104/",['Must have Medicare.'],available,"Good Shepherd Rehabilitation offers the Outpatient Rehabilitation program to provide treatment programs to help patients regain function following an injury, illness or surgery. Each treatment plan is individually developed with your specific goals and needs in mind.We provide:- Outpatient rehabilitationGood Shepherd Rehabilitation accepts Medicare.",['English'],Reduced Cost,TRUE,https://www.facebook.com/gsrehab/,https://www.twitter.com/@GSRN,This program covers residents of the following states: PA.,39.9569826,-75.1974906,19104,FALSE,7:00AM - 7:00PM,7:00AM - 7:00PM,7:00AM - 7:00PM,7:00AM - 7:00PM,7:00AM - 7:00PM,Closed,Closed,4.9,Mental Health
"Outpatient Services (Intercultural Family Services, Inc.)",https://www.auntbertha.com//intercultural-family-services%252C-inc.--philadelphia-pa--outpatient-services/6259153418059776?postal=19104,"['outpatient treatment', 'mental health evaluation', 'counseling', 'specialized therapy', 'mental health care', 'group therapy', 'family counseling', 'individual counseling', 'medications for mental health']",,"['adults', 'young adults', 'teens', 'children', 'seniors', 'individuals', 'families', 'benefit recipients', 'trauma survivors', 'depression', 'anxiety', 'all mental health']",215-386-1298,https://www.ifsinc.org/,"4225 Chestnut Street, Philadelphia, PA 19104","https://www.google.com/maps/?q=4225+Chestnut+Street,+Philadelphia,+PA+19104/",['Client must be Medicaid eligible.'],available,"IBHC is focused on helping individuals and families achieve social and emotional stability, and become productive members of their communities. Using effective, research-based interventions the professional staff at IBHCs can handle the most difficult behaviors while managing the individual needs of every client. Through individualized treatment planning we help clients address existential factors and achieve social and emotional stability. What matters most here at IBHC is that that our clients quickly get back to the routine of living out their productive lives.IBHC specializing in adolescent and family centered interventions provides the following services:- Individual Therapy – Cognitive Therapy- Family Therapy – Structural, Strategic, Trauma-based- Psychiatric Evaluations and Assessments- Medication Management- Psychological Testing- Group Therapy- Mobile Mental Health Therapy- Specialization in Trauma- Trauma Based Therapy- Trauma Focused Cognitive Behavioral Therapy (TFCBT)- Trauma Recovery and Empowerment GroupsIn order to receive services, you must be Medicaid eligible; or have other insurance which covers behavioral health services; or possess the ability to pay a fee for service.",['English'],Reduced Cost,TRUE,https://www.facebook.com/IFSInc/,https://www.twitter.com/@mylifecom,"This program covers residents of the following counties: Philadelphia County, PA.",39.9566712,-75.2074747,19104,FALSE,9:00AM - 5:30PM,9:00AM - 5:30PM,9:00AM - 5:30PM,9:00AM - 5:30PM,9:00AM - 5:30PM,9:00AM - 5:30PM,9:00AM - 5:30PM,3.8,Mental Health
Outpatient Services (JEVS Human Services),https://www.auntbertha.com//jevs-human-services--philadelphia-pa--outpatient-services/4531798560342016?postal=19111,"['mental health care', 'counseling', 'group therapy', 'family counseling', 'individual counseling', 'medications for mental health', 'mental health evaluation', 'outpatient treatment', 'navigating the system']",['transportation'],"['adults 18+', 'all mental health']",267-350-8646,https://www.jevshumanservices.org/program/integrated-behavioral-health-outpatient-services/,"9350 Ashton Road, Philadelphia, PA 19114","https://www.google.com/maps/?q=9350+Ashton+Road,+Philadelphia,+PA+19114/",['Adults 18 years of age and older who have a mental health diagnosis.'],available,"JEVS Behavioral Health Outpatient clinic works with individuals with mental health challenges.Services are customized to meet the unique needs of every person. This program provides:- Comprehensive biopsychosocial assessment, including risk assessment for suicide/violence, trauma and substance use- Psychiatric medication management [new and established individuals]; medication education, including Clozaril treatment- Psychiatric diagnostic evaluations and re-evaluations- Individual therapy with psychiatrist and Master-level clinicians- Family therapy, including collateral family therapy- Group therapy- Linkage to and coordination with other services, supports and community resources- Therapeutic, evidence-based treatment practices including prolonged exposure (PE), cognitive enhanced therapy (CET), illness management and recovery (IMR)Community Behavioral Health (CBH), Medicare and self-paying sliding scale accepted",['English'],Sliding Scale,TRUE,https://www.facebook.com/JEVSHumanServices,https://www.twitter.com/@JEVSHumanServs,"This program covers residents of the following counties: Philadelphia County, PA.",40.0684785,-75.0197478,19114,FALSE,8:30AM - 4:00PM,8:30AM - 4:00PM,8:30AM - 4:00PM,8:30AM - 4:00PM,8:30AM - 4:00PM,Closed,Closed,0,Mental Health
Outpatient Subsance Abuse Program (Wedge Recovery Center),https://www.auntbertha.com//wedge-recovery-center--philadelphia-pa--outpatient-subsance-abuse-program/4874573658193920?postal=19131,"['addiction & recovery', 'medications for addiction', 'medication management', 'group therapy', 'substance abuse counseling', 'individual counseling', 'case management']",,"['adults 18+', 'benefit recipients', 'all mental health', 'substance dependency', 'opioid dependency', 'alcohol dependency', 'dual diagnosis', 'lgbtqia+']",215-276-3922,https://www.wedgepc.com/substance-abuse-services/,"3609 North Broad Street, Philadelphia, PA 19140","https://www.google.com/maps/?q=3609+North+Broad+Street,+Philadelphia,+PA+19140/",['Must have Medicaid insurance to receive reduced cost services.'],available,"Wedge Recovery Center's Outpatient Subsance Abuse Program offers a holistic and individualized approach to addiction and recovery treatment with a shared goal of improving the quality of life of our members.We offer:- Group Therapy- Individual Counseling - Medication Management- Medication-Assisted Treatment- Case ManagementOur outpatient program delivers group twice a week with an individual session once a month. We also offer psych services and medication management for members with mental health diagnoses concurrent with drug and alcohol.We accept all referrals, including self-referrals, for our program. The potential member who is referred for treatment will receive an appointment  within 48 – 72 hours and at that appointment a comprehensive Bio-Psychosocial Evaluation is completed. The member is scheduled for the appropriate level of care and provided a schedule for treatment and their Counselors name.We accept Medicaid insurance for our outpatient services.",['English'],Reduced Cost,TRUE,https://www.facebook.com/wedgerecoverycenters/,https://www.twitter.com/@WedgeRecovery,"This program covers residents of the following counties: Philadelphia County, PA.",40.007973,-75.151088,19140,FALSE,8:00AM - 8:00PM,8:00AM - 8:00PM,8:00AM - 8:00PM,8:00AM - 8:00PM,8:00AM - 5:00PM,9:00AM - 1:00PM,Closed,4.3,Mental Health
"Outpatient Treatment at The Welcome Center (COMHAR, Inc.)",https://www.auntbertha.com//comhar%252C-inc.--philadelphia-pa--outpatient-treatment-at-the-welcome-center/6496970945593344?postal=19111,"['outpatient treatment', 'mental health evaluation', 'group therapy', 'family counseling', 'individual counseling', 'navigating the system']",,"['adults', 'young adults', 'teens', 'children', 'seniors', 'all mental health']",267-861-4382,https://www.comhar.org/mental-health-wellness,"2055 East Allegheny Avenue, Philadelphia, PA 19134","https://www.google.com/maps/?q=2055+East+Allegheny+Avenue,+Philadelphia,+PA+19134/","['This program helps people who are older than 6 years old.', 'Must have Medicare or insurance.']",available,"COMHAR offers outpatient services to clients to maintain normal activities and relationships with family, community, workplace or school. This program provides:- Psychiatric evaluation- Psychotherapy for individuals, groups and families- Medication assessment and monitoring- Identification of need for other services- Referral to community resourcesThis program accepts Medical Assistance and Medicare.","['English', 'Spanish']",Reduced Cost,TRUE,None,None,"This program covers residents of the following counties: Philadelphia County, PA.",39.9929845,-75.1097948,19134,FALSE,9:00 - 11:00AM,12:30PM - 3:00PM,9:00 - 11:00AM,12:30PM - 3:00PM,Closed,Closed,Closed,0,Mental Health
Outpatient Treatment Program (Greater Philadelphia Asian Social Service Center),https://www.auntbertha.com//greater-philadelphia-asian-social-service-center-%2528gpass%2529--philadelphia-pa--outpatient-treatment-program/5518091445075968?postal=19111,"['outpatient treatment', 'substance abuse counseling', 'group therapy', 'individual counseling']",,"['all ages', 'immigrants', 'refugees', 'undocumented', 'individuals', 'asian', 'substance dependency']",215-456-1662,https://www.gpasspa.org/,"4943 North 5th Street, Philadelphia, PA 19120","https://www.google.com/maps/?q=4943+North+5th+Street,+Philadelphia,+PA+19120/","['Must live in Logan/Olney, North Kensington, Germantown, Lawndale and Hunting Park areas.', 'This program primarily serves first and second generation immigrant communities.']",available,"Greater Philadelphia Asian Social Service Center offers Outpatient Treatment and Intensive Outpatient Treatment to individuals struggling with struggling with substance abuse, depending on the level of care needed. Clients take part in group and individual therapy sessions that are tailored to equipping them with the coping skills that are necessary to achieve and maintain a lasting recovery.Services include:- Individual counseling- Group counselingIf you feel you require substance abuse treatment, please call and discuss your concerns with a staff member. You will be scheduled for an intake appointment.Greater Philadelphia Asian Social Service Center accepts Medicare and Medicaid.","['Chinese', 'English', 'Korean', 'Spanish', 'Vietnamese']",Reduced Cost,TRUE,https://www.facebook.com/gpass19120/,https://www.twitter.com/@gpass19120,"This program covers residents of the following postal codes: 19111, 19125, 19138, 19140, 19141 and 19144.",40.0269374,-75.1323504,19120,FALSE,8:30AM - 5:00PM,8:30AM - 5:00PM,8:30AM - 5:00PM,8:30AM - 5:00PM,8:30AM - 5:00PM,Closed,Closed,4.3,Mental Health
"PACTS Outpatient Evaluation and Treatment (COMHAR, Inc.)",https://www.auntbertha.com//comhar%252C-inc.--philadelphia-pa--pacts-outpatient-evaluation-and-treatment/4955538569953280?postal=19131,"['medication management', 'mental health care', 'counseling', 'substance abuse counseling', 'family counseling', 'individual counseling', 'mental health evaluation', 'outpatient treatment', 'psychiatric emergency services']",['navigating the system'],"['adults 18+', 'lgbtqia+', 'hiv/aids', 'individuals', 'families', 'benefit recipients', 'uninsured', 'domestic violence survivors', 'sexual assault survivors', 'all mental health', 'substance dependency', 'dual diagnosis']",267-861-4382,https://www.comhar.org/hiv-aids-lgbtqi-outreach,"3147 Emerald Street, Philadelphia, PA 19134","https://www.google.com/maps/?q=3147+Emerald+Street,+Philadelphia,+PA+19134/",['This program helps people who are older than 17 years old.'],available,"PACTS is an outpatient behavioral health program that provides psychotherapy for individuals, couples or families who identify as LGBTQI or are living with HIV/AIDS. This program provides:- Counseling- Medication managementPACTS provides counseling for an array of issues including depression, anxiety, physical and sexual abuse, sexual violence, alcohol or other drug use, as well as medication management and psychiatric services. Through current funding resources, COMHAR is able to provide low to no cost care for individuals that do not have insurance. Please reach out to COMHAR for more details.","['English', 'Spanish']",Sliding Scale,TRUE,https://www.facebook.com/Open-Door-Clubhouse-893763780697216/,,"This program covers residents of the following counties: Montgomery County, PA, Northampton County, PA and Philadelphia County, PA.",39.9935988,-75.112315,19134,FALSE,9:00AM - 5:00PM,9:00AM - 5:00PM,9:00AM - 8:00PM,9:00AM - 5:00PM,9:00AM - 5:00PM,Closed,Closed,0,Mental Health
"Parent-Child Interaction Therapy PCIT (Intercommunity Action, Inc. Interact)",https://www.auntbertha.com//intercommunity-action%252C-inc.-%2528interact%2529--philadelphia-pa--parent-child-interaction-therapy-%2528pcit%2529/6149194946707456?postal=19111,"['mental health care', 'counseling', 'family counseling']",,"['children', 'families', 'with children', 'benefit recipients', 'low-income', 'parents']",215-487-1330,http://intercommunityaction.org/greenridge-counseling-offers-pcit/,"6122 Ridge Ave, Philadelphia, PA 19128","https://www.google.com/maps/?q=6122+Ridge+Ave,+Philadelphia,+PA+19128/",[],available,Greenridge Counseling Center is proud to offer evidence-based services for families with children who display disruptive behavior problems. Services offered: - Parent-Child Interaction Therapy (PCIT)Greenridge Counseling Center offers free and low-cost services to those who cannot pay.,['English'],Reduced Cost,TRUE,None,None,"This program covers residents of the following counties: Philadelphia County, PA.",40.033778,-75.216059,19128,FALSE,8:30AM - 8:00PM,8:30AM - 8:00PM,8:30AM - 8:00PM,8:30AM - 5:00PM,8:30AM - 5:00PM,Closed,Closed,2.8,Mental Health
Partial Hospitalization Program PHP (Merakey - Pennsylvania),https://www.auntbertha.com//merakey---pennsylvania--philadelphia-pa--partial-hospitalization-program-%2528php%2529/5749417052995584?postal=19111,"['daily life skills', 'mental health care', 'counseling']",,"['young adults', 'teens', 'children', 'benefit recipients', 'all mental health']",888-647-0020,https://www.merakey.org/programs,"265 East Lehigh Avenue, Philadelphia, PA 19125","https://www.google.com/maps/?q=265+East+Lehigh+Avenue,+Philadelphia,+PA+19125/","['Must have Medicaid.', 'This program helps people who are 5 to 21 years old.']",available,"The Partial Hospitalization Program is a community-based, nonresidential treatment modality which provides psychiatric, social, behavioral, educational and vocational elements under medical supervision to school age children and adolescents, ages 5-21.Services provided:- Mental health services - Skills building programming Merakey accepts Medicaid. Services are typically provided at a minimum of 3 hours and up to six hours, Monday through Friday.",['English'],Reduced Cost,TRUE,https://www.facebook.com/MerakeyOrg/,,This program covers residents of the following states: PA.,39.9907137,-75.1272193,19125,FALSE,8:00AM - 5:00PM,8:00AM - 5:00PM,8:00AM - 5:00PM,8:00AM - 5:00PM,8:00AM - 5:00PM,Closed,Closed,4,Mental Health
"PEACE Psychosis Education, Assessment, Care and Empowerment (Horizon House)",https://www.auntbertha.com//horizon-house--philadelphia-pa--peace-%2528psychosis-education%252C-assessment%252C-care-and-empowerment%2529/5175376235462656?postal=19104,"['counseling', 'support network', 'skills & training']",,"['young adults', 'teens', 'substance dependency', 'male', 'female', 'all mental health']",215-387-3223,https://www.hhinc.org/peace/,"520 Delaware Avenue, Philadelphia, PA 19123","https://www.google.com/maps/?q=520+Delaware+Avenue,+Philadelphia,+PA+19123/","['This program helps people who are older than 14 years old.', 'Must have Medicaid or be eligible to receive Medicaid.', 'Must have been experiencing psychosis for the first time within the last 12 months.']",available,"The PEACE program is designed to help people in the early stages of psychosis learn how to manage their symptoms and meet their life’s goals. PEACE provides multidisciplinary evidence based services to individuals. With the right tools and supports, individuals can learn to feel better, manage personal challenges, connect with peers, and move toward success in all areas of their lives, including work, school and relationships.Services include:- Coaching- Individualized therapy- Family Therapy- Psychoeducation- Peer supportHorizon House accepts Medicaid. For referrals, or for questions about the PEACE program, please call the Program Director.",['English'],Reduced Cost,TRUE,https://www.facebook.com/horizonhouseinc/?fref=ts,,"This program covers residents of the following counties: Philadelphia County, PA.",39.9599512,-75.1376142,19123,FALSE,8:00AM - 5:00PM,8:00AM - 5:00PM,8:00AM - 5:00PM,8:00AM - 5:00PM,8:00AM - 5:00PM,Closed,Closed,2.2,Mental Health
Pediatric and Adolescent Health Center (The Institute for Community Justice),https://www.auntbertha.com//the-institute-for-community-justice--philadelphia-pa--pediatric-and-adolescent-health-center/5726017845723136?postal=19111,"['family planning', 'medical care', 'primary care', 'checkup & test', 'prevent & treat', 'vaccinations', 'mental health evaluation', 'sexual and reproductive health', 'navigating the system']",,"['anyone in need', 'teens', 'infants', 'children', 'add/adhd', 'autism', 'benefit recipients', 'uninsured', 'underinsured', 'depression', 'anxiety', 'all mental health']",215-525-8600,https://fight.org/programs/pediatric-and-adolescent-health-center/,"1207 Chestnut Street, Philadelphia, PA 19107","https://www.google.com/maps/?q=1207+Chestnut+Street,+Philadelphia,+PA+19107/",['Anyone can access this program.'],full,"Piladelphia FIGHT offers the Pediatric and Adolescent Health Center for anyone from birth to age 18 in need of high quality, comprehensive, primary care.This program provides:- Same-day appointments- Well-child care (routine checkups)- School, sports and camp physicals- Sick Visits- Immunizations (including catch-up vaccines for children who are behind)- On-site phlebotomy (blood draws)- Onsite Lactation Consultant- Onsite Social Worker and Benefits Coordinator- Screening for mental health problems (such as ADHD, Depression, Anxiety, and Autism)- Primary care, family planning, and reproductive health services ages 13+ (through our Y-HEP program)We accept all insurance plans and provide services on a sliding scale basis for those who are uninsured. Currently not accepting any new patients.",['English'],Sliding Scale,TRUE,https://www.facebook.com/FIGHTPEDIATRICS/,https://www.twitter.com/@PhillyFIGHT,"This program covers residents of the following counties: Philadelphia County, PA.",39.9507133,-75.160512,19107,FALSE,9:00AM - 5:00PM,9:00AM - 5:00PM,9:00AM - 5:00PM,9:00AM - 5:00PM,9:00AM - 5:00PM,Closed,Closed,4.4,Mental Health
Pediatric Illness Support Network (Chai-Life Line),https://www.auntbertha.com//chai-life-line--philadelphia-pa--pediatric-illness-support-network/6616973416857600?postal=19104,"['counseling', 'recreation', 'relief for caregivers', 'bereavement', 'navigating the system', 'case management', 'overnight camp', 'peer support', 'virtual support', 'tutoring', 'advocacy & legal aid']",['transportation for healthcare'],"['teens', 'infants', 'children', 'recently diagnosed', 'on-treatment', 'all cancer types', 'terminal illness', 'chronic illness', 'families', 'caregivers', 'childhood cancer survivors']",212-465-1300,http://www.chailifeline.org,"3434 Sansom Street, Philadelphia, PA 19104","https://www.google.com/maps/?q=3434+Sansom+Street,+Philadelphia,+PA+19104/",[],available,"Chai Lifeline truly is a local organization meeting the emotional, social, and financial needs of seriously ill children and their families. We help when families need us most by assigning a case manager who stays with the family for as long as the family needs our assistance. These relationships endure for years.Service:- Case managementIn addition to professional case management we offer Big Brothers and Big Sisters, special events, sibling programs, advocacy and information, insurance support services,  counseling, meals and hospital visits, retreats and family respite vacations, family days, and holiday parties, tutoring, crisis intervention and bereavement services.Chai Lifeline understands that serious illness impacts the entire family. Therefore our programs are geared towards everyone and services are developed to meet the changing needs of our families.All Chai Lifeline programs and services are available free of charge. Call us for more information or if there is a family that needs our help.","['English', 'Spanish']",Free,TRUE,https://www.facebook.com/ChaiLifeline,https://www.twitter.com/@Chai_Lifeline,This program covers residents of All US states and territories.,39.9536376,-75.193333,19104,FALSE,8:00AM - 5:00PM,8:00AM - 5:00PM,8:00AM - 5:00PM,8:00AM - 5:00PM,8:00AM - 5:00PM,Closed,Closed,0,Mental Health
Pediatric Primary Care (Nemours Children's Health System),https://www.auntbertha.com//nemours-children%2527s-health-system--philadelphia-pa--pediatric-primary-care/4769717072691200?postal=19104,"['vision care', 'medical care', 'primary care', 'checkup & test', 'disability screening', 'hearing tests', 'prevent & treat', 'vaccinations', 'mental health evaluation']",['translation & interpretation'],"['teens', 'infants', 'children', 'deaf or hard of hearing', 'benefit recipients', 'low-income', 'uninsured', 'limited english']",215-861-8800,https://www.nemours.org/locations/primary-care.html,"833 Chestnut Street, Philadelphia, PA 19107","https://www.google.com/maps/?q=833+Chestnut+Street,+Philadelphia,+PA+19107/",['Must have Medicaid or qualify for Nemours Financial Assistance Program (NFAP).'],available,"Nemours Children's Health System provides a full range of quality services to keep children and adolescents healthy. Nemours offers the best of both worlds – the comfort of knowing your child is being cared for by board-certified pediatric experts and the convenience of care that’s close to home.This program provides:- Newborn care- Well-child exams- Sick-child visits- Treatment of injuries- Immunizations- School and sports physicals- Laboratory testing- ADD/ADHD evaluations- Behavioral evaluations- Vision screenings- Hearing screenings- Coordination of careWhether it's an annual check-up or treatment for a serious illness, their pediatricians take your child's health as seriously as you do. Interpreter services are available for most languages and available for hearing impaired with advance notice.Nemours accepts Medicaid. If you can’t afford private health insurance, and you don’t qualify for state or federal government health care programs, you might be eligible for Nemours-funded financial assistance. It’s Nemours Children's Health System's policy to provide care, either at a discounted rate or at no charge, for those patients who participate in the Nemours Financial Assistance Program (NFAP). Nemours financial counselors will be able to help guide you through the application process.",['English'],Reduced Cost,TRUE,https://www.facebook.com/nemours,https://www.twitter.com/@Nemours,"This program covers residents of the following counties: Kent County, DE, New Castle County, DE, Sussex County, DE, Brevard County, FL, Indian River County, FL, Lake County, FL, Orange County, FL, Osceola County, FL, Polk County, FL, Seminole County, FL, Sumter County, FL, Chester County, PA, Delaware County, PA, Montgomery County, PA and Philadelphia County, PA.",39.9501406,-75.1549182,19107,FALSE,9:00AM - 4:00PM,9:00AM - 4:00PM,9:00AM - 4:00PM,9:00AM - 4:00PM,9:00AM - 4:00PM,9:00AM - 12:00PM,Closed,3.9,Mental Health
Pediatrics (Esperanza Health Center),https://www.auntbertha.com//esperanza-health-center--philadelphia-pa--pediatrics/5402503573143552?postal=19131,"['nutrition education', 'medical care', 'primary care', 'hearing tests', 'exercise & fitness', 'prevent & treat', 'vaccinations', 'mental health care', 'navigating the system']",,"['teens', 'children', 'school-aged children', 'preschoolers', 'toddlers', 'infants <1', 'individuals', 'families', 'benefit recipients', 'low-income']",215-302-3600,https://esperanzahealth.com/services/pediatrics/,"2940 North 5th Street, Philadelphia, PA 19133","https://www.google.com/maps/?q=2940+North+5th+Street,+Philadelphia,+PA+19133/","['This program helps people who are 0 to 18 years old.', 'Must meet our income guidelines for sliding scale fees.']",available,"Esperanza Health Center's Pediatrics Program provides primary care services for children from birth through age 18. Care for children is provided by an excellent team including pediatric and family nurse practitioners, physician assistants, family doctors, and pediatricians.This program provides:- Well Child Visits- Immunizations- Behavioral health consultation - Fitness activities (Hunting Park site) - Social services support - Nutrition counseling- School and Sports PhysicalsEsperanza Health Center accepts Medicaid and Medicare. If you are not eligible for insurance coverage, you may still become an Esperanza patient and apply for discounted care through our Uninsured Patient Program. Under this program, your fee may be anywhere from $20 to $60 for a medical or dental visit. This sliding scale fee is based on your income and family size.Patients of Esperanza Health Center will not be denied access to services due to inability to pay.","['English', 'Spanish']",Sliding Scale,TRUE,https://www.facebook.com/EsperanzaHealthCenter,,"This program covers residents of the following counties: Philadelphia County, PA.",39.9961678,-75.139534,19133,FALSE,9:00AM - 5:00PM,9:00AM - 5:00PM,9:00AM - 5:00PM,9:00AM - 5:00PM,9:00AM - 5:00PM,Closed,Closed,3.7,Mental Health
PeerNet Philadelphia (Mental Health Partnerships),https://www.auntbertha.com//mental-health-partnerships--philadelphia-pa--peernet-philadelphia/5768252828155904?postal=19131,"['mental health care', 'peer support']",,"['adults 18+', 'mentally incapacitated']",267-507-3470,https://www.mentalhealthpartnerships.org/program-objects/2017/4/12/peer-net,"2709 North Broad Street, Philadelphia, PA 19132","https://www.google.com/maps/?q=2709+North+Broad+Street,+Philadelphia,+PA+19132/","['Must be deemed eligible under CBH managed care and have a serious mental health challenge.', 'Referral form would need to be submitted/completed by a Licensed practitioner of the healing arts (LPHA) once  eligibility is confirmed.']",available,"The Recovery Coach team provides enhanced Peer Support Services on a one to one basis in an effort to assist participants to move forward in their recovery, encourage the use of natural supports and community integration and empower individuals to self- direct their own recovery journey.Services:- Peer Support- Peer Recovery CoachingPlease call or stop by to inquire about our services. There is no cost to qualifying individuals. The referral form can be sent out once the perspective participant or the LPHA requests it.",['English'],Free,TRUE,https://www.facebook.com/pg/mhphope.org,https://www.twitter.com/@MHPHope,"This program covers residents of the following counties: Philadelphia County, PA and Bucks County, PA.",39.9943627,-75.15374,19132,FALSE,8:00AM - 4:00PM,8:00AM - 4:00PM,8:00AM - 4:00PM,8:00AM - 4:00PM,8:00AM - 4:00PM,Closed,Closed,4,Mental Health
Penn Behavioral Health HUP - Cedar Avenue (Penn Medicine - Hospital of the University of Pennsylvania),https://www.auntbertha.com//penn-medicine---hospital-of-the-university-of-pennsylvania-%2528hup%2529--philadelphia-pa--penn-behavioral-health-hup---cedar-avenue/4619139143696384?postal=19131,"['addiction & recovery', 'residential treatment', 'mental health care']","['group therapy', 'individual counseling', 'mental health evaluation', 'recreation']","['adults 18+', 'all mental health', 'substance dependency', 'dual diagnosis']",215-748-9188,https://www.pennmedicine.org/for-patients-and-visitors/find-a-program-or-service/behavioral-health,"501 South 54th Street, Philadelphia, PA 19143","https://www.google.com/maps/?q=501+South+54th+Street,+Philadelphia,+PA+19143/",[],available,Penn Behavioral Health HUP - Cedar Avenue is a remote location of the Hospital of the University of Pennsylvania.This program provides:- Psychiatric stabilization- Medical evaluation and care- Medication management- Individual and group therapy- Psycho-educational services- Recreational services- Discharge planning- Post-hospitalization referral for treatment- Housing support,['English'],Reduced Cost,TRUE,https://www.facebook.com/MercyHealthPhilly,https://www.twitter.com/@MercyHealthPHL,"This program covers residents of the following counties: Philadelphia County, PA.",39.951998,-75.229538,19143,TRUE,0:00AM - 11:59PM,0:00AM - 11:59PM,0:00AM - 11:59PM,0:00AM - 11:59PM,0:00AM - 11:59PM,0:00AM - 11:59PM,0:00AM - 11:59PM,2.5,Mental Health
Personal Recovery Services PRS (Project HOME),https://www.auntbertha.com//project-home--philadelphia-pa--personal-recovery-services-%2528prs%2529/6496190498603008?postal=19111,"['mental health care', 'one-on-one support']",,"['adults 18+', 'all mental health']",215-235-31105640,https://www.projecthome.org/locations/helen-brown-community-center-st-elizabeth%E2%80%99s,"1515 Fairmount Ave, Philadelphia, PA 19130","https://www.google.com/maps/place/Project+Home/@39.9674503,-75.1655528,731m/data=!3m2!1e3!4b1!4m6!3m5!1s0x89c6c7ebdbb84e53:0x6aa58f0cd3b24635!8m2!3d39.9674503!4d-75.1629779!16s%2Fg%2F11r8nj210?entry=ttu&g_ep=EgoyMDI1MDMzMC4wIKXMDSoASAFQAw%3D%3D","['Must choose to participate.', 'Must have presence or history of a serious mental illness', 'Must have impairment(s) in living, learning, working and/or socializing that is a result of mental illness', 'This program helps people who are older than 17 years old.']",available,"Personal Recovery Services (PRS) Program provides services that are commonly known as psychiatric rehabilitation services, which is an evidence-based practice. Our staff assists with:- Developing a specific and individualized plan- One-on-One SupportThe PRS staff member works in relationship with a specific resident, who chooses his or her goals. The emphasis is on personal growth, individual choice, empowerment, and developing strengths and hope that can translate into real success.",['English'],Free,TRUE,https://www.facebook.com/projectHOME/,https://www.twitter.com/@projecthome,"This program covers residents of the following counties: Philadelphia County, PA.",39.9674503,-75.1655528,19130,FALSE,8:00AM - 5:00PM,8:00AM - 5:00PM,8:00AM - 5:00PM,8:00AM - 5:00PM,8:00AM - 5:00PM,Closed,Closed,4.5,Mental Health
Philadelphia Autism Center for Excellence PACE (NorthEast Treatment NET Centers),https://www.auntbertha.com//northeast-treatment-%2528net%2529-centers--philadelphia-pa--philadelphia-autism-center-for-excellence-%2528pace%2529/5683432568127488?postal=19104,"['mental health care', 'mental health evaluation', 'understand mental health', 'navigating the system']",,"['young adults', 'teens', 'children', 'developmental disability', 'autism', 'benefit recipients']",215-408-4944,http://netcenters.org/services/behavioral-health/#ffs-tabbed-12,"499 N 5th St, Philadelphia, PA 19123","https://www.google.com/maps/?q=499+N+5th+St,+Philadelphia,+PA+19123/",['This program serves children with autism and their families.'],available,"Philadelphia Autism Center for Excellence (PACE) offers an array of services for children diagnosed with an Autism Spectrum Disorder and their families.Services Include:- Diagnostic Evaluations- Care Level Evalutions- Outpatient Services- Social Skills Groups- Behavioral Consultation- Mobile Therapy- One-On-One Support- Resource Connection- Parent Training We accept those who have City of Philadelphia Medical Assistance Program Coverage (Medicaid). For more information or to make a referral, please contact us via phone.",['English'],Reduced Cost,TRUE,https://www.facebook.com/NorthEastTreatmentCenters,,"This program covers residents of the following counties: Philadelphia County, PA.",39.9608712,-75.1466404,19123,FALSE,8:00AM - 5:00PM,8:00AM - 5:00PM,8:00AM - 5:00PM,8:00AM - 5:00PM,8:00AM - 5:00PM,Closed,Closed,0,Mental Health
"Philadelphia Gaming Initiative (Insttitute for the Development of African-American Youth, Inc.)",https://www.auntbertha.com//institute-for-the-development-of-african-american-youth%252C-inc.-%2528idaay%2529--philadelphia-pa--philadelphia-gaming-initiative/5820170162012160?postal=19131,"['counseling', 'community support services', 'recreation', 'navigating the system', 'mentoring', 'one-on-one support', 'peer support', 'youth development']",,"['young adults', 'teens', 'criminal justice history', 'male', 'domestic violence survivors']",215-931-8512,https://idaay.org/program/philadelphia-gaming-initiative,"1001 East Chelten Avenue, Philadelphia, PA 19138","https://www.google.com/maps/?q=1001+East+Chelten+Avenue,+Philadelphia,+PA+19138/","['This program serves minority males who: Have currently involved (track record of involvement) or at-risk of involvement in behaviors that could lead to gun violence (curfew violators, truant, etc.) AND/OR', 'Have sibling(s) who are gun violence victim(s)/perpetrator(s) AND/OR', 'Are victim/perpetrator of bullying or other aggressive assaults AND/OR', 'Are victim/perpetrator of domestic/dating violence AND/OR', 'Are involved/at risk of involvement in the juvenile justice/criminal system AND/OR', 'Residing in the target area. (Germantown, Germantown - Penn Knox, and   Northwest).', 'This program helps people who are 14 to 25 years old.']",available,"Philadelphia Gaming Initiative, a community-based collaborative between the Institute for the Development of the African Youth (IDAAY),  Action for Justice Collective (AFJC), and New Journey CDC,  will incorporate competitive gaming/esports as a redirection strategy coupled with supportive services to improve outcomes for youth identified as at risk of gun violence. This program provides:- Recreation- Life/social skills development- psychoeducational counseling- Restorative justice programming- Community engagement- Career explorationTournaments will be held on alternate Saturdays This initiative is funded by Pennsylvania Commission on Crime and Delinquency (PCCP).",['English'],Free,TRUE,https://www.facebook.com/idaayinc,https://www.twitter.com/@idaayinc,"This program covers residents of the following counties: Philadelphia County, PA.",40.048832,-75.16187,19138,FALSE,4:00PM - 7:30PM,Closed,4:00PM - 7:30PM,Closed,4:00PM - 7:30PM,Closed,Closed,5,Mental Health
Philadelphia Mental Health Non-Emergency Hotline (Community Behavioral Health),https://www.auntbertha.com//community-behavioral-health-%2528cbh%2529--philadelphia-pa--philadelphia-mental-health-non-emergency-hotline/5430451238862848?postal=19111,"['counseling', 'mental health care', 'help hotlines', 'one-on-one support']",,"['adults', 'young adults', 'teens', 'seniors', 'intellectual disability', 'all mental health']",215-685-6440,https://cbhphilly.org/,"801 Market Street, Philadelphia, PA 19107","https://www.google.com/maps/place/801+Market+St,+Philadelphia,+PA+19107/@39.9517607,-75.1566506,732m/data=!3m2!1e3!4b1!4m6!3m5!1s0x89c6c8820cc80f69:0x9671ccc13423bbe0!8m2!3d39.9517607!4d-75.1540757!16s%2Fg%2F11csl1bzf7?entry=ttu&g_ep=EgoyMDI1MDMzMC4wIKXMDSoASAFQAw%3D%3D",[],available,Community Behavioral Health offers a mental health non-emergency hotline for Philadelphia County residents.This program provides:- One-on-one support Please call us for services.,"['English', 'Spanish']",Free,TRUE,None,https://www.twitter.com/@PhiladelphiaGov,"This program covers residents of the following counties: Philadelphia County, PA.",39.9517607,-75.1566506,19107,TRUE,0:00AM - 11:59PM,0:00AM - 11:59PM,0:00AM - 11:59PM,0:00AM - 11:59PM,0:00AM - 11:59PM,0:00AM - 11:59PM,0:00AM - 11:59PM,2.3,Mental Health
Philadelphia Partnership for Resilience PPR (Nationalities Service Center),https://www.auntbertha.com//nationalities-service-center-%2528nsc%2529--philadelphia-pa--philadelphia-partnership-for-resilience-%2528ppr%2529/4923893640069120?postal=19111,"['group therapy', 'navigating the system', 'case management', 'support network', 'support groups', 'advocacy & legal aid', 'citizenship & immigration', 'representation']",,"['all ages', 'immigrants', 'refugees', 'individuals', 'families', 'trauma survivors', 'abuse or neglect survivors', 'domestic violence survivors', 'human trafficking survivors', 'sexual assault survivors']",215-893-8400,https://nscphila.org/ppr,"1216 Arch Street, Philadelphia, PA 19107","https://www.google.com/maps/?q=1216+Arch+Street,+Philadelphia,+PA+19107/",['Must be a survivor of torture in the greater Philadelphia region.'],available,"PPR works with survivors of torture and their families in the greater Philadelphia region to rebuild their lives and heal from the physical and psychological wounds from torture. Torture is defined as “an act committed by a person acting under the color of law specifically intended to inflict severe physical or mental pain of suffering (other than pain or suffering incidental to lawful sanctions) upon another person within his custody or physical control.”

Services NSC offers to survivors include:

- Intensive Case Management to provide access to comprehensive medical care, mental health care, legal aid, and/or social services
- Group Work such as art therapy, educational and support groups, and a human rights-based group
- Free Legal Services (obtaining immigration relief, family reunification, legal work authorization, applying for lawful permanent residency, legal assistance to access public benefits, overcoming domestic violence, and preventing housing displacement and unfair employment practices)

To make a referral, please complete the Screening and Referral Form on our website and email completed forms to Cathy Jeong for an eligibility screening.",['English'],Free,TRUE,https://www.facebook.com/NationalitiesServiceCenter,https://www.twitter.com/@NSCPhila,"This program covers residents of the following counties: Philadelphia County, PA.",39.9538607,-75.1603386,19107,FALSE,9:00AM - 5:00PM,9:00AM - 5:00PM,9:00AM - 5:00PM,9:00AM - 5:00PM,9:00AM - 5:00PM,Closed,Closed,4.4,Mental Health
Philadelphia Senior Centers (NewCourtland Network),https://www.auntbertha.com//newcourtland-network--philadelphia-pa--philadelphia-senior-centers/6742937877348352?postal=19131,"['meals', 'nutrition education', 'transportation for healthcare', 'health education', 'understand mental health', 'primary care', 'community support services', 'recreation']",,"['seniors', 'individuals']",215-546-5879,https://www.newcourtland.org/senior-centers/,"1900 West Allegheny Avenue, Philadelphia, PA 19132","https://www.google.com/maps/?q=1900+West+Allegheny+Avenue,+Philadelphia,+PA+19132/",['This program helps people who are older than 54 years old.'],available,"NewCourtland Philadelphia Senior Centers provides recreation, group meals, health & wellness education and other supportive services for adults 55 and older.Services can include:- Health Care- Transportation- Nutritional Support- Mental Health Care- Meals- Recreation",['English'],Reduced Cost,TRUE,https://www.facebook.com/NewCourtland/,,"This program covers residents of the following counties: Philadelphia County, PA.",40.002007,-75.160647,19132,FALSE,8:00AM - 5:00PM,8:00AM - 5:00PM,8:00AM - 5:00PM,8:00AM - 5:00PM,8:00AM - 5:00PM,Closed,Closed,4.5,Mental Health
Philadelphia Vet Center NE (U.S. Department of Veterans Affairs),https://www.auntbertha.com//u.s.-department-of-veterans-affairs--philadelphia-pa--philadelphia-vet-center-ne/6197440190349312?postal=19104,"['checkup & test', 'counseling', 'family counseling', 'individual counseling', 'navigating the system']",,"['adults', 'young adults', 'teens', 'seniors', 'active duty', 'national guard', 'veterans', 'families', 'trauma survivors', 'sexual assault survivors', 'depression', 'ptsd', 'substance dependency']",215-924-4670,https://www.va.gov/directory/guide/facility.asp?ID=591,"101 East Olney Avenue, Philadelphia, PA 19120","https://www.google.com/maps/?q=101+East+Olney+Avenue,+Philadelphia,+PA+19120/",['This program serves veterans and their families.'],available,"Vet Centers across the country provide a broad range of counseling, outreach, and referral services to combat Veterans and their families. Readjustment counseling is a wide range of psychosocial services offered to eligible Veterans, service members, and their families in the effort to make a successful transition from military to civilian life. Services include:- Individual and group counseling for veterans, service members, and their families- Family counseling for military related issues- Bereavement counseling for families who experience an active duty death- Military sexual trauma counseling and referrals- Substance abuse assessment and referrals- Employment assessment & referrals- VBA benefits explanation and referrals- Screening & referral for medical issues including TBI, depression, etc.If you, or a family member, served in any combat zone and received a military campaign ribbon (Vietnam, Southwest Asia, OEF, OIF, etc.) then both you and your family are eligible for Vet Center services.All services are free of cost and are strictly confidential.",['English'],Free,TRUE,https://www.facebook.com/VeteransAffairs,https://www.twitter.com/@DeptVetAffairs,"This program covers residents of the following counties: Philadelphia County, PA.",40.0370692,-75.119213,19120,FALSE,8:00AM - 4:30PM,8:00AM - 4:30PM,8:00AM - 4:30PM,8:00AM - 4:30PM,8:00AM - 4:30PM,Closed,Closed,4.7,Mental Health
Philly LIFTS (The City of Philadelphia Department of Behavioral Health and Intellectual disAbility Services),https://www.auntbertha.com//the-city-of-philadelphia-department-of-behavioral-health-and-intellectual-disability-services--philadelphia-pa--philly-lifts/4955811242704896?postal=19111,"['addiction & recovery', 'counseling', 'family counseling', 'individual counseling', 'support network', 'support groups']",,"['young adults', 'teens', 'children', 'individuals', 'families', 'substance dependency']",215-776-4406,https://www.phila.gov/programs/substance-use-prevention-and-harm-reduction/our-work/philly-lifts/,"1101 Market Street, Philadelphia, PA 19107","https://www.google.com/maps/?q=1101+Market+Street,+Philadelphia,+PA+19107/","['This program helps people who are 4 to 21 years old.', 'A member of your immediate family must have been diagnosed by a Philadelphia birthing center with Neonatal Abstinence Syndrome (NAS) as a newborn.']",available,"Philly LIFTS provides free short-term counseling to children and teens of families affected by substance use. This counseling service provides up to 12 sessions, virtual or in-person, each lasting roughly 50-60 minutes. This program provides: - Individual counseling- Family counseling- Support group for moms",['English'],Free,TRUE,https://www.facebook.com/phillyhealth,https://www.twitter.com/@PHLPublicHealth,"This program covers residents of the following cities: Philadelphia, PA.",39.9521671,-75.1584143,19107,FALSE,8:00AM - 5:00PM,8:00AM - 5:00PM,8:00AM - 5:00PM,8:00AM - 5:00PM,8:00AM - 5:00PM,Closed,Closed,0,Mental Health
PHMC Health Connection (Public Health Management Corporation),https://www.auntbertha.com//public-health-management-corporation-%2528phmc%2529--philadelphia-pa--phmc-health-connection/5673758820925440?postal=19111,"['family planning', 'medical care', 'checkup & test', 'prevent & treat', 'counseling', 'hiv treatment', 'vaccinations', 'mental health care', 'maternity care', 'postnatal care', 'std/sti treatment & prevention']",,"['anyone in need', 'all ages', 'pregnant', 'infectious disease', 'hiv/aids', 'chronic illness', 'diabetes', 'benefit recipients', 'low-income', 'uninsured', 'underinsured', 'mothers', 'all mental health']",855-887-9229,https://www.phmc.org/site/programs/health-care-centers/phmc-health-connection,"1900 North 9th Street, Philadelphia, PA 19122","https://www.google.com/maps/?q=1900+North+9th+Street,+Philadelphia,+PA+19122/",['Anyone can access this program.'],available,"PHMC Health Connection is a nurse-managed health care facility that provides a variety of services to children, teens and adults in the community.Services include:- Health Exams- Mental Health Counseling- Health Education/Counseling- Prenatal care/Childbirth education- Breastfeeding support/Parenting- Family Planning- Immunization Clinics- Nutrition Counseling- Confidential HIV Counseling/TestingWe treatment a variety of health problems such as: - Diabetes- Asthma - Sexually transmitted infections- High blood pressure- Flu, Sore Throats, Ear aches- Scrapes, Cuts, BurnsPHMC Health Connection accepts Medicaid and Medicare, and offers a sliding scale fee based on income to uninsured patients. Services are open to any patient regardless of ability to pay.",['English'],Sliding Scale,TRUE,https://www.facebook.com/publichealthmanagementcorporation/,https://www.twitter.com/https://twitter.com/?@PHMCtweets,"This program covers residents of the following counties: Philadelphia County, PA.",39.9814656,-75.1489288,19122,FALSE,9:00AM - 5:00PM,9:00AM - 5:00PM,9:00AM - 6:00PM,9:00AM - 5:00PM,9:00AM - 1:00PM,Closed,Closed,3.3,Mental Health
Phone Counseling (Women In Transition),https://www.auntbertha.com//women-in-transition-%2528wit%2529--philadelphia-pa--phone-counseling/4832596328972288?postal=19104,"['counseling', 'navigating the system', 'help hotlines', 'one-on-one support']",,"['adults', 'young adults', 'teens', 'seniors', 'female', 'domestic violence survivors', 'sexual assault survivors', 'substance dependency']",215-751-1111,https://www.helpwomen.org/telephone-counseling,"718 Arch Street, Suite 401N, Philadelphia, PA, United States, Pennsylvania","https://www.google.com/maps/place/The+Cast+Iron+Building,+718+Arch+St+Suite+401N,+Philadelphia,+PA+19106/@39.952472,-75.1550138,732m/data=!3m2!1e3!4b1!4m6!3m5!1s0x89c6c88227a521af:0xa9d07698c29621af!8m2!3d39.952472!4d-75.1524389!16s%2Fg%2F11nssv9r87?entry=ttu&g_ep=EgoyMDI1MDMzMC4wIKXMDSoASAFQAw%3D%3D",['This program serves women going through domestic violence and or substance abuse.'],Not specified,"Women in Transition offers phone counseling for women in need of support and to talk through what's going on in their life. They also welcome calls from family members, friends, and third-­party professionals who are concerned about someone in their lives who may be experiencing abuse. This program provides:- Supportive counseling- Resource referrals- Safety planning- Advocacy- Information about domestic violence and/or substance abuseLifeLine counselors are trained, trauma-informed staff and volunteers available to speak to you Monday to Friday, from 9 a.m. to 5 p.m.",['English'],Free,FALSE,https://www.facebook.com/Women-In-Transition-168983453161507/,https://www.twitter.com/@helpwomen,"This program covers residents of the following counties: Philadelphia County, PA.",39.952472,-75.1550138,19106,FALSE,9:00AM - 5:00PM,9:00AM - 5:00PM,9:00AM - 5:00PM,9:00AM - 5:00PM,9:00AM - 5:00PM,Closed,Closed,4.9,Mental Health
Place Of Refuge (Place of Refuge),https://www.auntbertha.com//place-of-refuge--philadelphia-pa--place-of-refuge/4789725290299392?postal=19131,"['counseling', 'mental health evaluation', 'outpatient treatment']",,"['adults', 'young adults', 'teens', 'children', 'seniors', 'grieving', 'low-income', 'uninsured', 'abuse or neglect survivors', 'sexual assault survivors', 'depression', 'anxiety', 'all mental health']",267-909-8550,https://placeofrefuge.net/centerandservices.aspx,"2938 North 5th Street, Philadelphia, PA 19133","https://www.google.com/maps/?q=2938+North+5th+Street,+Philadelphia,+PA+19133/",[],available,"Place of Refuge is a pioneering faith-based not-for-profit behavioral health center designed to provide professional, culturally-sensitive, community-based mental health services to North Philadelphia residents.This program provides:- Individual therapy- Family therapyCounseling can be used to address the following: - Trauma- Depression- Anxiety- Sexual Abuse- GrievingPlace Of Refuge offers a sliding scale for out-of-network clients",['English'],Sliding Scale,TRUE,https://www.facebook.com/RefugioNorthPhilly/,,"This program covers residents of the following counties: Philadelphia County, PA.",39.9960727,-75.139557,19133,FALSE,9:00AM - 5:00PM,9:00AM - 5:00PM,9:00AM - 5:00PM,9:00AM - 5:00PM,9:00AM - 5:00PM,Closed,Closed,5,Mental Health
Pregnancy Testing and Services (Spectrum Health Services),https://www.auntbertha.com//spectrum-health-services--philadelphia-pa--pregnancy-testing-and-services/5689553929895936?postal=19104,"['pregnancy tests', 'counseling', 'sexual and reproductive health', 'womens health', 'fertility', 'family planning', 'sex education']",,"['adults', 'young adults', 'teens', 'seniors', 'female', 'pregnant', 'mothers', 'parents']",215-471-2761,https://www.spectrumhs.org/medical-services/womens-prenatal/,"5201 Haverford Avenue, Philadelphia, PA 19139","https://www.google.com/maps/?q=5201+Haverford+Avenue,+Philadelphia,+PA+19139/",[],available,"Spectrum Health Services offers pregnancy tests, counseling, and other services related to pregnancy options, fertility, prenatal care, and pregnancy loss to women in Pennsylvania County.Services include but are not limited to:- Pregnancy testing- Adoption referrals- Fertility awareness education- Pregnancy planning services- Prenatal services- Postpartum exams-Trained staff to discuss options if you are pregnant- Trained staff to talk with you about early pregnancy loss (miscarriage)SHS offers access to quality health care for patients who do not have insurance or do not have enough insurance through a sliding fee discount program, with discounts available based on your current family size and income. Patients insured by Medicare are eligible for Sliding Fee Discounts to their copayments and deductibles.Please visit our website for a list of documents to bring to your appointment.Our locations do not offer walk-in service at this time, call for Telehealth appointment",['English'],Sliding Scale,TRUE,None,None,"This program covers residents of the following counties: Philadelphia County, PA.",39.9654626,-75.2249795,19139,FALSE,8:00AM - 5:00PM,8:00AM - 5:00PM,8:00AM - 8:00PM,8:00AM - 5:00PM,8:00AM - 5:00PM,Closed,Closed,3.2,Mental Health
Preschool Family Intervention Program PFI (Community Council Health Systems),https://www.auntbertha.com//community-council-health-systems--philadelphia-pa--preschool-family-intervention-program-%2528pfi%2529/5750879852953600?postal=19111,"['specialized therapy', 'mental health care']",['meals'],"['infants', 'children', 'families']",215-473-7033,https://www.cchss.org/child-adolescent-services,"1241 North Taney Street, Philadelphia, PA 19121","https://www.google.com/maps/?q=1241+North+Taney+Street,+Philadelphia,+PA+19121/","['This program helps people who are 2 to 5 years old.', 'Must be a Medical Assistance (MA) or Medicaid recipient.']",available,"Our Preschool Family Intervention program provides high quality early childhood mental health services and therapeutic services to children who are experiencing  significant social, emotional and behavioral challenges which could adversely affect their success in a regular preschool or day care setting. Service:- Preschool interventionWe receive Medical Assistance (MA). This PFI is funded by Community Behavioral Health (CBH) as children needs to be approved before starting services. The children are also provided with a hot breakfast and lunch daily. Services are also provided at home and in the community as needed.",['English'],Reduced Cost,TRUE,https://www.facebook.com/CCHSS/,https://www.twitter.com/@cchs_pa,"This program covers residents of the following counties: Philadelphia County, PA.",39.9750155,-75.1790584,19121,FALSE,8:00AM - 5:00PM,8:00AM - 5:00PM,8:00AM - 5:00PM,8:00AM - 5:00PM,8:00AM - 5:00PM,Closed,Closed,3.7,Mental Health
Prevention/Recovery Support Services (Gaudenzia),https://www.auntbertha.com//gaudenzia--philadelphia-pa--prevention-recovery-support-services/4692155605712896?postal=19111,"['addiction & recovery', 'substance abuse counseling', 'mental health care', 'support network', 'one-on-one support', 'peer support', 'support groups']",,"['all ages', 'individuals', 'families', 'benefit recipients', 'caregivers', 'all mental health', 'substance dependency']",833-976-4357,https://www.gaudenzia.org/about/types-of-care/#withdrawal,"2721 North 5th Street, Philadelphia, PA 19133","https://www.google.com/maps/?q=2721+North+5th+Street,+Philadelphia,+PA+19133/",[],available,"Prevention/Recovery Support Services are available to give support to individuals in recovery and their families. The program also provides Substance Use Disorder prevention and education.Service provided:- Recovery support services- Prevention educationGaudenzia services are available to everyone, regardless of insurance. They also accept Medicaid and Medicare.",['English'],Reduced Cost,TRUE,https://www.facebook.com/gaudenziaorg/,https://www.twitter.com/@Gaudenzia,This program covers residents of the following states: PA.,39.9926895,-75.1397847,19133,FALSE,8:00AM - 5:00PM,8:00AM - 5:00PM,8:00AM - 5:00PM,8:00AM - 5:00PM,8:00AM - 5:00PM,Closed,Closed,0,Mental Health
Primary Care (Family Practice & Counseling Network),https://www.auntbertha.com//family-practice-%2526-counseling-network-%2528fpcn%2529--philadelphia-pa--primary-care/5939607851237376?postal=19131,"['health education', 'family planning', 'medical care', 'primary care', 'checkup & test', 'prevent & treat', 'counseling', 'postnatal care', 'birth control']",,"['all ages', 'benefit recipients', 'low-income', 'uninsured', 'underinsured']",215-727-4721,https://www.fpcn.com/services/primary-care/,"807 North 48th Street, Philadelphia, PA 19139","https://www.google.com/maps/?q=807+North+48th+Street,+Philadelphia,+PA+19139/",[],available,"FPCN’s Nurse Practitioners and other Primary Care staff provide patient-centered care, including medical care for pediatrics, adolescents, adults, and older adults.  Services provided include:- Well child exams- Physicals- Immunizations- Health screenings - Family planning- Gynecology, prenatal, and postpartum care for women- Referrals to specialty treatment as necessaryPrimary Care staff offer age-appropriate counseling and education in areas including but not limited to: - Pregnancy- Parenting- Behavioral health- Weight management- Nutrition- Diabetes- Sexually transmitted infections- Tobacco and substance useMedicare, Medicaid, and most major insurances are accepted. For those without insurance, services are offered on a sliding scale.",['English'],Sliding Scale,TRUE,https://www.facebook.com/TheFamilyPracticeandCounselingNetwork/,,"This program covers residents of the following counties: Bucks County, PA, Chester County, PA, Delaware County, PA, Montgomery County, PA and Philadelphia County, PA.",39.9670062,-75.215682,19139,FALSE,8:30AM - 6:00PM,8:30AM - 6:00PM,8:30AM - 6:00PM,8:30AM - 6:00PM,8:30AM - 6:00PM,8:30AM - 12:00PM,Closed,0,Mental Health
Primary Care for Adults on Medicare (Oak Street Health),https://www.auntbertha.com//oak-street-health--philadelphia-pa--primary-care-for-adults-on-medicare/5460303324381184?postal=19104,"['disease management', 'medical care', 'primary care', 'checkup & test', 'disease screening', 'prevent & treat', 'in-home support', 'medication management', 'mental health care']","['nutrition education', 'health education', 'navigating the system']","['seniors', 'chronic illness', 'diabetes', 'benefit recipients', 'low-income', 'limited english', 'african american', 'asian', 'latino', 'native american']",267-635-2941,https://www.oakstreethealth.com/locations?utm_source=affiliates&utm_vpf=findhelp&utm_campaign=directory,"37 South 40th Street, Philadelphia, PA 19104","https://www.google.com/maps/?q=37+South+40th+Street,+Philadelphia,+PA+19104/",['Must have Medicare.'],available,"Oak Street Health's primary care providers serve the specific healthcare needs of older adults on Medicare. 

This program provides: 

- Primary care
- Preventative care
- Mental health services
- Treatment of chronic conditions like diabetes, heart and lung disease, weight management, and depression
- Social activities and events
- 24/7 patient support line

We accept all forms of Medicare, including Original Medicare Part B, select Medicare Advantage plans, Medicare Supplement or Medigap plans and Medicare-Medicaid Plans. 

To schedule an appointment or learn more, please call 888-219-1674 or visit our website.","['English', 'Spanish']",Reduced Cost,TRUE,https://www.facebook.com/OakStreetHealth/,https://www.twitter.com/@oakstreethealth,"This program covers residents of the following counties: Jefferson County, AL, Mobile County, AL, Maricopa County, AZ, Pima County, AZ, Pinal County, AZ, Adams County, CO, Arapahoe County, CO, Denver County, CO, El Paso County, CO, Clayton County, GA, Dekalb County, GA, Fulton County, GA, Gwinnett County, GA, Richmond County, GA, Cook County, IL, Kane County, IL, Lake County, IL, Peoria County, IL, Saint Clair County, IL, Will County, IL, Winnebago County, IL, Lake County, IN, Marion County, IN, St Joseph County, IN, Allen County, IN, Fayette County, KY, Jefferson County, KY, East Baton Rouge Parish, LA, Jefferson Parish, LA, Orleans Parish, LA, Macomb County, MI, Oakland County, MI, Wayne County, MI, Genesee County, MI, Kalamazoo County, MI, Kent County, MI, Hinds County, MS, Saint Louis County, MO, Jackson County, MO, Bernalillo County, NM, Bronx County, NY, Kings County, NY, New York County, NY, Queens County, NY, Cumberland County, NC, Forsyth County, NC, Mecklenburg County, NC, Wake County, NC, Durham County, NC, Guilford County, NC, Cuyahoga County, OH, Hamilton County, OH, Lucas County, OH, Montgomery County, OH, Summit County, OH, Trumbull County, OH, Oklahoma County, OK, Tulsa County, OK, Philadelphia County, PA, Berks County, PA, Montgomery County, PA, Kent County, RI, Providence County, RI, Greenville County, SC, Richland County, SC, Spartanburg County, SC, Knox County, TN, Shelby County, TN, Dallas County, TX, Gregg County, TX, Harris County, TX, Smith County, TX and Tarrant County, TX.",39.9558148,-75.2021278,19104,FALSE,8:40AM - 5:00PM,8:40AM - 5:00PM,8:40AM - 5:00PM,8:40AM - 5:00PM,8:40AM - 5:00PM,Closed,Closed,4.5,Mental Health
Primary Care Services (AbsoluteCARE),https://www.auntbertha.com//absolutecare--philadelphia-pa--primary-care-services/5108763615035392?postal=19104,"['nutrition education', 'health education', 'disease management', 'primary care', 'checkup & test', 'disease screening', 'prevent & treat', 'mental health care']","['transportation for healthcare', 'prescription assistance']","['adults', 'young adults', 'teens', 'children', 'seniors', 'chronic illness', 'diabetes', 'benefit recipients']",267-463-5800,https://www.absolutecare.com/members-patients/,"1080 North Delaware Avenue, Philadelphia, PA 19125","https://www.google.com/maps/?q=1080+North+Delaware+Avenue,+Philadelphia,+PA+19125/","['Must have Medicaid or Medicare.', 'Must be referred by PCP due to high utilization of ER services.']",available,"AbsoluteCARE is a primary care practice that provides health care to individuals with high utilization of emergency room visits. This Patient-Centered Medical Home focuses on each patient’s health goals through a team led by a primary care physician, and offers a full range of high-quality on-site services. This program provides:- Primary medical care- Pharmacy on-site- Social worker- Medication delivery within a 30-mile radius, if needed- Transportation, if needed- One-on-one mental health counseling- Support groups- Nutrition counseling- Diabetes education- Healthy cooking demonstrations- Walking groups- Personalized health assessments - Meal planningAbsoluteCARE accepts Medicare and Medicaid patients that qualify. If a patient would like to apply for services, they must call us with their insurance information so that staff can reach out to the primary care provider and determine if they qualify.","['English', 'Spanish']",Reduced Cost,TRUE,https://www.facebook.com/AbsoluteCareCorp,https://www.twitter.com/@AbsoluteCAREMed,"This program covers residents of the following counties: Baltimore County, MD, Prince Georges County, MD and Philadelphia County, PA.",39.9658365,-75.1327524,19125,FALSE,8:30AM - 5:00PM,8:30AM - 5:00PM,8:30AM - 5:00PM,8:30AM - 5:00PM,8:30AM - 5:00PM,Closed,Closed,3.3,Mental Health
Psychology Services (Children's Hospital of Philadelphia),https://www.auntbertha.com//children%2527s-hospital-of-philadelphia-%2528chop%2529--philadelphia-pa--psychology-services/5264854425534464?postal=19104,"['counseling', 'mental health care', 'family counseling', 'mental health evaluation']",,"['teens', 'children', 'cancer', 'chronic illness', 'autism', 'benefit recipients', 'trauma survivors', 'eating disorder', 'all mental health']",215-590-7555,https://www.chop.edu/centers-programs/psychology-services,"3401 Civic Center Boulevard, Philadelphia, PA 19104","https://www.google.com/maps/?q=3401+Civic+Center+Boulevard,+Philadelphia,+PA+19104/","['This program helps people who are younger than 18 years old.', 'Must have Medicare or Medical Assistance.']",available,"Our pediatric psychologists specialize in providing assessment, intervention and consultation services to children who need help adjusting to a diagnosis, adhering to treatment, or who may require support related to the trauma of their illness or procedure.Services:- Cognitive and developmental assessments- Neuropsychological evaluations- Evaluation of emotional, social and family functioning- Child therapy- Family therapy- Pain and stress reduction approachesWe accept Medicare and Medical Assistance of PA and NJ.",['English'],Reduced Cost,TRUE,https://www.facebook.com/ChildrensHospitalofPhiladelphia,https://www.twitter.com/@ChildrensPhila,"This program covers residents of the following counties: Philadelphia County, PA.",39.9487265,-75.1943904,19104,FALSE,8:00AM - 5:00PM,8:00AM - 5:00PM,8:00AM - 5:00PM,8:00AM - 5:00PM,8:00AM - 5:00PM,Closed,Closed,4.1,Mental Health
Psychology Training Clinic (La Salle University - Community Center for Counseling and Psychological Services),https://www.auntbertha.com//la-salle-university---community-center-for-counseling-and-psychological-services--philadelphia-pa--psychology-training-clinic/6242235407007744?postal=19111,"['mental health care', 'counseling', 'group therapy', 'family counseling', 'individual counseling', 'mental health evaluation', 'understand mental health', 'navigating the system']",,"['adults', 'young adults', 'teens', 'children', 'seniors', 'students', 'individuals', 'families', 'all mental health']",215-951-1284,https://www.lasalle.edu/doctor-of-psychology/training-clinic/,,,[],available,"La Salle University's Psychology Training Clinic is a community mental health clinic that offers ethical, quality treatment to the the community at an affordable cost.This program provides:- Individual counseling- Child therapy- Family counseling- Couples counseling- Group therapy- Psychological assessments- Diagnostic evaluations- ConsultationsIn addition to providing general outpatient and consultation services, the clinic has a number of specialty teams providing specialized treatment in the following areas: depression, anxiety, health-related issues, pediatric psychology, child psychology, psychological testing, and neuropsychological evaluation.This is a training clinic through the Clinical Psychology Doctoral Program at the university and is directed and supervised by licensed, doctoral level psychologists.",['English'],Reduced Cost,TRUE,https://www.facebook.com/lasalleuniversity/,https://www.twitter.com/@LaSalleUniv,"This program covers residents of the following counties: Philadelphia County, PA.",40.0362513,-75.155762,19141,FALSE,8:00AM - 5:00PM,8:00AM - 5:00PM,8:00AM - 5:00PM,8:00AM - 5:00PM,8:00AM - 5:00PM,Closed,Closed,0,Mental Health
Psychosis Treatment (University of Pennsylvania - Perelman School of Medicine - Psychosis Evaluation & Recovery Center),https://www.auntbertha.com//university-of-pennsylvania---perelman-school-of-medicine---psychosis-evaluation-%2526-recovery-center-%2528perc%2529--philadelphia-pa--psychosis-treatment/5140775259340800?postal=19104,"['mental health evaluation', 'mental health care', 'understand mental health', 'navigating the system', 'one-on-one support']",,"['young adults', 'teens', 'individuals', 'families', 'all mental health']",215-662-2826,https://www.med.upenn.edu/bbl/penn-perc.html,"3400 Spruce Street, Philadelphia, PA 19104","https://www.google.com/maps/?q=3400+Spruce+Street,+Philadelphia,+PA+19104/","['This program helps people who are 16-30 years old.', 'Must be a Pennsylvania resident.']",available,"PERC's multi-disciplinary program offers consultations on diagnosis, treatment, support and skill development for adolescents and young adults (ages 16-30 years) who exhibit warning signs of emerging psychosis or early psychosis, and their families. Our assessment can determine the appropriate prompt and effective treatment for the recovery and long-term outcome of these individuals.The assessment typically includes the following:- Interview and evaluation by a psychiatric expert in early psychosis.- Standard physical and neurological examination, and blood work testing to detect possible medical disorders that may produce behavioral symptoms.- Review of medical records, prior treatments and responses.- Formulation and discussion of treatment and support plan.The program is supported by a Mental Health Block Grant provided through the State of Pennsylvania (for Pennsylvania residents only).Please call the PERC to schedule an appointment. For more information or questions, please email our team. Referred individuals are screened over the phone within 24-48 hours. For those appropriate for the program, an in-person assessment typically occurs within 7-14 business days.",['English'],Reduced Cost,TRUE,https://www.facebook.com/upennctsa/,,"This program covers residents of the following counties: Philadelphia County, PA.",39.950044,-75.193131,19104,FALSE,9:00AM - 5:00PM,9:00AM - 5:00PM,9:00AM - 5:00PM,9:00AM - 5:00PM,9:00AM - 5:00PM,Closed,Closed,0,Mental Health
"Psychotherapy (Psycare Solutions, Inc.)",https://www.auntbertha.com//psycare-solutions%252C-inc.--philadelphia-pa--psychotherapy/6609039221587968?postal=19104,"['mental health care', 'bereavement', 'group therapy', 'family counseling', 'individual counseling', 'virtual support']",,"['anyone in need', 'adults', 'young adults', 'teens', 'children', 'seniors', 'grieving', 'individuals', 'families', 'benefit recipients', 'uninsured']",215-885-9700,https://www.psycaresolutions.com/psychotherapy.html,"255 South 17th Street, Philadelphia, PA 19103","https://www.google.com/maps/?q=255+South+17th+Street,+Philadelphia,+PA+19103/",['Anyone can access this program.'],available,"Psycare Solutions provides an array of psychotherapy services to individuals and families in need. We help with life transitions: change in career, mid-life, empty nest, and bereavement.Services:- Individual counseling- Couples counseling- Family therapy- Mind Body Intelligence classes (mindfulness training) Psycare Solutions also offers a telehealth option through the Zoom app. Please visit our website for more information.When you call to schedule an appointment, please be sure to leave your telephone number and name in our confidential voicemail box. You will be contacted promptly.Psycare Solutions accepts Medicare and offers a sliding fee scale to uninsured individuals.",['English'],Sliding Scale,TRUE,https://www.facebook.com/psycaresolutions/,,"This program covers residents of the following counties: Montgomery County, PA, Philadelphia County, PA and Chester County, PA.",39.9481867,-75.1692901,19103,FALSE,8:00AM - 5:00PM,8:00AM - 5:00PM,8:00AM - 5:00PM,8:00AM - 5:00PM,8:00AM - 5:00PM,Closed,Closed,0,Mental Health
Rearing Successful Sons RSS (Presbytery of Philadelphia),https://www.auntbertha.com//presbytery-of-philadelphia--philadelphia-pa--rearing-successful-sons-%2528rss%2529/6229254958350336?postal=19111,"['mental health care', 'financial education', 'recreation', 'after school care', 'case management', 'support network', 'mentoring', 'spiritual support', 'more education']",,"['teens', 'children', 'male', 'african american']",215-389-5504,https://presbyphl.org/leadership/mission-ministry-associations/pcmdv/,"1201 South 23rd Street, Philadelphia, PA 19146","https://www.google.com/maps/?q=1201+South+23rd+Street,+Philadelphia,+PA+19146/","['This program helps people who are 9 to 17 years old.', 'This program supports young African-American males in South Philadelphia’s Point Breeze community.']",available,"Rearing Successful Sons is an innovative faith-based initiative designed and planned to teach, guide, model and mentor young African-American males ages 9 -17 in South Philadelphia’s Point Breeze community. Trained volunteers guide participants through a series of self-directed learning modules that focus on spirituality, financial literacy, meaning of family, emotional and physical health, education, career development and social engagement.This program provides: - Life skills and communication training- Culturally competent mentorship- Networking and enrichment opportunities- Healthcare services that help to address underlying behavioral issues- Field trips- Activities- Case managementThis program is conducted four days a week after school.",['English'],Free,TRUE,https://www.facebook.com/pages/Presbytery-of-Philadelphia/220169698151940,https://www.twitter.com/@Presby_Phl,"This program covers residents of the following cities: Philadelphia, PA.",39.9378617,-75.1812138,19146,FALSE,8:00AM - 5:00PM,8:00AM - 5:00PM,8:00AM - 5:00PM,8:00AM - 5:00PM,8:00AM - 5:00PM,Closed,Closed,0,Mental Health
Recovery Housing Program (Public Health Management Corporation),https://www.auntbertha.com//public-health-management-corporation-%2528phmc%2529--philadelphia-pa--recovery-housing-program/5484660293369856?postal=19104,['residential treatment'],"['substance abuse counseling', 'nutrition education', 'alternative medicine', 'exercise & fitness', 'mental health care', 'anger management', 'recreation', 'after school care', 'before school care', 'spiritual support', 'ged/high-school equivalency']","['children', 'mentally incapacitated', 'female', 'pregnant', 'all mental health', 'substance dependency']",215-871-0300,http://www.phmc.org/site/programs/behavioral-health-services/recovery-housing,"4108 Parkside Avenue, Philadelphia, PA 19104","https://www.google.com/maps/?q=4108+Parkside+Avenue,+Philadelphia,+PA+19104/","['Children must be under the age of 12 to stay in the facility with their legal guardian.', 'Must be a woman 18 years of age or older, dependent on alcohol and/or other drugs or with a recent history of substance abuse and meet the American Society of Addiction Medicine (ASAM) criteria for the specific level of care you are requesting.']",available,"Recovery Housing Program is a residential treatment program for women with substance abuse and mental health disorders and their children.Our residential treatment program provides the following services:- Substance abuse treatment- Mental health treatment- Recreation activities- Spirituality groups- Anger and stress management classes- Yoga- Physical fitness- Nutrition Classes- Vocational Training- GED PreparationServices for children include an on-site clinical pre-school and after-school program. The program serves up to 20 pregnant and parenting women, and up to 45 children under the age of 12.",['English'],Reduced Cost,TRUE,https://www.facebook.com/publichealthmanagementcorporation,https://www.twitter.com/@phmctweets,"This program covers residents of the following counties: Philadelphia County, PA.",39.97523,-75.207357,19104,FALSE,8:00AM - 5:00PM,8:00AM - 5:00PM,8:00AM - 5:00PM,8:00AM - 5:00PM,8:00AM - 5:00PM,Closed,Closed,3.5,Mental Health
Recovery Services (Rogers Behavioral Health),https://www.auntbertha.com//rogers-behavioral-health--philadelphia-pa--recovery-services/4831834257227776?postal=19104,"['addiction & recovery', 'outpatient treatment', 'residential treatment', 'substance abuse counseling', 'specialized therapy', 'mental health care', 'mental health evaluation', 'support groups']",,"['adults', 'young adults', 'teens', 'children', 'seniors', 'individuals', 'benefit recipients', 'low-income', 'uninsured', 'limited english', 'depression', 'anxiety', 'eating disorder', 'ptsd', 'all mental health', 'substance dependency', 'dual diagnosis']",267-787-6600,https://rogersbh.org/what-expect/getting-started,"1 Winding Drive, Philadelphia, PA 19131","https://www.google.com/maps/?q=1+Winding+Drive,+Philadelphia,+PA+19131/",['This program helps people who are suffering from mental health and/or substance abuse issues.'],available,"Rogers Behavioral Health offers evidence-based treatment for adults, children, and adolescents with a variety of mental health and substance use issues.This program provides:- Outpatient treatment- Partial hospitalization care (PHP)- Intensive outpatient care (IOP)- Residential care- Inpatient care- Specialized therapy- Support groupsConditions treated include:- Depression and other mood disorders- Eating disorders- Addiction- Obsessive-Compulsive and anxiety disorders- Post-Traumatic Stress Disorder (PTSD)Services may vary based on your location. To get started, please call or request a screening appointment through the website. You can call 800-767-4411 for Brown Deer, Oconomowoc, and West Allis, and 888-927-2203 for all other locations. The screening will take approximately 30 to 60 minutes to complete. An intake specialist will ask you a series of questions to offer an appropriate recommendation for the program that best suits your needs. For a children under 18, a representative will ask to speak with a parent or guardian. Rogers Behavioral Health offers financial assistance to patients based on income and household size. Please call 262-303-2180 or visit rogersbh.org/what-expect/financing-your-care/financial-assistance-program for more information about how to apply for financial assistance. Medicare is also accepted.","['English', 'Spanish']",Sliding Scale,TRUE,https://www.facebook.com/rogers.behavioral.health/,https://www.twitter.com/@Rogers_BH,"This program covers residents of the following counties: Los Angeles County, CA, San Diego County, CA, San Francisco County, CA, Hillsborough County, FL, Miami-Dade County, FL, Fulton County, GA, Cook County, IL, Dupage County, IL, Hennepin County, MN, Ramsey County, MN, Philadelphia County, PA, Davidson County, TN, King County, WA, Dane County, WI, Kenosha County, WI, Milwaukee County, WI, Outagamie County, WI, Sheboygan County, WI and Waukesha County, WI.",40.0069325,-75.2079762,19131,FALSE,8:00AM - 6:00PM,8:00AM - 6:00PM,8:00AM - 6:00PM,8:00AM - 6:00PM,8:00AM - 6:00PM,Closed,Closed,2.7,Mental Health
"Recovery Support Services (Council of Southeast Pennsylvania, Inc.)",https://www.auntbertha.com//council-of-southeast-pennsylvania%252C-inc.--philadelphia-pa--recovery-support-services-%2528rss%2529/5074246054707200?postal=19131,"['addiction & recovery', 'outpatient treatment', 'peer recovery coaching', 'support network', 'mentoring', 'peer support', 'virtual support']","['help find housing', 'help find work']","['adults', 'young adults', 'teens', 'children', 'seniors', 'post-treatment', 'substance dependency']",215-223-7700,https://www.councilsepa.org,"1701 West Lehigh Avenue, Philadelphia, PA 19132","https://www.google.com/maps/?q=1701+West+Lehigh+Avenue,+Philadelphia,+PA+19132/",[],available,"Recovery support services (RSSs) are nonclinical peer-driven services assisting individuals and families in their recovery from alcohol or drug problems. Services are flexible and may be provided prior to, during, and after treatment.This program provides:- Peer-to-peer services, mentoring, and coaching- Self-help and support groups (PRO-ACT supports all pathways to recovery)- Employment services and job training- Outreach- Relapse prevention- Housing assistance and services- Recovery support activities- Family education- Life skills- Spiritual and faith-based support- EducationThe staff and volunteers are their number one asset. It’s through their integrity, professionalism, and dedication that the message of overcoming and/or avoiding addiction and the services are communicated to those who need them most.Visit, call, or email any of our locations below, or use our Alcohol & Other Drug Information & Recovery Support Line.",['English'],Reduced Cost,TRUE,,,"This program covers residents of the following counties: Bucks County, PA, Chester County, PA, Delaware County, PA, Montgomery County, PA and Philadelphia County, PA.",39.9948691,-75.160079,19132,FALSE,8:00AM - 5:00PM,8:00AM - 5:00PM,8:00AM - 5:00PM,8:00AM - 5:00PM,8:00AM - 5:00PM,Closed,Closed,4.5,Mental Health
"Recovery Support Services RSS (Council of Southeast Pennsylvania, Inc.)",https://www.auntbertha.com//council-of-southeast-pennsylvania%252C-inc.--philadelphia-pa--recovery-support-services-%2528rss%2529/5074246054707200?postal=19104,"['addiction & recovery', 'outpatient treatment', 'peer recovery coaching', 'support network', 'mentoring', 'peer support', 'virtual support']","['help find housing', 'help find work']","['adults', 'young adults', 'teens', 'children', 'seniors', 'post-treatment', 'substance dependency']",215-345-6644,https://www.councilsepa.org,"1701 West Lehigh Avenue, Philadelphia, PA 19132","https://www.google.com/maps/?q=1701+West+Lehigh+Avenue,+Philadelphia,+PA+19132/",[],available,"Recovery support services (RSSs) are nonclinical peer-driven services assisting individuals and families in their recovery from alcohol or drug problems. Services are flexible and may be provided prior to, during, and after treatment.This program provides:- Peer-to-peer services, mentoring, and coaching- Self-help and support groups (PRO-ACT supports all pathways to recovery)- Employment services and job training- Outreach- Relapse prevention- Housing assistance and services- Recovery support activities- Family education- Life skills- Spiritual and faith-based support- EducationThe staff and volunteers are their number one asset. It’s through their integrity, professionalism, and dedication that the message of overcoming and/or avoiding addiction and the services are communicated to those who need them most.Visit, call, or email any of our locations below, or use our Alcohol & Other Drug Information & Recovery Support Line.",['English'],Reduced Cost,TRUE,None,None,"This program covers residents of the following counties: Bucks County, PA, Chester County, PA, Delaware County, PA, Montgomery County, PA and Philadelphia County, PA.",39.9948691,-75.1600785,19132,FALSE,8:00AM - 5:00PM,8:00AM - 5:00PM,8:00AM - 5:00PM,8:00AM - 5:00PM,8:00AM - 5:00PM,Closed,Closed,4.5,Mental Health
"Residential Behavioral Health (The Consortium, Inc.)",https://www.auntbertha.com//the-consortium%252C-inc.--philadelphia-pa--residential-behavioral-health/4815102533697536?postal=19104,"['mental health care', 'skills & training']",,"['adults 18+', 'benefit recipients', 'low-income', 'all mental health']",215-747-6644,https://consortiuminc.org/,"5205 Webster Street, Philadelphia, PA 19143","https://www.google.com/maps/?q=5205+Webster+Street,+Philadelphia,+PA+19143/","['Must have a referral from the Department of Behavioral Health.', 'Must meet income requirements or have Medicaid.']",available,"The Consortium, Inc. offers a Residential Behavioral health program called The Webster Street Community Residential Rehabilitation program (CRR) for adults 18 years or older who have severe and persistent mental illness.CRR provides:- Skills for independent living- Mental health servicesThe home is staffed 24 hours a day, seven days a week and is handicap accessible. All referrals come through the Department of Behavioral Health.The Consortium accepts Medicaid and offers a sliding scale fee for low-income individuals. We don't turn anyone away. All services are provided without regard to race, color, sex gender, religious creed, ancestry, national origin, disability or sexual orientation.",['English'],Sliding Scale,TRUE,None,None,"This program covers residents of the following counties: Philadelphia County, PA.",39.9485212,-75.2278279,19143,FALSE,8:00AM - 5:00PM,8:00AM - 5:00PM,8:00AM - 5:00PM,8:00AM - 5:00PM,8:00AM - 5:00PM,Closed,Closed,0,Mental Health
Residential Rehabilitation Program (The Kirkbride Center),https://www.auntbertha.com//the-kirkbride-center--philadelphia-pa--residential-rehabilitation-program/6200212211892224?postal=19111,"['addiction & recovery', 'detox', 'residential treatment', 'medications for addiction']",,"['adults 18+', 'benefit recipients', 'substance dependency', 'opioid dependency', 'alcohol dependency']",215-471-2600,http://kirkbridecenter.com/Addiction_Services/,"111 North 49th Street, Philadelphia, PA 19139","https://www.google.com/maps/?q=111+North+49th+Street,+Philadelphia,+PA+19139/",['Must have Medicaid.'],available,"The Kirkbride Center offers both long- and short-term residential treatment to those facing drug or alcohol addiction. Our goal is to help each individual to formulate coping skills to replace self-destructive behaviors, develop a strong support network and choose to lead an independent, productive life.Services include:- Detoxification- Drug free residential rehabilitation- Treatment for co-occuring disorders- Gender Specific Trauma Recovery (TREM)- Ongoing medication-assisted treatment (MAT) - Pharmacologic blockade- Methadone, buprenorphrine (Suboxone) and naltrexone (Vivitrol) treatment and referralsThe Kirkbride Center accepts Medicaid. Referrals are accepted 24/7 by phone or fax from crisis response and assessment centers, treatment providers (inpatient and outpatient), the Forensic Intensive Recovery Program and the court system, as well as walk-ins. Prior to formal admission, patients will undergo a formal, face-to-face evaluation to gain a full understanding of their background. This is in order to ensure their current needs are fully within the facility’s scope of practice and to place them within the best treatment area for their needs.",['English'],Reduced Cost,TRUE,None,None,"This program covers residents of the following counties: Bucks County, PA, Chester County, PA, Delaware County, PA, Montgomery County, PA and Philadelphia County, PA.",39.9617037,-75.2184789,19139,TRUE,0:00AM - 11:59PM,0:00AM - 11:59PM,0:00AM - 11:59PM,0:00AM - 11:59PM,0:00AM - 11:59PM,0:00AM - 11:59PM,0:00AM - 11:59PM,2.6,Mental Health
Residential Substance Abuse Program - Interim House West (Public Health Management Corporation),https://www.auntbertha.com//public-health-management-corporation-%2528phmc%2529--philadelphia-pa--residential-substance-abuse-program---interim-house-west/5547279449587712?postal=19111,"['residential treatment', 'residential care']",,"['all ages', 'female', 'all mental health', 'substance dependency']",215-871-0300,http://www.phmc.org/site/affiliates/interim-house,"4108 Parkside Avenue, Philadelphia, PA 19104","https://www.google.com/maps/?q=4108+Parkside+Avenue,+Philadelphia,+PA+19104/",[],available,Interim House West Interim House West is a residential treatment program for women with substance abuse and mental health disorders and their children. Services:- Residential treatment,['English'],Not specified,TRUE,https://www.facebook.com/publichealthmanagementcorporation,https://www.twitter.com/@PHMCtweets,"This program covers residents of the following counties: Philadelphia County, PA.",39.97523,-75.207357,19104,FALSE,8:00AM - 5:00PM,8:00AM - 5:00PM,8:00AM - 5:00PM,8:00AM - 5:00PM,8:00AM - 5:00PM,Closed,Closed,3.3,Mental Health
"Residential Therapeutic Community (Men and Women for Human Excellence, Inc.)",https://www.auntbertha.com//men-and-women-for-human-excellence%252C-inc.-%2528mwfhe%2529--philadelphia-pa--residential-therapeutic-community/4964759830003712?postal=19104,"['sober living', 'addiction & recovery', 'residential treatment', 'substance abuse counseling', 'peer support']",,"['adults 18+', 'individuals', 'homeless', 'all mental health', 'substance dependency']",215-594-3581,https://mwfhe.org/what-we-do/residential-therapeutic-community/,"2600 Cecil B. Moore Avenue, Philadelphia, PA 19121","https://www.google.com/maps/?q=2600+Cecil+B.+Moore+Avenue,+Philadelphia,+PA+19121/",['This program serves homeless people residing in the listed coverage areas.'],available,"Residential Therapeutic Community is an intensive and comprehensive treatment model developed for use with adults with substance abuse or mental health challenges. It is a substance-free living environment in which alcohol and substance users can holistically rebuild their lives by using the person-first, strength-based approach, and the incorporation of the principles of Narcotics Anonymous.This program provides:- Sober living- Therapeutic peer community",['English'],Free,TRUE,https://www.facebook.com/mwfhe,https://www.twitter.com/@MWFHE,"This program covers residents of the following counties: Dekalb County, GA and Philadelphia County, PA.",39.9810206,-75.1774419,19121,FALSE,8:00AM - 8:00PM,8:00AM - 8:00PM,8:00AM - 8:00PM,8:00AM - 8:00PM,8:00AM - 8:00PM,Closed,Closed,3.7,Mental Health
Residential Treatment Program (The Bridge),https://www.auntbertha.com//the-bridge--philadelphia-pa--residential-treatment-program/5683547543961600?postal=19104,"['addiction & recovery', 'residential treatment']",,"['teens', 'individuals', 'benefit recipients', 'low-income', 'uninsured', 'all mental health', 'substance dependency', 'opioid dependency', 'dual diagnosis']",215-342-5000,https://thebridge.phmc.org/residential-treatment-program,"1100 Adams Avenue, Philadelphia, PA 19124","https://www.google.com/maps/?q=1100+Adams+Avenue,+Philadelphia,+PA+19124/","['This program helps people who are 14 to 18 years old.', 'Must have a diagnosis of substance abuse or dependence, or co-occurring mental health and substance abuse diagnoses.']",available,"The Bridge provides residential treatment to adolescents (ages 14-18) with substance abuse disorders or co-occurring mental health and substance abuse problems. Our program incorporates an on-site school, and our Hands-On Learning Initiatives give clients the opportunity to explore career options through local businesses and technical schools. We provide: - Residential addiction treatment for approximately 3 to 9 monthsServices include: - Individual therapy- Group therapy- Family therapy- Health & psychiatric services- Behavior modification- Anger management/conflict resolution- Animal assisted therapy- After-case case management- Family psych-education- Family nights- Outpatient counseling- Educational and Skills Building- Hands-on Learning InitiativesThe Bridge accepts Medicare and Medicaid, and offers a sliding fee scale based on income to uninsured patients. A referral can be made by calling the program directly or online. Admissions staff conducts an intake psychosocial assessment and meets with family members to confirm the child’s appropriateness for the program.","['English', 'Spanish']",Sliding Scale,TRUE,None,None,"This program covers residents of the following counties: Philadelphia County, PA.",40.0171274,-75.0945726,19124,FALSE,9:00AM - 5:00PM,9:00AM - 5:00PM,9:00AM - 5:00PM,Closed,9:00AM - 5:00PM,9:00AM - 5:00PM,9:00AM - 5:00PM,4.1,Mental Health
Rising Sun Health Center (Public Health Management Corporation),https://www.auntbertha.com//public-health-management-corporation-%2528phmc%2529--philadelphia-pa--rising-sun-health-center/5681174451060736?postal=19111,"['nutrition education', 'health education', 'disease management', 'family planning', 'primary care', 'prevent & treat', 'vaccinations', 'mental health care', 'std/sti treatment & prevention', 'navigating the system', 'case management']",,"['anyone in need', 'all ages', 'benefit recipients', 'low-income', 'uninsured']",855-887-9229,https://www.phmc.org/site/programs/health-care-centers/rising-sun,"5675 North Front Street, Philadelphia, PA 19120","https://www.google.com/maps/?q=5675+North+Front+Street,+Philadelphia,+PA+19120/",[],available,"The Rising Sun Health Center provides high-quality, affordable health care to patients of all ages. Staffed by nurse practitioners and other health professionals, the health center provides friendly, convenient care designed to meet patients' needs. Spanish-speaking staff are available.This program provides:- Adult and pediatric primary care- Family planning- Women’s healthcare services- Immunizations and flu shots- Behavioral health and trauma based counseling- HIV and Hepatitis C testing, counseling, and treatment- Management of chronic health conditions including diabetes, hypertension, asthma and others- Health and nutrition counseling- Clinical social workers- Addiction medication- Medical case management- Peer recovery services, referral navigation, health insurance assistance- Social services assistance (SNAP, housing, insurance, utilities, legal etc.)Rising Sun Health Center accepts Medicare and Medicaid. They also offer a sliding fee scale for uninsured patients. All patients will be seen regardless of their ability to pay.Walk-ins are welcome and same day appointments are available. For more information or to schedule an appointment, please call the office.",['English'],Sliding Scale,TRUE,None,None,"This program covers residents of the following counties: Philadelphia County, PA.",40.0369979,-75.1185985,19120,FALSE,7:30AM - 5:00PM,7:30AM - 5:00PM,7:30AM - 5:00PM,7:30AM - 5:00PM,7:30AM - 5:00PM,Closed,Closed,2.8,Mental Health
SafeTogether Program (Child Abuse Prevention Effort),https://www.auntbertha.com//child-abuse-prevention-effort--philadelphia-pa--safetogether-program/5744789920153600?postal=19104,"['parenting education', 'understand mental health', 'support network', 'one-on-one support']",,"['all ages', 'families', 'parents', 'all mental health']",215-408-4920,http://netcenters.org,"499 North 5th Street, Philadelphia, PA 19123","https://www.google.com/maps/?q=499+North+5th+Street,+Philadelphia,+PA+19123/",[],available,"SafeTogether teaches parents with a serious mental health illness how to create a customized, legally binding family plan that ensures a responsible adult is caring for the children in the home. The program is designed to reduce custody loss and decrease the risk of out-of-home placement by keeping children safe and in their home. The program also provides assurances that the parent is receiving effective and appropriate psychiatric care so the family can return to everyday functioning.Services provided:- Support team- Family plan for responsible care- Individual coaching sessions to implement plan",['English'],Free,TRUE,https://www.facebook.com/NorthEastTreatmentCenters/,,"This program covers residents of the following counties: Philadelphia County, PA.",39.9607763,-75.145884,19123,FALSE,8:00AM - 5:00PM,8:00AM - 5:00PM,8:00AM - 5:00PM,8:00AM - 5:00PM,8:00AM - 5:00PM,Closed,Closed,0,Mental Health
Senior Behavioral Health Inpatient Treatment (Friends Hospital),https://www.auntbertha.com//friends-hospital--philadelphia-pa--senior-behavioral-health-inpatient-treatment/5708794115129344?postal=19104,"['outpatient treatment', 'counseling', 'group therapy', 'individual counseling']",,"['seniors', 'limited mobility', 'benefit recipients']",215-831-4600,https://friendshospital.com/programs/older-adult/,"4641 Roosevelt Boulevard, Philadelphia, PA 19124","https://www.google.com/maps/?q=4641+Roosevelt+Boulevard,+Philadelphia,+PA+19124/",[],available,"Friends Hospital's Short-Term Older Adult Program's mission is to help older patients begin the journey to wellness by identifying and understanding the physical and social stressors that affect older adults. Our age-sensitive treatment and discharge planning help our patients regain a sense of independence and preserve their quality of life. Services Provided:-Treatment for all major psychiatric disorders including behavioral symptoms related to dementia-Holistic and patient-centered approach specifically designed for older adults-Age-sensitive, individualized treatment-Wellness and discharge plans-Treatment for co-occurring substance issues-Individual, group and family therapy-Private bedrooms with unit access to an enclosed outside courtyardWe accept almost all major health insurances, including Medicaid and Medicare. It is the policy of Friends Hospital not to create a financial hardship for any patient. If necessary, a payment plan appropriate to the patient’s financial status can be established.To make the admission process go as smoothly as possible, please download and complete our authorization completion instructions and authorization to obtain or release protected health information form. To schedule a confidential assessment or learn more about the admission process, please call our admission department.",['English'],Reduced Cost,TRUE,None,None,"This program covers residents of the following counties: Philadelphia County, PA.",40.0266061,-75.0994722,19124,TRUE,0:00AM - 11:59PM,0:00AM - 11:59PM,0:00AM - 11:59PM,0:00AM - 11:59PM,0:00AM - 11:59PM,0:00AM - 11:59PM,0:00AM - 11:59PM,1.8,Mental Health
Services to Foster Children (SFC) program (Juvenile Justice Center of Philadephia),https://www.auntbertha.com//juvenile-justice-center-of-philadephia-%2528jjc%2529--philadelphia-pa--services-to-foster-children-%2528sfc%2529-program/4821166195736576?postal=19131,"['counseling', 'adoption & foster care']",,"['children', 'all disabilities', 'foster youth', 'parents']",215-849-2112,http://www.juvenilejustice.org,"100 W Coulter St, Philadelphia, PA 19144","https://www.google.com/maps/?q=100+W+Coulter+St,+Philadelphia,+PA+19144/",['Must have consent signed by whoever has custody of the child.'],available,"Services to Foster Children (SFC) program provides care and services to children and to their foster parents and to their natural families, through two teams of social workers.Services provided to foster children:- Counseling- TutoringSFC focuses on counseling the child and supporting the foster parents while we work intensively with the natural family in order to resolve problems that necessitated placement and to achieve the goal of reunification. Through fund-raising, we are able to obtain tutoring for some of our foster and kinship children. Many of our children are behind in basic skills such as math and reading.Must have consent signed by people who have custody of the children.",['English'],Reduced Cost,TRUE,,,"This program covers residents of the following counties: Philadelphia County, PA.",40.0311924,-75.172385,19144,FALSE,8:00AM - 5:00PM,8:00AM - 5:00PM,8:00AM - 5:00PM,8:00AM - 5:00PM,8:00AM - 5:00PM,Closed,Closed,4.1,Mental Health
Short Term Rehabilitation (Liberty Center For Rehabilitation And Nursing),https://www.auntbertha.com//liberty-center-for-rehabilitation-and-nursing--philadelphia-pa--short-term-rehabilitation/5577351221739520?postal=19131,"['residential treatment', 'medical care', 'skilled nursing', 'physical therapy', 'occupational therapy', 'speech therapy', 'specialized therapy']",,"['seniors', 'physical disability', 'limited mobility', 'on-treatment', 'post-treatment', 'chronic illness', 'benefit recipients']",215-693-3100,https://libertycenterhc.com/services/#services,"7310 Stenton Avenue, Philadelphia, PA 19150","https://www.google.com/maps/?q=7310+Stenton+Avenue,+Philadelphia,+PA+19150/",['Must have Medicare or Medicaid.'],available,Our Short Term Rehabilitation program works to restore the residents to their prior level of functioning allowing them to return to their homes in the community. In addition to their rehabilitation we provide them with emotional support to help them through this difficult period in their life.Care provided:- Physical therapy- Occupational therapy- Speech therapy and audiology- Post-operative orthopedic care- Post-stroke training in self-care- Post cardiac care  - Rehabilitation and restorative nursing careLiberty Center For Rehabilitation And Nursing accepts Medicare and Medicaid.,['English'],Reduced Cost,TRUE,https://www.facebook.com/libertyhealthcareandrehab,,"This program covers residents of the following counties: Philadelphia County, PA.",40.0699662,-75.184679,19150,FALSE,8:00AM - 5:00PM,8:00AM - 5:00PM,8:00AM - 5:00PM,8:00AM - 5:00PM,8:00AM - 5:00PM,Closed,Closed,3.7,Mental Health
Short Term Rehabilitation (Willow Terrace Nursing And Rehabilitation Center),https://www.auntbertha.com//willow-terrace-nursing-and-rehabilitation-center--philadelphia-pa--short-term-rehabilitation/5307958726230016?postal=19131,"['residential treatment', 'medical care', 'skilled nursing', 'physical therapy', 'occupational therapy', 'speech therapy', 'specialized therapy']",,"['seniors', 'physical disability', 'limited mobility', 'on-treatment', 'post-treatment', 'chronic illness', 'benefit recipients']",215-951-8500,https://willow-terrace.com/index.php?option=com_content&view=article&layout=gk_steakhouse:one-page-wide&id=134&Itemid=1105,"1 Penn Boulevard, Philadelphia, PA 19144","https://www.google.com/maps/?q=1+Penn+Boulevard,+Philadelphia,+PA+19144/",['Must have Medicare or Public Aid.'],available,"Willow Terrace Nursing Short Term Rehabilitation provides quality care in a comforting environment to those recovering from surgery, injury or serious illness. Their services accelerate healing, restore functioning, and improve the patient’s quality of life to the fullest extent possible.This program provides:- Cardiac rehabilitation - Discharge planning- IV therapy- Orthopedic rehabilitation- Physical therapy- Speech therapy- Occupational therapy- Post-surgical therapy- Respiratory therapy- Transitional care- Wound careWillow Terrace Nursing And Rehabilitation Center accepts Medicare and Public Aid.",['English'],Reduced Cost,TRUE,https://www.facebook.com/WillowTerrace,,"This program covers residents of the following counties: Philadelphia County, PA.",40.0396539,-75.159919,19144,FALSE,8:00AM - 5:00PM,8:00AM - 5:00PM,8:00AM - 5:00PM,8:00AM - 5:00PM,8:00AM - 5:00PM,Closed,Closed,3.4,Mental Health
Skilled Nursing and Medical Care Services (Marquis Health Services),https://www.auntbertha.com//marquis-health-services--philadelphia-pa--skilled-nursing-and-medical-care-services/5716108688752640?postal=19131,"['medical care', 'skilled nursing', 'specialized therapy', 'mental health care', 'residential treatment']",,['seniors'],215-877-1565,https://mqshealth.com/,"2100 North 49th Street, Philadelphia, PA 19131","https://www.google.com/maps/?q=2100+North+49th+Street,+Philadelphia,+PA+19131/",['Must have Medicaid or Medicare.'],available,Marquis Health Services Skilled Nursing and Medical Care program provides 24-hour care with emphasis on assisting our residents’ independence and encouraging family members and friends to be active participants in their loved one’s daily life. Our comprehensive treatment and individualized care programs are designed to assist each resident in reaching their fullest potential. Our skilled nursing and medical care capabilities include a full range of on-site advanced clinical services including:- Restorative Therapy- Pain Management- Wound Care- Lab Services- Peritoneal Dialysis- Psychotherapy- Palliative CareMarquis Health Services accepts Medicaid and Medicare.,['English'],Reduced Cost,TRUE,https://www.facebook.com/MarquisHealthServices/,https://www.twitter.com/@Marquis_Health,"This program covers residents of the following cities: New Providence, NJ, Towson, MD, Lansdowne, PA, Mount Laurel, NJ, Boston, MA, Providence, RI, Neptune, NJ, Oakland, NJ, Philadelphia, PA, Easton, PA, Baltimore, MD, Needham, MA, Rockland, MA, Danvers, MA, Saugus, MA, Lancaster, MA, Beverly, MA, Holyoke, MA, Methuen, MA, Catonsville, MD and Brick, NJ.",39.9936645,-75.223177,19131,TRUE,0:00AM - 11:59PM,0:00AM - 11:59PM,0:00AM - 11:59PM,0:00AM - 11:59PM,0:00AM - 11:59PM,0:00AM - 11:59PM,0:00AM - 11:59PM,4,Mental Health
Sleep Center (Children's Hospital of Philadelphia),https://www.auntbertha.com//children%2527s-hospital-of-philadelphia-%2528chop%2529--philadelphia-pa--sleep-center/5407136340770816?postal=19104,"['specialized therapy', 'hospital treatment', 'one-on-one support']",,"['teens', 'infants', 'children', 'all disabilities', 'uninsured', 'underinsured']",215-590-3749,https://www.chop.edu/centers-programs/sleep-center,"3401 Civic Center Boulevard, Philadelphia, PA 19104","https://www.google.com/maps/?q=3401+Civic+Center+Boulevard,+Philadelphia,+PA+19104/","['Must have Medicare or Medicaid.', 'OR must meet income guidelines, be uninsured or insured via CHOP, and prove medical necessity (to be eligible for financial assistance).']",available,Children's Hospital of Philadelphia (CHOP) provides sleep specialist evaluations for children who have frequent or longer lasting sleep problems. The Sleep Center at CHOP uses a unique model of pairing a physician with a psychologist to diagnose and treat children with any type of sleep problem or sleep disorder whenever possible.This program provides:- Sleep evaluations and diagnosis- Sleep center psychosocial support services- Sleep laboratoriesThis program treats children with the following problems:- Obstructive sleep apnea- CPAP therapy- Apnea of infancy- Narcolepsy- Central hypo-ventilation- Bedtime problems- Frequent night wakings- Insomnia- Sleep walking- Night terrors- Circadian rhythm disorders- Movement disordersThis provider accepts medicare and medicaid and offers financial assistance for medically necessary and emergency care to eligible patients.,['English'],Reduced Cost,TRUE,https://www.facebook.com/ChildrensHospitalofPhiladelphia,https://www.twitter.com/@ChildrensPhila,"This program covers residents of the following counties: Camden County, NJ, Montgomery County, PA and Philadelphia County, PA.",39.9487265,-75.1943904,19104,FALSE,8:00AM - 5:00PM,8:00AM - 5:00PM,8:00AM - 5:00PM,8:00AM - 5:00PM,8:00AM - 5:00PM,Closed,Closed,4.1,Mental Health
Social Services Program (Salvation Army Eastern Pennsylvania & Delaware),https://www.auntbertha.com//salvation-army-eastern-pennsylvania-%2526-delaware--philadelphia-pa--social-services-program/4620877509427200?postal=19131,"['food pantry', 'meals', 'clothing', 'toys & gifts', 'parenting education', 'counseling', 'financial education', 'navigating the system', 'support network', 'spiritual support', 'skills & training', 'interview training', 'resume development', 'help find work']",,"['all ages', 'individuals', 'families', 'homeless', 'near homeless', 'low-income']",215-474-1010,https://easternusa.salvationarmy.org/,"5501 Market Street, Philadelphia, PA 19139","https://www.google.com/maps/?q=5501+Market+Street,+Philadelphia,+PA+19139/",['This program serves residents of Pennsylvania.'],available,Salvation Army Eastern Pennsylvania & Delaware social workers provide social services to meet the needs of the community. This program provides:- Access to nutritious food- Counseling Services- Financial Education- Spiritual Support- Referrals- Help find work- Resume Building- Interview skills- Job placement- Toys & Gifts (Holiday season)- Clothing (all ages)- Men's and women's support groupsServices offered may change depending on location. Please contact the nearest office for more information.,['English'],Free,TRUE,https://www.facebook.com/SalvationArmyPhiladelphia,https://www.twitter.com/@SalArmyPhilly,"This program covers residents of the following cities: Dover, DE, Seaford, DE, Wilmington, DE, Allentown, PA, Berwick, PA, Bethlehem, PA, Boyertown, PA, Carlisle, PA, Chambersburg, PA, Chester, PA, Coal Township, PA, Coatesville, PA, Darby, PA, East Stroudsburg, PA, Easton, PA, Harrisburg, PA, Hazleton, PA, Lancaster, PA, Lebanon, PA, Levittown, PA, Lewistown, PA, Lock Haven, PA, Milton, PA, Norristown, PA, Pen Argyl, PA, Philadelphia, PA, Pottstown, PA, Pottsville, PA, Reading, PA, Scranton, PA, State College, PA, Sunbury, PA, Tamaqua, PA, West Chester, PA, Wilkes Barre, PA, Williamsport, PA and York, PA.",39.9610016,-75.231293,19139,FALSE,9:00AM - 4:00PM,9:00AM - 4:00PM,9:00AM - 4:00PM,9:00AM - 4:00PM,9:00AM - 4:00PM,9:00AM - 4:00PM,9:00AM - 4:00PM,3.5,Mental Health
Social Work Services (Einstein Healthcare Network),https://www.auntbertha.com//einstein-healthcare-network--philadelphia-pa--social-work-services/4576970724343808?postal=19131,"['prevent & treat', 'counseling', 'sexual and reproductive health', 'std/sti treatment & prevention', 'navigating the system', 'case management']",,"['all ages', 'infectious disease', 'hiv/aids']",215-456-3465,https://www.jeffersonhealth.org/einstein?id=1625&sid=1,"1300 West Tabor Road, Philadelphia, PA 19141","https://www.google.com/maps/?q=1300+West+Tabor+Road,+Philadelphia,+PA+19141/",[],available,Einstein Healthcare Network provides a team of social workers to assist patients with a range of psycho-social needs. Services:- SPBP enrollment for medication and/or labs coverage- Insurance navigation- Supportive counseling- Education about HIV and AIDS- Referrals to community resources- Liaising with medical providers and case managers- Assistance accessing medications- Appointment outreach- Linkage to mental health services,['English'],Free,TRUE,https://www.facebook.com/EinsteinHealth/,,"This program covers residents of the following counties: Philadelphia County, PA.",40.038049,-75.143806,19141,FALSE,9:00AM - 4:00PM,9:00AM - 4:00PM,9:00AM - 4:00PM,9:00AM - 4:00PM,9:00AM - 4:00PM,Closed,Closed,2.3,Mental Health
Specialized Services for Autism (Horizon House),https://www.auntbertha.com//horizon-house--philadelphia-pa--specialized-services-for-autism/6707621353226240?postal=19131,"['daily life skills', 'occupational therapy', 'mental health care']",,"['adults 18+', 'autism', 'benefit recipients']",215-386-383812704,https://www.hhinc.org/intellectual-and-developmental-disabilities-services-overview/intellectual-disability-and-behavioral-health-challenges/,"5901 Market Street, Philadelphia, PA 19136","https://www.google.com/maps/?q=5901+Market+Street,+Philadelphia,+PA+19136/","['This program helps people who are older than 17 years old.', 'This program serves individuals with Autism.', 'Must have Medicare or Medicaid.']",available,"Horizon House offers specialized services for adults with an autism diagnosis who participate in Horizon House community-based residential services. Horizon House collaborates with families and when needed refer to external resources. They use an integrated approach helping individuals adjust to change, modify behaviors, learn social competencies, and address sensory processing issues. This program provides:- Communication and interaction with others- Psychiatry and occupational therapy - Daily life skillsHorizon House accepts Medicare and Medicaid.",['English'],Reduced Cost,TRUE,https://www.facebook.com/horizonhouseinc/?fref=ts,,"This program covers residents of the following counties: Bucks County, PA, Delaware County, PA, Montgomery County, PA and Philadelphia County, PA.",39.962058,-75.239132,19136,FALSE,8:00AM - 5:00PM,8:00AM - 5:00PM,8:00AM - 5:00PM,8:00AM - 5:00PM,8:00AM - 5:00PM,Closed,Closed,0,Mental Health
Stabilization Treatment and Engagement Program STEP (Prevention Point Philadelphia),https://www.auntbertha.com//prevention-point-philadelphia-%2528ppp%2529--philadelphia-pa--stabilization-treatment-and-engagement-program-%2528step%2529/6459493034229760?postal=19111,"['addiction & recovery', 'outpatient treatment', 'medications for addiction']","['peer recovery coaching', 'case management']","['adults 18+', 'substance dependency', 'opioid dependency']",215-634-5272,https://ppponline.org/step,"2913 Kensington Avenue, Philadelphia, PA 19134","https://www.google.com/maps/?q=2913+Kensington+Avenue,+Philadelphia,+PA+19134/",[],available,"STEP is medication-assisted treatment program (MAT) that provides treatment of opioid use disorder. The most commonly prescribed medications in STEP are buprenorphine and naltrexone injections.  We provide:- Administration of buprenorphine typically through weekly appointments, and then incrementally graduating to a minimum of once a month appointments- Naltrexone, a 28-day injection that assists clients with maintaining abstinence from opioidsClients in STEP also:- Receive case management- Engage with a Certified Recovery Specialist- Are required to attend outsourced behavioral health appointments","['Arabic', 'Chinese', 'English', 'French', 'German', 'Hindi', 'Indonesian', 'Russian', 'Spanish', 'Vietnamese']",Reduced Cost,TRUE,https://www.facebook.com/preventionpointphiladelphia,https://www.twitter.com/@preventionpp,"This program covers residents of the following counties: Philadelphia County, PA.",39.9927048,-75.1196476,19134,FALSE,9:00AM - 5:00PM,9:00AM - 5:00PM,9:00AM - 5:00PM,9:00AM - 5:00PM,12:00PM - 5:00PM,Closed,Closed,4.3,Mental Health
Stephen Klein Wellness Center (Project HOME),https://www.auntbertha.com//project-home--philadelphia-pa--stephen-klein-wellness-center/4742053511561216?postal=19111,"['psychiatric emergency services', 'nutrition education', 'dental care', 'family planning', 'primary care', 'exercise & fitness', 'counseling', 'physical therapy', 'mental health care', 'individual counseling', 'navigating the system']",,"['all ages', 'individuals', 'families', 'with children', 'homeless', 'near homeless', 'low-income', 'uninsured']",215-320-6187,https://projecthome.org/healthcare-services,"2144 Cecil B. Moore Avenue, Philadelphia, PA 19121","https://www.google.com/maps/?q=2144+Cecil+B.+Moore+Avenue,+Philadelphia,+PA+19121/",[],available,"The Stephen Klein Wellness Center is committed to addressing the health and wellness needs of people who are currently homeless, formerly homeless, and people of all ages, with or without insurance, living in our North Philadelphia community.This program provides:- Primary medical care (including pediatrics and family planning)- Integrated behavioral health care- Dental care- Phlebotomy (blood draws)- Wellness classes/programs- Mobile nurse street outreach services- YMCA-operated fitness facility- Physical therapy- Legal clinic- Emergency food pantry for patients- Hospitality showers- Referrals to specialty care- Assistance with applying for health insuranceDue to COVID-19, we are asking all clients to call before coming in, in order to figure out how to best meet your needs and ensure safety. Dental services will now only be provided for urgent dental needs or emergencies, based on guidelines set by the PA Department of Health and American Dental Association. New or established patients with urgent needs should call us for phone triage by a dentist. Dental services at the Hub of Hope will remain closed until further notice.Project HOME's Healthcare Services is a Federally Qualified Health Center (FQHC) and we are able to provide our services regardless of a person’s ability to pay for the services. In cases where an individual lacks health insurance, we offer a discounted sliding fee program based on income and family size. As is the case with all services rendered by Project HOME Healthcare Services patients will not be denied services based on the inability to pay the sliding fee.",['English'],Sliding Scale,TRUE,https://www.facebook.com/projectHOME/,https://www.twitter.com/@projecthome,"This program covers residents of the following counties: Philadelphia County, PA.",39.9802174,-75.1707949,19121,FALSE,9:00AM - 5:00PM,9:00AM - 5:00PM,9:00AM - 5:00PM,9:00AM - 5:00PM,9:00AM - 5:00PM,Closed,Closed,4.4,Mental Health
Steven A. Cohen Military Family Clinic at Penn (University of Pennsylvania Perelman School of Medicine),https://www.auntbertha.com//university-of-pennsylvania-perelman-school-of-medicine--philadelphia-pa--steven-a.-cohen-military-family-clinic-at-penn/5393277320953856?postal=19111,"['counseling', 'mental health care']","['transportation', 'virtual support']","['adults', 'young adults', 'teens', 'children', 'national guard', 'veterans', 'uninsured', 'underinsured', 'caregivers', 'spouses', 'dependents', 'parents']",215-898-1699,https://www.med.upenn.edu/mfc/,"3535 Market Street #670, Philadelphia, PA 19104","https://www.google.com/maps/?q=3535+Market+Street,+Philadelphia,+PA+19104/","['Must be a Veteran (including those from the National Guard and Reserves) or military family member', 'Must live in Pennsylvania.']",available,"The Steven A. Cohen Military Family Clinic at the University of Pennsylvania provides no cost, high-quality, integrated mental health care for veterans and military family members in an independent, private setting. This program strives to improve the quality of life for military families and veterans, including those from the National Guard and Reserves, regardless of role or discharge status.This program provides:- Personalized, evidence-based behavioral health care- Medication managementMental health treatment is available at no cost and with no long waits for veterans and their family members. This program offers early morning and evening hours as well as transportation assistance in order to help military families access the care they deserve.Veteran's outside of the Philadelphia area and live in Pennsylvania can obtain services via telehealth. Call the Cohen Clinic at Penn to learn more about our services or to schedule an appointment.","['English', 'Spanish']",Free,TRUE,https://www.facebook.com/MFCPenn/,https://www.twitter.com/https://twitter.com/MFCPenn,"This program covers residents of the following counties: Philadelphia County, PA.",39.956423,-75.193911,19104,FALSE,8:30AM - 5:00PM,8:30AM - 7:00PM,8:30AM - 7:00PM,8:30AM - 5:00PM,8:30AM - 5:00PM,Closed,Closed,4.5,Mental Health
Substance Abuse Intensive Outpatient (Wedge Recovery Center)_v1,https://www.auntbertha.com//wedge-recovery-center--philadelphia-pa--substance-abuse-intensive-outpatient/5834656084918272?postal=19111,"['addiction & recovery', 'outpatient treatment', 'substance abuse counseling', 'medications for addiction', 'counseling', 'medication management', 'mental health evaluation', 'case management']","['medications for mental health', 'case management']","['adults 18+', 'benefit recipients', 'uninsured', 'all mental health', 'substance dependency', 'alcohol dependency']",215-276-3922,https://www.wedgepc.com/substance-abuse-services/,"4243 Frankford Avenue, Philadelphia, PA 19124","https://www.google.com/maps/?q=4243+Frankford+Avenue,+Philadelphia,+PA+19124/",[],available,"The Wedge Substance Abuse Services offer Intensive Outpatient (IOP) and Outpatient (OP) programs. They offer a holistic and individualized approach to treatment with a shared goal of improving the quality of life of members.This program provides:- Group Counseling- Individual counseling- Medication-assisted treatment- Psychiatric evaluation- Case managementThe total length of time in therapy is unique for each person. The staff at the Wedge work to help individuals achieve their goals at the pace that works for each person in treatment. Intakes are offered Monday through Saturday. Urgent requests can often be accommodated quickly. Evening & Saturday group therapy sessions are also available. Medicare and Medicaid accepted. Please verify with insurance provider copays and which substance abuse services are covered. For those that are uninsured, financial help may be available through the Behavioral Health Special Initiative (BHSI) program.",['English'],Reduced Cost,TRUE,https://www.facebook.com/wedgerecoverycenters/,https://www.twitter.com/@WedgeRecovery,"This program covers residents of the following counties: Philadelphia County, PA.",40.0096804,-75.0891975,19124,FALSE,8:00AM - 8:00PM,8:00AM - 8:00PM,8:00AM - 8:00PM,8:00AM - 8:00PM,8:00AM - 5:00PM,Closed,Closed,4.1,Mental Health
Substance Abuse Intensive Outpatient (Wedge Recovery Center)_v2,https://www.auntbertha.com//wedge-recovery-center--philadelphia-pa--substance-abuse-intensive-outpatient/5834656084918272?postal=19131,"['addiction & recovery', 'outpatient treatment', 'substance abuse counseling', 'medications for addiction', 'counseling', 'medication management', 'mental health evaluation', 'case management']","['medications for mental health', 'case management']","['adults 18+', 'benefit recipients', 'uninsured', 'all mental health', 'substance dependency', 'alcohol dependency']",215-276-3922,https://www.wedgepc.com/substance-abuse-services/,"5520 Chester Avenue, Philadelphia, PA 19143","https://www.google.com/maps/?q=5520+Chester+Avenue,+Philadelphia,+PA+19143/",[],available,"The Wedge Substance Abuse Services offer Intensive Outpatient (IOP) and Outpatient (OP) programs. They offer a holistic and individualized approach to treatment with a shared goal of improving the quality of life of members.This program provides:- Group Counseling- Individual counseling- Medication-assisted treatment- Psychiatric evaluation- Case managementThe total length of time in therapy is unique for each person. The staff at the Wedge work to help individuals achieve their goals at the pace that works for each person in treatment. Intakes are offered Monday through Saturday. Urgent requests can often be accommodated quickly. Evening & Saturday group therapy sessions are also available. Medicare and Medicaid accepted. Please verify with insurance provider copays and which substance abuse services are covered. For those that are uninsured, financial help may be available through the Behavioral Health Special Initiative (BHSI) program.",['English'],Reduced Cost,TRUE,https://www.facebook.com/wedgerecoverycenters/,https://www.twitter.com/@WedgeRecovery,"This program covers residents of the following counties: Philadelphia County, PA.",39.9381468,-75.224638,19143,FALSE,8:00AM - 4:00PM,8:00AM - 4:00PM,8:00AM - 4:00PM,8:00AM - 4:00PM,8:00AM - 4:00PM,Closed,Closed,0,Mental Health
Substance Abuse Intervention (CORA Services),https://www.auntbertha.com//cora-services--philadelphia-pa--substance-abuse-intervention/5758080384237568?postal=19104,"['addiction & recovery', 'substance abuse counseling', 'counseling', 'group therapy', 'family counseling', 'individual counseling']",,"['young adults', 'teens', 'children', 'families', 'substance dependency']",215-342-7660,https://www.coraservices.org/services/child-family-services/substance-abuse-intervention/,"8540 Verree Road, Philadelphia, PA 19111","https://www.google.com/maps/?q=8540+Verree+Road,+Philadelphia,+PA+19111/","['Must be residents of Phila County', 'This program helps people who are 10 to 21 years old.', 'This program serves youth with pre-diagnostic levels of use, significant exposure to use, or at higher risk of use and their families.']",available,"Substance Abuse Intervention is designed to provide access to counseling and related services for Philadelphia County youth ages 10-21 with pre-diagnostic levels of use and/or experiencing a family member’s substance use and/or higher degrees of exposure to substances that may increase their own risk for new or continued use.

Services include:

- Initial assessment
- Service planning
- Individual, group and family counseling
- Service and resource referrals
- Professional Consultation with clients’ schools, other service systems or service providers

This program also serves adolescents whose substance does not meet diagnostic criteria for treatment and is available to youth at greater risk for involvement with court, truancy, dependency or delinquency systems as these factors are also highly correlated with youthful substance use. Parents/caregivers and siblings of affected youth are also invited to participate in this service.",['English'],Free,TRUE,None,None,"This program covers residents of the following counties: Philadelphia County, PA.",40.0817112,-75.0681416,19111,FALSE,8:00AM - 9:00PM,8:00AM - 9:00PM,8:00AM - 9:00PM,8:00AM - 9:00PM,8:00AM - 5:00PM,Closed,Closed,4.4,Mental Health
Substance Abuse Intervention (Women In Transition),https://www.auntbertha.com//women-in-transition-%2528wit%2529--philadelphia-pa--substance-abuse-intervention/6615452957540352?postal=19111,"['addiction & recovery', 'substance abuse counseling']",,"['all ages', 'female', 'substance dependency', 'alcohol dependency', 'lgbtqia+', 'transgender or non-binary']",215-751-1111,https://www.helpwomen.org/substance-abuse-intervention,"718 Arch St Suite 401N, Philadelphia, PA 19106","https://www.google.com/maps/place/Women+In+Transition/@39.9929444,-75.1864097,12z/data=!4m10!1m2!2m1!1sWIT+philadelphia!3m6!1s0x89c6c628d42c3f97:0xeab02e98501edc0!8m2!3d39.952472!4d-75.1524389!15sChBXSVQgcGhpbGFkZWxwaGlhkgEfZG9tZXN0aWNfYWJ1c2VfdHJlYXRtZW50X2NlbnRlcuABAA!16s%2Fg%2F1tctgknd?entry=ttu&g_ep=EgoyMDI1MDExNS4wIKXMDSoASAFQAw%3D%3D",['Anyone can access this program.'],available,"Substance Abuse Intervention is not a 12-step program, nor is it faith-based; however, we are respectful of each individual's spirituality. We do not require drug tests, but we do ask that you refrain from using drugs or alcohol before you come to your counseling or group sessions.Services Include:- Empowerment counseling for recoveryOur service model recognizes that change and recovery are a process and integrates the concepts of harm reduction into trauma-informed empowerment so that we can better address both relationship violence and substance abuse. Our safe and supportive services help women increase self-esteem and personal awareness about practical issues which are key to a woman’s recovery. Services are free and confidential. For more information call 215-751-1111.",['English'],Free,TRUE,https://www.facebook.com/WomenInTransitionPhilly/,,"This program covers residents of the following counties: Philadelphia County, PA.",39.9510059,-75.1598964,19107,FALSE,9:00AM - 5:00PM,9:00AM - 5:00PM,9:00AM - 5:00PM,9:00AM - 5:00PM,9:00AM - 5:00PM,Closed,Closed,4.9,Mental Health
Substance Abuse Treatment (CORA Services),https://www.auntbertha.com//cora-services--philadelphia-pa--substance-abuse-treatment/5670963753779200?postal=19104,"['addiction & recovery', 'outpatient treatment', 'substance abuse counseling', 'counseling', 'mental health care', 'family counseling', 'individual counseling', 'navigating the system', 'case management']",,"['adults', 'young adults', 'teens', 'children', 'families', 'substance dependency', 'dual diagnosis']",215-342-7660,https://www.coraservices.org/services/child-family-services/substance-abuse-treatment/,"8540 Verree Road, Philadelphia, PA 19111","https://www.google.com/maps/?q=8540+Verree+Road,+Philadelphia,+PA+19111/",['Must live in Philadelphia County.'],available,"CORA Services Community Services Division provides PA Licensed drug-free, outpatient drug and alcohol treatment programs for children, adolescents, adults, and their families in Philadelphia County.

Services include:

- Initial assessment
- Service planning
- Individual, group and family therapy
- Case management (adolescents only)
- Service and resource referrals

CORA accepts Medicaid for this service as well as private commercial insurances.",['English'],Reduced Cost,TRUE,None,None,"This program covers residents of the following counties: Philadelphia County, PA.",40.0817112,-75.0681416,19111,FALSE,8:00AM - 9:00PM,8:00AM - 9:00PM,8:00AM - 9:00PM,8:00AM - 9:00PM,8:00AM - 5:00PM,Closed,Closed,4.4,Mental Health
Substance Use Disorder SUD Program (Department Of Veterans Affairs VA - Veterans Health Administration VHA),https://www.auntbertha.com//us-department-of-veterans-affairs-%2528va%2529---veterans-health-administration-%2528vha%2529--philadelphia-pa--substance-use-disorder-%2528sud%2529-program/5367371355914240?postal=19104,"['addiction & recovery', 'outpatient treatment', 'residential treatment', 'substance abuse counseling', 'medications for addiction', 'understand mental health', 'counseling', 'mental health care', 'group therapy', 'family counseling', 'individual counseling', 'medications for mental health', 'mental health evaluation', 'government benefits']",,"['adults 18+', 'veterans', 'homeless', 'near homeless', 'benefit recipients', 'substance dependency', 'opioid dependency', 'alcohol dependency', 'dual diagnosis']",800-273-8255,https://www.mentalhealth.va.gov/mentalhealth/substance-abuse/index.asp,"3900 Woodland Avenue, Philadelphia, PA 19104","https://www.google.com/maps/?q=3900+Woodland+Avenue,+Philadelphia,+PA+19104/","['If you served in the active military, naval or air service and are separated under any condition other than dishonorable, you may qualify for VA health care benefits. Current and former members of the Reserves or National Guard who were called to active duty (other than for training only) by a federal order and completed the full period for which they were called or ordered to active duty may be eligible for VA health care as well.']",available,"VHA Substance Use Disorder Program offers a number of options for all eligible veterans seeking treatment for substance use problems.  Available treatments address all types of problems related to substance use, from unhealthy use of alcohol to life-threatening addictions.This program provides:- First-time screening for alcohol or tobacco use in all care locations- Short outpatient counseling including focus on motivation- Intensive outpatient treatment- Residential (live-in) care- Medically managed detoxification (stopping substance use safely) and services to get stable- Continuing care and relapse prevention- Marriage and family counseling- Self-help groups- Drug substitution therapies and newer medicines to reduce cravingDecisions as to which services are provided and how intense they are will be based on the patient’s needs and desires.All veterans are encouraged to enroll in the VA Health Care System. To begin the process, please complete an Application for Health Care Benefits. You can submit the form online, or you may print the form to be mailed or brought to your local VA medical center or clinic.",['English'],Reduced Cost,TRUE,https://www.facebook.com/VeteransAffairs,https://www.twitter.com/@DeptVetAffairs,This program covers residents of All US states and territories.,39.9479816,-75.2001349,19104,TRUE,0:00AM - 11:59PM,0:00AM - 11:59PM,0:00AM - 11:59PM,0:00AM - 11:59PM,0:00AM - 11:59PM,0:00AM - 11:59PM,0:00AM - 11:59PM,3.5,Mental Health
"Substance Use Disorder Treatment (ETHOS Treatment, LLC)",https://www.auntbertha.com//ethos-treatment%252C-llc--philadelphia-pa--substance-use-disorder-treatment/5611319545167872?postal=19104,"['addiction & recovery', 'outpatient treatment', 'group therapy', 'family counseling', 'individual counseling', 'virtual support']",,"['adults', 'young adults', 'teens', 'seniors', 'individuals', 'families', 'low-income', 'substance dependency']",267-669-0300,https://www.ethostreatment.com/substance-use-disorder/overview/,"1528 Walnut Street, Philadelphia, PA 19102","https://www.google.com/maps/?q=1528+Walnut+Street,+Philadelphia,+PA+19102/",['Must meet income requirements.'],available,"ETHOS welcomes individuals who struggle with all types of substance use disorder, as well as those with a process addiction. Their goal is for you to connect with others in a group to shed the shame and transition back to your normal life while steering clear of substances or behaviors that have negative impacts.This program provides:- Comprehensive assessment- Individual, small group, and family therapy sessions- Collaboration with other therapeutic support- Development of emotional regulation skills- Cognitive Behavioral Therapy- Licensed, experienced and compassionate counselorsServices vary for adolescents, young adults, and adults. Please visit their website to learn more.",['English'],Sliding Scale,TRUE,https://www.facebook.com/ethostreatment,https://www.twitter.com/@ethostreatment,"This program covers residents of the following counties: Berks County, PA, Chester County, PA, Delaware County, PA, Montgomery County, PA and Philadelphia County, PA.",39.9496409,-75.1671411,19102,FALSE,8:00AM - 5:00PM,9:00AM - 5:00PM,9:00AM - 5:00PM,9:00AM - 10:00PM,8:00AM - 5:00PM,9:00AM - 10:00PM,8:00AM - 5:00PM,0,Mental Health
Substance Use Treatment (APM),https://www.auntbertha.com//asociacin-puertorriqueos-en-marcha-%2528apm%2529--philadelphia-pa--substance-use-treatment/5348732074983424?postal=19131,"['addiction & recovery', 'outpatient treatment', 'substance abuse counseling', 'medications for addiction', 'group therapy', 'individual counseling']",,"['adults', 'young adults', 'teens', 'seniors', 'benefit recipients', 'low-income', 'uninsured', 'limited english', 'latino', 'substance dependency', 'opioid dependency']",267-296-7220,https://apmphila.org/how-we-help/health/substance-use-treatment/,"4301 Rising Sun Avenue, Philadelphia, PA 19140","https://www.google.com/maps/?q=4301+Rising+Sun+Avenue,+Philadelphia,+PA+19140/",['This program serves adolescents and adults with substance use and related disorders.'],available,"APM provides intensive and regular outpatient services to adolescents and adults with substance use and related disorders. Their staff are bilingual, culturally sensitive, and ready to meet the specific needs of individuals.Available services include: - Individual therapy sessions with a trained Substance use Counselor- Group sessions- Relapse prevention- Behavioral Health Education- Monthly Medication Management appointments with a physician- Medication Assisted Treatment (MAT) APM accepts Medicaid and offers a sliding fee scale based on income to uninsured patients. Contact one of the clinic locations to get started. Participants must complete the intake process, including urine screening and laboratories, and be examined by a therapist and physicians.","['Arabic', 'Chinese', 'English', 'Korean', 'Portuguese', 'Russian', 'Spanish']",Sliding Scale,TRUE,https://www.facebook.com/apmforeveryone,,"This program covers residents of the following counties: Philadelphia County, PA.",40.0158615,-75.12909,19140,FALSE,7:00AM - 6:00PM,7:00AM - 6:00PM,7:00AM - 6:00PM,7:00AM - 6:00PM,7:00AM - 6:00PM,Closed,Closed,4.2,Mental Health
Substance Use Treatment (Asociacion Puertorriquenos en Marcha),https://www.auntbertha.com//asociacin-puertorriqueos-en-marcha-%2528apm%2529--philadelphia-pa--substance-use-treatment/5348732074983424?postal=19104,"['addiction & recovery', 'outpatient treatment', 'substance abuse counseling', 'medications for addiction', 'group therapy', 'individual counseling']",,"['adults', 'young adults', 'teens', 'seniors', 'benefit recipients', 'low-income', 'uninsured', 'limited english', 'latino', 'substance dependency', 'opioid dependency']",267-296-7220,https://apmphila.org/how-we-help/health/substance-use-treatment/,"4301 Rising Sun Avenue, Philadelphia, PA 19140","https://www.google.com/maps/?q=4301+Rising+Sun+Avenue,+Philadelphia,+PA+19140/",['This program serves adolescents and adults with substance use and related disorders.'],available,"APM provides intensive and regular outpatient services to adolescents and adults with substance use and related disorders. Their staff are bilingual, culturally sensitive, and ready to meet the specific needs of individuals.Available services include: - Individual therapy sessions with a trained Substance use Counselor- Group sessions- Relapse prevention- Behavioral Health Education- Monthly Medication Management appointments with a physician- Medication Assisted Treatment (MAT) APM accepts Medicaid and offers a sliding fee scale based on income to uninsured patients. Contact one of the clinic locations to get started. Participants must complete the intake process, including urine screening and laboratories, and be examined by a therapist and physicians.","['Arabic', 'Chinese', 'English', 'Korean', 'Portuguese', 'Russian', 'Spanish']",Sliding Scale,TRUE,https://www.facebook.com/apmforeveryone,,"This program covers residents of the following counties: Philadelphia County, PA.",40.0158615,-75.1290898,19140,FALSE,7:00AM - 6:00PM,7:00AM - 6:00PM,7:00AM - 6:00PM,7:00AM - 6:00PM,7:00AM - 6:00PM,Closed,Closed,4.2,Mental Health
"Support Groups SOS (Survivors of Suicide, Inc.)",https://www.auntbertha.com//survivors-of-suicide%252C-inc.-%2528sos%2529--philadelphia-pa--support-groups-%2528sos%2529/4547108510236672?postal=19111,"['support network', 'peer support', 'support groups', 'bereavement']",,"['all ages', 'grieving', 'individuals', 'families']",215-545-2242,http://www.sosphilly.org/support-group-locations.html,"Knights & Red Lion Rds, Philadelphia, PA 19114","https://www.google.com/maps/?q=Knights+&+Red+Lion+Rds,+Philadelphia,+PA+19114/",['This program serves individuals and family members that have experienced loss through suicide.'],available,Survivors of Suicide host support groups where individuals and family members that have experienced loss through suicide can share experiences and feelings with each other. This organization feels that all who have suffered a suicide loss can help others comprehend the incomprehensible in a safe and supportive environment.This program provides:- Survivors of Suicide Support groupGroups are currently held as zoom meetings.,['English'],Free,TRUE,None,None,"This program covers residents of the following counties: Camden County, NJ, Bucks County, PA, Chester County, PA, Delaware County, PA, Montgomery County, PA and Philadelphia County, PA.",40.0719989,-74.9810404,19114,FALSE,Closed,7:30PM - 8:30PM,Closed,Closed,Closed,Closed,Closed,0,Mental Health
Support Services (Clothed N Strength Inc),https://www.auntbertha.com//clothed-n-strength-inc--philadelphia-pa--support-services/5051437419986944?postal=19104,"['help find housing', 'safe housing', 'short-term housing', 'clothing', 'personal care items', 'addiction & recovery', 'help find healthcare', 'mental health care', 'help find work', 'job placement', 'advocacy & legal aid']",['toys & gifts'],"['adults 18+', 'female', 'individuals', 'families', 'single parent']",267-292-7226,https://clothednstrength.org/,"4640 Roosevelt Boulevard, Philadelphia, PA 19124","https://www.google.com/maps/?q=4640+Roosevelt+Boulevard,+Philadelphia,+PA+19124/",['This program serves women and their families.'],available,"Clothed N Strength (CNS) is a one-stop resource for women in transition, working with them so that they can achieve a healthy and sustainable life. This program provides:- Find safe and affordable housing.- Prepare for job interviews and obtain employment.- Reunify with their children.- Comply with criminal justice mandates to live safe law-abiding lives.- Access addiction, health, and mental health services.- Gain peer support from other women.- Learn household budgeting and skills for daily life.",['English'],Free,TRUE,https://www.facebook.com/clothednstrengthwomen,,"This program covers residents of the following cities: Philadelphia, PA.",40.0322663,-75.1016129,19124,FALSE,8:00AM - 5:00PM,8:00AM - 5:00PM,8:00AM - 5:00PM,8:00AM - 5:00PM,8:00AM - 5:00PM,Closed,Closed,0,Mental Health
Supportive Services for Veteran Families SSVF (Veterans Multi-Service Center VMC),https://www.auntbertha.com//veterans-multi-service-center-%2528vmc%2529--philadelphia-pa--supportive-services-for-veteran-families-%2528ssvf%2529/6585237107638272?postal=19104,"['help pay for housing', 'help find housing', 'housing advice', 'counseling', 'financial assistance', 'financial education', 'navigating the system', 'support network', 'one-on-one support']",,"['adults 18+', 'veterans', 'families', 'homeless', 'near homeless', 'low-income']",215-923-2600,https://www.vmcenter.org/services/veterans-housing-assistance-with-supportive-services/,"213 North 4th Street, Philadelphia, PA 19106","https://www.google.com/maps/?q=213+North+4th+Street,+Philadelphia,+PA+19106/",['Serves very low income Veterans and their families.'],available,"The Supportive Services for Veteran Families (SSVF) program provides comprehensive supportive services to low-income Veterans and their families who are currently experiencing homelessness or are at-risk of losing their leased homes.This program provides:  - Case management- Housing counseling- Legal support- Temporary financial assistance- Time-limited financial assistance for rent, utilities and security depositsThere are no costs to access programs and VMC may be able to help you obtain the documents you need to apply.",['English'],Free,TRUE,https://www.facebook.com/VeteranCenter,https://www.twitter.com/@VM_Center,"This program covers residents of the following counties: Atlantic County, NJ, Burlington County, NJ, Camden County, NJ, Cape May County, NJ, Cumberland County, NJ, Gloucester County, NJ, Salem County, NJ, Kent County, DE, New Castle County, DE, Sussex County, DE, Berks County, PA, Bucks County, PA, Cameron County, PA, Centre County, PA, Chester County, PA, Clinton County, PA, Dauphin County, PA, Delaware County, PA, Franklin County, PA, Fulton County, PA, Juniata County, PA, Lancaster County, PA, Lebanon County, PA, Lycoming County, PA, Mifflin County, PA, Montgomery County, PA, Northumberland County, PA, Philadelphia County, PA, Potter County, PA, Schuylkill County, PA, Snyder County, PA, Tioga County, PA and Union County, PA.",39.9546111,-75.1459838,19106,FALSE,8:30AM - 4:30PM,8:30AM - 4:30PM,8:30AM - 4:30PM,8:30AM - 4:30PM,8:30AM - 4:30PM,Closed,Closed,5,Mental Health
Teach Recovery Education Empowerment TREE IOP (The Institute for Community Justice),https://www.auntbertha.com//the-institute-for-community-justice--philadelphia-pa--teach-recovery-education-empowerment-%2528tree%2529-iop/6139716755783680?postal=19104,"['addiction & recovery', 'residential treatment', 'substance abuse counseling', 'counseling']",,"['hiv/aids', 'substance dependency', 'all ages']",215-525-8657,https://fight.org/programs/treeiop/,"1233 Locust Street 3rd floor, Philadelphia, PA 19107","https://www.google.com/maps/?q=1233+Locust+Street+3rd+floor,+Philadelphia,+PA+19107/",[],available,"Philadelphia Fight offers the Teach Recovery Education Empowerment (TREE) IOP, a recovery-oriented program designed to help individuals struggling with Drug and Alcohol Use Disorder to establish and maintain recovery by offering individualized and person-centered treatment.We offer:- Intensive outpatient programTREE is an intensive nine to twelve month program based on the individual.",['English'],Free,TRUE,https://www.facebook.com/pages/Philadelphia-FIGHT/80411861715,https://www.twitter.com/@PhillyFIGHT,"This program covers residents of the following counties: Philadelphia County, PA.",39.9478751,-75.1618612,19107,FALSE,8:00AM - 5:00PM,8:00AM - 5:00PM,8:00AM - 5:00PM,8:00AM - 5:00PM,8:00AM - 5:00PM,Closed,Closed,4.4,Mental Health
Temple Pediatrics (Temple Health),https://www.auntbertha.com//temple-health--philadelphia-pa--temple-pediatrics/5762952194686976?postal=19131,"['disease management', 'vision care', 'medical care', 'checkup & test', 'hearing tests', 'prevent & treat', 'vaccinations', 'mental health evaluation']",,"['teens', 'infants', 'children', 'chronic illness', 'benefit recipients', 'low-income']",215-707-5437,https://www.templehealth.org/services/pediatrics,"3223 North Broad Street, Philadelphia, PA 19140","https://www.google.com/maps/?q=3223+North+Broad+Street,+Philadelphia,+PA+19140/",['Must meet income eligibility requirements.'],available,"Temple Health offers high-quality, full-service medical care to children and teens. This program provides:- Pediatric medical careSpecific services:- Annual well-child check-ups- Sick-child visits (common infections, colds, flu, etc.)- Immunizations and preventive care- Management of chronic diseases such as asthma- Hearing and vision screenings- Mental health screenings- Sports physicals- Weight managementTemple Health accepts Medicare and Medicaid, and offers financial assistance for families without insurance.","['English', 'Spanish']",Reduced Cost,TRUE,https://www.facebook.com/TempleHealth,https://www.twitter.com/@TempleHealth,"This program covers residents of the following counties: Philadelphia County, PA.",40.002206,-75.151954,19140,FALSE,8:00AM - 5:00PM,8:00AM - 5:00PM,8:00AM - 5:00PM,8:00AM - 5:00PM,8:00AM - 5:00PM,Closed,Closed,3.3,Mental Health
The Art of Friendship Social-Coping Program (Child & Family Art Therapy Center),https://www.auntbertha.com//child-%2526-family-art-therapy-center--philadelphia-pa--the-art-of-friendship-social-coping-program/6491416035065856?postal=19111,"['daily life skills', 'mental health care', 'counseling', 'group therapy', 'individual counseling', 'peer support']",,"['teens', 'school-aged children', 'preschoolers', 'learning disability', 'add/adhd', 'autism', 'families', 'with children', 'anxiety']",610-649-1080,https://www.artoffriendshipsocialskills.com/,"1420 Walnut Street, Philadelphia, PA 19102","https://www.google.com/maps/?q=1420+Walnut+Street,+Philadelphia,+PA+19102/","['This program helps people who are 4 to 19 years old.', 'This program serves individuals with and without diagnoses such as Autism Level 1, ADHD, learning differences, anxiety, and Social (Pragmatic) Communication Disorder.']",available,"The Art of Friendship Social-Coping Program offers weekly, one-hour social skills groups are offered for young people, between the ages of 4-19 years, both with and without diagnoses such as Autism level 1, ADHD, learning differences, anxiety, and more. Every detail of their program supports the social skills & self-regulation needs of neurodiverse kids. This program provides:- Social skills groups- Group therapy - Individual therapy - Peer support This program helps children with diagnoses of:- ADHD- Autism- Social (Pragmatic) Communication Disorder- Learning differences - Anxiety Each therapist offers a limited number of sliding fee slots for qualifying families. Feel free to ask your therapist about this option.",['English'],Sliding Scale,TRUE,None,None,"This program covers residents of the following counties: Chester County, PA, Delaware County, PA, Montgomery County, PA and Philadelphia County, PA.",39.9492642,-75.1654596,19102,FALSE,8:00AM - 5:00PM,8:00AM - 5:00PM,8:00AM - 5:00PM,8:00AM - 5:00PM,8:00AM - 5:00PM,Closed,Closed,5,Mental Health
The Bridge (Public Health Management Corporation),https://www.auntbertha.com//public-health-management-corporation-%2528phmc%2529--philadelphia-pa--the-bridge/5181712996761600?postal=19104,"['long-term housing', 'short-term housing', 'sober living', 'addiction & recovery', 'outpatient treatment', 'substance abuse counseling', 'daily life skills', 'individual counseling', 'support network', 'one-on-one support']",,"['teens', 'female', 'male', 'substance dependency', 'alcohol dependency']",215-342-5000,https://thebridge.phmc.org/,"1100 Adams Avenue, Philadelphia, PA 19124","https://www.google.com/maps/?q=1100+Adams+Avenue,+Philadelphia,+PA+19124/","['This program helps people who are 14 to 18 years old.', 'Referral is required to access this program.']",available,"The Bridge provides quality, accessible treatment while preparing clients to re-enter their communities as drug-and alcohol-free members of society.  Individualized treatment plans are created to meet clients' needs and clients have access to the comprehensive addictions, mental health, educational and life skills services provided at The Bridge.This program provides:- Individual Counseling- Substance Abuse Counseling- Mental Health Care- Short term housing- Long term housing- Addiction & Recovery",['English'],Free,TRUE,None,None,"This program covers residents of the following counties: Philadelphia County, PA.",40.0169967,-75.0946038,19124,FALSE,9:00AM - 5:00PM,9:00AM - 5:00PM,9:00AM - 5:00PM,,9:00AM - 5:00PM,9:00AM - 5:00PM,9:00AM - 5:00PM,4.1,Mental Health
The Goldman Clinic (The Behavioral Wellness Center at Girard),https://www.auntbertha.com//the-behavioral-wellness-center-at-girard--philadelphia-pa--the-goldman-clinic/6237483510267904?postal=19104,"['addiction & recovery', 'outpatient treatment']",,"['adults 18+', 'benefit recipients', 'limited english', 'substance dependency']",215-787-2407,https://bewellctr.org/outpatient-drug-alcohol/,"801 West Girard Avenue, Philadelphia, PA 19122","https://www.google.com/maps/?q=801+West+Girard+Avenue,+Philadelphia,+PA+19122/",['Must have Medicaid.'],available,"The Goldman Clinic  is a methadone clinic providing both outpatient and intensive outpatient services. Methadone, Suboxone and Vivitrol are available in all of the programs.This program provides:- Outpatient services- Intensive outpatient services Specialized services are provided in Spanish for those who require them. The Behavioral Wellness Center at Girard accepts Medicaid.","['English', 'Spanish']",Reduced Cost,TRUE,https://www.facebook.com/BeWellatGirard/,,"This program covers residents of the following counties: Philadelphia County, PA.",39.9712194,-75.149293,19122,FALSE,6:30AM - 2:30PM,6:30AM - 2:30PM,6:30AM - 2:30PM,6:30AM - 2:30PM,6:30AM - 2:30PM,Closed,Closed,3.1,Mental Health
The Grow Clinic (Center for Hunger Free Communities),https://www.auntbertha.com//center-for-hunger-free-communities--philadelphia-pa--the-grow-clinic/5118331347795968?postal=19131,"['checkup & test', 'mental health evaluation', 'mental health care', 'individual counseling']",,"['infants', 'children', 'benefit recipients']",215-427-4769,https://www.centerforhungerfreecommunities.org/our-programs/grow-clinic,"East Erie Avenue and North Front Street, Philadelphia, PA 19134","https://www.google.com/maps/?q=East+Erie+Avenue+and+North+Front+Street,+Philadelphia,+PA+19134/","['This program helps people who are younger than 3 years old.', 'Must have Medicare or Medicaid.']",available,"The Grow Clinic provides integrative medical care for young children with “failure to thrive."" The Clinic works to prevent the long-term health and developmental effects in young children caused by inadequate nutrition.Services provided:- healthcare evaluation and treatment- psychosocial treatment- social services assessment- developmental assessment- behavioral counseling- social work servicesAt the GROW Clinic, we work with you to get your baby’s growth on track. We accept Medicaid and Medicare.",['English'],Reduced Cost,TRUE,,,"This program covers residents of the following cities: Philadelphia, PA.",40.0075861,-75.127327,19134,FALSE,8:00AM - 5:00PM,8:00AM - 5:00PM,8:00AM - 5:00PM,8:00AM - 5:00PM,8:00AM - 5:00PM,Closed,Closed,0,Mental Health
The PCS Learning Pod and Parent Resource Center (The Philadelphia Community Stakeholders),https://www.auntbertha.com//the-philadelphia-community-stakeholders-%2528pcs%2529--philadelphia-pa--the-pcs-learning-pod-and-parent-resource-center/4775457140637696?postal=19131,"['parenting education', 'counseling', 'navigating the system', 'support network', 'virtual support', 'more education', 'tutoring']",,"['adults', 'young adults', 'children', 'covid19', 'students', 'families', 'with children', 'african american']",,https://pcslearningpods.com/aboutus.html,"1323 North 52nd Street, Philadelphia, PA 19131","https://www.google.com/maps/?q=1323+North+52nd+Street,+Philadelphia,+PA+19131/",['This program serves children K-5.'],available,"The PCS Learning Pod and Parent Resource Center provides a safe, nurturing, and supportive environment to Philadelphia children in grades K-5. The Resource Center also helps families in need of assistance with academic lessons, referrals for additional supports for students and access to mental and behavioral health services.This program provides: - Instructional support for virtual learning- Supplemental lessons and activities to close learning gaps by experienced instructors- Effective and engaging use of technology- Community resources & referrals- Mental and behavioral health counseling – by appointment Prior to acceptance, prospective families will complete a questionnaire regarding recent travel history, COVID-19 status, COVID-19 testing, and COVID-19 exposure of the prospective student and household members.",['English'],Free,TRUE,,,"This program covers residents of the following cities: Philadelphia, PA.",39.973813,-75.2258,19131,FALSE,7:30AM - 4:30PM,7:30AM - 4:30PM,7:30AM - 4:30PM,7:30AM - 4:30PM,7:30AM - 4:30PM,Closed,Closed,4.7,Mental Health
The Penn Center for Youth and Family Trauma Response and Recovery Services (University of Pennsylvania Perelman School of Medicine),https://www.auntbertha.com//university-of-pennsylvania-perelman-school-of-medicine--philadelphia-pa--the-penn-center-for-youth-and-family-trauma-response-and-recovery-services/6240501482389504?postal=19104,"['health education', 'mental health care', 'mental health evaluation', 'understand mental health']",,"['all ages', 'families', 'with children', 'benefit recipients', 'low-income', 'uninsured', 'underinsured', 'trauma survivors', 'domestic violence survivors', 'sexual assault survivors', 'ptsd']",215-829-5467,https://www.med.upenn.edu/traumaresponse/,"3535 Market Street, Philadelphia, PA 19104","https://www.google.com/maps/?q=3535+Market+Street,+Philadelphia,+PA+19104/",[],available,"The Penn Center for Youth and Family Trauma Response and Recovery (CYFTRR) provides the most effective treatments and interventions for children, adolescents and their families who are suffering from the emotional and physiological consequences of a traumatic experience.This program provides:- Intake and Evaluation- Traumatic Stress Intervention- Treatment for Traumatic Stress and PTSD The Penn Center accepts Medicaid and uses a sliding scale for those with no or inadequate insurance. Other insurances may be accepted on a case-by-case basis.","['English', 'Spanish']",Sliding Scale,TRUE,https://www.facebook.com/MFCPenn/,https://www.twitter.com/https://twitter.com/MFCPenn,"This program covers residents of the following counties: Philadelphia County, PA.",39.956423,-75.193911,19104,FALSE,8:30AM - 5:00PM,8:30AM - 7:00PM,8:30AM - 7:00PM,8:30AM - 5:00PM,8:30AM - 5:00PM,Closed,Closed,0,Mental Health
The Recovery & Education Center REC (Wedge Recovery Center),https://www.auntbertha.com//wedge-recovery-center--philadelphia-pa--the-recovery-%2526-education-center-%2528rec%2529/4689179354857472?postal=19104,"['addiction & recovery', 'outpatient treatment', 'substance abuse counseling', 'medication management', 'mental health care', 'group therapy', 'individual counseling', 'understand mental health', 'community support services', 'peer support', 'spiritual support', 'support groups']",,"['adults 18+', 'benefit recipients', 'all mental health', 'substance dependency', 'opioid dependency', 'alcohol dependency', 'dual diagnosis', 'lgbtqia+']",215-276-3922,https://www.wedgepc.com/rec-mental-health-day-programs/,"3604 Germantown Avenue, Philadelphia, PA 19140","https://www.google.com/maps/?q=3604+Germantown+Avenue,+Philadelphia,+PA+19140/",[],available,"Wedge Recovery Center's Recovery & Education Center (REC) is a day program that combines Outpatient Mental Health Services and Psychiatric Rehabilitation to provide specialized services for individuals who carry a diagnosis of a major mood disorder, a psychotic disorder and/or Borderline Personality Disorder to ensure people in recovery have a safe space to redefine themselves. We offer: - Educational groups- Peer Support- Health, Wellness, and Faith-Based services- Community-based Support and Learning- Individual Therapy and Crisis Support- Group Therapy- Psychiatry (Medication Management)- Co-occurring (Mental Health and Drug & Alcohol) Support- Optional Older Adult ProgramOur ultimate goal is to help a person understand that they are a valued and needed part of society. No person’s recovery journey is the same, therefore there is no standard timeframe on REC services. Scheduling is choice-driven; members choose from the “menu” of services for the days, times, and activities that best fit their personal needs. The Older Adult Program is open on Saturdays, as well.Once a person completes the REC program they are welcome to transition to our Mental Health Outpatient program. If a person wishes to attend REC, they are able to do so right away; there is no waiting time for starting REC services.We accept Medicaid insurance for all of our REC services.",['English'],Reduced Cost,TRUE,https://www.facebook.com/wedgerecoverycenters/,https://www.twitter.com/@WedgeRecovery,"This program covers residents of the following counties: Philadelphia County, PA.",40.007689,-75.1504637,19140,FALSE,8:00AM - 5:00PM,8:00AM - 5:00PM,8:00AM - 5:00PM,8:00AM - 5:00PM,8:00AM - 5:00PM,Closed,Closed,1.8,Mental Health
Therapy (Equilibria Psychological and Consultation Services),https://www.auntbertha.com//modern-intervention-strategies--philadelphia-pa--therapy/6619457166639104?postal=19131,"['mental health care', 'family counseling', 'individual counseling', 'outpatient treatment']",,"['adults', 'young adults', 'teens', 'seniors', 'individuals', 'families', 'spouses', 'trauma survivors', 'depression', 'anxiety', 'all mental health']",610-572-6288,https://modivent.org/,"525 South 4th Street, Philadelphia, PA 19151","https://www.google.com/maps/?q=525+South+4th+Street,+Philadelphia,+PA+19151/",['This program helps people who are older than 12 years old.'],near capacity,"Modern Intervention Strategies offers services to couples, teens, and adults who are facing stress, depression, anxiety, or other mental health concerns. The program’s experienced, compassionate specialists help each patient find the treatment options that will work best for their unique situation.This program provides:- Anxiety treatment- Depression counseling- Couples counseling- Teen therapy- Trauma therapy- EMDR therapyA reduced cost rate of $100 per session is available. This program is near capacity.",['English'],Reduced Cost,TRUE,https://www.facebook.com/modernstrategiesllc,,"This program covers residents of the following cities: Voorhees, NJ, Willingboro, NJ, Exton, PA, Malvern, PA and Philadelphia, PA.",39.9419167,-75.148965,19151,FALSE,8:00AM - 5:00PM,8:00AM - 5:00PM,8:00AM - 5:00PM,8:00AM - 5:00PM,8:00AM - 5:00PM,Closed,Closed,4.4,Mental Health
Therapy (Modern Intervention Strategies),https://www.auntbertha.com//modern-intervention-strategies--philadelphia-pa--therapy/6619457166639104?postal=19111,"['mental health care', 'family counseling', 'individual counseling', 'outpatient treatment']",,"['adults', 'young adults', 'teens', 'seniors', 'individuals', 'families', 'spouses', 'trauma survivors', 'depression', 'anxiety', 'all mental health']",610-572-6288,https://modivent.org/,"525 South 4th Street, Philadelphia, PA 19151","https://www.google.com/maps/?q=525+South+4th+Street,+Philadelphia,+PA+19151/",['This program helps people who are older than 12 years old.'],near capacity,"Modern Intervention Strategies offers services to couples, teens, and adults who are facing stress, depression, anxiety, or other mental health concerns. The program’s experienced, compassionate specialists help each patient find the treatment options that will work best for their unique situation.This program provides:- Anxiety treatment- Depression counseling- Couples counseling- Teen therapy- Trauma therapy- EMDR therapyA reduced cost rate of $100 per session is available. This program is near capacity.",['English'],Reduced Cost,TRUE,https://www.facebook.com/modernstrategiesllc,,"This program covers residents of the following cities: Voorhees, NJ, Willingboro, NJ, Exton, PA, Malvern, PA and Philadelphia, PA.",39.9419167,-75.1489645,19151,FALSE,8:00AM - 9:00PM,8:00AM - 9:00PM,8:00AM - 9:00PM,8:00AM - 9:00PM,8:00AM - 9:00PM,8:00AM - 5:00PM,8:00AM - 5:00PM,5,Mental Health
Therapy & Counseling (The Better You Institute),https://www.auntbertha.com//the-better-you-institute--philadelphia-pa--therapy-%2526-counseling/5604234429071360?postal=19104,['mental health care'],,"['all ages', 'lgbtqia+', 'benefit recipients', 'low-income', 'all mental health']",267-495-4951,https://thebetteryouinstitute.com/,"123 S Broad Street Suite 1835, Philadelphia, PA 19109","https://www.google.com/maps/?q=1531+Cherry+Street,+Philadelphia,+PA+19102/",['Must be vaccinated against COVID-19 for in-person appointments.'],available,"The Better You Institute's therapists develop treatment plans for our clients that can be used outside of the therapy room. They teach the client how to solve problems using various techniques and provide education about what you are going through and how to cope with it. This program provides: - Individual Therapy- Couples Therapy- Sex Therapy- Child & Teen Therapy- Family Therapy- Online Therapy- LGBTQ+ TherapyA typical appointment lasts 50 minutes to an hour. However, we can form fit your sessions to fit your needs. We offer after-hours appointments and work in an outpatient setting.",['English'],Sliding Scale,TRUE,None,None,"This program covers residents of the following counties: Philadelphia County, PA.",39.9558168,-75.1657789,19102,FALSE,8:00AM - 8:00PM,8:00AM - 8:00PM,8:00AM - 8:00PM,8:00AM - 8:00PM,8:00AM - 8:00PM,9:00AM - 4:00PM,Closed,5,Mental Health
Therapy Services (Center For Families And Relationships),https://www.auntbertha.com//center-for-families-and-relationships-%2528cfar%2529--philadelphia-pa--therapy-services/5421489638866944?postal=19131,"['specialized therapy', 'mental health care', 'group therapy', 'family counseling', 'individual counseling', 'medications for mental health', 'mental health evaluation']",,"['anyone in need', 'all ages', 'autism', 'individuals', 'families', 'benefit recipients', 'uninsured', 'all mental health']",215-537-5367,https://www.cfarcounseling.org/services/,"7901 Bustleton Avenue, Philadelphia, PA 19152","https://www.google.com/maps/?q=7901+Bustleton+Avenue,+Philadelphia,+PA+19152/",['Anyone can access this program.'],available,"CFAR provides a range of therapy services to individuals and families in need. Clients work one-on-one with a therapist for a variety of reasons, ranging from dealing with depression and/or anxiety, previous trauma, major life challenges, personal growth or greater self-understanding.

Services: 

- Individual Therapy
- Family Therapy
- Couples Therapy
- Group Therapy
- Art Therapy
- Play Therapy
- Evidenced Based Practices (Eco-Systemic Structural Family Therapy (ESFT), Trauma-Focused Cognitive Behavioral Therapy (TF-CBT) and Prolonged Exposure (PE)
- Psychiatric Evaluations and Medication Management

This program accepts Medicaid recipients, and also offers a sliding scale payment plan based on income for uninsured patients.

All initial assessment/intake appointments are being conducted in person.  Once assessed the client has the option to receive in-person or telehealth services at this time.","['English', 'Spanish']",Sliding Scale,TRUE,https://www.facebook.com/OfficialCFAR/,https://www.twitter.com/@OfficialCFAR,"This program covers residents of the following counties: Philadelphia County, PA.",40.0566413,-75.052947,19152,FALSE,9:00AM - 9:00PM,9:00AM - 9:00PM,9:00AM - 9:00PM,9:00AM - 9:00PM,9:00AM - 9:00PM,9:00AM - 5:00PM,Closed,2.8,Mental Health
Therapy Services (Harmony Professional Counseling),https://www.auntbertha.com//harmony-professional-counseling--philadelphia-pa--therapy-services/4806094510882816?postal=19104,"['counseling', 'individual counseling', 'medications for mental health', 'mental health evaluation']",,"['anyone in need', 'all ages', 'benefit recipients', 'all mental health']",215-568-5900,https://www.harmonyprofessionalcounseling.com/,"2400 Chestnut Street, Philadelphia, PA 19103","https://www.google.com/maps/?q=2400+Chestnut+Street,+Philadelphia,+PA+19103/",['This office accepts Medicare.'],available,"Harmony Professional Counseling therapists use a combination of education, coaching, and trying to discover the impact of past and present experiences on our current lives.Services: - Cognitive/ behavioral therapy- Relationship therapy- Problem solving strategies- Career counseling- Family therapy- Insight therapy- Medication management",['English'],Reduced Cost,TRUE,None,None,"This program covers residents of the following counties: Philadelphia County, PA.",39.9523242,-75.1798003,19103,FALSE,11:00AM - 8:00PM,11:00AM - 8:00PM,11:00AM - 8:00PM,11:00AM - 8:00PM,11:00AM - 6:00PM,Closed,Closed,2.6,Mental Health
Therapy Services (Philadelphia Mental Health Center),https://www.auntbertha.com//philadelphia-mental-health-center--philadelphia-pa--therapy-services/5503617131085824?postal=19111,"['mental health care', 'counseling', 'family counseling', 'individual counseling', 'mental health evaluation', 'understand mental health']",,"['adults', 'young adults', 'teens', 'infants', 'children', 'seniors']",215-735-9379,http://www.pmhccares.org/,"1235 Pine Street, Philadelphia, PA 19107","https://www.google.com/maps/?q=1235+Pine+Street,+Philadelphia,+PA+19107/",['Must have Medicaid.'],available,"Philadelphia Mental Health Center's Therapy Services support all age groups in the identification, diagnosis and treatment of mental health issues. Services include:- Evaluation- Mental health education- Individual Therapy- Family Therapy- Couples Therapy- Psychiatric services as necessaryPhiladelphia Mental Health Center accepts Medicaid.If you are interested in more information please fill out our Request for Services form found on our website, or give us a call.",['English'],Reduced Cost,TRUE,https://www.facebook.com/PMHCCares/,,"This program covers residents of the following counties: Bucks County, PA and Philadelphia County, PA.",39.9453496,-75.1625869,19107,FALSE,8:00AM - 9:00PM,8:00AM - 9:00PM,8:00AM - 9:00PM,8:00AM - 9:00PM,8:00AM - 9:00PM,8:00AM - 7:00PM,8:00AM - 7:00PM,2.9,Mental Health
Transitional Living Facility (Self Help Movement),https://www.auntbertha.com//self-help-movement--philadelphia-pa--transitional-living-facility/5315911767556096?postal=19111,"['residential housing', 'short-term housing', 'sober living', 'addiction & recovery', 'substance abuse counseling']","['navigating the system', 'case management', 'support network', 'support groups']","['adults', 'young adults', 'seniors', 'employed', 'unemployed', 'male', 'benefit recipients', 'substance dependency']",215-677-7778,https://selfhelpmovement.org/our-programs-services/,"2600 Southampton Road, Philadelphia, PA 19116","https://www.google.com/maps/?q=2600+Southampton+Road,+Philadelphia,+PA+19116/","['This program helps people who are older than 17 years old.', 'Must be employed (or actively seeking employment).', 'Must attend in-house Alcoholics Anonymous and Narcotics Anonymous meetings.', 'Must submit to random urine alcohol/drug screens.']",waitlist,Self Help Movement offers the Transitional Living Facility program to provide highly structured and supportive residential housing to individuals that are living with a substance abuse disorder. This program provides:- Transitional housing- Sober living- Alcoholics Anonymous/Narcotics Anonymous meetings- Support groups,['English'],Reduced Cost,TRUE,None,None,"This program covers residents of the following counties: Philadelphia County, PA.",40.1153855,-74.9904682,19116,FALSE,8:00AM - 5:00PM,8:00AM - 5:00PM,8:00AM - 5:00PM,8:00AM - 5:00PM,8:00AM - 5:00PM,Closed,Closed,4.5,Mental Health
VA Mental Health Services (US Department of Veterans Affairs VA - Veterans Health Administration VHA),https://www.auntbertha.com//us-department-of-veterans-affairs-%2528va%2529---veterans-health-administration-%2528vha%2529--philadelphia-pa--va-mental-health-services/5467518469799936?postal=19111,"['disability benefits', 'mental health care', 'government benefits']","['counseling', 'medications for mental health', 'mental health evaluation', 'outpatient treatment', 'hospital treatment', 'residential treatment']","['adults 18+', 'veterans', 'families', 'caregivers', 'depression', 'bipolar', 'suicidal thoughts', 'anxiety', 'ptsd', 'all mental health', 'substance dependency']",877-222-8387,https://www.va.gov/health-care/health-needs-conditions/mental-health/,"3900 Woodland Avenue, Philadelphia, PA 19104","https://www.google.com/maps/?q=3900+Woodland+Avenue,+Philadelphia,+PA+19104/",['Any Veteran is eligible for mental health services through the VA.'],available,"Veterans are able to receive a range of mental health services through the VA in order to help cope with post traumatic stress disorder (PTSD), psychological effects of military sexual trauma (MST), depression, grief, anxiety, and other mental health needs. This program provides:- Mental health servicesThe VA provides a range of mental health services such as:- Short-term, inpatient care- Outpatient care- Regular outpatient care- Telehealth appointments - Rehabilitation treatment and residential programs- Primary care - Supported work settings- Peer support services- Crisis services through VA Medical centers and a crisis lineAny Veteran is able to get connected with mental health care no matter their discharge status, service history, or eligibility for VA health care. VA also offers mental health resources for family, friends, and caregivers of Veterans. For Veterans in a crisis: call 800-273-8255 and select 1, text 838255, start a confidential chat on their website, or call 800-799-4889 (TTY) if you have hearing loss. Help is available 24/7.",['English'],Reduced Cost,TRUE,https://www.facebook.com/pg/VeteransHealth/,https://www.twitter.com/@DeptVetAffairs,"This program covers residents of the following states: AK, AL, AR, AZ, CA, CO, CT, DC, DE, FL, GA, HI, IA, ID, IL, IN, KS, KY, LA, MA, MD, ME, MI, MN, MO, MS, MT, NC, ND, NE, NH, NJ, NM, NV, NY, OH, OK, OR, PA, PR, RI, SC, SD, TN, TX, UT, VA, VT, WA, WI, WV and WY.",39.9479816,-75.2001349,19104,TRUE,0:00AM - 11:59PM,0:00AM - 11:59PM,0:00AM - 11:59PM,0:00AM - 11:59PM,0:00AM - 11:59PM,0:00AM - 11:59PM,0:00AM - 11:59PM,3.5,Mental Health
VA Social Work Services (Department Of Veterans Affairs VA - Veterans Health Administration VHA),https://www.auntbertha.com//department-of-veterans-affairs-%2528va%2529---veterans-health-administration-%2528vha%2529--philadelphia-pa--va-social-work-services/5083103056625664?postal=19104,"['group therapy', 'family counseling', 'individual counseling', 'navigating the system', 'help fill out forms', 'case management', 'support network']",,"['adults 18+', 'veterans', 'all disabilities', 'hospitalized', 'individuals', 'families', 'homeless', 'benefit recipients', 'caregivers', 'all mental health', 'substance dependency']",800-949-1001,https://www.socialwork.va.gov/socialworkers.asp,"3900 Woodland Avenue, Philadelphia, PA 19104","https://www.google.com/maps/?q=3900+Woodland+Avenue,+Philadelphia,+PA+19104/","['Need to enroll with VHA. Veteran will need DD214 for enrollment.', 'Must have served in the active military, naval or air service and are separated under any condition other than dishonorable.', 'Current and former members of the Reserves or National Guard who were called to active duty (other than for training only) by a federal order and completed the full period for which they were called or ordered to active duty may be eligible for VA health care as well.', 'This program serves veterans, their families and caregivers.']",available,"The VA's Social Work Services provide support to service members, veterans, and their families in need of assistance. The trained staff are here to help you and your family with a wide variety of issues and any questions you may have.This program provides:- Assessment to develop treatment plans- Crisis intervention and counseling- High-risk screening- Discharge planning- Case management - Advocacy- Education on the Veteran system- Psychotherapy (individual, group, and family)If any of these situations apply to you or your family, ask to see the social worker at your VA Medical Center. You must be enrolled in VA Healthcare Benefits to receive these services.",['English'],Free,TRUE,https://www.facebook.com/VeteransHealth,https://www.twitter.com/@VeteransHealth,This program covers residents of All US states and territories.,39.9479816,-75.2001349,19104,TRUE,0:00AM - 11:59PM,0:00AM - 11:59PM,0:00AM - 11:59PM,0:00AM - 11:59PM,0:00AM - 11:59PM,0:00AM - 11:59PM,0:00AM - 11:59PM,3.5,Mental Health
Veterans Services (Vietnam Veterans Of America - Pennsylvania),https://www.auntbertha.com//vietnam-veterans-of-america---pennsylvania--philadelphia-pa--veterans-services/6225840622272512?postal=19111,"['health education', 'understand mental health', 'government benefits', 'understand government programs', 'navigating the system', 'help fill out forms', 'support network', 'peer support', 'virtual support', 'advocacy & legal aid']",['financial assistance'],"['adults', 'seniors', 'veterans', 'in jail', 'ptsd', 'substance dependency', 'families', 'homeless', 'benefit recipients', 'low-income', 'dependents']",800-775-8387,http://www.vva-pa.org/,"1517 East Luzerne Street, Philadelphia, PA 19124","https://www.google.com/maps/?q=1517+East+Luzerne+Street,+Philadelphia,+PA+19124/","['Membership is open to U.S. armed forces veterans who served on active duty(for other than training purposes) in the Republic of Vietnam between February 28, 1961, and May 7, 1975, or in any duty location between August 5, 1964, and May 7, 1975.']",available,"Vietnam Veterans of America promotes and supports the full range of issues important to Vietnam veterans, to create a new identity for this generation of veterans, and to change public perception of Vietnam veterans. This program provides:- Community fellowship - Outreach programs- Veterans advocacy- Financial literacy education- Assistance with claims, legislative action, and vet jobsNew members must submit a copy of the DD- 214 form along with the application and dues payment.Programs and services are funded by member dues and public donations.",['English'],Free,TRUE,https://www.facebook.com/VietnamVeteransofAmerica,https://www.twitter.com/@VVAmerica,This program covers residents of the following states: PA.,40.0072877,-75.0980724,19124,FALSE,8:00AM - 5:00PM,8:00AM - 5:00PM,8:00AM - 5:00PM,8:00AM - 5:00PM,8:00AM - 5:00PM,Closed,Closed,0,Mental Health
Veterans Upward Bound VUB Program (University of Pennsylvania - Division of the Vice Provost for University Life),https://www.auntbertha.com//university-of-pennsylvania---division-of-the-vice-provost-for-university-life-%2528vpul%2529--philadelphia-pa--veterans-upward-bound-%2528vub%2529-program/5735180191662080?postal=19104,"['counseling', 'navigating the system', 'one-on-one support', 'help find school', 'more education', 'tutoring', 'college readiness', 'screening & exams', 'skills & training', 'computer class']",,"['adults 18+', 'veterans', 'students']",215-898-6892,https://vpse.upenn.edu/vub/,"3819 Chestnut Street, Philadelphia, PA 19104","https://www.google.com/maps/?q=3819+Chestnut+Street,+Philadelphia,+PA+19104/",['Must be a veteran.'],available,"The Veterans Upward Bound (VUB) Program at the University of Pennsylvania is a free pre-college program to prepare eligible veterans to enter a college of their choice, be successful in college, and to graduate from college.This program provides:- Academic assessment- Advising and counseling- Non-credited academic classes and tutoring- College access- Educational support servicesThe program is intended to encourage, empower, and acclimatize college-bound veterans for the rigors of post-secondary education and training.  Participation in VUB can also enhance a veteran’s academic skills in preparation for testing and certification into the skilled labor workforce.VUB operates three program cycles during the year. Classes begin in September, January, and May.",['English'],Free,TRUE,None,None,"This program covers residents of the following counties: Camden County, NJ, Bucks County, PA, Chester County, PA, Delaware County, PA, Montgomery County, PA and Philadelphia County, PA.",39.955689,-75.199403,19104,FALSE,9:00AM - 5:00PM,9:00AM - 5:00PM,9:00AM - 5:00PM,9:00AM - 5:00PM,9:00AM - 5:00PM,Closed,Closed,0,Mental Health
VHA Medical Centers (US Department of Veterans Affairs VA - Veterans Health Administration VHA),https://www.auntbertha.com//us-department-of-veterans-affairs-%2528va%2529---veterans-health-administration-%2528vha%2529--philadelphia-pa--vha-medical-centers/5686588932096000?postal=19111,"['assistive technology', 'prostheses', 'disease management', 'medical care', 'primary care', 'checkup & test', 'exercise & fitness', 'pain management', 'physical therapy', 'specialized therapy', 'vaccinations', 'hospital treatment']",,"['adults 18+', 'veterans', 'individuals', 'families']",,https://www.va.gov/health/aboutVHA.asp,"3900 Woodland Avenue, Philadelphia, PA 19104","https://www.google.com/maps/?q=3900+Woodland+Avenue,+Philadelphia,+PA+19104/","['If you served in the active military, naval or air service and are separated under any condition other than dishonorable, you may qualify for VA health care benefits.', 'Current and former members of the Reserves or National Guard who were called to active duty (other than for training only) by a federal order and completed the full period for which they were called or ordered to active duty may be eligible for VA health care as well.', ""Most Veterans who enlisted after September 7, 1980, or entered active duty after October 16, 1981, must have served 24 continuous months or the full period for which they were called to active duty in order to be eligible. This minimum duty requirement may not apply to Veterans who were discharged for a disability incurred or aggravated in the line of duty, discharged for a hardship, or received an 'early out.' Since there are a number of other exceptions to the minimum duty requirements, VA enc""]",available,"VHA Medical Centers provide a wide range of services including traditional hospital-based services as well as medical and surgical specialty services for Veterans enrolled in the VA health care program.This program provides: - Surgery- Critical care- Mental health- Orthopedics- Pharmacy- Radiology- Physical therapySpecialty services may include: - Audiology- Speech pathology- Dermatology- Dental care- Geriatrics- Hospice care- Neurology- Oncology- Podiatry- Prosthetics- Urology- Vision careSome medical centers also offer advanced services such as organ transplants and plastic surgery.Patient advocates, available at every medical center, are highly trained professionals who can help resolve your concerns about any aspect of your health care experience, particularly those concerns that cannot be resolved at the point of care. Patient Advocates listen to any questions, problems, or special needs you have and refer your concerns to the appropriate Medical Center staff for resolution.To receive services, fill out an Application for Health Benefits (VA Form 10-10EZ), go to your nearest VA medical center or clinic and bring a your signed Application for Health Benefits (VA Form 10-10EZ) with you. You may also apply for benefits online or by mail. Call our toll-free hotline at 877-222-8387, Monday through Friday, 8:00 a.m. to 8:00 p.m. ET to get help with your application.","['English', 'Spanish']",Reduced Cost,TRUE,https://www.facebook.com/VeteransHealth,https://www.twitter.com/http://twitter.com/VeteransHealth,This program covers residents of All US states and territories.,39.9483385,-75.1999355,19104,TRUE,0:00AM - 11:59PM,0:00AM - 11:59PM,0:00AM - 11:59PM,0:00AM - 11:59PM,0:00AM - 11:59PM,0:00AM - 11:59PM,0:00AM - 11:59PM,3.5,Mental Health
Victim Assistance Program (Archdiocese of Philadelphia - Office for Child and Youth Protection),https://www.auntbertha.com//archdiocese-of-philadelphia---office-for-child-and-youth-protection--philadelphia-pa--victim-assistance-program/6482196344864768?postal=19111,"['counseling', 'navigating the system', 'one-on-one support', 'spiritual support']",,"['all ages', 'sexual assault survivors']",888-800-8780,https://childyouthprotection.org,"222 North 17th Street, Philadelphia, PA 19103","https://www.google.com/maps/?q=222+North+17th+Street,+Philadelphia,+PA+19103/",[],available,"The Victim Assistance Program supports individuals who have been sexually abused by a representative of the Archdiocese, adult survivors, in addition to child victims and their family members who have been affected by sexual abuse.Support Includes:- Compassionate supportive counseling- Resources on child sexual abuse- Referrals for outpatient therapy, pastoral support and counseling, and related psychiatric services- Support and assistance through any canonical process- Assistance to families seeking spiritual guidance or a meeting with the Archbishop- Assistance eliminating barriers to treatment, such as transportation and child careIt is our pledge to provide assistance to those who have been affected by this crime by offering support and access to mental health services to promote healing. Please call for more information.",['English'],Free,TRUE,None,None,This program covers residents of the following states: PA.,39.9575083,-75.1677625,19103,FALSE,8:00AM - 5:00PM,8:00AM - 5:00PM,8:00AM - 5:00PM,8:00AM - 5:00PM,8:00AM - 5:00PM,Closed,Closed,2.5,Mental Health
Victim Response Services (Women Organized Against Rape),https://www.auntbertha.com//women-organized-against-rape-%2528woar%2529--philadelphia-pa--victim-response-services/5087810247720960?postal=19111,"['counseling', 'support network', 'advocacy & legal aid']",,"['adults', 'teens', 'children', 'sexual assault survivors']",215-985-3333,https://www.woar.org/victim-response-services/,"1617 J F K Blvd Ste 1100, Philadelphia, PA 19103","https://www.google.com/maps/?q=1617+J+F+K+Blvd+Ste+1100,+Philadelphia,+PA+19103/",['This program serves victims of sexual violence.'],available,"Women Organized Against Rape (WOAR) provides their Victim Response Services to anyone who has experienced sexual violence. WOAR advocates can provide information about other WOAR services, referral guidance, and information about sexual violence for victim/survivors or family members/friends/partners of survivors.This program provides: - 24-hour hotline - Court accompaniment- Forensic exam/medical accompaniment",['English'],Free,TRUE,https://www.facebook.com/wellness.com,https://www.twitter.com/@wellnessgroup,"This program covers residents of the following counties: Philadelphia County, PA.",39.9939735,-75.1180114,19103,FALSE,9:00AM - 5:00PM,9:00AM - 5:00PM,9:00AM - 5:00PM,9:00AM - 5:00PM,9:00AM - 5:00PM,Closed,Closed,0,Mental Health
Vocational Rehabilitation Services (Pennsylvania Office of Vocational Rehabilitation),https://www.auntbertha.com//pennsylvania-office-of-vocational-rehabilitation--philadelphia-pa--vocational-rehabilitation-services/5488077389955072?postal=19111,"['assistive technology', 'daily life skills', 'understand disability', 'disability screening', 'counseling', 'supported employment', 'skills & training', 'help find work']","['help pay for housing', 'daily life skills', 'safety education', 'one-on-one support', 'translation & interpretation']","['all ages', 'all disabilities', 'unemployed']",215-560-1900,https://www.pa.gov/en/services/dli/apply-for-vocational-rehabilitation-services.html,"801 Market Street, Philadelphia, PA 19107","https://www.google.com/maps/?q=801+Market+Street,+Philadelphia,+PA+19107/",['This program serves individuals with disabilities.'],available,"The Pennsylvania Office of Vocational Rehabilitation, or OVR, offers vocational rehabilitation services to help persons with disabilities prepare for, obtain, or maintain employment. OVR provides services to eligible individuals with disabilities.This program provides:- Diagnostic services- Vocational services- Counseling- Training- Restoration services- Placement assistance- Assistive technology- Supportive servicesEligible participants may qualify for supportive services including:- Room, board, and transportation costs during an evaluation or while completing a rehabilitation program- Occupational tools, licenses, or equipment- Home modifications, adaptive or special household equipment- Personal care assistance- Job site modifications- Independent living training- Text Telephone (TT), signaling devices, hearing aids, and interpreters services- Rehabilitation Teaching, and Orientation and Mobility Training for persons who are blind or visually impairedMost services are no cost, while some programs may require financial participation based on a Financial Needs Test. Please contact the program for more details.",['English'],Free,TRUE,https://www.facebook.com/PALaborIndustry/,https://www.twitter.com/@palaborindustry,This program covers residents of the following states: PA.,39.9516669,-75.1537371,19107,FALSE,8:00AM - 5:00PM,8:00AM - 5:00PM,8:00AM - 5:00PM,8:00AM - 5:00PM,8:00AM - 5:00PM,Closed,Closed,0,Mental Health
Wellness Alliance Community Integration and Recovery Center (Horizon House),https://www.auntbertha.com//horizon-house--philadelphia-pa--wellness-alliance-community-integration-and-recovery-center/6249819169882112?postal=19131,"['addiction & recovery', 'mental health care', 'support network']",,"['adults 18+', 'benefit recipients', 'all mental health', 'substance dependency', 'dual diagnosis']",215-386-3838,https://www.hhinc.org/behavioral-health-services/housing-and-supported-living-2/,"5901 Market Street, Philadelphia, PA 19136","https://www.google.com/maps/?q=5901+Market+Street,+Philadelphia,+PA+19136/","['Must have a referral to receive services.', 'Must have Medicare or Medicaid.', 'This program serves individuals with mental illness and co-occurring drug/alcohol addiction.']",available,"The Horizon House Wellness Alliance is designed for individuals with mental illness and co-occurring drug/alcohol addiction to explore and define their own unique recovery process and develop personalized support networks for improved quality of life.Services offered:- Psychiatric rehabilitation- Customized treatment planHorizon House accepts Medicare and Medicaid. Referrals can be made via a family member, health care provider, self-referral, or through CBH (Community Behavioral Health).",['English'],Reduced Cost,TRUE,https://www.facebook.com/horizonhouseinc/?fref=ts,,"This program covers residents of the following counties: Philadelphia County, PA.",39.962058,-75.239132,19136,FALSE,8:00AM - 5:00PM,8:00AM - 5:00PM,8:00AM - 5:00PM,8:00AM - 5:00PM,8:00AM - 5:00PM,Closed,Closed,0,Mental Health
Women Veterans Health Care (Department Of Veterans Affairs VA - Veterans Health Administration VHA),https://www.auntbertha.com//department-of-veterans-affairs-%2528va%2529---veterans-health-administration-%2528vha%2529--philadelphia-pa--women-veterans-health-care/5657856989462528?postal=19104,"['health education', 'medical care', 'primary care', 'assistive technology', 'checkup & test', 'prevent & treat', 'disease management', 'mental health care', 'sexual and reproductive health', 'womens health', 'family planning']",,"['adults 18+', 'veterans', 'female', 'pregnant', 'chronic illness', 'benefit recipients', 'trauma survivors', 'sexual assault survivors', 'depression', 'ptsd', 'substance dependency']",855-829-6636,http://www.womenshealth.va.gov/,"3900 Woodland Avenue, Philadelphia, PA 19104","https://www.google.com/maps/?q=3900+Woodland+Avenue,+Philadelphia,+PA+19104/","['This program serves Female Veterans.', 'Must have served in the active military, naval or air service and are separated under any condition other than dishonorable.', 'Current and former members of the Reserves or National Guard who were called to active duty (other than for training only) by a federal order and completed the full period for which they were called or ordered to active duty may be eligible for VA health care as well.']",available,"The Women Veterans Health Care services address the health care needs of women Veterans and works to ensure that timely, equitable, high-quality, comprehensive health care services are provided in a sensitive and safe environment at VA health facilities nationwide. This program provides:- Comprehensive primary care- Nutrition counseling- Disease prevention and management- Sexual and reproductive health- Menopausal support- Health screenings- Mental health services - Prosthetic and sensory aid services- Referrals for therapy and rehabilitation Persons must be enrolled in VA Healthcare Benefits to receive these services. If they are not already enrolled, they can complete an application online and submit it online or print the form and mail or bring it to the local Veterans Affairs Medical Center.",['English'],Reduced Cost,TRUE,https://www.facebook.com/VeteransAffairs,https://www.twitter.com/@DeptVetAffairs,This program covers residents of All US states and territories.,39.9479816,-75.2001349,19104,TRUE,0:00AM - 11:59PM,0:00AM - 11:59PM,0:00AM - 11:59PM,0:00AM - 11:59PM,0:00AM - 11:59PM,0:00AM - 11:59PM,0:00AM - 11:59PM,3.5,Mental Health
"Women, Pregnant Women and Women with Children's Services (Gaudenzia)",https://www.auntbertha.com//gaudenzia--philadelphia-pa--women%252C-pregnant-women-and-women-with-children%2527s-services/4895435468308480?postal=19131,"['substance abuse counseling', 'mental health care', 'outpatient treatment', 'residential treatment', 'understand mental health']",,"['adults 18+', 'female', 'with children', 'homeless', 'mothers', 'all mental health', 'substance dependency']",833-976-4357,https://www.gaudenzia.org/the-treatment-and-recovery-hotline-is-here-833-976-help-4357/#0,"1300 East Tulpehocken Street, Philadelphia, PA 19138","https://www.google.com/maps/?q=1300+East+Tulpehocken+Street,+Philadelphia,+PA+19138/","['This program is for women, pregnant women and women with children.']",available,"Women, Pregnant Women and Women with Children's Services are provided by Gaudenzia.  These treatment and prevention services services are offered to help build a foundation for sustainable recovery so they may function effectively at home, at work and in the community.This program provides:- Inpatient- Outpatient- Specialized treatmentGaudenzia services are available to everyone, regardless of insurance. They also accept Medicaid and Medicare.",['English'],Free,TRUE,https://www.facebook.com/gaudenziaorg/,https://www.twitter.com/@Gaudenzia,"This program covers residents of the following states: DE, MD and PA.",40.0563961,-75.16416,19138,FALSE,8:00AM - 5:00PM,8:00AM - 5:00PM,8:00AM - 5:00PM,8:00AM - 5:00PM,8:00AM - 5:00PM,Closed,Closed,3.5,Mental Health
Women's / Prenatal (Spectrum Health Services)_v1,https://www.auntbertha.com//spectrum-health-services--philadelphia-pa--women%2527s---prenatal/6323784639315968?postal=19111,"['checkup & test', 'disease screening', 'counseling', 'sexual and reproductive health', 'womens health', 'fertility', 'family planning', 'sex education', 'std/sti treatment & prevention']",,"['all ages', 'female', 'pregnant', 'cervical cancer', 'benefit recipients', 'low-income', 'uninsured', 'underinsured']",215-489-1303,https://www.spectrumhs.org/medical-services/womens-prenatal/,"1415 North Broad Street, Philadelphia, PA 19122","https://www.google.com/maps/?q=1415+North+Broad+Street,+Philadelphia,+PA+19122/",[],available,"Spectrum Health Services, Inc., provides essential reproductive and sexual health services like pelvic exams, Pap tests, cancer screenings, and testing and treatment for vaginal infections to women in Pennsylvania County.Services include but are not limited to:- Breast exams- Cervical cancer screenings- Colonoscopy- Cryotherapy- Incontinence- Infertility- LEEP- Mammogram referrals- Menopause testing and treatment- Pap test- Sexual response education- UTI testing and treatment- Vaginal infections testing and treatmentSHS offers access to quality health care for patients who do not have insurance or do not have enough insurance through a sliding fee discount program, with discounts available based on your current family size and income. Patients insured by Medicare are eligible for Sliding Fee Discounts to their copayments and deductibles.Our locations do not offer walk-in service at this time, call for Telehealth appointment.",['English'],Sliding Scale,TRUE,None,None,"This program covers residents of the following counties: Philadelphia County, PA.",39.9748598,-75.1575479,19122,FALSE,8:00AM - 5:00PM,8:00AM - 5:00PM,8:00AM - 5:00PM,8:00AM - 5:00PM,8:00AM - 5:00PM,Closed,Closed,2.5,Mental Health
Women's / Prenatal (Spectrum Health Services)_v2,https://www.auntbertha.com//spectrum-health-services--philadelphia-pa--women%2527s---prenatal/6323784639315968?postal=19131,"['checkup & test', 'disease screening', 'counseling', 'sexual and reproductive health', 'womens health', 'fertility', 'family planning', 'sex education', 'std/sti treatment & prevention']",,"['all ages', 'female', 'pregnant', 'cervical cancer', 'benefit recipients', 'low-income', 'uninsured', 'underinsured']",215-471-2761,https://www.spectrumhs.org/medical-services/womens-prenatal/,"5201 Haverford Avenue, Philadelphia, PA 19139","https://www.google.com/maps/?q=5201+Haverford+Avenue,+Philadelphia,+PA+19139/",[],available,"Spectrum Health Services, Inc., provides essential reproductive and sexual health services like pelvic exams, Pap tests, cancer screenings, and testing and treatment for vaginal infections to women in Pennsylvania County.Services include but are not limited to:- Breast exams- Cervical cancer screenings- Colonoscopy- Cryotherapy- Incontinence- Infertility- LEEP- Mammogram referrals- Menopause testing and treatment- Pap test- Sexual response education- UTI testing and treatment- Vaginal infections testing and treatmentSHS offers access to quality health care for patients who do not have insurance or do not have enough insurance through a sliding fee discount program, with discounts available based on your current family size and income. Patients insured by Medicare are eligible for Sliding Fee Discounts to their copayments and deductibles.Our locations do not offer walk-in service at this time, call for Telehealth appointment.",['English'],Sliding Scale,TRUE,,,"This program covers residents of the following counties: Philadelphia County, PA.",39.9654626,-75.22498,19139,FALSE,9:00AM - 7:00PM,9:00AM - 7:00PM,9:00AM - 7:00PM,9:00AM - 7:00PM,9:00AM - 4:00PM,Closed,Closed,3.2,Mental Health
Women's Recovery House (Danny's House),https://www.auntbertha.com//dannys-house--philadelphia-pa--women%2527s-recovery-house/5416328831762432?postal=19111,"['addiction & recovery', 'residential treatment']","['meals', '12-step', 'outpatient treatment', 'peer recovery coaching', 'daily life skills', 'case management', 'peer support', 'help find work']","['adults', 'young adults', 'teens', 'seniors', 'female', 'post-treatment', 'substance dependency']",267-277-2609,https://dannys-house.org/programs,"45 West Upsal Street, Philadelphia, PA 19119","https://www.google.com/maps/?q=45+West+Upsal+Street,+Philadelphia,+PA+19119/",['This program serves women in recovery from addiction.'],available,"Danny’s House is a Recovery House dedicated to offering holistic support with dignity for women in recovery. Danny’s House fills the gap in the recovery treatment model by providing up to two years of safe, subsidized, recovery-focused housing to allow women the time to reclaim their lives and establish a new life in recovery. This program provides:- Subsidized housing (fully in year one and partially in year two)- Shared utilities and food- 24/7 recovery coaching and case management- Employment assistance and life skills training with expectation of saving 10% of income- Monitored participation in a 12-step recovery program and outpatient treatment- Daily house recovery meditation and mindfulness practice- Weekly fellowship dinner- Build a sober support network of womenVisit their website to download the application. To apply, send an email to [email protected] and [email protected] that includes the required documents.Preference is given to applicants who have completed long-term addiction treatment and either halfway house program or 3 months IOP sober.",['English'],Reduced Cost,TRUE,https://www.facebook.com/DannysHouse45/,,"This program covers residents of the following counties: Philadelphia County, PA.",40.0469628,-75.1851483,19119,FALSE,8:00AM - 5:00PM,8:00AM - 5:00PM,8:00AM - 5:00PM,8:00AM - 5:00PM,8:00AM - 5:00PM,Closed,Closed,3.7,Mental Health
Women's Therapy Center (Women's Therapy Center Inc),https://www.auntbertha.com//women%2527s-therapy-center-inc--philadelphia-pa--women%2527s-therapy-center/5001113916932096?postal=19111,"['mental health evaluation', 'specialized therapy', 'counseling', 'support groups', 'skills & training']",,"['adults 18+', 'female', 'lgbtqia+', 'low-income', 'spouses']",215-567-1111,https://therapycenterofphila.org/psychotherapy-services/,"215 South Broad Street, Philadelphia, PA 19107","https://www.google.com/maps/?q=215+South+Broad+Street,+Philadelphia,+PA+19107/",['Must meet income requirements.'],full,"Women's Therapy Center program offers individual psychotherapy, group psychotherapy, couples therapy (heterosexual, lesbian and trans couples), workshops and trainings, educational seminars and trainings for professionals, consultations to professional and potential clients, clinical supervision, practicum placements sites on a sliding-scale.This program provides:- Therapy services",['English'],Sliding Scale,TRUE,None,None,"This program covers residents of the following counties: Philadelphia County, PA.",39.9486858,-75.1639321,19107,FALSE,7:00AM - 9:00PM,7:00AM - 9:00PM,7:00AM - 9:00PM,7:00AM - 9:00PM,7:00AM - 9:00PM,10:00AM - 4:00PM,Closed,0,Mental Health
Women's Trauma Unit (Fairmount Behavioral Health System),https://www.auntbertha.com//fairmount-behavioral-health-system--philadelphia-pa--women%2527s-trauma-unit/4789735063814144?postal=19111,"['mental health care', 'mental health evaluation']",,"['adults', 'young adults', 'teens', 'children', 'seniors', 'grieving', 'female', 'benefit recipients', 'trauma survivors', 'abuse or neglect survivors', 'suicidal thoughts', 'all mental health']",215-487-4100,https://fairmountbhs.com/programs-services/adult-treatment/womens-inpatient-services/,"561 Fairthorne Avenue, Philadelphia, PA 19128","https://www.google.com/maps/?q=561+Fairthorne+Avenue,+Philadelphia,+PA+19128/","['This program helps women.', 'Must have Medicare or Medical Assistance.']",available,"The Women's Trauma Unit is a gender-specific unit designed for women who have a history of trauma, abuse or other sensitive issues including unhealthy relationships, grief and self-harm. Treatment on this unit is trauma-informed, recovery-oriented and provides women with a secure place in which to heal.This program provides:- Mental health careThe specialized group therapy curriculum was developed using well-researched treatment models and is designed to teach women a variety of skills to help manage a range of psychiatric and trauma-related symptoms. These skills include mindfulness, distress tolerance, emotion regulation and interpersonal effectiveness. In addition to learning therapeutic skills, they teach women about the nature of traumatic experiences and their effect on mental health and wellness. In a group setting, women have the opportunity to bond and learn from one another.Fairmount Behavioral Health System hope to provide a structured environment in which women feel supported and can build the trust necessary to address difficult experiences and problematic behaviors. Women tell they leave treatment with new skills and a sense of stability, better equipped to face life’s daily challenges and continue their journey of recovery.Fairmount Behavioral Health System accept Medical Assistance PA and NJ (must be under 20) as well as Medicare for the services.",['English'],Reduced Cost,TRUE,https://www.facebook.com/FairmountBH,,"This program covers residents of the following counties: Philadelphia County, PA.",40.0434701,-75.2217431,19128,TRUE,0:00AM - 11:59PM,0:00AM - 11:59PM,0:00AM - 11:59PM,0:00AM - 11:59PM,0:00AM - 11:59PM,0:00AM - 11:59PM,0:00AM - 11:59PM,2,Mental Health
Wrap Around Services Behavioral Health Rehabilitation Services (Children's Hospital of Philadelphia),https://www.auntbertha.com//children%2527s-hospital-of-philadelphia-%2528chop%2529--philadelphia-pa--wrap-around-services-%2528behavioral-health-rehabilitation-services%2529/6211548073951232?postal=19104,"['counseling', 'home visiting', 'one-on-one support']",,"['teens', 'children']",215-590-7500,https://www.chop.edu/health-resources/wraparound-services,"3401 Civic Center Blvd., Philadelphia, PA 19104","https://www.google.com/maps/?q=3500+Market+Street,+Philadelphia,+PA+19104/",['This program serves clients enrolled in SSI or Medical Assistance.'],available,"Wrap around services gives individuals and families the opportunity to meet with a professional to address problems, consider strengths and develop plans that can help them to eliminate or begin to control some of their situations which allow them to feel better about themselves and become more self-sufficient.This program's wrap around service provides:- A behavior specialist that writes the plan about how to change your child’s behavior- A mobile therapist that may meet with your child or with other members of the family for individual mental health counseling at home or at school. - A specially trained staff support person that may work with just your child every day, or a few days a week at home, in school or in the community, to help your child learn to change his or her behaviorWrap around services are covered by SSI and Medical Assistance. If you get wraparound services, you have to regularly re-apply to keep them.  Sometimes children with autism may only have to re-apply once per year.",['English'],Free,TRUE,https://www.facebook.com/ChildrensHospitalofPhiladelphia,https://www.twitter.com/@ChildrensPhila,"This program covers residents of the following counties: Philadelphia County, PA.",39.9558866,-75.1934096,19104,TRUE,0:00AM - 11:59PM,0:00AM - 11:59PM,0:00AM - 11:59PM,0:00AM - 11:59PM,0:00AM - 11:59PM,0:00AM - 11:59PM,0:00AM - 11:59PM,4.1,Mental Health
Wraparound Services (Northwest Victim Services),https://www.auntbertha.com//northwest-victim-services--philadelphia-pa--wraparound-services/5183513393364992?postal=19131,"['counseling', 'navigating the system', 'help fill out forms', 'support network', 'help hotlines', 'advocacy & legal aid']",,"['adults', 'young adults', 'teens', 'seniors', 'individuals', 'families', 'trauma survivors', 'domestic violence survivors', 'sexual assault survivors', 'in crisis']",267-438-4410,https://www.northwestvictimservices.org/nvs-services/,"6023 Germantown Avenue, Philadelphia, PA 19144","https://www.google.com/maps/?q=6023+Germantown+Avenue,+Philadelphia,+PA+19144/",['This program serves victims of crime.'],available,"Northwest Victim Services provides support, information and advocacy for victims of crime in the community. This program provides:- Crisis support to crime victims, their families and significant others- After Hours Assistance - Information about criminal justice/ police procedures and the progress of a case- Advocacy for victims of crime with  the district attorney’s office, police and/ or probation departments",['English'],Not specified,TRUE,https://www.facebook.com/NorthwestVictimServices/,,"This program covers residents of the following counties: Philadelphia County, PA.",40.0400207,-75.178143,19144,FALSE,9:00AM - 5:00PM,9:00AM - 5:00PM,9:00AM - 5:00PM,9:00AM - 5:00PM,9:00AM - 5:00PM,Closed,Closed,5,Mental Health
Y-HEP Health Center (The Institute for Community Justice),https://www.auntbertha.com//the-institute-for-community-justice--philadelphia-pa--y-hep-health-center/5293665455964160?postal=19104,"['disease management', 'family planning', 'primary care', 'checkup & test', 'prevent & treat', 'hiv treatment', 'vaccinations', 'mental health evaluation', 'sexual and reproductive health', 'std/sti treatment & prevention', 'case management']",,"['young adults', 'teens', 'hiv/aids', 'low-income', 'uninsured', 'underinsured', 'lgbtqia+']",215-344-1632,https://fight.org/programs/y-hep-health-center/,"1207 Chestnut Street 5th floor, Philadelphia, PA 19107","https://www.google.com/maps/?q=1417+Locust+Street,+Philadelphia,+PA+19102/",['This program helps people who are 13 to 24 years old.'],available,"The Y-HEP Health Center offers an inclusive, trauma-informed, gender affirming approach to healthcare for adolescents and young adults (ages 13-24).Services provided include: Primary Care:- Physical exams- Sick and well visits- Vaccinations- On-site Blood-work/Lab testing- Care for chronic conditions (like asthma or diabetes)- Referrals to specialists- Nutritionist Visits- Mental health screening and referrals- Gender-affirming hormone therapySexual and Reproductive Health:- STD testing and treatment- Rapid HIV and Hep C testing- Birth control, including Nexplanon placement and removal- Emergency Contraception (Plan B)- Pregnancy testing and options counseling- Pelvic exams- Pap smears and anal HPV screening- Pre-Exposure Prophylaxis (PrEP) for HIV Prevention- Post-Exposure Prophylaxis (PEP) for HIV PreventionAdditional Services:- BenePhilly Counselor (insurance enrollment, food stamps, benefits)- Behavioral Health Consultant- Case Management- Community Health Worker- PrEP Counselor / PrEP Assistance ProgramThe Y-HEP Health Center’s mission is to improve health outcomes and expand access to healthcare for all youth, regardless of insurance status or ability to pay.Y-HEP allows same-day scheduling as well as walk-ins for sick visits, while those who are able to adhere to appointments are encouraged to do so.",['English'],Reduced Cost,TRUE,https://www.facebook.com/Philadelphia-FIGHT-80411861715/,https://www.twitter.com/@PhillyFIGHT,"This program covers residents of the following counties: Philadelphia County, PA.",39.9485135,-75.1658545,19102,FALSE,9:00AM - 5:00PM,9:00AM - 5:00PM,9:00AM - 5:00PM,9:00AM - 5:00PM,9:00AM - 5:00PM,Closed,Closed,4.4,Mental Health
Youth Care Team (Philadelphia Department of Health),https://www.auntbertha.com//philadelphia-department-of-health--philadelphia-pa--youth-care-team/6634340096278528?postal=19111,"['health education', 'understand mental health', 'checkup & test', 'disease screening', 'sexual and reproductive health', 'std/sti treatment & prevention', 'navigating the system', 'support network']","['sexual and reproductive health', 'family planning', 'birth control', 'books', 'college readiness', 'help find work']","['young adults', 'teens', 'pregnant', 'uninsured', 'parents', 'lgbtqia+', 'transgender or non-binary']",215-686-5200,https://redcap.phila.gov/surveys/?s=HT4E37NMAN,"1101 Market Street, Philadelphia, PA 19107","https://www.google.com/maps/place/Aramark+Tower,+1101+Market+St,+Philadelphia,+PA+19107/","['Must live in Philadelphia', 'This program helps people who are 13 to 21 years old.']",available,"Philadelphia Department of Health provides the Youth Care Team program, which serves 13- 21 year olds living in Philaelphia, connecting them to sexual and reproductive health services and education.

This program provides: 

- Referrals to sexual and reproductive health services and education
- Referrals to mental health services
- Anxiety, Depression, and Sexual health screening

There is no cost to participate in the Youth Care Team program.",['English'],Free,TRUE,https://www.facebook.com/cityofphiladelphia,https://www.twitter.com/@PhiladelphiaGov,"This program covers residents of the following cities: Philadelphia, PA.",39.9517588,-75.1746753,19107,FALSE,8:00AM - 4:00PM,8:00AM - 4:00PM,8:00AM - 4:00PM,8:00AM - 4:00PM,8:00AM - 4:00PM,Closed,Closed,1.7,Mental Health
Youth Emergency Service YES (HopePHL),https://www.auntbertha.com//youth-service%252C-inc--philadelphia-pa--youth-emergency-service-%2528yes%2529/5680777996009472?postal=19104,"['temporary shelter', 'counseling', 'navigating the system', 'support network']","['meals', 'sex education', 'medical care', 'disease screening', 'more education', 'screening & exams']","['teens', 'children', 'homeless', 'runaways', 'in crisis', 'emergency']",215-787-0633,https://ysiphilly.org/youth-emergency-service/,"1526 Fairmount Avenue, Philadelphia, PA 19130","https://www.google.com/maps/?q=1526+Fairmount+Avenue,+Philadelphia,+PA+19130/",['This program helps people who are 12 to 17 years old.'],available,"Youth Emergency Service (YES) offers immediate housing, respite, and support services to youth ages 12-17 facing housing insecurity or are unable to safely live with family. YES Services include:- Twenty four hour emergency respite and protection for youth ages 12-17- Telephone hotline and referral services as well as links to national runaway and homeless youth providers through national Runaway Safeline and National safe Place- Medical care – examinations and follow-up- Counseling supports and referrals- Voluntary and confidential HIV testing- Linkage to The Attic for those wanting service for LGBTQ youth- Physical and sexual health information and supports- Referral to home based services for families- Education and recreation programming and supports- Title I tutoringYouth can be self referred, enter through the formal child welfare system, Department of Human Services, or through referrals from partner organizations throughout the county. Referrals come from family, school staff and other concerned persons.",['English'],Free,TRUE,https://www.facebook.com/ysiyouthserviceinc,https://www.twitter.com/@YSIPHILLY,"This program covers residents of the following counties: Philadelphia County, PA.",39.9668498,-75.1630885,19130,FALSE,8:00AM - 5:00PM,8:00AM - 5:00PM,8:00AM - 5:00PM,8:00AM - 5:00PM,8:00AM - 5:00PM,Closed,Closed,4.4,Mental Health
Youth Empowerment Program (Earths Keepers),https://www.auntbertha.com//earths-keepers--philadelphia-pa--youth-empowerment-program/5776042854711296?postal=19104,"['community gardens', 'nutrition education', 'health education', 'understand mental health', 'more education', 'youth development']",,"['young adults', 'teens', 'students', 'low-income']",800-237-5131,https://www.earthskeepersinc.com/youth-empowerment,"1515 Market Street, Philadelphia, PA 19102","https://www.google.com/maps/?q=1515+Market+Street,+Philadelphia,+PA+19102/",['This program serves youths within the Philadelphia County neighborhoods.'],available,Earth’s Keepers Youth Empowerment Entrepreneurship & Agriculture Program (YEEAP) assists youths within the Philadelphia County neighborhoods.This program provides:- Youth development- Mental health care- Nutrition education- Entrepreneurship services- Urban gardening,['English'],Free,FALSE,None,None,"This program covers residents of the following counties: Philadelphia County, PA.",39.9529853,-75.1658929,19102,FALSE,9:00AM - 5:00PM,9:00AM - 5:00PM,9:00AM - 5:00PM,9:00AM - 5:00PM,9:00AM - 5:00PM,Closed,Closed,0,Mental Health
Youth Inpatient Psychiatric Services (Fairmount Behavioral Health System),https://www.auntbertha.com//fairmount-behavioral-health-system--philadelphia-pa--youth-inpatient-psychiatric-services/5123224728502272?postal=19111,"['psychiatric emergency services', 'hospital treatment', 'mental health care', 'mental health evaluation']",,"['teens', 'children', 'families', 'benefit recipients', 'parents', 'all mental health']",215-487-4100,https://fairmountbhs.com/programs-services/child-adolescent-treatment/child-adolescent-inpatient-program/,"561 Fairthorne Avenue, Philadelphia, PA 19128","https://www.google.com/maps/?q=561+Fairthorne+Avenue,+Philadelphia,+PA+19128/","['This program helps people who are 5 to 17 years old.', 'This program helps people with psychiatric disorders.', 'Must have Medical Assistance.']",available,"The child and adolescent inpatient program is a specialized level of care designed to meet the needs of children and adolescents (ages 5 to 17) with psychiatric disorders. The goal is to help young patients address their psychiatric problems to reduce symptoms, improve functioning and maintain stability.This program provides:- Psychiatric evaluations - Managing thoughts and behaviors that pose a danger to the patient or others- Reduce severe symptoms associated with depression, chemical dependency, psychosis, conduct and other disorders- Improve functioning at home, school and in the community- Separate and distinct units for children (ages 5 to 10), young adolescents (ages 10 to 12), adolescent boys (ages 13 to 17) and adolescent girls (ages 13 to 17)- Educational groups (medication education, illness education, healthy lifestyles, communication, anger management, coping skills, stress management, relaxation)- Parent education and support group (designed to help families understand their child’s condition, medications and how to interact more positively with them when they return home)- Daily school program (run by two certified special education teachers)- Strengths-based phase system for adolescents that focuses on empowerment and self-expression- Multiple play yards and access to a full-service gymnasium- Allied, family and group therapy (goal-directed modality, concentrated in the present, builds on strengths and focuses on solutions)Patients eat meals in the newly constructed cafeteria, which is exclusive to the child and adolescent populations.Fairmount Behavioral Health System accepts Medical Assistance PA and NJ.",['English'],Reduced Cost,TRUE,https://www.facebook.com/FairmountBH,,"This program covers residents of the following counties: Philadelphia County, PA.",40.0434701,-75.2217431,19128,TRUE,0:00AM - 11:59PM,0:00AM - 11:59PM,0:00AM - 11:59PM,0:00AM - 11:59PM,0:00AM - 11:59PM,0:00AM - 11:59PM,0:00AM - 11:59PM,2,Mental Health