src,edge_attr,dst
0,latitude,1
0,category,2
0,language,3
0,audience,4
0,cost,5
0,audience,6
0,audience,7
0,availability,8
0,audience,9
0,category,2
0,service type,10
0,postalCode,11
0,url,12
0,url,13
0,identifier,14
0,name,15
0,name,16
0,hasMap,17
0,areaServed,18
0,provider,0
0,address,19
0,longitude,20
0,availableChannel,21
0,availableChannel,22
0,containedInPlace,23
0,description,0
0,telephone,24
0,text,25
0,xmlschema11-2#time,26
0,xmlschema11-2#time,27
0,xmlschema11-2#time,28
0,xmlschema11-2#time,29
0,xmlschema11-2#time,30
0,xmlschema11-2#time,31
0,xmlschema11-2#time,32
0,conditionsOfAccess,33
34,latitude,35
34,latitude,36
34,category,37
34,category,38
34,category,39
34,language,3
34,availability,8
34,category,40
34,category,41
34,category,42
34,category,43
34,category,44
34,category,45
34,category,38
34,category,46
34,category,2
34,category,45
34,category,44
34,category,47
34,category,39
34,category,40
34,category,47
34,audience,48
34,category,46
34,cost,5
34,category,49
34,audience,9
34,category,37
34,audience,50
34,category,49
34,category,51
34,category,2
34,audience,52
34,audience,6
34,category,41
34,audience,4
34,category,43
34,category,42
34,category,51
34,service type,10
34,service type,53
34,postalCode,54
34,postalCode,55
34,url,56
34,url,57
34,identifier,58
34,name,59
34,name,15
34,name,60
34,hasMap,17
34,hasMap,17
34,areaServed,61
34,provider,34
34,address,62
34,address,63
34,longitude,20
34,longitude,20
34,availableChannel,64
34,availableChannel,65
34,containedInPlace,66
34,containedInPlace,67
34,description,34
34,telephone,68
34,telephone,69
34,text,70
34,xmlschema11-2#time,71
34,xmlschema11-2#time,72
34,xmlschema11-2#time,73
34,xmlschema11-2#time,29
34,xmlschema11-2#time,30
34,xmlschema11-2#time,74
34,xmlschema11-2#time,75
34,xmlschema11-2#time,76
34,xmlschema11-2#time,77
34,xmlschema11-2#time,78
34,xmlschema11-2#time,79
34,xmlschema11-2#time,80
34,xmlschema11-2#time,81
34,xmlschema11-2#time,82
34,conditionsOfAccess,83
84,latitude,85
84,cost,5
84,audience,6
84,audience,4
84,audience,50
84,language,3
84,category,2
84,availability,8
84,audience,9
84,audience,7
84,category,2
84,service type,10
84,postalCode,86
84,url,87
84,url,88
84,identifier,89
84,name,15
84,name,90
84,hasMap,17
84,areaServed,91
84,provider,84
84,address,92
84,longitude,20
84,availableChannel,93
84,availableChannel,94
84,containedInPlace,95
84,description,84
84,telephone,96
84,text,97
84,xmlschema11-2#time,98
84,xmlschema11-2#time,99
84,xmlschema11-2#time,28
84,xmlschema11-2#time,100
84,xmlschema11-2#time,30
84,xmlschema11-2#time,101
84,xmlschema11-2#time,29
84,conditionsOfAccess,102
103,latitude,104
103,language,3
103,cost,5
103,availability,105
103,audience,9
103,category,2
103,audience,6
103,audience,7
103,category,2
103,audience,4
103,service type,10
103,postalCode,106
103,url,107
103,url,108
103,identifier,109
103,name,15
103,name,110
103,hasMap,17
103,areaServed,91
103,provider,103
103,address,111
103,longitude,20
103,availableChannel,112
103,availableChannel,113
103,containedInPlace,114
103,description,103
103,telephone,115
103,text,116
103,xmlschema11-2#time,30
103,xmlschema11-2#time,99
103,xmlschema11-2#time,28
103,xmlschema11-2#time,29
103,xmlschema11-2#time,117
103,xmlschema11-2#time,118
103,xmlschema11-2#time,119
103,xmlschema11-2#time,120
103,xmlschema11-2#time,121
103,xmlschema11-2#time,122
103,xmlschema11-2#time,123
103,xmlschema11-2#time,124
103,xmlschema11-2#time,125
103,conditionsOfAccess,33
126,latitude,127
126,cost,5
126,availability,8
126,audience,7
126,audience,6
126,category,2
126,language,3
126,audience,9
126,category,2
126,audience,4
126,service type,10
126,postalCode,128
126,url,129
126,url,130
126,identifier,131
126,name,15
126,name,132
126,hasMap,17
126,areaServed,133
126,provider,126
126,address,134
126,longitude,20
126,availableChannel,135
126,availableChannel,136
126,containedInPlace,137
126,description,126
126,telephone,138
126,text,139
126,xmlschema11-2#time,140
126,xmlschema11-2#time,28
126,xmlschema11-2#time,99
126,xmlschema11-2#time,101
126,xmlschema11-2#time,26
126,xmlschema11-2#time,29
126,xmlschema11-2#time,125
126,conditionsOfAccess,33
141,latitude,142
141,audience,6
141,cost,5
141,language,3
141,availability,8
141,audience,9
141,category,2
141,category,2
141,audience,4
141,service type,10
141,postalCode,143
141,url,144
141,url,145
141,identifier,146
141,name,15
141,name,147
141,hasMap,17
141,areaServed,91
141,provider,141
141,address,148
141,longitude,20
141,availableChannel,149
141,availableChannel,150
141,containedInPlace,151
141,description,141
141,telephone,152
141,text,153
141,xmlschema11-2#time,154
141,xmlschema11-2#time,155
141,xmlschema11-2#time,29
141,xmlschema11-2#time,156
141,xmlschema11-2#time,30
141,xmlschema11-2#time,157
141,xmlschema11-2#time,158
141,conditionsOfAccess,33
159,latitude,160
159,category,2
159,language,3
159,availability,8
159,category,2
159,audience,6
159,audience,9
159,audience,7
159,cost,5
159,audience,4
159,service type,10
159,postalCode,161
159,url,108
159,url,162
159,identifier,163
159,name,15
159,name,164
159,hasMap,17
159,areaServed,91
159,provider,159
159,address,165
159,longitude,20
159,availableChannel,166
159,availableChannel,167
159,containedInPlace,168
159,description,159
159,telephone,169
159,text,170
159,xmlschema11-2#time,99
159,xmlschema11-2#time,26
159,xmlschema11-2#time,30
159,xmlschema11-2#time,171
159,xmlschema11-2#time,101
159,xmlschema11-2#time,125
159,xmlschema11-2#time,29
159,conditionsOfAccess,33
172,latitude,1
172,audience,4
172,audience,6
172,language,3
172,availability,8
172,audience,9
172,category,2
172,cost,5
172,category,2
172,audience,7
172,service type,10
172,postalCode,11
172,url,57
172,url,173
172,identifier,174
172,name,175
172,name,15
172,hasMap,17
172,areaServed,91
172,provider,172
172,address,19
172,longitude,20
172,availableChannel,176
172,availableChannel,177
172,containedInPlace,23
172,description,172
172,telephone,24
172,text,178
172,xmlschema11-2#time,32
172,xmlschema11-2#time,26
172,xmlschema11-2#time,27
172,xmlschema11-2#time,29
172,xmlschema11-2#time,31
172,xmlschema11-2#time,179
172,xmlschema11-2#time,30
172,conditionsOfAccess,33
180,latitude,181
180,availability,8
180,audience,4
180,audience,7
180,category,38
180,category,2
180,cost,5
180,category,38
180,audience,9
180,audience,6
180,category,2
180,language,3
180,service type,10
180,postalCode,182
180,url,108
180,identifier,183
180,name,15
180,name,184
180,hasMap,17
180,areaServed,133
180,provider,180
180,address,185
180,longitude,20
180,availableChannel,186
180,availableChannel,187
180,containedInPlace,188
180,description,180
180,telephone,189
180,text,190
180,xmlschema11-2#time,191
180,xmlschema11-2#time,26
180,xmlschema11-2#time,28
180,xmlschema11-2#time,30
180,xmlschema11-2#time,99
180,xmlschema11-2#time,125
180,xmlschema11-2#time,29
180,conditionsOfAccess,33
192,latitude,193
192,audience,4
192,category,2
192,cost,5
192,audience,6
192,audience,7
192,category,2
192,audience,9
192,language,3
192,availability,105
192,service type,10
192,postalCode,106
192,url,194
192,url,108
192,identifier,195
192,name,196
192,name,15
192,hasMap,17
192,areaServed,91
192,provider,192
192,address,197
192,longitude,20
192,availableChannel,198
192,availableChannel,199
192,containedInPlace,114
192,description,192
192,telephone,200
192,telephone,201
192,text,202
192,xmlschema11-2#time,203
192,xmlschema11-2#time,204
192,xmlschema11-2#time,205
192,xmlschema11-2#time,206
192,xmlschema11-2#time,207
192,xmlschema11-2#time,29
192,xmlschema11-2#time,30
192,conditionsOfAccess,33
208,latitude,209
208,language,3
208,category,2
208,category,2
208,audience,7
208,cost,5
208,availability,8
208,audience,9
208,service type,10
208,postalCode,143
208,url,210
208,url,108
208,identifier,211
208,name,15
208,name,212
208,hasMap,17
208,areaServed,91
208,provider,208
208,address,213
208,longitude,20
208,availableChannel,214
208,availableChannel,215
208,containedInPlace,151
208,description,208
208,telephone,216
208,text,217
208,xmlschema11-2#time,99
208,xmlschema11-2#time,28
208,xmlschema11-2#time,26
208,xmlschema11-2#time,29
208,xmlschema11-2#time,125
208,xmlschema11-2#time,218
208,xmlschema11-2#time,101
208,conditionsOfAccess,33
219,latitude,220
219,category,2
219,audience,7
219,language,3
219,audience,9
219,cost,5
219,availability,8
219,category,2
219,service type,10
219,postalCode,221
219,url,108
219,identifier,222
219,name,15
219,name,223
219,hasMap,17
219,areaServed,91
219,provider,219
219,address,224
219,longitude,20
219,availableChannel,225
219,availableChannel,226
219,containedInPlace,227
219,description,219
219,telephone,228
219,text,229
219,xmlschema11-2#time,29
219,xmlschema11-2#time,99
219,xmlschema11-2#time,30
219,xmlschema11-2#time,26
219,xmlschema11-2#time,28
219,xmlschema11-2#time,101
219,xmlschema11-2#time,230
219,conditionsOfAccess,33
231,latitude,232
231,latitude,233
231,category,234
231,language,3
231,category,2
231,category,2
231,availability,8
231,audience,9
231,category,234
231,audience,6
231,cost,5
231,audience,50
231,audience,4
231,service type,10
231,postalCode,11
231,postalCode,235
231,url,236
231,url,237
231,identifier,238
231,name,15
231,name,239
231,hasMap,17
231,areaServed,91
231,provider,231
231,address,240
231,longitude,20
231,longitude,20
231,availableChannel,241
231,availableChannel,242
231,containedInPlace,23
231,containedInPlace,243
231,description,231
231,telephone,244
231,text,245
231,text,246
231,xmlschema11-2#time,247
231,xmlschema11-2#time,248
231,xmlschema11-2#time,249
231,xmlschema11-2#time,250
231,xmlschema11-2#time,251
231,xmlschema11-2#time,252
231,xmlschema11-2#time,253
231,xmlschema11-2#time,254
231,xmlschema11-2#time,255
231,xmlschema11-2#time,29
231,xmlschema11-2#time,30
231,xmlschema11-2#time,256
231,conditionsOfAccess,257
231,conditionsOfAccess,258
259,latitude,260
259,latitude,261
259,audience,4
259,audience,7
259,cost,5
259,audience,6
259,language,3
259,availability,8
259,audience,9
259,category,2
259,category,2
259,service type,10
259,postalCode,262
259,postalCode,106
259,url,263
259,url,264
259,identifier,265
259,name,15
259,name,266
259,hasMap,17
259,hasMap,17
259,areaServed,133
259,provider,259
259,address,267
259,address,268
259,longitude,20
259,longitude,20
259,availableChannel,269
259,availableChannel,270
259,containedInPlace,271
259,containedInPlace,114
259,description,259
259,telephone,272
259,text,273
259,xmlschema11-2#time,30
259,xmlschema11-2#time,29
259,xmlschema11-2#time,274
259,xmlschema11-2#time,275
259,xmlschema11-2#time,26
259,xmlschema11-2#time,276
259,xmlschema11-2#time,277
259,conditionsOfAccess,33
278,latitude,279
278,latitude,280
278,audience,6
278,availability,8
278,language,3
278,category,2
278,category,281
278,category,51
278,audience,50
278,audience,9
278,audience,7
278,cost,5
278,audience,4
278,service type,10
278,postalCode,282
278,postalCode,221
278,url,283
278,url,284
278,identifier,285
278,name,15
278,name,286
278,hasMap,17
278,hasMap,17
278,areaServed,91
278,provider,278
278,address,287
278,address,288
278,longitude,20
278,longitude,20
278,availableChannel,289
278,availableChannel,290
278,containedInPlace,291
278,containedInPlace,227
278,description,278
278,telephone,292
278,telephone,293
278,text,294
278,xmlschema11-2#time,29
278,xmlschema11-2#time,295
278,xmlschema11-2#time,30
278,xmlschema11-2#time,296
278,xmlschema11-2#time,297
278,xmlschema11-2#time,298
278,xmlschema11-2#time,299
278,conditionsOfAccess,300
301,latitude,302
301,category,2
301,audience,4
301,cost,5
301,audience,7
301,audience,9
301,category,2
301,availability,8
301,language,3
301,audience,6
301,service type,10
301,postalCode,182
301,url,108
301,identifier,303
301,name,304
301,name,15
301,hasMap,17
301,areaServed,91
301,provider,301
301,address,305
301,longitude,20
301,availableChannel,306
301,availableChannel,307
301,containedInPlace,188
301,description,301
301,telephone,308
301,text,309
301,xmlschema11-2#time,101
301,xmlschema11-2#time,125
301,xmlschema11-2#time,99
301,xmlschema11-2#time,26
301,xmlschema11-2#time,29
301,xmlschema11-2#time,310
301,xmlschema11-2#time,28
301,conditionsOfAccess,33
311,latitude,312
311,latitude,313
311,category,314
311,language,3
311,audience,7
311,category,315
311,category,315
311,category,281
311,category,2
311,language,3
311,category,314
311,category,314
311,category,2
311,category,2
311,cost,5
311,cost,5
311,category,2
311,category,281
311,availability,8
311,audience,4
311,availability,8
311,audience,4
311,audience,7
311,category,315
311,category,281
311,category,281
311,category,315
311,audience,9
311,audience,9
311,category,314
311,service type,10
311,service type,10
311,postalCode,316
311,postalCode,317
311,url,318
311,url,319
311,url,318
311,url,319
311,identifier,320
311,identifier,321
311,name,322
311,name,15
311,name,15
311,name,322
311,hasMap,17
311,hasMap,17
311,areaServed,323
311,areaServed,323
311,provider,311
311,provider,311
311,address,324
311,address,325
311,longitude,20
311,longitude,20
311,availableChannel,326
311,availableChannel,326
311,availableChannel,327
311,availableChannel,327
311,containedInPlace,328
311,containedInPlace,329
311,description,311
311,description,311
311,telephone,330
311,telephone,330
311,text,331
311,text,331
311,xmlschema11-2#time,125
311,xmlschema11-2#time,29
311,xmlschema11-2#time,29
311,xmlschema11-2#time,332
311,xmlschema11-2#time,333
311,xmlschema11-2#time,334
311,xmlschema11-2#time,335
311,xmlschema11-2#time,336
311,xmlschema11-2#time,337
311,xmlschema11-2#time,338
311,xmlschema11-2#time,339
311,xmlschema11-2#time,340
311,xmlschema11-2#time,30
311,xmlschema11-2#time,30
311,conditionsOfAccess,33
311,conditionsOfAccess,33
341,latitude,342
341,latitude,343
341,audience,6
341,category,234
341,category,234
341,category,2
341,language,3
341,availability,8
341,cost,5
341,category,2
341,audience,4
341,audience,7
341,audience,9
341,service type,10
341,postalCode,143
341,url,108
341,url,344
341,url,345
341,identifier,346
341,name,15
341,name,347
341,hasMap,17
341,areaServed,91
341,provider,341
341,address,348
341,longitude,20
341,longitude,20
341,availableChannel,349
341,availableChannel,350
341,containedInPlace,151
341,description,341
341,telephone,351
341,text,352
341,xmlschema11-2#time,155
341,xmlschema11-2#time,101
341,xmlschema11-2#time,29
341,xmlschema11-2#time,158
341,xmlschema11-2#time,156
341,xmlschema11-2#time,157
341,xmlschema11-2#time,28
341,xmlschema11-2#time,26
341,xmlschema11-2#time,30
341,xmlschema11-2#time,154
341,xmlschema11-2#time,353
341,xmlschema11-2#time,354
341,conditionsOfAccess,33
355,latitude,356
355,audience,4
355,category,2
355,category,45
355,audience,9
355,availability,8
355,language,3
355,cost,5
355,audience,6
355,audience,7
355,service type,10
355,postalCode,357
355,url,108
355,url,358
355,identifier,359
355,name,360
355,name,15
355,hasMap,17
355,areaServed,133
355,provider,355
355,address,361
355,longitude,20
355,availableChannel,362
355,availableChannel,363
355,containedInPlace,364
355,description,355
355,telephone,365
355,text,366
355,xmlschema11-2#time,30
355,xmlschema11-2#time,29
355,xmlschema11-2#time,26
355,xmlschema11-2#time,125
355,xmlschema11-2#time,99
355,xmlschema11-2#time,367
355,xmlschema11-2#time,368
355,conditionsOfAccess,33
369,latitude,370
369,audience,6
369,audience,9
369,audience,7
369,cost,5
369,availability,8
369,category,2
369,category,2
369,audience,4
369,language,3
369,service type,10
369,postalCode,316
369,url,371
369,url,108
369,identifier,372
369,name,373
369,name,15
369,hasMap,17
369,areaServed,91
369,provider,369
369,address,374
369,longitude,20
369,availableChannel,375
369,availableChannel,376
369,containedInPlace,328
369,description,369
369,telephone,377
369,text,378
369,xmlschema11-2#time,379
369,xmlschema11-2#time,99
369,xmlschema11-2#time,380
369,xmlschema11-2#time,30
369,xmlschema11-2#time,29
369,xmlschema11-2#time,26
369,xmlschema11-2#time,125
369,conditionsOfAccess,33
381,latitude,382
381,category,2
381,category,315
381,audience,7
381,audience,9
381,availability,8
381,category,38
381,language,3
381,cost,5
381,category,2
381,category,315
381,category,38
381,service type,10
381,postalCode,383
381,url,108
381,identifier,384
381,name,15
381,name,385
381,hasMap,17
381,areaServed,91
381,provider,381
381,address,386
381,longitude,20
381,availableChannel,387
381,availableChannel,388
381,containedInPlace,389
381,description,381
381,telephone,390
381,text,391
381,xmlschema11-2#time,392
381,xmlschema11-2#time,26
381,xmlschema11-2#time,125
381,xmlschema11-2#time,28
381,xmlschema11-2#time,101
381,xmlschema11-2#time,29
381,xmlschema11-2#time,99
381,conditionsOfAccess,33
393,latitude,394
393,audience,4
393,language,3
393,category,38
393,audience,7
393,category,395
393,category,2
393,availability,8
393,category,314
393,category,395
393,cost,5
393,category,314
393,category,38
393,category,2
393,audience,9
393,audience,6
393,service type,10
393,postalCode,143
393,url,108
393,identifier,396
393,name,397
393,name,15
393,hasMap,17
393,areaServed,398
393,provider,393
393,address,399
393,longitude,20
393,availableChannel,400
393,availableChannel,401
393,containedInPlace,151
393,description,393
393,telephone,402
393,text,403
393,xmlschema11-2#time,392
393,xmlschema11-2#time,99
393,xmlschema11-2#time,125
393,xmlschema11-2#time,404
393,xmlschema11-2#time,28
393,xmlschema11-2#time,29
393,xmlschema11-2#time,26
393,xmlschema11-2#time,101
393,conditionsOfAccess,33
405,latitude,406
405,language,407
405,cost,5
405,audience,7
405,language,3
405,category,2
405,category,234
405,language,408
405,audience,50
405,availability,8
405,category,234
405,language,409
405,category,2
405,language,410
405,audience,9
405,service type,10
405,postalCode,411
405,url,412
405,url,413
405,identifier,414
405,name,15
405,name,415
405,hasMap,17
405,areaServed,91
405,provider,405
405,address,416
405,longitude,20
405,availableChannel,417
405,availableChannel,418
405,containedInPlace,419
405,description,405
405,telephone,420
405,text,421
405,xmlschema11-2#time,422
405,xmlschema11-2#time,30
405,xmlschema11-2#time,423
405,xmlschema11-2#time,424
405,xmlschema11-2#time,29
405,xmlschema11-2#time,425
405,xmlschema11-2#time,426
405,conditionsOfAccess,427
428,latitude,429
428,audience,4
428,cost,5
428,audience,7
428,audience,6
428,language,3
428,category,2
428,audience,9
428,category,2
428,availability,8
428,service type,10
428,postalCode,161
428,url,430
428,url,108
428,identifier,431
428,name,432
428,name,15
428,hasMap,17
428,areaServed,133
428,provider,428
428,address,433
428,longitude,20
428,availableChannel,434
428,availableChannel,435
428,containedInPlace,168
428,description,428
428,telephone,436
428,text,139
428,xmlschema11-2#time,101
428,xmlschema11-2#time,26
428,xmlschema11-2#time,277
428,xmlschema11-2#time,274
428,xmlschema11-2#time,99
428,xmlschema11-2#time,30
428,xmlschema11-2#time,29
428,conditionsOfAccess,33
437,latitude,438
437,audience,9
437,category,2
437,availability,8
437,audience,7
437,cost,5
437,category,2
437,language,3
437,service type,10
437,postalCode,439
437,url,440
437,identifier,441
437,name,442
437,name,15
437,hasMap,17
437,areaServed,443
437,provider,437
437,address,444
437,longitude,20
437,availableChannel,445
437,availableChannel,446
437,containedInPlace,447
437,description,437
437,telephone,448
437,text,449
437,xmlschema11-2#time,277
437,xmlschema11-2#time,125
437,xmlschema11-2#time,30
437,xmlschema11-2#time,450
437,xmlschema11-2#time,451
437,xmlschema11-2#time,379
437,xmlschema11-2#time,29
437,conditionsOfAccess,452
453,latitude,454
453,language,455
453,language,407
453,category,2
453,audience,7
453,language,3
453,availability,8
453,audience,6
453,category,2
453,audience,9
453,cost,5
453,service type,10
453,postalCode,439
453,url,456
453,url,108
453,identifier,457
453,name,15
453,name,458
453,hasMap,17
453,areaServed,91
453,provider,453
453,address,459
453,longitude,20
453,availableChannel,460
453,availableChannel,461
453,containedInPlace,447
453,description,453
453,telephone,462
453,telephone,463
453,text,464
453,xmlschema11-2#time,125
453,xmlschema11-2#time,465
453,xmlschema11-2#time,99
453,xmlschema11-2#time,101
453,xmlschema11-2#time,30
453,xmlschema11-2#time,29
453,xmlschema11-2#time,26
453,conditionsOfAccess,33
466,latitude,467
466,category,44
466,category,45
466,category,45
466,category,2
466,category,38
466,audience,6
466,cost,5
466,category,38
466,language,3
466,audience,4
466,category,44
466,category,2
466,audience,7
466,availability,8
466,audience,9
466,service type,10
466,postalCode,143
466,url,468
466,url,469
466,identifier,470
466,name,471
466,name,15
466,hasMap,17
466,areaServed,133
466,provider,466
466,address,472
466,longitude,20
466,availableChannel,473
466,availableChannel,474
466,containedInPlace,151
466,description,466
466,telephone,475
466,text,476
466,xmlschema11-2#time,30
466,xmlschema11-2#time,477
466,xmlschema11-2#time,26
466,xmlschema11-2#time,478
466,xmlschema11-2#time,28
466,xmlschema11-2#time,29
466,xmlschema11-2#time,101
466,conditionsOfAccess,33
479,latitude,480
479,category,234
479,audience,6
479,audience,4
479,category,2
479,category,234
479,availability,8
479,category,2
479,cost,5
479,audience,7
479,language,3
479,audience,9
479,service type,10
479,postalCode,481
479,url,482
479,url,108
479,identifier,483
479,name,484
479,name,15
479,hasMap,17
479,areaServed,485
479,provider,479
479,address,486
479,longitude,20
479,availableChannel,487
479,availableChannel,488
479,containedInPlace,489
479,description,479
479,telephone,490
479,text,491
479,xmlschema11-2#time,250
479,xmlschema11-2#time,254
479,xmlschema11-2#time,249
479,xmlschema11-2#time,252
479,xmlschema11-2#time,253
479,xmlschema11-2#time,30
479,xmlschema11-2#time,29
479,conditionsOfAccess,492
493,latitude,494
493,audience,9
493,category,314
493,availability,8
493,category,2
493,audience,495
493,category,281
493,category,281
493,cost,5
493,audience,496
493,category,2
493,language,3
493,audience,7
493,category,314
493,service type,10
493,postalCode,11
493,url,108
493,identifier,497
493,name,15
493,name,498
493,hasMap,17
493,areaServed,133
493,provider,493
493,address,499
493,longitude,20
493,availableChannel,500
493,availableChannel,501
493,containedInPlace,23
493,description,493
493,telephone,502
493,text,503
493,xmlschema11-2#time,30
493,xmlschema11-2#time,26
493,xmlschema11-2#time,504
493,xmlschema11-2#time,28
493,xmlschema11-2#time,29
493,xmlschema11-2#time,125
493,xmlschema11-2#time,101
493,conditionsOfAccess,33
505,latitude,506
505,category,2
505,availability,8
505,audience,9
505,audience,7
505,cost,5
505,category,2
505,language,3
505,service type,10
505,postalCode,128
505,url,507
505,url,108
505,identifier,508
505,name,15
505,name,509
505,hasMap,17
505,areaServed,91
505,provider,505
505,address,510
505,longitude,20
505,availableChannel,511
505,availableChannel,512
505,containedInPlace,137
505,description,505
505,telephone,513
505,text,514
505,xmlschema11-2#time,28
505,xmlschema11-2#time,99
505,xmlschema11-2#time,30
505,xmlschema11-2#time,125
505,xmlschema11-2#time,515
505,xmlschema11-2#time,101
505,xmlschema11-2#time,29
505,conditionsOfAccess,33
516,latitude,517
516,category,44
516,availability,8
516,category,2
516,audience,9
516,category,2
516,category,44
516,cost,5
516,language,3
516,audience,7
516,service type,10
516,postalCode,55
516,url,518
516,url,108
516,identifier,519
516,name,15
516,name,520
516,hasMap,17
516,areaServed,91
516,provider,516
516,address,521
516,longitude,20
516,availableChannel,522
516,availableChannel,523
516,containedInPlace,67
516,description,516
516,telephone,524
516,text,525
516,xmlschema11-2#time,526
516,xmlschema11-2#time,30
516,xmlschema11-2#time,125
516,xmlschema11-2#time,29
516,xmlschema11-2#time,99
516,xmlschema11-2#time,28
516,xmlschema11-2#time,26
516,conditionsOfAccess,527
528,latitude,529
528,audience,530
528,category,531
528,cost,5
528,audience,532
528,category,533
528,category,534
528,category,531
528,availability,8
528,audience,535
528,audience,536
528,category,537
528,category,534
528,category,538
528,category,44
528,category,539
528,category,539
528,category,537
528,category,2
528,audience,540
528,category,39
528,category,39
528,category,541
528,category,538
528,category,541
528,category,542
528,category,533
528,category,2
528,audience,6
528,category,542
528,language,3
528,category,44
528,service type,10
528,postalCode,543
528,url,544
528,url,108
528,identifier,545
528,name,15
528,name,546
528,hasMap,17
528,areaServed,547
528,provider,528
528,address,548
528,longitude,20
528,availableChannel,549
528,availableChannel,550
528,containedInPlace,551
528,description,528
528,telephone,552
528,text,553
528,xmlschema11-2#time,554
528,xmlschema11-2#time,29
528,xmlschema11-2#time,555
528,xmlschema11-2#time,556
528,xmlschema11-2#time,30
528,xmlschema11-2#time,557
528,xmlschema11-2#time,558
528,conditionsOfAccess,559
560,latitude,561
560,category,2
560,audience,9
560,audience,6
560,audience,4
560,availability,8
560,audience,7
560,category,2
560,cost,5
560,language,3
560,service type,10
560,postalCode,357
560,url,108
560,identifier,562
560,name,563
560,name,15
560,hasMap,17
560,areaServed,91
560,provider,560
560,address,564
560,longitude,20
560,availableChannel,565
560,availableChannel,566
560,containedInPlace,364
560,description,560
560,telephone,567
560,text,568
560,xmlschema11-2#time,251
560,xmlschema11-2#time,247
560,xmlschema11-2#time,248
560,xmlschema11-2#time,30
560,xmlschema11-2#time,255
560,xmlschema11-2#time,29
560,xmlschema11-2#time,256
560,conditionsOfAccess,527
569,latitude,570
569,latitude,571
569,audience,7
569,audience,9
569,cost,5
569,category,234
569,category,2
569,availability,8
569,language,3
569,category,234
569,audience,6
569,category,2
569,audience,4
569,service type,10
569,postalCode,182
569,postalCode,317
569,url,572
569,url,108
569,identifier,573
569,name,574
569,name,15
569,hasMap,17
569,areaServed,91
569,provider,569
569,address,575
569,longitude,20
569,longitude,20
569,availableChannel,576
569,availableChannel,577
569,containedInPlace,188
569,containedInPlace,329
569,description,569
569,telephone,578
569,text,579
569,xmlschema11-2#time,125
569,xmlschema11-2#time,157
569,xmlschema11-2#time,30
569,xmlschema11-2#time,156
569,xmlschema11-2#time,99
569,xmlschema11-2#time,158
569,xmlschema11-2#time,580
569,xmlschema11-2#time,28
569,xmlschema11-2#time,29
569,xmlschema11-2#time,155
569,xmlschema11-2#time,101
569,xmlschema11-2#time,26
569,xmlschema11-2#time,581
569,xmlschema11-2#time,154
569,conditionsOfAccess,582
583,latitude,584
583,audience,7
583,category,2
583,category,2
583,audience,4
583,language,3
583,audience,9
583,availability,8
583,cost,5
583,audience,6
583,service type,10
583,postalCode,585
583,url,108
583,url,586
583,identifier,587
583,name,588
583,name,15
583,hasMap,17
583,areaServed,133
583,provider,583
583,address,589
583,longitude,20
583,availableChannel,590
583,availableChannel,591
583,containedInPlace,592
583,description,583
583,telephone,593
583,text,594
583,xmlschema11-2#time,28
583,xmlschema11-2#time,101
583,xmlschema11-2#time,30
583,xmlschema11-2#time,29
583,xmlschema11-2#time,125
583,xmlschema11-2#time,26
583,xmlschema11-2#time,595
583,conditionsOfAccess,33
596,latitude,597
596,audience,6
596,category,598
596,cost,5
596,audience,9
596,language,3
596,audience,4
596,audience,7
596,category,599
596,category,2
596,availability,8
596,service type,10
596,postalCode,383
596,url,600
596,url,601
596,identifier,602
596,name,15
596,name,603
596,hasMap,17
596,areaServed,91
596,provider,596
596,address,604
596,longitude,20
596,availableChannel,605
596,availableChannel,606
596,containedInPlace,389
596,description,596
596,telephone,607
596,text,608
596,xmlschema11-2#time,580
596,xmlschema11-2#time,101
596,xmlschema11-2#time,29
596,xmlschema11-2#time,125
596,xmlschema11-2#time,28
596,xmlschema11-2#time,26
596,xmlschema11-2#time,99
596,conditionsOfAccess,609
610,latitude,611
610,availability,8
610,audience,7
610,category,2
610,language,3
610,category,2
610,audience,9
610,cost,5
610,service type,10
610,postalCode,106
610,url,612
610,url,108
610,identifier,613
610,name,15
610,name,614
610,hasMap,17
610,areaServed,615
610,provider,610
610,address,616
610,longitude,20
610,availableChannel,617
610,availableChannel,618
610,containedInPlace,114
610,description,610
610,telephone,619
610,text,620
610,xmlschema11-2#time,252
610,xmlschema11-2#time,253
610,xmlschema11-2#time,250
610,xmlschema11-2#time,621
610,xmlschema11-2#time,249
610,xmlschema11-2#time,254
610,xmlschema11-2#time,622
610,conditionsOfAccess,623
624,latitude,625
624,latitude,626
624,category,627
624,audience,48
624,audience,495
624,category,628
624,category,629
624,category,541
624,cost,5
624,language,3
624,audience,630
624,category,51
624,audience,9
624,category,631
624,audience,496
624,category,37
624,category,632
624,availability,633
624,category,538
624,audience,4
624,service type,10
624,service type,634
624,postalCode,635
624,postalCode,128
624,url,636
624,url,637
624,identifier,638
624,name,639
624,name,15
624,hasMap,17
624,areaServed,133
624,provider,624
624,address,640
624,address,641
624,longitude,20
624,longitude,20
624,availableChannel,642
624,availableChannel,643
624,containedInPlace,644
624,containedInPlace,137
624,description,624
624,telephone,645
624,text,646
624,xmlschema11-2#time,647
624,xmlschema11-2#time,157
624,xmlschema11-2#time,648
624,xmlschema11-2#time,649
624,xmlschema11-2#time,650
624,xmlschema11-2#time,651
624,xmlschema11-2#time,154
624,xmlschema11-2#time,29
624,xmlschema11-2#time,155
624,xmlschema11-2#time,30
624,xmlschema11-2#time,158
624,xmlschema11-2#time,652
624,xmlschema11-2#time,156
624,xmlschema11-2#time,653
624,conditionsOfAccess,654
655,latitude,656
655,category,2
655,category,38
655,audience,9
655,category,38
655,cost,5
655,availability,8
655,audience,7
655,category,2
655,language,3
655,service type,10
655,postalCode,657
655,url,658
655,url,659
655,identifier,660
655,name,661
655,name,15
655,hasMap,17
655,areaServed,91
655,provider,655
655,address,662
655,longitude,20
655,availableChannel,663
655,availableChannel,664
655,containedInPlace,665
655,description,655
655,telephone,666
655,text,667
655,xmlschema11-2#time,30
655,xmlschema11-2#time,28
655,xmlschema11-2#time,29
655,xmlschema11-2#time,26
655,xmlschema11-2#time,101
655,xmlschema11-2#time,274
655,xmlschema11-2#time,276
655,conditionsOfAccess,33
668,latitude,669
668,latitude,670
668,audience,9
668,audience,671
668,category,629
668,category,672
668,cost,5
668,language,3
668,category,632
668,category,37
668,audience,52
668,category,541
668,audience,48
668,category,673
668,availability,8
668,category,44
668,audience,674
668,service type,53
668,service type,634
668,service type,10
668,postalCode,182
668,url,675
668,url,676
668,identifier,677
668,name,15
668,name,678
668,hasMap,17
668,areaServed,133
668,provider,668
668,address,679
668,address,680
668,longitude,20
668,longitude,20
668,longitude,20
668,availableChannel,681
668,availableChannel,682
668,containedInPlace,188
668,description,668
668,telephone,683
668,text,684
668,xmlschema11-2#time,653
668,xmlschema11-2#time,649
668,xmlschema11-2#time,154
668,xmlschema11-2#time,29
668,xmlschema11-2#time,651
668,xmlschema11-2#time,155
668,xmlschema11-2#time,650
668,xmlschema11-2#time,156
668,xmlschema11-2#time,648
668,xmlschema11-2#time,30
668,xmlschema11-2#time,158
668,xmlschema11-2#time,157
668,xmlschema11-2#time,647
668,xmlschema11-2#time,652
668,conditionsOfAccess,685
686,latitude,687
686,audience,9
686,audience,630
686,category,2
686,cost,5
686,audience,4
686,availability,8
686,audience,6
686,language,3
686,audience,7
686,category,2
686,service type,10
686,postalCode,688
686,url,689
686,url,690
686,identifier,691
686,name,15
686,name,692
686,hasMap,17
686,areaServed,693
686,provider,686
686,address,694
686,longitude,20
686,availableChannel,695
686,availableChannel,696
686,containedInPlace,697
686,description,686
686,telephone,698
686,text,699
686,xmlschema11-2#time,700
686,xmlschema11-2#time,701
686,xmlschema11-2#time,125
686,xmlschema11-2#time,29
686,xmlschema11-2#time,702
686,xmlschema11-2#time,30
686,xmlschema11-2#time,703
686,conditionsOfAccess,33
704,latitude,705
704,audience,630
704,audience,4
704,category,2
704,availability,8
704,cost,5
704,audience,7
704,audience,6
704,language,3
704,category,2
704,audience,9
704,service type,10
704,postalCode,316
704,url,108
704,identifier,706
704,name,707
704,name,15
704,hasMap,17
704,areaServed,133
704,provider,704
704,address,708
704,longitude,20
704,availableChannel,709
704,availableChannel,710
704,containedInPlace,328
704,description,704
704,telephone,711
704,text,712
704,xmlschema11-2#time,26
704,xmlschema11-2#time,713
704,xmlschema11-2#time,714
704,xmlschema11-2#time,101
704,xmlschema11-2#time,715
704,xmlschema11-2#time,30
704,xmlschema11-2#time,29
704,conditionsOfAccess,33
716,latitude,717
716,audience,4
716,cost,5
716,availability,8
716,language,3
716,audience,9
716,category,2
716,category,2
716,audience,6
716,audience,7
716,service type,10
716,postalCode,718
716,url,719
716,url,720
716,identifier,721
716,name,15
716,name,722
716,hasMap,17
716,areaServed,91
716,provider,716
716,address,723
716,longitude,20
716,availableChannel,724
716,availableChannel,725
716,containedInPlace,726
716,description,716
716,telephone,727
716,text,728
716,xmlschema11-2#time,28
716,xmlschema11-2#time,125
716,xmlschema11-2#time,29
716,xmlschema11-2#time,26
716,xmlschema11-2#time,729
716,xmlschema11-2#time,101
716,xmlschema11-2#time,30
716,conditionsOfAccess,33
730,latitude,356
730,category,2
730,audience,9
730,audience,6
730,language,3
730,audience,7
730,category,2
730,cost,5
730,audience,4
730,availability,8
730,service type,10
730,postalCode,357
730,url,108
730,identifier,731
730,name,15
730,name,732
730,hasMap,17
730,areaServed,547
730,provider,730
730,address,361
730,longitude,20
730,availableChannel,733
730,availableChannel,734
730,containedInPlace,364
730,description,730
730,telephone,735
730,text,736
730,xmlschema11-2#time,30
730,xmlschema11-2#time,29
730,xmlschema11-2#time,737
730,xmlschema11-2#time,26
730,xmlschema11-2#time,738
730,xmlschema11-2#time,28
730,xmlschema11-2#time,739
730,conditionsOfAccess,33
740,latitude,467
740,audience,7
740,language,3
740,category,45
740,cost,5
740,audience,9
740,availability,8
740,category,38
740,category,2
740,category,2
740,audience,6
740,category,38
740,category,45
740,audience,4
740,category,44
740,category,44
740,service type,10
740,postalCode,143
740,url,469
740,url,468
740,identifier,741
740,name,15
740,name,742
740,hasMap,17
740,areaServed,133
740,provider,740
740,address,472
740,longitude,20
740,availableChannel,743
740,availableChannel,744
740,containedInPlace,151
740,description,740
740,telephone,475
740,text,476
740,xmlschema11-2#time,26
740,xmlschema11-2#time,101
740,xmlschema11-2#time,30
740,xmlschema11-2#time,28
740,xmlschema11-2#time,478
740,xmlschema11-2#time,477
740,xmlschema11-2#time,29
740,conditionsOfAccess,33
745,latitude,746
745,audience,9
745,category,2
745,category,2
745,availability,8
745,audience,6
745,language,3
745,cost,5
745,audience,4
745,service type,10
745,postalCode,55
745,url,108
745,identifier,747
745,name,15
745,name,748
745,hasMap,17
745,areaServed,91
745,provider,745
745,address,749
745,longitude,20
745,availableChannel,750
745,availableChannel,751
745,containedInPlace,67
745,description,745
745,telephone,752
745,text,753
745,xmlschema11-2#time,754
745,xmlschema11-2#time,101
745,xmlschema11-2#time,26
745,xmlschema11-2#time,29
745,xmlschema11-2#time,125
745,xmlschema11-2#time,99
745,xmlschema11-2#time,30
745,conditionsOfAccess,33
755,latitude,756
755,audience,6
755,cost,5
755,audience,7
755,audience,4
755,category,2
755,language,3
755,category,2
755,audience,9
755,availability,8
755,service type,10
755,postalCode,757
755,url,108
755,identifier,758
755,name,15
755,name,759
755,hasMap,17
755,areaServed,91
755,provider,755
755,address,760
755,longitude,20
755,availableChannel,761
755,availableChannel,762
755,containedInPlace,763
755,description,755
755,telephone,764
755,text,765
755,xmlschema11-2#time,125
755,xmlschema11-2#time,29
755,xmlschema11-2#time,101
755,xmlschema11-2#time,26
755,xmlschema11-2#time,154
755,xmlschema11-2#time,99
755,xmlschema11-2#time,30
755,conditionsOfAccess,33
766,latitude,767
766,language,407
766,availability,8
766,category,2
766,audience,4
766,audience,7
766,language,768
766,audience,9
766,cost,5
766,category,2
766,language,3
766,audience,6
766,service type,10
766,postalCode,769
766,url,770
766,url,771
766,identifier,772
766,name,15
766,name,773
766,hasMap,17
766,areaServed,91
766,provider,766
766,address,774
766,longitude,20
766,availableChannel,775
766,availableChannel,776
766,containedInPlace,777
766,description,766
766,telephone,778
766,text,779
766,xmlschema11-2#time,121
766,xmlschema11-2#time,118
766,xmlschema11-2#time,30
766,xmlschema11-2#time,120
766,xmlschema11-2#time,117
766,xmlschema11-2#time,119
766,xmlschema11-2#time,29
766,conditionsOfAccess,33
780,latitude,781
780,category,42
780,language,782
780,language,783
780,language,784
780,category,44
780,category,37
780,audience,6
780,availability,8
780,category,629
780,language,785
780,category,629
780,language,786
780,audience,9
780,category,42
780,language,787
780,language,3
780,audience,788
780,category,789
780,audience,4
780,cost,5
780,language,790
780,audience,7
780,language,791
780,language,792
780,category,44
780,audience,793
780,category,38
780,category,38
780,language,407
780,language,794
780,category,789
780,audience,795
780,language,796
780,category,37
780,service type,10
780,postalCode,797
780,url,798
780,url,799
780,identifier,800
780,name,801
780,name,15
780,hasMap,17
780,areaServed,802
780,provider,780
780,address,803
780,longitude,20
780,availableChannel,804
780,availableChannel,805
780,containedInPlace,806
780,description,780
780,telephone,807
780,text,808
780,xmlschema11-2#time,156
780,xmlschema11-2#time,158
780,xmlschema11-2#time,157
780,xmlschema11-2#time,30
780,xmlschema11-2#time,155
780,xmlschema11-2#time,29
780,xmlschema11-2#time,154
780,conditionsOfAccess,809
810,latitude,811
810,audience,4
810,category,2
810,category,2
810,audience,6
810,cost,5
810,language,3
810,audience,9
810,availability,8
810,service type,10
810,postalCode,812
810,url,108
810,identifier,813
810,name,15
810,name,814
810,hasMap,17
810,areaServed,91
810,provider,810
810,address,815
810,longitude,20
810,availableChannel,816
810,availableChannel,817
810,containedInPlace,818
810,description,810
810,telephone,819
810,text,820
810,xmlschema11-2#time,154
810,xmlschema11-2#time,30
810,xmlschema11-2#time,29
810,xmlschema11-2#time,157
810,xmlschema11-2#time,158
810,xmlschema11-2#time,156
810,xmlschema11-2#time,155
810,conditionsOfAccess,33
821,latitude,822
821,audience,7
821,audience,50
821,audience,6
821,availability,8
821,audience,823
821,category,2
821,audience,9
821,cost,5
821,category,314
821,language,3
821,service type,10
821,postalCode,106
821,url,108
821,identifier,824
821,name,825
821,name,15
821,hasMap,17
821,areaServed,826
821,provider,821
821,address,827
821,longitude,20
821,availableChannel,828
821,availableChannel,829
821,containedInPlace,114
821,description,821
821,telephone,830
821,text,831
821,xmlschema11-2#time,101
821,xmlschema11-2#time,30
821,xmlschema11-2#time,99
821,xmlschema11-2#time,26
821,xmlschema11-2#time,277
821,xmlschema11-2#time,125
821,xmlschema11-2#time,29
821,conditionsOfAccess,832
833,latitude,834
833,audience,50
833,category,2
833,audience,9
833,category,2
833,audience,6
833,availability,8
833,language,3
833,audience,4
833,cost,5
833,audience,7
833,service type,10
833,postalCode,357
833,url,835
833,url,430
833,identifier,836
833,name,837
833,name,15
833,hasMap,17
833,areaServed,91
833,provider,833
833,address,838
833,longitude,20
833,availableChannel,839
833,availableChannel,840
833,containedInPlace,364
833,description,833
833,telephone,841
833,text,842
833,xmlschema11-2#time,101
833,xmlschema11-2#time,843
833,xmlschema11-2#time,30
833,xmlschema11-2#time,125
833,xmlschema11-2#time,99
833,xmlschema11-2#time,465
833,xmlschema11-2#time,29
833,conditionsOfAccess,33
844,latitude,845
844,cost,5
844,language,3
844,audience,6
844,category,2
844,audience,4
844,availability,8
844,audience,7
844,category,2
844,audience,9
844,service type,10
844,postalCode,846
844,url,108
844,url,847
844,identifier,848
844,name,15
844,name,849
844,hasMap,17
844,areaServed,91
844,provider,844
844,address,850
844,longitude,20
844,availableChannel,851
844,availableChannel,852
844,containedInPlace,853
844,description,844
844,telephone,854
844,text,855
844,xmlschema11-2#time,30
844,xmlschema11-2#time,28
844,xmlschema11-2#time,99
844,xmlschema11-2#time,26
844,xmlschema11-2#time,29
844,xmlschema11-2#time,125
844,xmlschema11-2#time,206
844,conditionsOfAccess,33
856,latitude,857
856,audience,4
856,audience,9
856,audience,50
856,category,2
856,availability,8
856,category,234
856,category,2
856,cost,5
856,category,234
856,language,3
856,audience,6
856,service type,10
856,postalCode,858
856,url,108
856,url,859
856,identifier,860
856,name,15
856,name,861
856,hasMap,17
856,areaServed,862
856,provider,856
856,address,863
856,longitude,20
856,availableChannel,864
856,availableChannel,865
856,containedInPlace,866
856,description,856
856,telephone,867
856,text,868
856,xmlschema11-2#time,30
856,xmlschema11-2#time,156
856,xmlschema11-2#time,125
856,xmlschema11-2#time,158
856,xmlschema11-2#time,154
856,xmlschema11-2#time,155
856,conditionsOfAccess,869
870,latitude,871
870,audience,4
870,category,632
870,language,3
870,category,629
870,audience,872
870,category,37
870,language,873
870,language,874
870,category,541
870,category,632
870,audience,6
870,availability,8
870,category,629
870,language,794
870,category,37
870,language,782
870,audience,793
870,cost,5
870,category,541
870,category,2
870,category,2
870,audience,9
870,language,875
870,service type,53
870,service type,10
870,postalCode,143
870,url,876
870,url,877
870,identifier,878
870,name,15
870,name,879
870,hasMap,17
870,areaServed,91
870,provider,870
870,address,880
870,longitude,20
870,longitude,20
870,availableChannel,881
870,availableChannel,882
870,containedInPlace,151
870,description,870
870,telephone,883
870,text,884
870,text,885
870,xmlschema11-2#time,158
870,xmlschema11-2#time,154
870,xmlschema11-2#time,29
870,xmlschema11-2#time,155
870,xmlschema11-2#time,156
870,xmlschema11-2#time,30
870,xmlschema11-2#time,157
870,conditionsOfAccess,886
887,latitude,888
887,availability,8
887,audience,6
887,category,2
887,audience,7
887,audience,4
887,language,3
887,audience,536
887,cost,5
887,audience,9
887,category,2
887,service type,10
887,postalCode,11
887,url,889
887,url,890
887,identifier,891
887,name,15
887,name,892
887,hasMap,17
887,areaServed,91
887,provider,887
887,address,893
887,longitude,20
887,availableChannel,894
887,availableChannel,895
887,containedInPlace,23
887,description,887
887,telephone,896
887,text,897
887,xmlschema11-2#time,30
887,xmlschema11-2#time,158
887,xmlschema11-2#time,157
887,xmlschema11-2#time,154
887,xmlschema11-2#time,29
887,xmlschema11-2#time,156
887,xmlschema11-2#time,155
887,conditionsOfAccess,898
899,latitude,900
899,category,2
899,audience,4
899,availability,8
899,audience,6
899,cost,5
899,audience,9
899,category,2
899,audience,7
899,language,3
899,service type,10
899,postalCode,383
899,url,108
899,identifier,901
899,name,15
899,name,902
899,hasMap,17
899,areaServed,91
899,provider,899
899,address,903
899,longitude,20
899,availableChannel,904
899,availableChannel,905
899,containedInPlace,389
899,description,899
899,telephone,906
899,text,139
899,xmlschema11-2#time,29
899,xmlschema11-2#time,125
899,xmlschema11-2#time,907
899,xmlschema11-2#time,30
899,xmlschema11-2#time,28
899,xmlschema11-2#time,99
899,xmlschema11-2#time,26
899,conditionsOfAccess,33
908,latitude,909
908,category,2
908,availability,8
908,category,2
908,audience,6
908,cost,5
908,audience,4
908,language,3
908,audience,9
908,audience,7
908,service type,10
908,postalCode,910
908,url,108
908,url,911
908,identifier,912
908,name,913
908,name,15
908,hasMap,17
908,areaServed,91
908,provider,908
908,address,914
908,longitude,20
908,availableChannel,915
908,availableChannel,916
908,containedInPlace,917
908,description,908
908,telephone,752
908,text,918
908,xmlschema11-2#time,919
908,xmlschema11-2#time,125
908,xmlschema11-2#time,30
908,xmlschema11-2#time,920
908,xmlschema11-2#time,101
908,xmlschema11-2#time,28
908,xmlschema11-2#time,921
908,conditionsOfAccess,527
922,latitude,923
922,audience,7
922,category,2
922,category,2
922,audience,6
922,audience,9
922,availability,8
922,language,3
922,audience,4
922,cost,5
922,service type,10
922,postalCode,316
922,url,924
922,identifier,925
922,name,926
922,name,15
922,hasMap,17
922,areaServed,91
922,provider,922
922,address,927
922,longitude,20
922,availableChannel,928
922,availableChannel,929
922,containedInPlace,328
922,description,922
922,telephone,930
922,text,931
922,xmlschema11-2#time,28
922,xmlschema11-2#time,101
922,xmlschema11-2#time,29
922,xmlschema11-2#time,99
922,xmlschema11-2#time,125
922,xmlschema11-2#time,26
922,xmlschema11-2#time,580
922,conditionsOfAccess,33
932,latitude,933
932,availability,8
932,language,3
932,cost,5
932,audience,4
932,audience,6
932,category,2
932,category,2
932,audience,7
932,audience,9
932,service type,10
932,postalCode,910
932,url,108
932,url,934
932,identifier,935
932,name,15
932,name,936
932,hasMap,17
932,areaServed,91
932,provider,932
932,address,937
932,longitude,20
932,availableChannel,938
932,availableChannel,939
932,containedInPlace,917
932,description,932
932,telephone,940
932,telephone,941
932,text,942
932,xmlschema11-2#time,943
932,xmlschema11-2#time,30
932,xmlschema11-2#time,26
932,xmlschema11-2#time,125
932,xmlschema11-2#time,28
932,xmlschema11-2#time,29
932,xmlschema11-2#time,101
932,conditionsOfAccess,33
944,latitude,945
944,category,946
944,category,2
944,audience,7
944,availability,8
944,category,946
944,audience,4
944,audience,6
944,audience,9
944,language,3
944,cost,5
944,category,2
944,service type,10
944,postalCode,383
944,url,108
944,identifier,947
944,name,15
944,name,948
944,hasMap,17
944,areaServed,133
944,provider,944
944,address,949
944,longitude,20
944,availableChannel,950
944,availableChannel,951
944,containedInPlace,389
944,description,944
944,telephone,952
944,text,953
944,xmlschema11-2#time,125
944,xmlschema11-2#time,26
944,xmlschema11-2#time,29
944,xmlschema11-2#time,101
944,xmlschema11-2#time,99
944,xmlschema11-2#time,954
944,xmlschema11-2#time,30
944,conditionsOfAccess,527
955,latitude,956
955,audience,9
955,availability,8
955,audience,4
955,audience,6
955,category,2
955,category,2
955,cost,5
955,audience,7
955,language,3
955,service type,10
955,postalCode,910
955,url,108
955,url,957
955,identifier,958
955,name,15
955,name,959
955,hasMap,17
955,areaServed,91
955,provider,955
955,address,960
955,longitude,20
955,availableChannel,961
955,availableChannel,962
955,containedInPlace,917
955,description,955
955,telephone,963
955,text,964
955,xmlschema11-2#time,965
955,xmlschema11-2#time,28
955,xmlschema11-2#time,26
955,xmlschema11-2#time,30
955,xmlschema11-2#time,99
955,xmlschema11-2#time,29
955,xmlschema11-2#time,125
955,conditionsOfAccess,33
966,latitude,967
966,audience,4
966,availability,968
966,cost,5
966,audience,9
966,audience,795
966,audience,6
966,category,2
966,category,2
966,language,3
966,service type,10
966,postalCode,262
966,url,108
966,identifier,969
966,name,970
966,name,15
966,hasMap,17
966,areaServed,133
966,provider,966
966,address,971
966,longitude,20
966,availableChannel,972
966,availableChannel,973
966,containedInPlace,271
966,description,966
966,telephone,974
966,text,975
966,xmlschema11-2#time,29
966,xmlschema11-2#time,976
966,xmlschema11-2#time,504
966,xmlschema11-2#time,101
966,xmlschema11-2#time,30
966,xmlschema11-2#time,977
966,xmlschema11-2#time,125
966,conditionsOfAccess,978
979,latitude,980
979,category,981
979,language,407
979,category,2
979,audience,982
979,availability,968
979,audience,983
979,language,3
979,cost,5
979,category,981
979,audience,50
979,category,2
979,audience,984
979,service type,10
979,postalCode,985
979,url,986
979,url,987
979,identifier,988
979,name,989
979,name,15
979,hasMap,17
979,areaServed,990
979,provider,979
979,address,991
979,longitude,20
979,availableChannel,992
979,availableChannel,993
979,containedInPlace,994
979,description,979
979,telephone,995
979,text,996
979,xmlschema11-2#time,29
979,xmlschema11-2#time,997
979,xmlschema11-2#time,998
979,xmlschema11-2#time,999
979,xmlschema11-2#time,1000
979,xmlschema11-2#time,299
979,xmlschema11-2#time,1001
979,conditionsOfAccess,1002
1003,latitude,1004
1003,cost,5
1003,audience,4
1003,audience,1005
1003,availability,8
1003,audience,50
1003,category,2
1003,category,2
1003,language,3
1003,audience,6
1003,service type,10
1003,postalCode,481
1003,url,108
1003,identifier,1006
1003,name,15
1003,name,1007
1003,hasMap,17
1003,areaServed,91
1003,provider,1003
1003,address,1008
1003,longitude,20
1003,availableChannel,1009
1003,availableChannel,1010
1003,containedInPlace,489
1003,description,1003
1003,telephone,1011
1003,text,1012
1003,xmlschema11-2#time,99
1003,xmlschema11-2#time,125
1003,xmlschema11-2#time,26
1003,xmlschema11-2#time,1013
1003,xmlschema11-2#time,30
1003,xmlschema11-2#time,29
1003,xmlschema11-2#time,28
1003,conditionsOfAccess,1014
1015,latitude,1016
1015,language,407
1015,language,3
1015,category,2
1015,audience,6
1015,audience,7
1015,audience,4
1015,cost,5
1015,category,2
1015,audience,9
1015,availability,8
1015,service type,10
1015,postalCode,221
1015,url,1017
1015,url,108
1015,identifier,1018
1015,name,15
1015,name,1019
1015,hasMap,17
1015,areaServed,91
1015,provider,1015
1015,address,1020
1015,longitude,20
1015,availableChannel,1021
1015,availableChannel,1022
1015,containedInPlace,227
1015,description,1015
1015,telephone,1023
1015,text,1024
1015,xmlschema11-2#time,1025
1015,xmlschema11-2#time,1026
1015,xmlschema11-2#time,99
1015,xmlschema11-2#time,30
1015,xmlschema11-2#time,125
1015,xmlschema11-2#time,29
1015,xmlschema11-2#time,26
1015,xmlschema11-2#time,465
1015,xmlschema11-2#time,1027
1015,conditionsOfAccess,33
1028,latitude,1029
1028,audience,7
1028,audience,9
1028,availability,8
1028,cost,5
1028,language,3
1028,category,2
1028,category,38
1028,service type,10
1028,postalCode,757
1028,url,108
1028,identifier,1030
1028,name,15
1028,name,1031
1028,hasMap,17
1028,areaServed,91
1028,provider,1028
1028,address,1032
1028,longitude,20
1028,availableChannel,1033
1028,availableChannel,1034
1028,containedInPlace,763
1028,description,1028
1028,telephone,1035
1028,text,1036
1028,xmlschema11-2#time,30
1028,xmlschema11-2#time,26
1028,xmlschema11-2#time,206
1028,xmlschema11-2#time,204
1028,xmlschema11-2#time,28
1028,xmlschema11-2#time,29
1028,xmlschema11-2#time,207
1028,conditionsOfAccess,33
1037,latitude,1038
1037,category,2
1037,audience,9
1037,category,2
1037,language,3
1037,audience,7
1037,cost,5
1037,audience,4
1037,availability,8
1037,audience,6
1037,service type,10
1037,postalCode,1039
1037,url,1040
1037,url,1041
1037,identifier,1042
1037,name,1043
1037,name,15
1037,hasMap,17
1037,areaServed,133
1037,provider,1037
1037,address,1044
1037,longitude,20
1037,availableChannel,1045
1037,availableChannel,1046
1037,containedInPlace,1047
1037,description,1037
1037,telephone,1048
1037,text,139
1037,xmlschema11-2#time,295
1037,xmlschema11-2#time,298
1037,xmlschema11-2#time,28
1037,xmlschema11-2#time,30
1037,xmlschema11-2#time,297
1037,xmlschema11-2#time,1049
1037,xmlschema11-2#time,26
1037,xmlschema11-2#time,29
1037,xmlschema11-2#time,125
1037,xmlschema11-2#time,296
1037,xmlschema11-2#time,99
1037,xmlschema11-2#time,299
1037,conditionsOfAccess,33
1050,latitude,1051
1050,latitude,888
1050,audience,6
1050,category,946
1050,audience,7
1050,availability,8
1050,language,3
1050,audience,9
1050,audience,1052
1050,cost,1053
1050,audience,50
1050,category,2
1050,audience,4
1050,service type,10
1050,postalCode,55
1050,postalCode,11
1050,url,1054
1050,url,1055
1050,identifier,1056
1050,name,1057
1050,name,15
1050,hasMap,17
1050,hasMap,17
1050,areaServed,91
1050,provider,1050
1050,address,749
1050,address,893
1050,longitude,20
1050,longitude,20
1050,availableChannel,1058
1050,availableChannel,1059
1050,containedInPlace,67
1050,containedInPlace,23
1050,description,1050
1050,telephone,1060
1050,telephone,1061
1050,text,1062
1050,xmlschema11-2#time,1063
1050,xmlschema11-2#time,1064
1050,xmlschema11-2#time,29
1050,xmlschema11-2#time,99
1050,xmlschema11-2#time,1065
1050,xmlschema11-2#time,101
1050,xmlschema11-2#time,1066
1050,xmlschema11-2#time,125
1050,xmlschema11-2#time,1067
1050,xmlschema11-2#time,30
1050,xmlschema11-2#time,26
1050,xmlschema11-2#time,1068
1050,conditionsOfAccess,1069
1070,latitude,1071
1070,audience,50
1070,category,2
1070,language,3
1070,category,2
1070,availability,8
1070,audience,1072
1070,audience,9
1070,audience,7
1070,cost,5
1070,service type,10
1070,postalCode,383
1070,url,1073
1070,url,1074
1070,identifier,1075
1070,name,1076
1070,name,15
1070,hasMap,17
1070,areaServed,91
1070,provider,1070
1070,address,1077
1070,longitude,20
1070,availableChannel,1078
1070,availableChannel,1079
1070,containedInPlace,389
1070,description,1070
1070,telephone,1080
1070,text,1081
1070,xmlschema11-2#time,29
1070,xmlschema11-2#time,156
1070,xmlschema11-2#time,158
1070,xmlschema11-2#time,30
1070,xmlschema11-2#time,154
1070,xmlschema11-2#time,155
1070,xmlschema11-2#time,157
1070,conditionsOfAccess,33
1082,latitude,1083
1082,availability,105
1082,cost,5
1082,audience,6
1082,language,3
1082,category,2
1082,category,2
1082,audience,9
1082,audience,4
1082,service type,10
1082,postalCode,128
1082,url,108
1082,url,1084
1082,identifier,1085
1082,name,1086
1082,name,15
1082,hasMap,17
1082,areaServed,1087
1082,provider,1082
1082,address,1088
1082,longitude,20
1082,availableChannel,1089
1082,availableChannel,1090
1082,containedInPlace,137
1082,description,1082
1082,telephone,1091
1082,text,1092
1082,xmlschema11-2#time,30
1082,xmlschema11-2#time,1093
1082,xmlschema11-2#time,101
1082,xmlschema11-2#time,29
1082,xmlschema11-2#time,1094
1082,xmlschema11-2#time,28
1082,xmlschema11-2#time,1095
1082,conditionsOfAccess,1096
1097,latitude,1098
1097,language,3
1097,audience,1099
1097,category,1100
1097,category,38
1097,audience,1101
1097,category,629
1097,category,1100
1097,audience,9
1097,category,45
1097,cost,5
1097,category,234
1097,category,38
1097,availability,8
1097,category,234
1097,category,45
1097,category,629
1097,service type,10
1097,postalCode,11
1097,url,1102
1097,url,1103
1097,identifier,1104
1097,name,15
1097,name,1105
1097,hasMap,17
1097,areaServed,1106
1097,provider,1097
1097,address,1107
1097,longitude,20
1097,availableChannel,1108
1097,availableChannel,1109
1097,containedInPlace,23
1097,description,1097
1097,telephone,1110
1097,text,1111
1097,xmlschema11-2#time,155
1097,xmlschema11-2#time,157
1097,xmlschema11-2#time,29
1097,xmlschema11-2#time,30
1097,xmlschema11-2#time,154
1097,xmlschema11-2#time,158
1097,xmlschema11-2#time,156
1097,conditionsOfAccess,427
1112,latitude,1113
1112,language,3
1112,cost,5
1112,availability,8
1112,audience,7
1112,audience,6
1112,audience,4
1112,category,2
1112,audience,9
1112,category,2
1112,service type,10
1112,postalCode,1039
1112,url,108
1112,identifier,1114
1112,name,1115
1112,name,15
1112,hasMap,17
1112,areaServed,91
1112,provider,1112
1112,address,1116
1112,longitude,20
1112,availableChannel,1117
1112,availableChannel,1118
1112,containedInPlace,1047
1112,description,1112
1112,telephone,1119
1112,text,1120
1112,xmlschema11-2#time,1121
1112,xmlschema11-2#time,1122
1112,xmlschema11-2#time,30
1112,xmlschema11-2#time,29
1112,xmlschema11-2#time,1123
1112,xmlschema11-2#time,1124
1112,xmlschema11-2#time,1125
1112,conditionsOfAccess,527
1126,latitude,1127
1126,category,2
1126,audience,795
1126,audience,7
1126,category,2
1126,audience,6
1126,cost,5
1126,availability,8
1126,audience,9
1126,audience,4
1126,language,3
1126,service type,10
1126,postalCode,128
1126,url,108
1126,url,1128
1126,identifier,1129
1126,name,1130
1126,name,15
1126,hasMap,17
1126,areaServed,133
1126,provider,1126
1126,address,1131
1126,longitude,20
1126,availableChannel,1132
1126,availableChannel,1133
1126,containedInPlace,137
1126,description,1126
1126,telephone,1134
1126,text,1135
1126,xmlschema11-2#time,29
1126,xmlschema11-2#time,1136
1126,xmlschema11-2#time,28
1126,xmlschema11-2#time,26
1126,xmlschema11-2#time,30
1126,xmlschema11-2#time,101
1126,xmlschema11-2#time,99
1126,conditionsOfAccess,33
1137,latitude,1138
1137,audience,7
1137,category,314
1137,category,37
1137,cost,5
1137,audience,9
1137,language,3
1137,category,2
1137,availability,8
1137,service type,10
1137,postalCode,718
1137,url,1139
1137,url,1140
1137,identifier,1141
1137,name,15
1137,name,1142
1137,hasMap,17
1137,areaServed,91
1137,provider,1137
1137,address,1143
1137,longitude,20
1137,availableChannel,1144
1137,availableChannel,1145
1137,containedInPlace,726
1137,description,1137
1137,telephone,1146
1137,text,1147
1137,xmlschema11-2#time,30
1137,xmlschema11-2#time,29
1137,xmlschema11-2#time,125
1137,xmlschema11-2#time,1148
1137,xmlschema11-2#time,1149
1137,xmlschema11-2#time,1150
1137,xmlschema11-2#time,1151
1137,conditionsOfAccess,1152
1153,latitude,1154
1153,latitude,1155
1153,availability,8
1153,category,629
1153,language,3
1153,cost,5
1153,audience,9
1153,language,783
1153,audience,48
1153,category,44
1153,category,789
1153,service type,10
1153,service type,634
1153,postalCode,585
1153,postalCode,1156
1153,url,1157
1153,url,108
1153,identifier,1158
1153,name,1159
1153,name,15
1153,hasMap,17
1153,areaServed,133
1153,provider,1153
1153,address,1160
1153,address,1161
1153,longitude,20
1153,longitude,20
1153,availableChannel,1162
1153,availableChannel,1163
1153,containedInPlace,592
1153,containedInPlace,1164
1153,description,1153
1153,telephone,1165
1153,text,1166
1153,xmlschema11-2#time,29
1153,xmlschema11-2#time,249
1153,xmlschema11-2#time,252
1153,xmlschema11-2#time,253
1153,xmlschema11-2#time,250
1153,xmlschema11-2#time,254
1153,xmlschema11-2#time,30
1153,conditionsOfAccess,1167
1168,latitude,1169
1168,audience,4
1168,audience,7
1168,audience,1170
1168,category,38
1168,category,37
1168,audience,48
1168,cost,5
1168,availability,8
1168,category,45
1168,category,2
1168,category,627
1168,audience,6
1168,language,3
1168,category,234
1168,category,1171
1168,audience,9
1168,audience,1172
1168,service type,10
1168,postalCode,161
1168,postalCode,357
1168,url,108
1168,url,1173
1168,identifier,1174
1168,name,15
1168,name,1175
1168,hasMap,17
1168,areaServed,91
1168,provider,1168
1168,address,1176
1168,longitude,20
1168,longitude,20
1168,availableChannel,1177
1168,availableChannel,1178
1168,containedInPlace,168
1168,containedInPlace,364
1168,description,1168
1168,telephone,1179
1168,text,1180
1168,xmlschema11-2#time,101
1168,xmlschema11-2#time,157
1168,xmlschema11-2#time,28
1168,xmlschema11-2#time,125
1168,xmlschema11-2#time,26
1168,xmlschema11-2#time,154
1168,xmlschema11-2#time,158
1168,xmlschema11-2#time,29
1168,xmlschema11-2#time,1181
1168,xmlschema11-2#time,30
1168,xmlschema11-2#time,156
1168,xmlschema11-2#time,155
1168,conditionsOfAccess,33
1182,latitude,1183
1182,latitude,1184
1182,audience,823
1182,audience,1185
1182,language,3
1182,category,49
1182,category,45
1182,availability,8
1182,audience,1186
1182,audience,532
1182,category,531
1182,category,1187
1182,audience,48
1182,audience,1188
1182,category,37
1182,category,1189
1182,category,541
1182,category,1190
1182,category,631
1182,category,44
1182,audience,535
1182,category,629
1182,audience,530
1182,category,46
1182,cost,5
1182,service type,10
1182,service type,634
1182,postalCode,106
1182,url,1191
1182,url,1192
1182,identifier,1193
1182,name,1194
1182,name,15
1182,hasMap,17
1182,areaServed,133
1182,provider,1182
1182,address,1195
1182,address,1196
1182,longitude,20
1182,longitude,20
1182,availableChannel,1197
1182,availableChannel,1198
1182,containedInPlace,114
1182,description,1182
1182,telephone,1199
1182,text,1200
1182,xmlschema11-2#time,652
1182,xmlschema11-2#time,651
1182,xmlschema11-2#time,650
1182,xmlschema11-2#time,649
1182,xmlschema11-2#time,648
1182,xmlschema11-2#time,653
1182,xmlschema11-2#time,647
1182,conditionsOfAccess,1201
1202,latitude,1203
1202,category,41
1202,category,1204
1202,category,1205
1202,audience,50
1202,category,533
1202,category,234
1202,category,1205
1202,category,37
1202,category,533
1202,audience,7
1202,category,234
1202,category,41
1202,category,538
1202,audience,6
1202,availability,8
1202,audience,4
1202,category,39
1202,audience,9
1202,category,37
1202,cost,5
1202,category,39
1202,category,1206
1202,category,1206
1202,category,538
1202,category,1204
1202,audience,1207
1202,category,1208
1202,language,3
1202,category,1208
1202,service type,10
1202,postalCode,1209
1202,url,108
1202,identifier,1210
1202,name,15
1202,name,1211
1202,hasMap,17
1202,areaServed,1212
1202,provider,1202
1202,address,1213
1202,longitude,20
1202,availableChannel,1214
1202,availableChannel,1215
1202,containedInPlace,1216
1202,description,1202
1202,telephone,1217
1202,text,1218
1202,xmlschema11-2#time,156
1202,xmlschema11-2#time,157
1202,xmlschema11-2#time,155
1202,xmlschema11-2#time,29
1202,xmlschema11-2#time,154
1202,xmlschema11-2#time,158
1202,xmlschema11-2#time,30
1202,conditionsOfAccess,427
1219,latitude,1220
1219,availability,8
1219,audience,9
1219,cost,5
1219,audience,7
1219,category,234
1219,language,3
1219,category,2
1219,category,2
1219,audience,6
1219,audience,4
1219,category,234
1219,service type,10
1219,postalCode,439
1219,url,1221
1219,url,108
1219,identifier,1222
1219,name,1223
1219,name,15
1219,hasMap,17
1219,areaServed,91
1219,provider,1219
1219,address,1224
1219,longitude,20
1219,availableChannel,1225
1219,availableChannel,1226
1219,containedInPlace,447
1219,description,1219
1219,telephone,1227
1219,text,1228
1219,xmlschema11-2#time,29
1219,xmlschema11-2#time,154
1219,xmlschema11-2#time,30
1219,xmlschema11-2#time,158
1219,xmlschema11-2#time,155
1219,xmlschema11-2#time,157
1219,xmlschema11-2#time,156
1219,conditionsOfAccess,33
1229,latitude,1230
1229,category,38
1229,language,3
1229,category,1231
1229,cost,5
1229,audience,9
1229,availability,8
1229,category,2
1229,category,49
1229,audience,7
1229,service type,10
1229,postalCode,1232
1229,url,108
1229,identifier,1233
1229,name,15
1229,name,1234
1229,hasMap,17
1229,areaServed,91
1229,provider,1229
1229,address,1235
1229,longitude,20
1229,availableChannel,1236
1229,availableChannel,1237
1229,containedInPlace,1238
1229,description,1229
1229,telephone,1239
1229,text,139
1229,xmlschema11-2#time,30
1229,xmlschema11-2#time,28
1229,xmlschema11-2#time,729
1229,xmlschema11-2#time,29
1229,xmlschema11-2#time,101
1229,xmlschema11-2#time,1240
1229,xmlschema11-2#time,125
1229,conditionsOfAccess,33
1241,latitude,1242
1241,cost,5
1241,availability,8
1241,audience,7
1241,category,2
1241,audience,4
1241,audience,50
1241,language,3
1241,audience,9
1241,audience,6
1241,category,2
1241,service type,10
1241,postalCode,128
1241,url,108
1241,url,1243
1241,identifier,1244
1241,name,15
1241,name,1245
1241,hasMap,17
1241,areaServed,1087
1241,provider,1241
1241,address,1246
1241,longitude,20
1241,availableChannel,1247
1241,availableChannel,1248
1241,containedInPlace,137
1241,description,1241
1241,telephone,1249
1241,text,1250
1241,xmlschema11-2#time,26
1241,xmlschema11-2#time,99
1241,xmlschema11-2#time,29
1241,xmlschema11-2#time,275
1241,xmlschema11-2#time,125
1241,xmlschema11-2#time,28
1241,xmlschema11-2#time,30
1241,conditionsOfAccess,1251
1252,latitude,1253
1252,category,538
1252,category,538
1252,category,2
1252,audience,7
1252,category,946
1252,cost,5
1252,category,946
1252,audience,4
1252,category,2
1252,language,3
1252,availability,968
1252,audience,6
1252,audience,9
1252,service type,10
1252,postalCode,1232
1252,url,1254
1252,identifier,1255
1252,name,1256
1252,name,15
1252,hasMap,17
1252,areaServed,133
1252,provider,1252
1252,address,1257
1252,longitude,20
1252,availableChannel,1258
1252,availableChannel,1259
1252,containedInPlace,1238
1252,description,1252
1252,telephone,1260
1252,text,1261
1252,xmlschema11-2#time,379
1252,xmlschema11-2#time,99
1252,xmlschema11-2#time,26
1252,xmlschema11-2#time,1262
1252,xmlschema11-2#time,29
1252,xmlschema11-2#time,125
1252,xmlschema11-2#time,30
1252,conditionsOfAccess,33
1263,latitude,1264
1263,language,3
1263,audience,7
1263,audience,9
1263,category,2
1263,category,2
1263,availability,8
1263,cost,5
1263,service type,10
1263,postalCode,688
1263,url,108
1263,identifier,1265
1263,name,1266
1263,name,15
1263,hasMap,17
1263,areaServed,1267
1263,provider,1263
1263,address,1268
1263,longitude,20
1263,availableChannel,1269
1263,availableChannel,1270
1263,containedInPlace,697
1263,description,1263
1263,telephone,1271
1263,text,1272
1263,xmlschema11-2#time,29
1263,xmlschema11-2#time,28
1263,xmlschema11-2#time,101
1263,xmlschema11-2#time,1273
1263,xmlschema11-2#time,26
1263,xmlschema11-2#time,1274
1263,xmlschema11-2#time,30
1263,conditionsOfAccess,1275
1276,latitude,1277
1276,latitude,1278
1276,cost,5
1276,language,3
1276,availability,633
1276,audience,9
1276,category,2
1276,category,2
1276,audience,7
1276,service type,10
1276,postalCode,1279
1276,postalCode,106
1276,url,1280
1276,url,1281
1276,identifier,1282
1276,name,15
1276,name,1283
1276,hasMap,17
1276,hasMap,17
1276,areaServed,1284
1276,provider,1276
1276,address,1285
1276,address,1286
1276,longitude,20
1276,longitude,20
1276,availableChannel,1287
1276,availableChannel,1288
1276,containedInPlace,1289
1276,containedInPlace,114
1276,description,1276
1276,telephone,1290
1276,text,1291
1276,xmlschema11-2#time,158
1276,xmlschema11-2#time,155
1276,xmlschema11-2#time,29
1276,xmlschema11-2#time,156
1276,xmlschema11-2#time,154
1276,xmlschema11-2#time,30
1276,xmlschema11-2#time,157
1276,conditionsOfAccess,1292
1293,latitude,1294
1293,category,38
1293,category,38
1293,audience,6
1293,availability,8
1293,language,3
1293,cost,5
1293,audience,7
1293,audience,4
1293,audience,9
1293,category,2
1293,category,44
1293,category,2
1293,category,44
1293,service type,10
1293,postalCode,383
1293,url,1295
1293,url,108
1293,identifier,1296
1293,name,15
1293,name,1297
1293,hasMap,17
1293,areaServed,133
1293,provider,1293
1293,address,1298
1293,longitude,20
1293,availableChannel,1299
1293,availableChannel,1300
1293,containedInPlace,389
1293,description,1293
1293,telephone,1301
1293,text,1302
1293,xmlschema11-2#time,101
1293,xmlschema11-2#time,29
1293,xmlschema11-2#time,30
1293,xmlschema11-2#time,1303
1293,xmlschema11-2#time,26
1293,xmlschema11-2#time,99
1293,xmlschema11-2#time,125
1293,conditionsOfAccess,33
1304,latitude,1305
1304,language,3
1304,category,234
1304,category,2
1304,audience,4
1304,category,234
1304,category,2
1304,audience,9
1304,cost,5
1304,availability,8
1304,audience,6
1304,audience,7
1304,service type,10
1304,postalCode,1306
1304,url,108
1304,url,1307
1304,identifier,1308
1304,name,15
1304,name,1309
1304,hasMap,17
1304,areaServed,91
1304,provider,1304
1304,address,1310
1304,longitude,20
1304,availableChannel,1311
1304,availableChannel,1312
1304,containedInPlace,1313
1304,description,1304
1304,telephone,1314
1304,text,1315
1304,xmlschema11-2#time,156
1304,xmlschema11-2#time,157
1304,xmlschema11-2#time,154
1304,xmlschema11-2#time,29
1304,xmlschema11-2#time,30
1304,xmlschema11-2#time,158
1304,xmlschema11-2#time,155
1304,conditionsOfAccess,33
1316,latitude,1317
1316,audience,9
1316,audience,4
1316,language,3
1316,cost,5
1316,audience,6
1316,category,2
1316,category,2
1316,availability,8
1316,audience,7
1316,service type,10
1316,postalCode,282
1316,url,1318
1316,url,1319
1316,identifier,1320
1316,name,15
1316,name,1321
1316,hasMap,17
1316,areaServed,133
1316,provider,1316
1316,address,1322
1316,longitude,20
1316,availableChannel,1323
1316,availableChannel,1324
1316,containedInPlace,291
1316,description,1316
1316,telephone,1325
1316,text,1326
1316,xmlschema11-2#time,28
1316,xmlschema11-2#time,30
1316,xmlschema11-2#time,843
1316,xmlschema11-2#time,101
1316,xmlschema11-2#time,99
1316,xmlschema11-2#time,125
1316,xmlschema11-2#time,29
1316,conditionsOfAccess,33
1327,latitude,1328
1327,availability,8
1327,language,3
1327,audience,9
1327,audience,7
1327,category,2
1327,cost,5
1327,category,2
1327,audience,6
1327,audience,4
1327,service type,10
1327,postalCode,1329
1327,url,1330
1327,identifier,1331
1327,name,15
1327,name,1332
1327,hasMap,17
1327,areaServed,91
1327,provider,1327
1327,address,1333
1327,longitude,20
1327,availableChannel,1334
1327,availableChannel,1335
1327,containedInPlace,1336
1327,description,1327
1327,telephone,1337
1327,text,1338
1327,xmlschema11-2#time,28
1327,xmlschema11-2#time,26
1327,xmlschema11-2#time,29
1327,xmlschema11-2#time,101
1327,xmlschema11-2#time,1339
1327,xmlschema11-2#time,99
1327,xmlschema11-2#time,125
1327,conditionsOfAccess,1340
1341,latitude,1342
1341,audience,4
1341,audience,9
1341,category,2
1341,cost,5
1341,language,3
1341,category,2
1341,availability,8
1341,audience,6
1341,service type,10
1341,postalCode,316
1341,url,108
1341,identifier,1343
1341,name,1344
1341,name,15
1341,hasMap,17
1341,areaServed,91
1341,provider,1341
1341,address,1345
1341,longitude,20
1341,availableChannel,1346
1341,availableChannel,1347
1341,containedInPlace,328
1341,description,1341
1341,telephone,1348
1341,text,1349
1341,xmlschema11-2#time,99
1341,xmlschema11-2#time,26
1341,xmlschema11-2#time,125
1341,xmlschema11-2#time,29
1341,xmlschema11-2#time,1350
1341,xmlschema11-2#time,28
1341,xmlschema11-2#time,101
1341,conditionsOfAccess,33
1351,latitude,35
1351,audience,4
1351,availability,8
1351,category,2
1351,category,2
1351,language,3
1351,audience,9
1351,audience,6
1351,audience,7
1351,cost,5
1351,service type,10
1351,postalCode,54
1351,url,1352
1351,url,108
1351,identifier,1353
1351,name,15
1351,name,1354
1351,hasMap,17
1351,areaServed,91
1351,provider,1351
1351,address,62
1351,longitude,20
1351,availableChannel,1355
1351,availableChannel,1356
1351,containedInPlace,66
1351,description,1351
1351,telephone,1357
1351,text,1358
1351,xmlschema11-2#time,26
1351,xmlschema11-2#time,739
1351,xmlschema11-2#time,738
1351,xmlschema11-2#time,1359
1351,xmlschema11-2#time,30
1351,xmlschema11-2#time,1360
1351,conditionsOfAccess,33
1361,latitude,1362
1361,audience,7
1361,cost,5
1361,audience,9
1361,category,2
1361,language,3
1361,availability,8
1361,category,2
1361,audience,4
1361,audience,6
1361,service type,10
1361,postalCode,128
1361,url,1363
1361,identifier,1364
1361,name,15
1361,name,1365
1361,hasMap,17
1361,areaServed,91
1361,provider,1361
1361,address,1366
1361,longitude,20
1361,availableChannel,1367
1361,availableChannel,1368
1361,containedInPlace,137
1361,description,1361
1361,telephone,1369
1361,text,1370
1361,xmlschema11-2#time,28
1361,xmlschema11-2#time,1371
1361,xmlschema11-2#time,1372
1361,xmlschema11-2#time,29
1361,xmlschema11-2#time,1373
1361,xmlschema11-2#time,26
1361,xmlschema11-2#time,101
1361,conditionsOfAccess,527
1374,latitude,1375
1374,cost,5
1374,language,3
1374,category,2
1374,availability,8
1374,audience,7
1374,category,2
1374,audience,9
1374,service type,10
1374,postalCode,585
1374,url,1376
1374,url,108
1374,identifier,1377
1374,name,15
1374,name,1378
1374,hasMap,17
1374,areaServed,91
1374,provider,1374
1374,address,1379
1374,longitude,20
1374,availableChannel,1380
1374,availableChannel,1381
1374,containedInPlace,592
1374,description,1374
1374,telephone,1382
1374,text,1383
1374,xmlschema11-2#time,29
1374,xmlschema11-2#time,1384
1374,xmlschema11-2#time,277
1374,xmlschema11-2#time,274
1374,xmlschema11-2#time,1385
1374,xmlschema11-2#time,30
1374,xmlschema11-2#time,1386
1374,conditionsOfAccess,33
1387,latitude,1388
1387,category,1389
1387,language,3
1387,category,314
1387,availability,8
1387,category,234
1387,language,407
1387,audience,4
1387,category,234
1387,category,981
1387,category,1389
1387,audience,50
1387,audience,984
1387,cost,5
1387,language,1390
1387,category,314
1387,audience,6
1387,audience,1101
1387,language,786
1387,audience,9
1387,category,981
1387,service type,10
1387,postalCode,1391
1387,url,1392
1387,url,1393
1387,identifier,1394
1387,name,15
1387,name,1395
1387,hasMap,17
1387,areaServed,1396
1387,provider,1387
1387,address,1397
1387,longitude,20
1387,availableChannel,1398
1387,availableChannel,1399
1387,containedInPlace,1400
1387,description,1387
1387,telephone,1401
1387,text,1402
1387,xmlschema11-2#time,158
1387,xmlschema11-2#time,155
1387,xmlschema11-2#time,30
1387,xmlschema11-2#time,29
1387,xmlschema11-2#time,156
1387,xmlschema11-2#time,154
1387,xmlschema11-2#time,157
1387,conditionsOfAccess,1403
1404,latitude,1405
1404,audience,6
1404,category,2
1404,category,2
1404,audience,9
1404,category,38
1404,availability,8
1404,audience,4
1404,category,38
1404,language,3
1404,cost,5
1404,audience,7
1404,service type,10
1404,postalCode,635
1404,url,1406
1404,url,1407
1404,identifier,1408
1404,name,15
1404,name,1409
1404,hasMap,17
1404,areaServed,91
1404,provider,1404
1404,address,1410
1404,longitude,20
1404,availableChannel,1411
1404,availableChannel,1412
1404,containedInPlace,644
1404,description,1404
1404,telephone,1413
1404,text,1414
1404,xmlschema11-2#time,30
1404,xmlschema11-2#time,28
1404,xmlschema11-2#time,26
1404,xmlschema11-2#time,101
1404,xmlschema11-2#time,274
1404,xmlschema11-2#time,276
1404,xmlschema11-2#time,29
1404,conditionsOfAccess,33
1415,latitude,1416
1415,audience,9
1415,audience,4
1415,cost,5
1415,category,631
1415,audience,7
1415,category,38
1415,category,2
1415,category,631
1415,category,45
1415,audience,6
1415,category,2
1415,category,44
1415,category,44
1415,category,45
1415,language,3
1415,availability,8
1415,category,38
1415,audience,50
1415,service type,10
1415,postalCode,221
1415,url,1417
1415,url,1418
1415,identifier,1419
1415,name,1420
1415,name,15
1415,hasMap,17
1415,areaServed,133
1415,provider,1415
1415,address,1421
1415,longitude,20
1415,availableChannel,1422
1415,availableChannel,1423
1415,containedInPlace,227
1415,description,1415
1415,telephone,1424
1415,text,1425
1415,xmlschema11-2#time,101
1415,xmlschema11-2#time,28
1415,xmlschema11-2#time,30
1415,xmlschema11-2#time,99
1415,xmlschema11-2#time,125
1415,xmlschema11-2#time,26
1415,xmlschema11-2#time,404
1415,conditionsOfAccess,33
1426,latitude,1427
1426,latitude,1428
1426,audience,6
1426,audience,9
1426,category,627
1426,category,37
1426,availability,8
1426,category,38
1426,category,627
1426,category,234
1426,category,37
1426,audience,4
1426,cost,5
1426,category,2
1426,audience,7
1426,language,3
1426,category,1429
1426,category,2
1426,category,38
1426,category,234
1426,category,1429
1426,service type,10
1426,postalCode,128
1426,postalCode,161
1426,url,1430
1426,url,1431
1426,identifier,1432
1426,name,1433
1426,name,15
1426,hasMap,17
1426,hasMap,17
1426,areaServed,91
1426,provider,1426
1426,address,1131
1426,address,1434
1426,longitude,20
1426,longitude,20
1426,availableChannel,1435
1426,availableChannel,1436
1426,containedInPlace,137
1426,containedInPlace,168
1426,description,1426
1426,telephone,1437
1426,text,1438
1426,text,1439
1426,xmlschema11-2#time,157
1426,xmlschema11-2#time,30
1426,xmlschema11-2#time,253
1426,xmlschema11-2#time,249
1426,xmlschema11-2#time,158
1426,xmlschema11-2#time,156
1426,xmlschema11-2#time,155
1426,xmlschema11-2#time,250
1426,xmlschema11-2#time,254
1426,xmlschema11-2#time,29
1426,xmlschema11-2#time,154
1426,xmlschema11-2#time,252
1426,conditionsOfAccess,33
1440,latitude,1441
1440,availability,8
1440,audience,7
1440,category,2
1440,language,3
1440,category,2
1440,audience,9
1440,cost,5
1440,service type,10
1440,postalCode,1039
1440,url,108
1440,url,1442
1440,identifier,1443
1440,name,1444
1440,name,15
1440,hasMap,17
1440,areaServed,133
1440,provider,1440
1440,address,1445
1440,longitude,20
1440,availableChannel,1446
1440,availableChannel,1447
1440,containedInPlace,1047
1440,description,1440
1440,telephone,1448
1440,text,1449
1440,xmlschema11-2#time,101
1440,xmlschema11-2#time,28
1440,xmlschema11-2#time,125
1440,xmlschema11-2#time,276
1440,xmlschema11-2#time,29
1440,xmlschema11-2#time,26
1440,xmlschema11-2#time,30
1440,conditionsOfAccess,33
1450,latitude,1451
1450,category,2
1450,category,2
1450,audience,9
1450,audience,6
1450,audience,4
1450,audience,7
1450,cost,5
1450,availability,8
1450,language,3
1450,service type,10
1450,postalCode,769
1450,url,1452
1450,url,108
1450,identifier,1453
1450,name,1454
1450,name,15
1450,hasMap,17
1450,areaServed,133
1450,provider,1450
1450,address,1455
1450,longitude,20
1450,availableChannel,1456
1450,availableChannel,1457
1450,containedInPlace,777
1450,description,1450
1450,telephone,1458
1450,text,1459
1450,xmlschema11-2#time,30
1450,xmlschema11-2#time,99
1450,xmlschema11-2#time,125
1450,xmlschema11-2#time,29
1450,xmlschema11-2#time,28
1450,xmlschema11-2#time,26
1450,xmlschema11-2#time,1460
1450,conditionsOfAccess,33
1461,latitude,1462
1461,audience,50
1461,language,3
1461,category,2
1461,audience,9
1461,audience,6
1461,audience,7
1461,cost,5
1461,availability,8
1461,audience,4
1461,category,2
1461,service type,10
1461,postalCode,54
1461,url,1463
1461,url,108
1461,identifier,1464
1461,name,15
1461,name,1465
1461,hasMap,17
1461,areaServed,133
1461,provider,1461
1461,address,1466
1461,longitude,20
1461,availableChannel,1467
1461,availableChannel,1468
1461,containedInPlace,66
1461,description,1461
1461,telephone,1469
1461,text,1470
1461,xmlschema11-2#time,30
1461,xmlschema11-2#time,26
1461,xmlschema11-2#time,101
1461,xmlschema11-2#time,99
1461,xmlschema11-2#time,125
1461,xmlschema11-2#time,29
1461,xmlschema11-2#time,277
1461,conditionsOfAccess,33
1471,latitude,1472
1471,language,3
1471,cost,5
1471,category,2
1471,audience,7
1471,availability,8
1471,category,2
1471,audience,6
1471,audience,4
1471,audience,9
1471,service type,10
1471,postalCode,657
1471,url,108
1471,url,1473
1471,identifier,1474
1471,name,1475
1471,name,15
1471,hasMap,17
1471,areaServed,91
1471,provider,1471
1471,address,1476
1471,longitude,20
1471,availableChannel,1477
1471,availableChannel,1478
1471,containedInPlace,665
1471,description,1471
1471,telephone,1479
1471,text,1480
1471,xmlschema11-2#time,26
1471,xmlschema11-2#time,1481
1471,xmlschema11-2#time,99
1471,xmlschema11-2#time,101
1471,xmlschema11-2#time,29
1471,xmlschema11-2#time,125
1471,xmlschema11-2#time,30
1471,conditionsOfAccess,527
1482,latitude,1483
1482,language,3
1482,audience,9
1482,cost,5
1482,category,2
1482,audience,7
1482,availability,8
1482,category,2
1482,service type,10
1482,postalCode,1232
1482,url,108
1482,url,1484
1482,identifier,1485
1482,name,15
1482,name,1486
1482,hasMap,17
1482,areaServed,91
1482,provider,1482
1482,address,1235
1482,longitude,20
1482,availableChannel,1487
1482,availableChannel,1488
1482,containedInPlace,1238
1482,description,1482
1482,telephone,1489
1482,text,1490
1482,xmlschema11-2#time,29
1482,xmlschema11-2#time,125
1482,xmlschema11-2#time,729
1482,xmlschema11-2#time,1240
1482,xmlschema11-2#time,30
1482,xmlschema11-2#time,101
1482,xmlschema11-2#time,28
1482,conditionsOfAccess,33
1491,latitude,1492
1491,category,2
1491,cost,5
1491,audience,7
1491,availability,8
1491,category,1208
1491,audience,9
1491,language,3
1491,audience,6
1491,audience,4
1491,category,1208
1491,category,314
1491,category,314
1491,category,2
1491,service type,10
1491,postalCode,161
1491,url,108
1491,url,1493
1491,identifier,1494
1491,name,15
1491,name,1495
1491,hasMap,17
1491,areaServed,133
1491,provider,1491
1491,address,1496
1491,longitude,20
1491,availableChannel,1497
1491,availableChannel,1498
1491,containedInPlace,168
1491,description,1491
1491,telephone,1499
1491,text,1500
1491,xmlschema11-2#time,29
1491,xmlschema11-2#time,218
1491,xmlschema11-2#time,28
1491,xmlschema11-2#time,101
1491,xmlschema11-2#time,1501
1491,xmlschema11-2#time,125
1491,xmlschema11-2#time,1502
1491,conditionsOfAccess,33
1503,latitude,1
1503,availability,8
1503,language,3
1503,audience,6
1503,audience,4
1503,category,234
1503,cost,5
1503,audience,9
1503,category,234
1503,service type,10
1503,postalCode,11
1503,url,56
1503,url,57
1503,identifier,1504
1503,name,15
1503,name,1505
1503,hasMap,17
1503,areaServed,91
1503,provider,1503
1503,address,19
1503,longitude,20
1503,availableChannel,1506
1503,availableChannel,1507
1503,containedInPlace,23
1503,description,1503
1503,telephone,1508
1503,text,1509
1503,xmlschema11-2#time,1510
1503,xmlschema11-2#time,26
1503,xmlschema11-2#time,30
1503,xmlschema11-2#time,29
1503,xmlschema11-2#time,1511
1503,xmlschema11-2#time,1512
1503,xmlschema11-2#time,1513
1503,conditionsOfAccess,1514
1515,latitude,1516
1515,availability,8
1515,audience,7
1515,audience,9
1515,audience,6
1515,language,3
1515,cost,5
1515,category,234
1515,category,2
1515,category,234
1515,audience,4
1515,category,2
1515,service type,10
1515,postalCode,657
1515,url,1517
1515,url,1518
1515,identifier,1519
1515,name,1520
1515,name,15
1515,hasMap,17
1515,areaServed,91
1515,provider,1515
1515,address,1521
1515,longitude,20
1515,availableChannel,1522
1515,availableChannel,1523
1515,containedInPlace,665
1515,description,1515
1515,telephone,1524
1515,text,1525
1515,xmlschema11-2#time,155
1515,xmlschema11-2#time,1526
1515,xmlschema11-2#time,30
1515,xmlschema11-2#time,26
1515,xmlschema11-2#time,1527
1515,xmlschema11-2#time,1528
1515,xmlschema11-2#time,156
1515,xmlschema11-2#time,157
1515,xmlschema11-2#time,29
1515,xmlschema11-2#time,154
1515,xmlschema11-2#time,125
1515,xmlschema11-2#time,158
1515,conditionsOfAccess,1529
1530,latitude,1531
1530,availability,8
1530,category,2
1530,audience,9
1530,audience,4
1530,cost,5
1530,category,2
1530,audience,1532
1530,language,3
1530,audience,536
1530,audience,6
1530,service type,10
1530,postalCode,317
1530,url,1533
1530,url,1534
1530,identifier,1535
1530,name,15
1530,name,1536
1530,hasMap,17
1530,areaServed,91
1530,provider,1530
1530,address,1537
1530,longitude,20
1530,availableChannel,1538
1530,availableChannel,1539
1530,containedInPlace,329
1530,description,1530
1530,telephone,1540
1530,text,1541
1530,xmlschema11-2#time,29
1530,xmlschema11-2#time,1542
1530,xmlschema11-2#time,1543
1530,xmlschema11-2#time,1544
1530,xmlschema11-2#time,30
1530,xmlschema11-2#time,1545
1530,xmlschema11-2#time,1546
1530,conditionsOfAccess,1547
1548,latitude,1549
1548,language,407
1548,category,2
1548,category,37
1548,category,37
1548,category,38
1548,audience,9
1548,category,38
1548,category,542
1548,language,3
1548,cost,5
1548,category,2
1548,category,1550
1548,category,628
1548,category,39
1548,audience,872
1548,availability,8
1548,category,542
1548,category,628
1548,category,39
1548,category,1550
1548,service type,10
1548,postalCode,769
1548,url,108
1548,identifier,1551
1548,name,15
1548,name,1552
1548,hasMap,17
1548,areaServed,133
1548,provider,1548
1548,address,1553
1548,longitude,20
1548,availableChannel,1554
1548,availableChannel,1555
1548,containedInPlace,777
1548,description,1548
1548,telephone,1556
1548,text,1557
1548,xmlschema11-2#time,1558
1548,xmlschema11-2#time,1559
1548,xmlschema11-2#time,1560
1548,xmlschema11-2#time,1561
1548,xmlschema11-2#time,30
1548,xmlschema11-2#time,1562
1548,xmlschema11-2#time,29
1548,conditionsOfAccess,1563
1564,latitude,1565
1564,category,946
1564,category,2
1564,cost,5
1564,category,2
1564,audience,532
1564,audience,4
1564,language,407
1564,language,3
1564,category,44
1564,category,946
1564,category,44
1564,audience,1186
1564,availability,105
1564,service type,10
1564,postalCode,439
1564,url,1566
1564,url,1567
1564,identifier,1568
1564,name,1569
1564,name,15
1564,hasMap,17
1564,areaServed,1570
1564,provider,1564
1564,address,444
1564,longitude,20
1564,availableChannel,1571
1564,availableChannel,1572
1564,containedInPlace,447
1564,description,1564
1564,telephone,1573
1564,text,1574
1564,xmlschema11-2#time,125
1564,xmlschema11-2#time,101
1564,xmlschema11-2#time,29
1564,xmlschema11-2#time,99
1564,xmlschema11-2#time,30
1564,xmlschema11-2#time,1575
1564,xmlschema11-2#time,28
1564,conditionsOfAccess,1576
1577,latitude,1578
1577,language,3
1577,category,2
1577,audience,6
1577,audience,9
1577,audience,7
1577,availability,8
1577,cost,5
1577,category,2
1577,audience,4
1577,service type,10
1577,postalCode,657
1577,url,108
1577,url,1579
1577,identifier,1580
1577,name,1581
1577,name,15
1577,hasMap,17
1577,areaServed,133
1577,provider,1577
1577,address,1582
1577,longitude,20
1577,availableChannel,1583
1577,availableChannel,1584
1577,containedInPlace,665
1577,description,1577
1577,telephone,1585
1577,text,139
1577,xmlschema11-2#time,29
1577,xmlschema11-2#time,125
1577,xmlschema11-2#time,965
1577,xmlschema11-2#time,26
1577,xmlschema11-2#time,30
1577,xmlschema11-2#time,99
1577,xmlschema11-2#time,28
1577,conditionsOfAccess,33
1586,latitude,1587
1586,category,1588
1586,category,1171
1586,category,1589
1586,category,1204
1586,category,673
1586,language,3
1586,category,531
1586,category,1590
1586,availability,8
1586,category,37
1586,cost,1053
1586,audience,530
1586,category,1591
1586,category,42
1586,category,1592
1586,category,1590
1586,category,1171
1586,category,37
1586,category,1592
1586,category,1591
1586,category,1589
1586,category,42
1586,category,1593
1586,category,673
1586,audience,4
1586,audience,983
1586,category,1204
1586,audience,1594
1586,audience,532
1586,category,531
1586,category,1593
1586,audience,1172
1586,category,1588
1586,service type,10
1586,postalCode,1595
1586,url,108
1586,identifier,1596
1586,name,15
1586,name,1597
1586,hasMap,17
1586,areaServed,133
1586,provider,1586
1586,address,1598
1586,longitude,20
1586,availableChannel,1599
1586,availableChannel,1600
1586,containedInPlace,1601
1586,description,1586
1586,telephone,1602
1586,text,1603
1586,xmlschema11-2#time,1604
1586,xmlschema11-2#time,1605
1586,xmlschema11-2#time,1606
1586,xmlschema11-2#time,1607
1586,xmlschema11-2#time,1608
1586,xmlschema11-2#time,1609
1586,xmlschema11-2#time,1610
1586,conditionsOfAccess,427
1611,latitude,1565
1611,language,3
1611,audience,6
1611,category,234
1611,audience,9
1611,audience,7
1611,cost,5
1611,category,2
1611,availability,8
1611,audience,4
1611,service type,10
1611,postalCode,439
1611,url,108
1611,url,1612
1611,identifier,1613
1611,name,15
1611,name,1614
1611,hasMap,17
1611,areaServed,1615
1611,provider,1611
1611,address,444
1611,longitude,20
1611,availableChannel,1616
1611,availableChannel,1617
1611,containedInPlace,447
1611,description,1611
1611,telephone,448
1611,text,1618
1611,xmlschema11-2#time,1619
1611,xmlschema11-2#time,1620
1611,xmlschema11-2#time,125
1611,xmlschema11-2#time,1621
1611,xmlschema11-2#time,26
1611,xmlschema11-2#time,1622
1611,xmlschema11-2#time,29
1611,conditionsOfAccess,1623
1624,latitude,1625
1624,audience,795
1624,category,234
1624,category,44
1624,audience,9
1624,category,234
1624,audience,7
1624,category,2
1624,category,2
1624,availability,8
1624,category,44
1624,language,3
1624,cost,5
1624,service type,10
1624,postalCode,317
1624,url,1626
1624,url,1627
1624,identifier,1628
1624,name,1629
1624,name,15
1624,hasMap,17
1624,areaServed,91
1624,provider,1624
1624,address,1630
1624,longitude,20
1624,availableChannel,1631
1624,availableChannel,1632
1624,containedInPlace,329
1624,description,1624
1624,telephone,752
1624,text,1633
1624,xmlschema11-2#time,649
1624,xmlschema11-2#time,647
1624,xmlschema11-2#time,648
1624,xmlschema11-2#time,653
1624,xmlschema11-2#time,650
1624,xmlschema11-2#time,652
1624,xmlschema11-2#time,651
1624,conditionsOfAccess,33
1634,latitude,1635
1634,language,3
1634,audience,6
1634,audience,4
1634,category,1636
1634,category,1637
1634,audience,630
1634,audience,530
1634,cost,5
1634,audience,1638
1634,category,314
1634,category,281
1634,audience,532
1634,availability,8
1634,audience,7
1634,audience,1639
1634,audience,1594
1634,category,2
1634,category,1640
1634,audience,983
1634,category,1641
1634,category,1642
1634,service type,10
1634,postalCode,316
1634,url,108
1634,identifier,1643
1634,name,15
1634,name,1644
1634,hasMap,17
1634,areaServed,133
1634,provider,1634
1634,address,1645
1634,address,1646
1634,longitude,20
1634,availableChannel,1647
1634,availableChannel,1648
1634,containedInPlace,328
1634,description,1634
1634,telephone,1649
1634,telephone,1650
1634,text,1651
1634,xmlschema11-2#time,1652
1634,xmlschema11-2#time,29
1634,xmlschema11-2#time,1653
1634,xmlschema11-2#time,26
1634,xmlschema11-2#time,30
1634,xmlschema11-2#time,28
1634,xmlschema11-2#time,1654
1634,conditionsOfAccess,33
1655,latitude,1656
1655,category,2
1655,category,2
1655,audience,6
1655,audience,4
1655,language,3
1655,availability,8
1655,audience,9
1655,cost,5
1655,service type,10
1655,postalCode,1279
1655,url,108
1655,identifier,1657
1655,name,1658
1655,name,15
1655,hasMap,17
1655,areaServed,91
1655,provider,1655
1655,address,1659
1655,longitude,20
1655,availableChannel,1660
1655,availableChannel,1661
1655,containedInPlace,1289
1655,description,1655
1655,telephone,752
1655,text,753
1655,xmlschema11-2#time,101
1655,xmlschema11-2#time,99
1655,xmlschema11-2#time,125
1655,xmlschema11-2#time,28
1655,xmlschema11-2#time,29
1655,xmlschema11-2#time,1662
1655,xmlschema11-2#time,30
1655,conditionsOfAccess,33
1663,latitude,1664
1663,cost,5
1663,availability,8
1663,category,2
1663,category,2
1663,audience,7
1663,category,234
1663,language,3
1663,category,234
1663,audience,9
1663,service type,10
1663,postalCode,316
1663,url,108
1663,identifier,1665
1663,name,1666
1663,name,15
1663,hasMap,17
1663,areaServed,91
1663,provider,1663
1663,address,1667
1663,longitude,20
1663,availableChannel,1668
1663,availableChannel,1669
1663,containedInPlace,328
1663,description,1663
1663,telephone,1670
1663,text,1671
1663,xmlschema11-2#time,154
1663,xmlschema11-2#time,29
1663,xmlschema11-2#time,30
1663,xmlschema11-2#time,156
1663,xmlschema11-2#time,155
1663,xmlschema11-2#time,157
1663,xmlschema11-2#time,158
1663,conditionsOfAccess,33
1672,latitude,36
1672,language,3
1672,category,2
1672,audience,9
1672,audience,50
1672,audience,52
1672,audience,7
1672,cost,5
1672,audience,48
1672,category,2
1672,availability,8
1672,audience,4
1672,audience,6
1672,service type,10
1672,postalCode,55
1672,url,56
1672,url,1673
1672,identifier,1674
1672,name,1675
1672,name,15
1672,hasMap,17
1672,areaServed,91
1672,provider,1672
1672,address,63
1672,longitude,20
1672,availableChannel,1676
1672,availableChannel,1677
1672,containedInPlace,67
1672,description,1672
1672,telephone,1678
1672,text,1679
1672,xmlschema11-2#time,738
1672,xmlschema11-2#time,30
1672,xmlschema11-2#time,1360
1672,xmlschema11-2#time,739
1672,xmlschema11-2#time,921
1672,xmlschema11-2#time,29
1672,xmlschema11-2#time,737
1672,conditionsOfAccess,33
1680,latitude,1681
1680,audience,6
1680,language,3
1680,category,2
1680,audience,7
1680,availability,8
1680,audience,9
1680,audience,4
1680,cost,5
1680,category,2
1680,service type,10
1680,postalCode,910
1680,url,1682
1680,url,108
1680,identifier,1683
1680,name,1684
1680,name,15
1680,hasMap,17
1680,areaServed,91
1680,provider,1680
1680,address,1685
1680,longitude,20
1680,availableChannel,1686
1680,availableChannel,1687
1680,containedInPlace,917
1680,description,1680
1680,telephone,1688
1680,text,1689
1680,xmlschema11-2#time,1690
1680,xmlschema11-2#time,30
1680,xmlschema11-2#time,125
1680,xmlschema11-2#time,1691
1680,xmlschema11-2#time,26
1680,xmlschema11-2#time,29
1680,xmlschema11-2#time,99
1680,conditionsOfAccess,300
1692,latitude,1693
1692,category,45
1692,cost,5
1692,availability,8
1692,language,3
1692,category,2
1692,audience,4
1692,audience,6
1692,audience,9
1692,service type,10
1692,postalCode,357
1692,url,1694
1692,url,108
1692,identifier,1695
1692,name,15
1692,name,1696
1692,hasMap,17
1692,areaServed,91
1692,provider,1692
1692,address,1697
1692,longitude,20
1692,availableChannel,1698
1692,availableChannel,1699
1692,containedInPlace,364
1692,description,1692
1692,telephone,1700
1692,text,1701
1692,xmlschema11-2#time,465
1692,xmlschema11-2#time,30
1692,xmlschema11-2#time,1025
1692,xmlschema11-2#time,26
1692,xmlschema11-2#time,1702
1692,xmlschema11-2#time,125
1692,xmlschema11-2#time,99
1692,conditionsOfAccess,33
1703,latitude,1704
1703,cost,5
1703,category,2
1703,language,786
1703,audience,4
1703,audience,6
1703,audience,7
1703,audience,9
1703,language,3
1703,category,2
1703,availability,8
1703,service type,10
1703,postalCode,1705
1703,url,108
1703,url,1706
1703,identifier,1707
1703,name,1708
1703,name,15
1703,hasMap,17
1703,areaServed,133
1703,provider,1703
1703,address,1709
1703,longitude,20
1703,availableChannel,1710
1703,availableChannel,1711
1703,containedInPlace,1712
1703,description,1703
1703,telephone,1713
1703,text,139
1703,xmlschema11-2#time,29
1703,xmlschema11-2#time,30
1703,xmlschema11-2#time,157
1703,xmlschema11-2#time,155
1703,xmlschema11-2#time,156
1703,xmlschema11-2#time,158
1703,xmlschema11-2#time,154
1703,conditionsOfAccess,33
1714,latitude,1715
1714,category,234
1714,cost,5
1714,category,234
1714,category,47
1714,category,47
1714,audience,50
1714,category,314
1714,audience,6
1714,language,3
1714,audience,983
1714,category,1716
1714,category,1716
1714,audience,4
1714,availability,8
1714,audience,823
1714,category,314
1714,service type,10
1714,postalCode,143
1714,url,108
1714,identifier,1717
1714,name,15
1714,name,1718
1714,hasMap,17
1714,areaServed,133
1714,provider,1714
1714,address,1719
1714,longitude,20
1714,availableChannel,1720
1714,availableChannel,1721
1714,containedInPlace,151
1714,description,1714
1714,telephone,1722
1714,text,1723
1714,xmlschema11-2#time,1724
1714,xmlschema11-2#time,1725
1714,xmlschema11-2#time,1726
1714,xmlschema11-2#time,29
1714,xmlschema11-2#time,1727
1714,xmlschema11-2#time,1728
1714,xmlschema11-2#time,30
1714,conditionsOfAccess,1729
1730,latitude,1375
1730,availability,8
1730,category,2
1730,audience,7
1730,category,2
1730,language,3
1730,cost,5
1730,audience,9
1730,service type,10
1730,postalCode,585
1730,url,108
1730,url,1731
1730,identifier,1732
1730,name,1733
1730,name,15
1730,hasMap,17
1730,areaServed,91
1730,provider,1730
1730,address,1379
1730,longitude,20
1730,availableChannel,1734
1730,availableChannel,1735
1730,containedInPlace,592
1730,description,1730
1730,telephone,1382
1730,text,1736
1730,xmlschema11-2#time,29
1730,xmlschema11-2#time,977
1730,xmlschema11-2#time,30
1730,xmlschema11-2#time,274
1730,xmlschema11-2#time,907
1730,xmlschema11-2#time,277
1730,xmlschema11-2#time,1737
1730,conditionsOfAccess,300
1738,latitude,1739
1738,audience,6
1738,audience,4
1738,language,407
1738,category,37
1738,availability,8
1738,audience,7
1738,audience,788
1738,category,2
1738,category,2
1738,cost,5
1738,category,38
1738,audience,9
1738,language,3
1738,category,37
1738,category,38
1738,service type,10
1738,postalCode,161
1738,url,1740
1738,url,1741
1738,identifier,1742
1738,name,15
1738,name,1743
1738,hasMap,17
1738,areaServed,133
1738,provider,1738
1738,address,1744
1738,longitude,20
1738,availableChannel,1745
1738,availableChannel,1746
1738,containedInPlace,168
1738,description,1738
1738,telephone,1747
1738,text,1748
1738,xmlschema11-2#time,1749
1738,xmlschema11-2#time,99
1738,xmlschema11-2#time,29
1738,xmlschema11-2#time,30
1738,xmlschema11-2#time,28
1738,xmlschema11-2#time,1750
1738,xmlschema11-2#time,1751
1738,conditionsOfAccess,33
1752,latitude,1753
1752,category,2
1752,audience,9
1752,availability,8
1752,audience,7
1752,audience,4
1752,language,3
1752,audience,6
1752,category,2
1752,cost,5
1752,service type,10
1752,postalCode,812
1752,url,1754
1752,identifier,1755
1752,name,15
1752,name,1756
1752,hasMap,17
1752,areaServed,91
1752,provider,1752
1752,address,1757
1752,longitude,20
1752,availableChannel,1758
1752,availableChannel,1759
1752,containedInPlace,818
1752,description,1752
1752,telephone,1760
1752,text,1761
1752,xmlschema11-2#time,125
1752,xmlschema11-2#time,30
1752,xmlschema11-2#time,1762
1752,xmlschema11-2#time,26
1752,xmlschema11-2#time,29
1752,xmlschema11-2#time,28
1752,xmlschema11-2#time,99
1752,conditionsOfAccess,33
1763,latitude,1764
1763,audience,872
1763,category,37
1763,category,2
1763,category,946
1763,audience,9
1763,cost,5
1763,category,2
1763,audience,6
1763,category,37
1763,category,234
1763,availability,8
1763,audience,793
1763,category,946
1763,audience,1765
1763,audience,4
1763,category,234
1763,language,3
1763,service type,10
1763,postalCode,812
1763,url,1766
1763,url,108
1763,identifier,1767
1763,name,1768
1763,name,15
1763,hasMap,17
1763,areaServed,133
1763,provider,1763
1763,address,1769
1763,longitude,20
1763,availableChannel,1770
1763,availableChannel,1771
1763,containedInPlace,818
1763,description,1763
1763,telephone,1772
1763,text,1773
1763,xmlschema11-2#time,29
1763,xmlschema11-2#time,1774
1763,xmlschema11-2#time,1775
1763,xmlschema11-2#time,1776
1763,xmlschema11-2#time,1777
1763,xmlschema11-2#time,125
1763,xmlschema11-2#time,1778
1763,conditionsOfAccess,427
1779,latitude,1780
1779,category,2
1779,cost,5
1779,audience,4
1779,audience,9
1779,availability,8
1779,category,2
1779,audience,6
1779,language,3
1779,service type,10
1779,postalCode,55
1779,url,108
1779,identifier,1781
1779,name,1782
1779,name,15
1779,hasMap,17
1779,areaServed,133
1779,provider,1779
1779,address,1783
1779,longitude,20
1779,availableChannel,1784
1779,availableChannel,1785
1779,containedInPlace,67
1779,description,1779
1779,telephone,1786
1779,text,1787
1779,xmlschema11-2#time,29
1779,xmlschema11-2#time,28
1779,xmlschema11-2#time,30
1779,xmlschema11-2#time,26
1779,xmlschema11-2#time,101
1779,xmlschema11-2#time,125
1779,xmlschema11-2#time,595
1779,conditionsOfAccess,1788
1789,latitude,1790
1789,audience,9
1789,audience,7
1789,audience,4
1789,availability,8
1789,language,3
1789,category,2
1789,audience,6
1789,category,2
1789,cost,5
1789,service type,10
1789,postalCode,128
1789,url,108
1789,url,1791
1789,identifier,1792
1789,name,15
1789,name,1793
1789,hasMap,17
1789,areaServed,91
1789,provider,1789
1789,address,1794
1789,longitude,20
1789,availableChannel,1795
1789,availableChannel,1796
1789,containedInPlace,137
1789,description,1789
1789,telephone,1797
1789,text,139
1789,xmlschema11-2#time,125
1789,xmlschema11-2#time,28
1789,xmlschema11-2#time,504
1789,xmlschema11-2#time,101
1789,xmlschema11-2#time,30
1789,xmlschema11-2#time,26
1789,xmlschema11-2#time,29
1789,conditionsOfAccess,33
1798,latitude,1799
1798,cost,5
1798,audience,9
1798,category,2
1798,audience,4
1798,category,2
1798,audience,7
1798,language,3
1798,availability,8
1798,audience,6
1798,service type,10
1798,postalCode,481
1798,url,108
1798,identifier,1800
1798,name,1801
1798,name,15
1798,hasMap,17
1798,areaServed,133
1798,provider,1798
1798,address,1802
1798,longitude,20
1798,availableChannel,1803
1798,availableChannel,1804
1798,containedInPlace,489
1798,description,1798
1798,telephone,1805
1798,text,1806
1798,xmlschema11-2#time,943
1798,xmlschema11-2#time,1807
1798,xmlschema11-2#time,30
1798,xmlschema11-2#time,28
1798,xmlschema11-2#time,29
1798,xmlschema11-2#time,26
1798,xmlschema11-2#time,101
1798,conditionsOfAccess,33
1808,latitude,1809
1808,audience,9
1808,audience,6
1808,category,2
1808,cost,5
1808,language,3
1808,availability,8
1808,audience,4
1808,audience,7
1808,category,2
1808,service type,10
1808,postalCode,1810
1808,url,1811
1808,identifier,1812
1808,name,15
1808,name,1813
1808,hasMap,17
1808,areaServed,91
1808,provider,1808
1808,address,1814
1808,longitude,20
1808,availableChannel,1815
1808,availableChannel,1816
1808,containedInPlace,1817
1808,description,1808
1808,telephone,1818
1808,text,1819
1808,xmlschema11-2#time,1122
1808,xmlschema11-2#time,31
1808,xmlschema11-2#time,30
1808,xmlschema11-2#time,179
1808,xmlschema11-2#time,1820
1808,xmlschema11-2#time,1821
1808,xmlschema11-2#time,32
1808,conditionsOfAccess,33
1822,latitude,1823
1822,audience,4
1822,availability,8
1822,category,2
1822,audience,9
1822,cost,5
1822,category,2
1822,audience,7
1822,language,3
1822,audience,6
1822,service type,10
1822,postalCode,316
1822,url,108
1822,identifier,1824
1822,name,15
1822,name,1825
1822,hasMap,17
1822,areaServed,91
1822,provider,1822
1822,address,1826
1822,longitude,20
1822,availableChannel,1827
1822,availableChannel,1828
1822,containedInPlace,328
1822,description,1822
1822,telephone,1829
1822,text,1830
1822,xmlschema11-2#time,156
1822,xmlschema11-2#time,154
1822,xmlschema11-2#time,29
1822,xmlschema11-2#time,30
1822,xmlschema11-2#time,158
1822,xmlschema11-2#time,155
1822,xmlschema11-2#time,157
1822,conditionsOfAccess,33
1831,latitude,1832
1831,audience,6
1831,availability,8
1831,audience,50
1831,audience,788
1831,cost,5
1831,audience,4
1831,audience,872
1831,audience,793
1831,category,2
1831,language,3
1831,audience,9
1831,category,2
1831,service type,10
1831,postalCode,143
1831,url,1833
1831,url,1834
1831,identifier,1835
1831,name,1836
1831,name,15
1831,hasMap,17
1831,areaServed,1837
1831,provider,1831
1831,address,1838
1831,longitude,20
1831,availableChannel,1839
1831,availableChannel,1840
1831,containedInPlace,151
1831,description,1831
1831,telephone,1841
1831,text,1842
1831,xmlschema11-2#time,1843
1831,xmlschema11-2#time,29
1831,xmlschema11-2#time,1844
1831,xmlschema11-2#time,556
1831,xmlschema11-2#time,26
1831,xmlschema11-2#time,30
1831,xmlschema11-2#time,1845
1831,conditionsOfAccess,1846
1847,latitude,1848
1847,audience,4
1847,category,2
1847,category,2
1847,audience,9
1847,availability,8
1847,audience,6
1847,language,3
1847,cost,5
1847,audience,7
1847,service type,10
1847,postalCode,128
1847,url,1849
1847,url,1850
1847,identifier,1851
1847,name,1852
1847,name,15
1847,hasMap,17
1847,areaServed,133
1847,provider,1847
1847,address,1853
1847,longitude,20
1847,availableChannel,1854
1847,availableChannel,1855
1847,containedInPlace,137
1847,description,1847
1847,telephone,1856
1847,text,1857
1847,xmlschema11-2#time,101
1847,xmlschema11-2#time,28
1847,xmlschema11-2#time,29
1847,xmlschema11-2#time,99
1847,xmlschema11-2#time,26
1847,xmlschema11-2#time,1858
1847,xmlschema11-2#time,1859
1847,conditionsOfAccess,33
1860,latitude,1861
1860,audience,9
1860,category,2
1860,audience,4
1860,audience,6
1860,availability,8
1860,cost,5
1860,audience,7
1860,language,3
1860,category,2
1860,service type,10
1860,postalCode,182
1860,url,108
1860,url,1862
1860,identifier,1863
1860,name,1864
1860,name,15
1860,hasMap,17
1860,areaServed,91
1860,provider,1860
1860,address,1865
1860,longitude,20
1860,availableChannel,1866
1860,availableChannel,1867
1860,containedInPlace,188
1860,description,1860
1860,telephone,1868
1860,text,1869
1860,xmlschema11-2#time,28
1860,xmlschema11-2#time,30
1860,xmlschema11-2#time,125
1860,xmlschema11-2#time,1149
1860,xmlschema11-2#time,1150
1860,xmlschema11-2#time,29
1860,xmlschema11-2#time,1148
1860,conditionsOfAccess,33
1870,latitude,1871
1870,audience,9
1870,category,234
1870,category,234
1870,cost,5
1870,audience,6
1870,availability,105
1870,language,3
1870,audience,7
1870,audience,4
1870,service type,10
1870,postalCode,1039
1870,url,1040
1870,url,1872
1870,identifier,1873
1870,name,15
1870,name,1874
1870,hasMap,17
1870,areaServed,91
1870,provider,1870
1870,address,1044
1870,longitude,20
1870,availableChannel,1875
1870,availableChannel,1876
1870,containedInPlace,1047
1870,description,1870
1870,telephone,1048
1870,text,1877
1870,xmlschema11-2#time,1774
1870,xmlschema11-2#time,29
1870,xmlschema11-2#time,1778
1870,xmlschema11-2#time,1777
1870,xmlschema11-2#time,1776
1870,xmlschema11-2#time,125
1870,xmlschema11-2#time,1775
1870,conditionsOfAccess,427
